{"type":"FeatureCollection", "features": [
{"type":"Feature","geometry":{"type":"Polygon","coordinates":[[[102.23256,6.20976],[102.21512,6.21901],[102.15178,6.21323],[102.09948,6.24616],[102.0774,6.19994],[102.07972,6.17163],[102.09278,6.15509],[102.12389,6.15084],[102.15004,6.11675],[102.18432,6.11212],[102.18897,6.09652],[102.22035,6.08785],[102.24476,6.16759],[102.23256,6.20976]]]},"properties":{"shapeName":"Tumpat","shapeISO":"","shapeID":"92858781B54418175160244","shapeGroup":"MYS","shapeType":"ADM2"}},
{"type":"Feature","geometry":{"type":"Polygon","coordinates":[[[102.22035,6.08785],[102.222,6.06862],[102.20415,6.04902],[102.15469,6.04569],[102.14576,6.03127],[102.17737,6.01315],[102.2101,5.96765],[102.19669,5.91545],[102.22498,5.89552],[102.26366,5.89071],[102.2799,5.93775],[102.28225,5.95471],[102.33172,5.97986],[102.3332,6.00723],[102.31647,6.042],[102.34362,6.05716],[102.34325,6.07121],[102.30494,6.10154],[102.33581,6.11596],[102.32911,6.14887],[102.34325,6.16625],[102.32725,6.17845],[102.28895,6.18696],[102.23256,6.20976],[102.24476,6.16759],[102.22035,6.08785]]]},"properties":{"shapeName":"Kota Bharu","shapeISO":"","shapeID":"92858781B26165935379781","shapeGroup":"MYS","shapeType":"ADM2"}},
{"type":"Feature","geometry":{"type":"Polygon","coordinates":[[[102.26366,5.89071],[102.27972,5.87835],[102.27282,5.84615],[102.27758,5.81655],[102.31162,5.77156],[102.31329,5.75711],[102.35399,5.74645],[102.38469,5.77487],[102.41421,5.74764],[102.43157,5.74732],[102.48765,5.79102],[102.53415,5.84627],[102.47604,5.90523],[102.46962,5.91773],[102.40265,5.88534],[102.39013,5.8901],[102.34469,5.94162],[102.32849,5.93596],[102.2799,5.93775],[102.26366,5.89071]]]},"properties":{"shapeName":"Pasir Puteh","shapeISO":"","shapeID":"92858781B22030714456206","shapeGroup":"MYS","shapeType":"ADM2"}},
{"type":"Feature","geometry":{"type":"Polygon","coordinates":[[[102.09278,6.15509],[102.05799,6.08564],[102.00072,6.04828],[101.97208,6.01796],[101.97208,6.00316],[101.94716,5.98726],[101.94456,5.95434],[101.93005,5.94842],[101.92261,5.91475],[101.93337,5.9066],[101.95609,5.92104],[102.00418,5.91968],[102.03498,5.8954],[102.07449,5.89078],[102.11575,5.90581],[102.18229,5.89049],[102.18316,5.89136],[102.19669,5.91545],[102.2101,5.96765],[102.17737,6.01315],[102.14576,6.03127],[102.15469,6.04569],[102.20415,6.04902],[102.222,6.06862],[102.22035,6.08785],[102.18897,6.09652],[102.18432,6.11212],[102.15004,6.11675],[102.12389,6.15084],[102.09278,6.15509]]]},"properties":{"shapeName":"Pasir Mas","shapeISO":"","shapeID":"92858781B75737561234517","shapeGroup":"MYS","shapeType":"ADM2"}},
{"type":"Feature","geometry":{"type":"Polygon","coordinates":[[[102.19669,5.91545],[102.18316,5.89136],[102.18237,5.8793],[102.16262,5.822],[102.17038,5.79886],[102.15353,5.78614],[102.14539,5.75376],[102.14365,5.69016],[102.1111,5.6919],[102.10471,5.67686],[102.11378,5.64341],[102.12447,5.6306],[102.15701,5.65084],[102.17386,5.63291],[102.19595,5.65084],[102.19362,5.66877],[102.27788,5.65662],[102.30984,5.6705],[102.35459,5.6705],[102.37892,5.6867],[102.39759,5.70057],[102.43157,5.74732],[102.41421,5.74764],[102.38469,5.77487],[102.35399,5.74645],[102.31329,5.75711],[102.31162,5.77156],[102.27758,5.81655],[102.27282,5.84615],[102.27972,5.87835],[102.26366,5.89071],[102.22498,5.89552],[102.19669,5.91545]]]},"properties":{"shapeName":"Machang","shapeISO":"","shapeID":"92858781B41710084977616","shapeGroup":"MYS","shapeType":"ADM2"}},
{"type":"Feature","geometry":{"type":"Polygon","coordinates":[[[101.93337,5.9066],[101.94307,5.87184],[101.91629,5.84224],[101.89881,5.84483],[101.87836,5.83003],[101.88168,5.81062],[101.89993,5.76306],[101.91629,5.75085],[101.93452,5.71866],[101.95609,5.70089],[101.97229,5.65391],[101.94868,5.62048],[101.98138,5.54211],[101.99568,5.53014],[102.03047,5.52027],[102.03233,5.55062],[102.04646,5.5758],[102.07324,5.58172],[102.09704,5.60023],[102.09332,5.62132],[102.11378,5.64341],[102.10471,5.67686],[102.1111,5.6919],[102.14365,5.69016],[102.14539,5.75376],[102.15353,5.78614],[102.17038,5.79886],[102.16262,5.822],[102.18237,5.8793],[102.18229,5.89049],[102.11575,5.90581],[102.07449,5.89078],[102.03498,5.8954],[102.00418,5.91968],[101.95609,5.92104],[101.93337,5.9066]]]},"properties":{"shapeName":"Tanah Merah","shapeISO":"","shapeID":"92858781B67391800412495","shapeGroup":"MYS","shapeType":"ADM2"}},
{"type":"Feature","geometry":{"type":"Polygon","coordinates":[[[101.88168,5.81062],[101.86608,5.79414],[101.83633,5.78711],[101.80844,5.74345],[101.7891,5.75344],[101.77571,5.78378],[101.75488,5.79562],[101.7229,5.78119],[101.70133,5.7527],[101.68943,5.75677],[101.69463,5.70385],[101.65726,5.65894],[101.66249,5.60284],[101.68399,5.58318],[101.67411,5.54847],[101.65609,5.5236],[101.69735,5.49931],[101.74675,5.50278],[101.74733,5.47443],[101.73629,5.46171],[101.74559,5.42064],[101.74291,5.39985],[101.7875,5.35815],[101.90423,5.34947],[101.97687,5.42179],[101.97222,5.45708],[101.9914,5.45882],[101.98907,5.49642],[101.99568,5.53014],[101.98138,5.54211],[101.94868,5.62048],[101.97229,5.65391],[101.95609,5.70089],[101.93452,5.71866],[101.91629,5.75085],[101.89993,5.76306],[101.88168,5.81062]]]},"properties":{"shapeName":"Jeli","shapeISO":"","shapeID":"92858781B21811088790673","shapeGroup":"MYS","shapeType":"ADM2"}},
{"type":"Feature","geometry":{"type":"Polygon","coordinates":[[[102.11378,5.64341],[102.09332,5.62132],[102.09704,5.60023],[102.07324,5.58172],[102.04646,5.5758],[102.03233,5.55062],[102.03047,5.52027],[101.99568,5.53014],[101.98907,5.49642],[101.9914,5.45882],[101.97222,5.45708],[101.97687,5.42179],[101.90423,5.34947],[101.7875,5.35815],[101.82055,5.2893],[101.89086,5.26442],[102.0129,5.18571],[102.08089,5.17588],[102.13784,5.17703],[102.13028,5.25574],[102.29241,5.25574],[102.3511,5.29509],[102.41677,5.29856],[102.42723,5.3217],[102.42607,5.34658],[102.44152,5.36324],[102.3819,5.42006],[102.39934,5.43915],[102.39236,5.49642],[102.3819,5.51666],[102.40515,5.55021],[102.39643,5.58086],[102.4005,5.61614],[102.39004,5.6306],[102.37892,5.6867],[102.35459,5.6705],[102.30984,5.6705],[102.27788,5.65662],[102.19362,5.66877],[102.19595,5.65084],[102.17386,5.63291],[102.15701,5.65084],[102.12447,5.6306],[102.11378,5.64341]]]},"properties":{"shapeName":"Kuala Krai","shapeISO":"","shapeID":"92858781B31305353938168","shapeGroup":"MYS","shapeType":"ADM2"}},
{"type":"Feature","geometry":{"type":"Polygon","coordinates":[[[101.68943,5.75677],[101.68776,5.78127],[101.66634,5.79832],[101.65682,5.82129],[101.65744,5.87665],[101.6236,5.88035],[101.61616,5.90921],[101.57079,5.92659],[101.53769,5.91956],[101.48674,5.87221],[101.45438,5.86814],[101.39339,5.8748],[101.37219,5.83151],[101.34801,5.82559],[101.34318,5.80931],[101.31848,5.80541],[101.2816,5.81388],[101.26032,5.78988],[101.24755,5.75459],[101.2518,5.70377],[101.22627,5.68542],[101.21066,5.66142],[101.17236,5.64166],[101.13972,5.61765],[101.09574,5.70095],[101.06169,5.73483],[101.0092,5.76024],[100.97657,5.77577],[100.94678,5.77012],[100.95245,5.74048],[100.98083,5.70236],[100.96664,5.65154],[100.92971,5.61845],[100.92331,5.60284],[100.94365,5.58838],[100.94249,5.54905],[100.93087,5.51261],[100.90123,5.49121],[100.88205,5.49295],[100.86753,5.46344],[100.86695,5.42816],[100.89891,5.4189],[100.92329,5.35663],[100.9337,5.30701],[100.9456,5.28775],[100.94672,5.25071],[100.92478,5.24442],[100.91436,5.21997],[100.89242,5.20479],[100.93073,5.15627],[100.91845,5.12923],[100.92478,5.1096],[100.91641,5.08433],[100.88705,5.04574],[100.89276,5.00686],[100.8642,4.98338],[100.87497,4.96764],[100.91548,4.98364],[101.00846,4.96882],[101.02854,4.9703],[101.04862,5.02291],[101.08061,5.06514],[101.11594,5.0744],[101.139,5.06181],[101.17619,5.06662],[101.19702,5.05329],[101.2502,5.07218],[101.27177,5.05477],[101.28999,5.0644],[101.31863,5.04625],[101.33314,5.0518],[101.36289,5.03106],[101.36438,4.9703],[101.4228,4.9849],[101.4322,4.99161],[101.44768,4.99697],[101.45884,5.02698],[101.46293,5.0707],[101.48376,5.08922],[101.47781,5.11293],[101.49048,5.1834],[101.5114,5.20018],[101.52186,5.26326],[101.57183,5.29161],[101.57764,5.32691],[101.62297,5.35121],[101.65493,5.34253],[101.67062,5.32691],[101.74094,5.35815],[101.75256,5.37435],[101.74291,5.39985],[101.74559,5.42064],[101.73629,5.46171],[101.74733,5.47443],[101.74675,5.50278],[101.69735,5.49931],[101.65609,5.5236],[101.67411,5.54847],[101.68399,5.58318],[101.66249,5.60284],[101.65726,5.65894],[101.69463,5.70385],[101.68943,5.75677]]]},"properties":{"shapeName":"Hulu Perak","shapeISO":"","shapeID":"92858781B35407838405861","shapeGroup":"MYS","shapeType":"ADM2"}},
{"type":"Feature","geometry":{"type":"Polygon","coordinates":[[[100.86695,5.42816],[100.86574,5.42663],[100.85184,5.40899],[100.84911,5.35475],[100.80709,5.32286],[100.78443,5.31649],[100.74084,5.31765],[100.73642,5.30914],[100.72922,5.2702],[100.69494,5.24764],[100.66414,5.18977],[100.6316,5.16604],[100.62521,5.14003],[100.63328,5.12926],[100.67913,5.13138],[100.7176,5.11395],[100.72079,5.08407],[100.75302,5.10361],[100.76505,5.09587],[100.83284,5.08313],[100.85249,5.09147],[100.87199,5.07645],[100.9073,5.0907],[100.91641,5.08433],[100.92478,5.1096],[100.91845,5.12923],[100.93073,5.15627],[100.89242,5.20479],[100.91436,5.21997],[100.92478,5.24442],[100.94672,5.25071],[100.9456,5.28775],[100.9337,5.30701],[100.92329,5.35663],[100.89891,5.4189],[100.86695,5.42816]]]},"properties":{"shapeName":"Selama","shapeISO":"","shapeID":"92858781B87749635219289","shapeGroup":"MYS","shapeType":"ADM2"}},
{"type":"Feature","geometry":{"type":"Polygon","coordinates":[[[100.73642,5.30914],[100.71258,5.33328],[100.69092,5.32451],[100.68664,5.28873],[100.65807,5.26882],[100.64165,5.27853],[100.63284,5.23919],[100.56715,5.26171],[100.53858,5.24843],[100.55071,5.14321],[100.50867,5.14534],[100.49249,5.13474],[100.51815,5.11826],[100.51269,5.09524],[100.55091,5.07631],[100.58485,5.09737],[100.58857,5.12219],[100.62521,5.14003],[100.6316,5.16604],[100.66414,5.18977],[100.69494,5.24764],[100.72922,5.2702],[100.73642,5.30914]]]},"properties":{"shapeName":"Bandar Baharu","shapeISO":"","shapeID":"92858781B61544181659283","shapeGroup":"MYS","shapeType":"ADM2"}},
{"type":"Feature","geometry":{"type":"Polygon","coordinates":[[[100.53858,5.24843],[100.53227,5.28965],[100.50122,5.29821],[100.46827,5.28575],[100.42504,5.28312],[100.40935,5.27002],[100.42457,5.22615],[100.41255,5.15778],[100.3948,5.12775],[100.40485,5.12219],[100.49249,5.13474],[100.50867,5.14534],[100.55071,5.14321],[100.53858,5.24843]]]},"properties":{"shapeName":"Seberang Perai Selatan","shapeISO":"","shapeID":"92858781B33642984560897","shapeGroup":"MYS","shapeType":"ADM2"}},
{"type":"Feature","geometry":{"type":"Polygon","coordinates":[[[100.53227,5.28965],[100.52359,5.36788],[100.52549,5.42878],[100.49217,5.42902],[100.43865,5.45212],[100.43206,5.43212],[100.40106,5.42775],[100.38868,5.39572],[100.36887,5.38163],[100.37673,5.36456],[100.40601,5.33968],[100.40339,5.31954],[100.42504,5.28312],[100.46827,5.28575],[100.50122,5.29821],[100.53227,5.28965]]]},"properties":{"shapeName":"Seberang Perai Tengah","shapeISO":"","shapeID":"92858781B39236522821869","shapeGroup":"MYS","shapeType":"ADM2"}},
{"type":"Feature","geometry":{"type":"Polygon","coordinates":[[[100.52549,5.42878],[100.52944,5.55729],[100.4867,5.56975],[100.42338,5.5636],[100.37102,5.58468],[100.33984,5.57757],[100.36602,5.53872],[100.37721,5.49844],[100.38078,5.45603],[100.36294,5.39893],[100.36887,5.38163],[100.38868,5.39572],[100.40106,5.42775],[100.43206,5.43212],[100.43865,5.45212],[100.49217,5.42902],[100.52549,5.42878]]]},"properties":{"shapeName":"Seberang Perai Utara","shapeISO":"","shapeID":"92858781B46264786477712","shapeGroup":"MYS","shapeType":"ADM2"}},
{"type":"Feature","geometry":{"type":"Polygon","coordinates":[[[100.86574,5.42663],[100.81422,5.3949],[100.79922,5.41409],[100.75757,5.40509],[100.72877,5.42262],[100.72281,5.44513],[100.7002,5.45627],[100.70972,5.49418],[100.68553,5.52301],[100.67974,5.54515],[100.65031,5.55248],[100.63729,5.56765],[100.60553,5.55145],[100.55834,5.53588],[100.52944,5.55729],[100.52549,5.42878],[100.52359,5.36788],[100.53227,5.28965],[100.53858,5.24843],[100.56715,5.26171],[100.63284,5.23919],[100.64165,5.27853],[100.65807,5.26882],[100.68664,5.28873],[100.69092,5.32451],[100.71258,5.33328],[100.73642,5.30914],[100.74084,5.31765],[100.78443,5.31649],[100.80709,5.32286],[100.84911,5.35475],[100.85184,5.40899],[100.86574,5.42663]]]},"properties":{"shapeName":"Kulim","shapeISO":"","shapeID":"92858781B36918447122584","shapeGroup":"MYS","shapeType":"ADM2"}},
{"type":"Feature","geometry":{"type":"Polygon","coordinates":[[[100.30722,5.32732],[100.27802,5.33108],[100.24306,5.38403],[100.24306,5.42994],[100.23558,5.46433],[100.2094,5.46006],[100.18036,5.46669],[100.18798,5.4302],[100.18393,5.37997],[100.19488,5.34347],[100.19631,5.30982],[100.17727,5.28304],[100.20749,5.2783],[100.2282,5.2873],[100.26224,5.27853],[100.2908,5.28019],[100.30722,5.32732]]]},"properties":{"shapeName":"Barat Daya","shapeISO":"","shapeID":"92858781B94521596565323","shapeGroup":"MYS","shapeType":"ADM2"}},
{"type":"Feature","geometry":{"type":"Polygon","coordinates":[[[100.30722,5.32732],[100.31913,5.3757],[100.34341,5.42286],[100.31627,5.43447],[100.31342,5.46196],[100.28009,5.46812],[100.25558,5.48233],[100.23558,5.46433],[100.24306,5.42994],[100.24306,5.38403],[100.27802,5.33108],[100.30722,5.32732]]]},"properties":{"shapeName":"Timur Laut","shapeISO":"","shapeID":"92858781B26188199947326","shapeGroup":"MYS","shapeType":"ADM2"}},
{"type":"Feature","geometry":{"type":"Polygon","coordinates":[[[101.0092,5.76024],[100.98803,5.79124],[100.98985,5.81653],[101.00619,5.83731],[101.01709,5.88879],[101.02889,5.91589],[101.06703,5.9213],[101.08519,5.91318],[101.09427,5.94388],[101.12242,5.98001],[101.10426,5.99807],[101.11334,6.03057],[101.09474,6.05087],[100.9977,6.04683],[100.98142,6.03296],[100.95818,6.03874],[100.87624,5.99539],[100.86695,5.9821],[100.88961,5.94569],[100.89716,5.90638],[100.89193,5.86939],[100.87606,5.83003],[100.88238,5.80117],[100.85932,5.76121],[100.8794,5.73827],[100.84593,5.71274],[100.80056,5.72125],[100.74105,5.71866],[100.6968,5.68609],[100.67039,5.70941],[100.66332,5.75973],[100.65365,5.70718],[100.66332,5.67758],[100.66444,5.63391],[100.65365,5.61392],[100.63171,5.61466],[100.60553,5.55145],[100.63729,5.56765],[100.65031,5.55248],[100.67974,5.54515],[100.68553,5.52301],[100.70972,5.49418],[100.7002,5.45627],[100.72281,5.44513],[100.72877,5.42262],[100.75757,5.40509],[100.79922,5.41409],[100.81422,5.3949],[100.86574,5.42663],[100.86695,5.42816],[100.86753,5.46344],[100.88205,5.49295],[100.90123,5.49121],[100.93087,5.51261],[100.94249,5.54905],[100.94365,5.58838],[100.92331,5.60284],[100.92971,5.61845],[100.96664,5.65154],[100.98083,5.70236],[100.95245,5.74048],[100.94678,5.77012],[100.97657,5.77577],[101.0092,5.76024]]]},"properties":{"shapeName":"Baling","shapeISO":"","shapeID":"92858781B88693147635534","shapeGroup":"MYS","shapeType":"ADM2"}},
{"type":"Feature","geometry":{"type":"Polygon","coordinates":[[[100.52944,5.55729],[100.55834,5.53588],[100.60553,5.55145],[100.63171,5.61466],[100.65365,5.61392],[100.66444,5.63391],[100.66332,5.67758],[100.65365,5.70718],[100.66332,5.75973],[100.63246,5.78785],[100.63283,5.81338],[100.60192,5.84077],[100.57964,5.8415],[100.54216,5.85846],[100.49146,5.86793],[100.46403,5.8662],[100.47003,5.85018],[100.44671,5.83147],[100.43832,5.79525],[100.40261,5.75381],[100.38439,5.71755],[100.35389,5.71829],[100.35905,5.68264],[100.34453,5.67455],[100.33984,5.57757],[100.37102,5.58468],[100.42338,5.5636],[100.4867,5.56975],[100.52944,5.55729]]]},"properties":{"shapeName":"Kuala Muda","shapeISO":"","shapeID":"92858781B60968971882976","shapeGroup":"MYS","shapeType":"ADM2"}},
{"type":"Feature","geometry":{"type":"Polygon","coordinates":[[[100.46403,5.8662],[100.44909,5.89871],[100.45313,5.92405],[100.42386,5.96713],[100.40946,5.97174],[100.38316,5.97802],[100.35031,5.97353],[100.35673,5.88615],[100.36777,5.81447],[100.36196,5.74162],[100.35389,5.71829],[100.38439,5.71755],[100.40261,5.75381],[100.43832,5.79525],[100.44671,5.83147],[100.47003,5.85018],[100.46403,5.8662]]]},"properties":{"shapeName":"Yan","shapeISO":"","shapeID":"92858781B20286936830399","shapeGroup":"MYS","shapeType":"ADM2"}},
{"type":"Feature","geometry":{"type":"Polygon","coordinates":[[[100.60192,5.84077],[100.61312,5.89626],[100.62836,5.90921],[100.65949,5.95898],[100.68303,5.97777],[100.6961,5.99828],[100.65833,6.03122],[100.63713,6.0772],[100.64085,6.11304],[100.60345,6.11707],[100.54245,6.10487],[100.51233,6.07639],[100.47465,6.07999],[100.45914,6.05087],[100.44315,6.042],[100.38588,6.04311],[100.40946,5.97174],[100.42386,5.96713],[100.45313,5.92405],[100.44909,5.89871],[100.46403,5.8662],[100.49146,5.86793],[100.54216,5.85846],[100.57964,5.8415],[100.60192,5.84077]]]},"properties":{"shapeName":"Pendang","shapeISO":"","shapeID":"92858781B37345713247698","shapeGroup":"MYS","shapeType":"ADM2"}},
{"type":"Feature","geometry":{"type":"Polygon","coordinates":[[[101.09474,6.05087],[101.12612,6.09652],[101.12147,6.11328],[101.07382,6.13755],[101.0744,6.16875],[101.11973,6.18666],[101.11566,6.22016],[101.09363,6.25979],[101.01106,6.24981],[100.98094,6.27754],[100.95007,6.26423],[100.94635,6.24574],[100.91883,6.24907],[100.90181,6.23518],[100.87043,6.24154],[100.85474,6.23056],[100.85997,6.17221],[100.84835,6.15315],[100.8129,6.15488],[100.80709,6.12772],[100.79024,6.09826],[100.78379,6.05997],[100.75439,6.04982],[100.7355,6.02816],[100.73489,5.98544],[100.70168,5.95983],[100.68303,5.97777],[100.65949,5.95898],[100.62836,5.90921],[100.61312,5.89626],[100.60192,5.84077],[100.63283,5.81338],[100.63246,5.78785],[100.66332,5.75973],[100.67039,5.70941],[100.6968,5.68609],[100.74105,5.71866],[100.80056,5.72125],[100.84593,5.71274],[100.8794,5.73827],[100.85932,5.76121],[100.88238,5.80117],[100.87606,5.83003],[100.89193,5.86939],[100.89716,5.90638],[100.88961,5.94569],[100.86695,5.9821],[100.87624,5.99539],[100.95818,6.03874],[100.98142,6.03296],[100.9977,6.04683],[101.09474,6.05087]]]},"properties":{"shapeName":"Sik","shapeISO":"","shapeID":"92858781B49401310221889","shapeGroup":"MYS","shapeType":"ADM2"}},
{"type":"Feature","geometry":{"type":"Polygon","coordinates":[[[100.40946,5.97174],[100.38588,6.04311],[100.44315,6.042],[100.45914,6.05087],[100.47465,6.07999],[100.44266,6.10916],[100.43957,6.13117],[100.4651,6.16328],[100.47074,6.19417],[100.4596,6.21029],[100.43205,6.21522],[100.41666,6.20068],[100.37472,6.21136],[100.34608,6.23095],[100.28652,6.22133],[100.28223,6.20287],[100.25678,6.18146],[100.27247,6.15199],[100.28467,6.09479],[100.3114,6.06821],[100.3422,6.0058],[100.35031,5.97353],[100.38316,5.97802],[100.40946,5.97174]]]},"properties":{"shapeName":"Kota Setar","shapeISO":"","shapeID":"92858781B49320909792008","shapeGroup":"MYS","shapeType":"ADM2"}},
{"type":"Feature","geometry":{"type":"Polygon","coordinates":[[[100.64085,6.11304],[100.64027,6.13482],[100.61832,6.1559],[100.58931,6.19768],[100.58299,6.22763],[100.54386,6.19069],[100.51018,6.25391],[100.47074,6.23763],[100.4596,6.21029],[100.47074,6.19417],[100.4651,6.16328],[100.43957,6.13117],[100.44266,6.10916],[100.47465,6.07999],[100.51233,6.07639],[100.54245,6.10487],[100.60345,6.11707],[100.64085,6.11304]]]},"properties":{"shapeName":"Pokok Sena","shapeISO":"","shapeID":"92858781B89628207244995","shapeGroup":"MYS","shapeType":"ADM2"}},
{"type":"Feature","geometry":{"type":"Polygon","coordinates":[[[100.68303,5.97777],[100.70168,5.95983],[100.73489,5.98544],[100.7355,6.02816],[100.75439,6.04982],[100.78379,6.05997],[100.79024,6.09826],[100.80709,6.12772],[100.8129,6.15488],[100.84835,6.15315],[100.85997,6.17221],[100.85474,6.23056],[100.8344,6.29583],[100.84951,6.31027],[100.82104,6.35301],[100.82336,6.4021],[100.81232,6.44137],[100.77629,6.461],[100.75014,6.45869],[100.72167,6.49392],[100.70656,6.46966],[100.65716,6.44715],[100.61649,6.46043],[100.5944,6.47544],[100.59092,6.43155],[100.56593,6.4252],[100.56105,6.39397],[100.5246,6.37845],[100.50377,6.35073],[100.50489,6.32153],[100.52832,6.29676],[100.51018,6.25391],[100.54386,6.19069],[100.58299,6.22763],[100.58931,6.19768],[100.61832,6.1559],[100.64027,6.13482],[100.64085,6.11304],[100.63713,6.0772],[100.65833,6.03122],[100.6961,5.99828],[100.68303,5.97777]]]},"properties":{"shapeName":"Padang Terap","shapeISO":"","shapeID":"92858781B11501652719987","shapeGroup":"MYS","shapeType":"ADM2"}},
{"type":"Feature","geometry":{"type":"Polygon","coordinates":[[[100.4596,6.21029],[100.47074,6.23763],[100.51018,6.25391],[100.52832,6.29676],[100.50489,6.32153],[100.50377,6.35073],[100.5246,6.37845],[100.56105,6.39397],[100.56593,6.4252],[100.59092,6.43155],[100.5944,6.47544],[100.56997,6.48599],[100.51382,6.49191],[100.49039,6.52553],[100.45952,6.53144],[100.42009,6.51888],[100.40336,6.5344],[100.35864,6.54989],[100.35078,6.57306],[100.35388,6.55296],[100.3703,6.52979],[100.36316,6.45435],[100.30056,6.40278],[100.27914,6.36943],[100.20476,6.29084],[100.19323,6.25203],[100.23563,6.22245],[100.25678,6.18146],[100.28223,6.20287],[100.28652,6.22133],[100.34608,6.23095],[100.37472,6.21136],[100.41666,6.20068],[100.43205,6.21522],[100.4596,6.21029]]]},"properties":{"shapeName":"Kubang Pasu","shapeISO":"","shapeID":"92858781B58701158776704","shapeGroup":"MYS","shapeType":"ADM2"}},
{"type":"Feature","geometry":{"type":"Polygon","coordinates":[[[100.35078,6.57306],[100.32079,6.5908],[100.30604,6.61089],[100.32535,6.66306],[100.29216,6.68033],[100.29439,6.70397],[100.23674,6.69252],[100.21294,6.71985],[100.18802,6.71874],[100.17835,6.69658],[100.18133,6.65706],[100.16757,6.62529],[100.18393,6.58016],[100.15537,6.56077],[100.16013,6.48864],[100.11906,6.41943],[100.15508,6.33453],[100.16613,6.29872],[100.19323,6.25203],[100.20476,6.29084],[100.27914,6.36943],[100.30056,6.40278],[100.36316,6.45435],[100.3703,6.52979],[100.35388,6.55296],[100.35078,6.57306]]]},"properties":{"shapeName":"Perlis","shapeISO":"","shapeID":"92858781B47939321084685","shapeGroup":"MYS","shapeType":"ADM2"}},
{"type":"Feature","geometry":{"type":"MultiPolygon","coordinates":[[[[99.82385,6.25193],[99.83954,6.29295],[99.80177,6.27215],[99.77039,6.21843],[99.77504,6.20456],[99.81223,6.17452],[99.8285,6.19474],[99.8378,6.22421],[99.86279,6.23403],[99.84535,6.26753],[99.82385,6.25193]]],[[[99.87848,6.42502],[99.85214,6.43314],[99.8467,6.46472],[99.82127,6.46111],[99.78495,6.42412],[99.74863,6.42592],[99.69143,6.43675],[99.63967,6.43224],[99.64149,6.38081],[99.65057,6.36096],[99.71504,6.35464],[99.71413,6.31764],[99.73411,6.27342],[99.77042,6.27973],[99.80311,6.31674],[99.82944,6.32486],[99.85214,6.30139],[99.91025,6.32847],[99.90027,6.35554],[99.90935,6.39164],[99.87848,6.42502]]]]},"properties":{"shapeName":"Langkawi","shapeISO":"","shapeID":"92858781B39946702986092","shapeGroup":"MYS","shapeType":"ADM2"}},
{"type":"Feature","geometry":{"type":"Polygon","coordinates":[[[100.62521,5.14003],[100.58857,5.12219],[100.58485,5.09737],[100.55091,5.07631],[100.51269,5.09524],[100.51815,5.11826],[100.49249,5.13474],[100.40485,5.12219],[100.3948,5.12775],[100.36312,5.09716],[100.36254,5.08385],[100.38288,5.03291],[100.40787,4.99586],[100.42414,4.99181],[100.42123,4.96055],[100.44099,4.91655],[100.48516,4.92234],[100.47993,4.89397],[100.4898,4.87081],[100.5514,4.86212],[100.55779,4.85575],[100.58278,4.84649],[100.62404,4.84243],[100.62869,4.8847],[100.67634,4.92118],[100.71411,4.93739],[100.72632,4.95186],[100.73445,4.9976],[100.72079,5.08407],[100.7176,5.11395],[100.67913,5.13138],[100.63328,5.12926],[100.62521,5.14003]]]},"properties":{"shapeName":"Kerian","shapeISO":"","shapeID":"92858781B48608892505394","shapeGroup":"MYS","shapeType":"ADM2"}},
{"type":"Feature","geometry":{"type":"Polygon","coordinates":[[[100.73808,4.52257],[100.73823,4.52269],[100.78717,4.58374],[100.81097,4.64268],[100.78457,4.6968],[100.81395,4.77316],[100.80577,4.78983],[100.80725,4.85543],[100.85337,4.88693],[100.86639,4.92176],[100.87497,4.96764],[100.8642,4.98338],[100.89276,5.00686],[100.88705,5.04574],[100.91641,5.08433],[100.9073,5.0907],[100.87199,5.07645],[100.85249,5.09147],[100.83284,5.08313],[100.76505,5.09587],[100.75302,5.10361],[100.72079,5.08407],[100.73445,4.9976],[100.72632,4.95186],[100.71411,4.93739],[100.67634,4.92118],[100.62869,4.8847],[100.62404,4.84243],[100.58278,4.84649],[100.55779,4.85575],[100.54915,4.83356],[100.56626,4.79206],[100.61312,4.77909],[100.58708,4.76463],[100.57592,4.73906],[100.59266,4.66678],[100.61683,4.67753],[100.65031,4.67049],[100.59415,4.62749],[100.58411,4.6045],[100.58039,4.56743],[100.61981,4.55445],[100.62502,4.52961],[100.73808,4.52257]]]},"properties":{"shapeName":"Larut dan Matang","shapeISO":"","shapeID":"92858781B7339413338476","shapeGroup":"MYS","shapeType":"ADM2"}},
{"type":"Feature","geometry":{"type":"Polygon","coordinates":[[[100.87497,4.96764],[100.86639,4.92176],[100.85337,4.88693],[100.80725,4.85543],[100.80577,4.78983],[100.81395,4.77316],[100.78457,4.6968],[100.81097,4.64268],[100.78717,4.58374],[100.73823,4.52269],[100.77256,4.53412],[100.85527,4.55257],[100.90283,4.56521],[100.92775,4.55483],[100.99209,4.55483],[100.99491,4.56044],[101.01292,4.59412],[101.01069,4.64306],[101.02854,4.68754],[101.03412,4.71719],[101.05346,4.75574],[101.11854,4.78168],[101.18772,4.77538],[101.21743,4.75025],[101.2348,4.75381],[101.27193,4.71704],[101.28645,4.71348],[101.31073,4.67837],[101.3343,4.68478],[101.34191,4.71159],[101.37333,4.70708],[101.38714,4.72012],[101.37524,4.7595],[101.39737,4.77753],[101.41496,4.81318],[101.40045,4.83542],[101.41198,4.85432],[101.44434,4.85691],[101.43541,4.87618],[101.45289,4.89508],[101.44657,4.95511],[101.4228,4.9849],[101.36438,4.9703],[101.36289,5.03106],[101.33314,5.0518],[101.31863,5.04625],[101.28999,5.0644],[101.27177,5.05477],[101.2502,5.07218],[101.19702,5.05329],[101.17619,5.06662],[101.139,5.06181],[101.11594,5.0744],[101.08061,5.06514],[101.04862,5.02291],[101.02854,4.9703],[101.00846,4.96882],[100.91548,4.98364],[100.87497,4.96764]]]},"properties":{"shapeName":"Kuala Kangsar","shapeISO":"","shapeID":"92858781B74262532069256","shapeGroup":"MYS","shapeType":"ADM2"}},
{"type":"Feature","geometry":{"type":"Polygon","coordinates":[[[102.41677,5.29856],[102.41503,5.23433],[102.42316,5.21754],[102.41154,5.18166],[102.43711,5.17935],[102.47662,5.15678],[102.4865,5.13768],[102.51149,5.1261],[102.52834,5.10642],[102.50045,5.07517],[102.5144,5.05375],[102.51498,5.0167],[102.49929,5.00281],[102.52079,4.96113],[102.50614,4.90286],[102.54036,4.90508],[102.56937,4.89397],[102.58945,4.87433],[102.63668,4.85061],[102.66569,4.7839],[102.65839,4.7618],[102.68815,4.71388],[102.70384,4.71388],[102.72999,4.68724],[102.78287,4.6716],[102.84421,4.68208],[102.84505,4.7272],[102.88921,4.75036],[102.8927,4.81464],[102.92059,4.82043],[102.94674,4.8129],[102.97638,4.82275],[102.99207,4.84591],[103.02926,4.83896],[103.03798,4.86096],[103.07633,4.8627],[103.08505,4.87949],[103.07982,4.92002],[103.10655,4.94434],[103.13967,4.94086],[103.17221,4.94723],[103.19197,4.92118],[103.21347,4.93218],[103.22662,4.95782],[103.20766,4.99123],[103.17047,5.03638],[103.13967,5.06359],[103.11585,5.10816],[103.10132,5.10064],[103.07982,5.11337],[103.05367,5.14636],[103.05599,5.17182],[103.04422,5.21287],[103.01869,5.23758],[102.98756,5.22534],[102.96301,5.20134],[102.92815,5.18861],[102.89851,5.21523],[102.89154,5.23953],[102.85028,5.26557],[102.82355,5.24127],[102.79042,5.22275],[102.72766,5.26037],[102.72883,5.31592],[102.71662,5.33964],[102.68931,5.34022],[102.67769,5.37782],[102.65096,5.39518],[102.65619,5.42064],[102.61667,5.47501],[102.59314,5.48282],[102.58936,5.39923],[102.58413,5.36915],[102.54287,5.35815],[102.53299,5.3379],[102.47256,5.35931],[102.44152,5.36324],[102.42607,5.34658],[102.42723,5.3217],[102.41677,5.29856]]]},"properties":{"shapeName":"Hulu Terengganu","shapeISO":"","shapeID":"92858781B28434348300239","shapeGroup":"MYS","shapeType":"ADM2"}},
{"type":"Feature","geometry":{"type":"Polygon","coordinates":[[[102.98756,5.22534],[102.9795,5.23226],[102.93198,5.27219],[102.9264,5.32219],[102.91301,5.36366],[102.9212,5.37699],[102.91078,5.44105],[102.93533,5.43882],[102.99744,5.50176],[102.96359,5.53343],[102.91769,5.53748],[102.85086,5.57334],[102.80669,5.61788],[102.76369,5.65257],[102.74277,5.66125],[102.69861,5.69652],[102.6649,5.73237],[102.65212,5.71156],[102.662,5.69305],[102.66548,5.63696],[102.64524,5.61873],[102.64263,5.59986],[102.61377,5.58954],[102.62016,5.56756],[102.61783,5.51782],[102.59314,5.48282],[102.61667,5.47501],[102.65619,5.42064],[102.65096,5.39518],[102.67769,5.37782],[102.68931,5.34022],[102.71662,5.33964],[102.72883,5.31592],[102.72766,5.26037],[102.79042,5.22275],[102.82355,5.24127],[102.85028,5.26557],[102.89154,5.23953],[102.89851,5.21523],[102.92815,5.18861],[102.96301,5.20134],[102.98756,5.22534]]]},"properties":{"shapeName":"Setiu","shapeISO":"","shapeID":"92858781B44112931825428","shapeGroup":"MYS","shapeType":"ADM2"}},
{"type":"Feature","geometry":{"type":"Polygon","coordinates":[[[103.04422,5.21287],[103.0671,5.23042],[103.08067,5.26408],[103.10685,5.26289],[103.12899,5.24322],[103.12042,5.21003],[103.14684,5.21643],[103.15398,5.24962],[103.18659,5.26739],[103.14727,5.34342],[103.13137,5.32546],[103.09829,5.32404],[103.08686,5.34252],[103.06306,5.34181],[103.00712,5.30413],[102.98046,5.29655],[102.9795,5.23226],[102.98756,5.22534],[103.01869,5.23758],[103.04422,5.21287]]]},"properties":{"shapeName":"Kuala Terengganu","shapeISO":"","shapeID":"92858781B69735571651191","shapeGroup":"MYS","shapeType":"ADM2"}},
{"type":"Feature","geometry":{"type":"Polygon","coordinates":[[[101.4228,4.9849],[101.44657,4.95511],[101.45289,4.89508],[101.43541,4.87618],[101.44434,4.85691],[101.41198,4.85432],[101.40045,4.83542],[101.41496,4.81318],[101.39737,4.77753],[101.37524,4.7595],[101.38714,4.72012],[101.37333,4.70708],[101.34191,4.71159],[101.3343,4.68478],[101.36103,4.65455],[101.3744,4.61478],[101.40194,4.61711],[101.42872,4.60487],[101.44917,4.57707],[101.4674,4.5767],[101.48227,4.60228],[101.51984,4.61229],[101.55108,4.57707],[101.56856,4.57892],[101.58901,4.5552],[101.60909,4.56224],[101.62137,4.5463],[101.66339,4.56632],[101.67455,4.59598],[101.72234,4.6102],[101.75256,4.61136],[101.76476,4.62642],[101.77522,4.67044],[101.77464,4.74515],[101.7973,4.76426],[101.81848,4.76268],[101.83973,4.80248],[101.83508,4.87949],[101.80951,4.91481],[101.81997,4.96113],[101.79033,4.98486],[101.76825,4.96923],[101.78975,4.92639],[101.76069,4.92986],[101.55382,4.9316],[101.49861,4.9536],[101.4322,4.99161],[101.4228,4.9849]]]},"properties":{"shapeName":"Kecil Lojing","shapeISO":"","shapeID":"92858781B76636493709189","shapeGroup":"MYS","shapeType":"ADM2"}},
{"type":"Feature","geometry":{"type":"Polygon","coordinates":[[[101.3744,4.61478],[101.35143,4.58822],[101.36063,4.53793],[101.38714,4.5085],[101.36024,4.47789],[101.35715,4.46104],[101.33358,4.43161],[101.35786,4.39744],[101.39297,4.40878],[101.40653,4.39481],[101.43548,4.39177],[101.44462,4.3778],[101.42546,4.34048],[101.4445,4.32671],[101.51605,4.33096],[101.54917,4.34602],[101.55847,4.35993],[101.5852,4.3553],[101.59217,4.38832],[101.60786,4.40397],[101.60147,4.43873],[101.5881,4.45901],[101.58113,4.49377],[101.58985,4.51984],[101.58901,4.5552],[101.56856,4.57892],[101.55108,4.57707],[101.51984,4.61229],[101.48227,4.60228],[101.4674,4.5767],[101.44917,4.57707],[101.42872,4.60487],[101.40194,4.61711],[101.3744,4.61478]]]},"properties":{"shapeName":"Cameron Highlands","shapeISO":"","shapeID":"92858781B10772357278230","shapeGroup":"MYS","shapeType":"ADM2"}},
{"type":"Feature","geometry":{"type":"Polygon","coordinates":[[[101.74291,5.39985],[101.75256,5.37435],[101.74094,5.35815],[101.67062,5.32691],[101.65493,5.34253],[101.62297,5.35121],[101.57764,5.32691],[101.57183,5.29161],[101.52186,5.26326],[101.5114,5.20018],[101.49048,5.1834],[101.47781,5.11293],[101.48376,5.08922],[101.46293,5.0707],[101.45884,5.02698],[101.44768,4.99697],[101.4322,4.99161],[101.49861,4.9536],[101.55382,4.9316],[101.76069,4.92986],[101.78975,4.92639],[101.76825,4.96923],[101.79033,4.98486],[101.81997,4.96113],[101.80951,4.91481],[101.83508,4.87949],[101.83973,4.80248],[101.81848,4.76268],[101.82338,4.7171],[101.84517,4.71891],[101.84971,4.68724],[101.88603,4.67276],[101.89602,4.61665],[101.91236,4.61303],[101.9278,4.65466],[101.94051,4.66461],[101.95413,4.72072],[101.9505,4.75963],[101.98137,4.74515],[101.9959,4.76506],[102.01406,4.73972],[102.04856,4.72886],[102.06672,4.74334],[102.11121,4.75963],[102.12392,4.74515],[102.13845,4.70443],[102.17477,4.67909],[102.17477,4.66461],[102.20292,4.63837],[102.22577,4.63274],[102.23198,4.65375],[102.26829,4.6628],[102.31279,4.63656],[102.34003,4.64199],[102.36908,4.68362],[102.37946,4.71396],[102.44586,4.71253],[102.46871,4.70542],[102.51227,4.66888],[102.55524,4.70792],[102.57234,4.69161],[102.59689,4.6868],[102.60507,4.70162],[102.59726,4.74276],[102.61102,4.78168],[102.65839,4.7618],[102.66569,4.7839],[102.63668,4.85061],[102.58945,4.87433],[102.56937,4.89397],[102.54036,4.90508],[102.50614,4.90286],[102.52079,4.96113],[102.49929,5.00281],[102.51498,5.0167],[102.5144,5.05375],[102.50045,5.07517],[102.52834,5.10642],[102.51149,5.1261],[102.4865,5.13768],[102.47662,5.15678],[102.43711,5.17935],[102.41154,5.18166],[102.42316,5.21754],[102.41503,5.23433],[102.41677,5.29856],[102.3511,5.29509],[102.29241,5.25574],[102.13028,5.25574],[102.13784,5.17703],[102.08089,5.17588],[102.0129,5.18571],[101.89086,5.26442],[101.82055,5.2893],[101.7875,5.35815],[101.74291,5.39985]]]},"properties":{"shapeName":"Gua Musang","shapeISO":"","shapeID":"92858781B67795542247557","shapeGroup":"MYS","shapeType":"ADM2"}},
{"type":"Feature","geometry":{"type":"Polygon","coordinates":[[[102.84421,4.68208],[102.86248,4.65538],[102.8834,4.60673],[102.8712,4.56734],[102.83924,4.55575],[102.84795,4.50072],[102.89967,4.47059],[102.92989,4.46886],[102.97057,4.47581],[103.00602,4.44684],[103.00892,4.41787],[103.02333,4.40887],[103.04437,4.43525],[103.08098,4.42424],[103.10074,4.43873],[103.12805,4.44394],[103.14432,4.42251],[103.17338,4.44221],[103.19197,4.48739],[103.21638,4.48334],[103.22974,4.45321],[103.2896,4.47001],[103.28379,4.4955],[103.29948,4.51636],[103.29483,4.55343],[103.31807,4.56792],[103.34422,4.5963],[103.36689,4.58182],[103.38316,4.58819],[103.45405,4.59456],[103.43146,4.65232],[103.44931,4.65937],[103.44857,4.69384],[103.42216,4.76092],[103.43815,4.78057],[103.42588,4.81578],[103.38683,4.87618],[103.36823,4.8595],[103.34146,4.85283],[103.3065,4.87877],[103.28678,4.86988],[103.2667,4.90027],[103.2336,4.91101],[103.22662,4.95782],[103.21347,4.93218],[103.19197,4.92118],[103.17221,4.94723],[103.13967,4.94086],[103.10655,4.94434],[103.07982,4.92002],[103.08505,4.87949],[103.07633,4.8627],[103.03798,4.86096],[103.02926,4.83896],[102.99207,4.84591],[102.97638,4.82275],[102.94674,4.8129],[102.92059,4.82043],[102.8927,4.81464],[102.88921,4.75036],[102.84505,4.7272],[102.84421,4.68208]]]},"properties":{"shapeName":"Dungun","shapeISO":"","shapeID":"92858781B15989569853600","shapeGroup":"MYS","shapeType":"ADM2"}},
{"type":"Feature","geometry":{"type":"Polygon","coordinates":[[[101.36063,4.53793],[101.26849,4.53895],[101.15518,4.48971],[101.12205,4.49435],[101.11276,4.45785],[101.08486,4.45843],[101.05,4.42077],[101.06162,4.39122],[101.07847,4.37789],[101.07382,4.3298],[101.08428,4.27417],[101.07029,4.24947],[101.07067,4.24863],[101.11334,4.24751],[101.19644,4.29387],[101.19237,4.3269],[101.24127,4.34755],[101.28925,4.33865],[101.31491,4.37166],[101.30933,4.38575],[101.33358,4.43161],[101.35715,4.46104],[101.36024,4.47789],[101.38714,4.5085],[101.36063,4.53793]]]},"properties":{"shapeName":"Kampar","shapeISO":"","shapeID":"92858781B88195291987558","shapeGroup":"MYS","shapeType":"ADM2"}},
{"type":"Feature","geometry":{"type":"Polygon","coordinates":[[[100.99491,4.56044],[100.97583,4.5085],[100.9487,4.45107],[100.94441,4.39269],[100.97089,4.38983],[100.97052,4.37314],[101.01143,4.3368],[101.00846,4.29712],[100.99321,4.28599],[101.00474,4.25298],[101.07029,4.24947],[101.08428,4.27417],[101.07382,4.3298],[101.07847,4.37789],[101.06162,4.39122],[101.05,4.42077],[101.08486,4.45843],[101.11276,4.45785],[101.12205,4.49435],[101.15518,4.48971],[101.26849,4.53895],[101.36063,4.53793],[101.35143,4.58822],[101.3744,4.61478],[101.36103,4.65455],[101.3343,4.68478],[101.31073,4.67837],[101.28645,4.71348],[101.27193,4.71704],[101.2348,4.75381],[101.21743,4.75025],[101.18772,4.77538],[101.11854,4.78168],[101.05346,4.75574],[101.03412,4.71719],[101.02854,4.68754],[101.01069,4.64306],[101.01292,4.59412],[100.99491,4.56044]]]},"properties":{"shapeName":"Kinta","shapeISO":"","shapeID":"92858781B39286105969870","shapeGroup":"MYS","shapeType":"ADM2"}},
{"type":"Feature","geometry":{"type":"Polygon","coordinates":[[[100.85527,4.55257],[100.85849,4.50162],[100.8504,4.48595],[100.80541,4.48073],[100.80684,4.38059],[100.82136,4.35519],[100.82516,4.28565],[100.79993,4.26809],[100.79256,4.2104],[100.77161,4.18572],[100.7747,4.1653],[100.76423,4.13634],[100.79041,4.11022],[100.79946,4.07817],[100.81303,4.08221],[100.8315,4.04582],[100.86527,4.03376],[100.86899,4.01298],[100.85895,3.98071],[100.87792,3.96772],[100.89884,3.99684],[100.89577,4.00593],[100.92738,4.03969],[100.92106,4.06307],[100.96569,4.04823],[101.02445,4.07902],[101.01813,4.11463],[101.10113,4.18087],[101.07067,4.24863],[101.07029,4.24947],[101.00474,4.25298],[100.99321,4.28599],[101.00846,4.29712],[101.01143,4.3368],[100.97052,4.37314],[100.97089,4.38983],[100.94441,4.39269],[100.9487,4.45107],[100.97583,4.5085],[100.99491,4.56044],[100.99209,4.55483],[100.92775,4.55483],[100.90283,4.56521],[100.85527,4.55257]]]},"properties":{"shapeName":"Perak Tengah","shapeISO":"","shapeID":"92858781B97435964158184","shapeGroup":"MYS","shapeType":"ADM2"}},
{"type":"Feature","geometry":{"type":"Polygon","coordinates":[[[100.89884,3.99684],[100.92215,3.97567],[100.94075,3.98553],[100.96748,3.9548],[100.96573,3.93741],[101.00351,3.91016],[101.08138,3.89451],[101.10578,3.88407],[101.22665,3.87074],[101.24312,3.85596],[101.23828,4.03016],[101.14867,4.1124],[101.14755,4.15024],[101.13342,4.14839],[101.11073,4.18362],[101.10113,4.18087],[101.01813,4.11463],[101.02445,4.07902],[100.96569,4.04823],[100.92106,4.06307],[100.92738,4.03969],[100.89577,4.00593],[100.89884,3.99684]]]},"properties":{"shapeName":"Hilir Perak","shapeISO":"","shapeID":"92858781B22545917435133","shapeGroup":"MYS","shapeType":"ADM2"}},
{"type":"Feature","geometry":{"type":"Polygon","coordinates":[[[101.33905,3.69718],[101.34404,3.71592],[101.32312,3.76695],[101.32835,3.78493],[101.35798,3.80232],[101.38065,3.79478],[101.39924,3.76405],[101.44108,3.75014],[101.46258,3.71534],[101.48699,3.69853],[101.53116,3.67997],[101.5666,3.69795],[101.5759,3.74144],[101.60147,3.77159],[101.62471,3.77855],[101.59101,3.80058],[101.60438,3.87886],[101.57764,3.90089],[101.57358,3.99422],[101.55847,4.02901],[101.58262,4.07755],[101.55905,4.109],[101.5329,4.12639],[101.51625,4.11725],[101.49745,4.09103],[101.4835,4.03422],[101.46317,4.02669],[101.47014,4.00118],[101.45619,3.97799],[101.45677,3.95538],[101.43062,3.95828],[101.36612,3.89567],[101.38181,3.88349],[101.38355,3.83537],[101.31673,3.81044],[101.2592,3.84349],[101.24409,3.84059],[101.25048,3.73042],[101.24409,3.72114],[101.25164,3.67533],[101.30104,3.67185],[101.33905,3.69718]]]},"properties":{"shapeName":"Muallim","shapeISO":"","shapeID":"92858781B90954683120897","shapeGroup":"MYS","shapeType":"ADM2"}},
{"type":"Feature","geometry":{"type":"Polygon","coordinates":[[[101.33358,4.43161],[101.30933,4.38575],[101.31491,4.37166],[101.28925,4.33865],[101.24127,4.34755],[101.19237,4.3269],[101.19644,4.29387],[101.11334,4.24751],[101.07067,4.24863],[101.10113,4.18087],[101.11073,4.18362],[101.13342,4.14839],[101.14755,4.15024],[101.14867,4.1124],[101.23828,4.03016],[101.24312,3.85596],[101.24409,3.84059],[101.2592,3.84349],[101.31673,3.81044],[101.38355,3.83537],[101.38181,3.88349],[101.36612,3.89567],[101.43062,3.95828],[101.45677,3.95538],[101.45619,3.97799],[101.47014,4.00118],[101.46317,4.02669],[101.4835,4.03422],[101.49745,4.09103],[101.51625,4.11725],[101.49651,4.15765],[101.49469,4.20745],[101.45292,4.22194],[101.46382,4.25273],[101.44566,4.27265],[101.45029,4.31566],[101.4445,4.32671],[101.42546,4.34048],[101.44462,4.3778],[101.43548,4.39177],[101.40653,4.39481],[101.39297,4.40878],[101.35786,4.39744],[101.33358,4.43161]]]},"properties":{"shapeName":"Batang Padang","shapeISO":"","shapeID":"92858781B72940108460655","shapeGroup":"MYS","shapeType":"ADM2"}},
{"type":"Feature","geometry":{"type":"Polygon","coordinates":[[[100.8315,4.04582],[100.81813,4.04234],[100.77571,4.0035],[100.76176,4.01104],[100.71818,4.00524],[100.699,3.96756],[100.7054,3.88871],[100.74375,3.85624],[100.76583,3.84697],[100.79837,3.85856],[100.82511,3.85335],[100.90356,3.85856],[100.93377,3.87016],[100.94133,3.83189],[100.97387,3.82204],[100.96225,3.77507],[100.98259,3.77101],[100.98782,3.79536],[101.02559,3.8058],[101.02559,3.78493],[101.05232,3.79072],[101.06685,3.76289],[101.08602,3.78029],[101.0959,3.74492],[101.18133,3.71882],[101.21794,3.71244],[101.24409,3.72114],[101.25048,3.73042],[101.24409,3.84059],[101.24312,3.85596],[101.22665,3.87074],[101.10578,3.88407],[101.08138,3.89451],[101.00351,3.91016],[100.96573,3.93741],[100.96748,3.9548],[100.94075,3.98553],[100.92215,3.97567],[100.89884,3.99684],[100.87792,3.96772],[100.85895,3.98071],[100.86899,4.01298],[100.86527,4.03376],[100.8315,4.04582]]]},"properties":{"shapeName":"Bagan Datuk","shapeISO":"","shapeID":"92858781B98858814885559","shapeGroup":"MYS","shapeType":"ADM2"}},
{"type":"Feature","geometry":{"type":"Polygon","coordinates":[[[101.24409,3.72114],[101.21794,3.71244],[101.18133,3.71882],[101.0959,3.74492],[101.08602,3.78029],[101.06685,3.76289],[101.05232,3.79072],[101.02559,3.78493],[101.02559,3.8058],[100.98782,3.79536],[100.98259,3.77101],[100.96225,3.77507],[100.97387,3.82204],[100.94133,3.83189],[100.93377,3.87016],[100.90356,3.85856],[100.82511,3.85335],[100.81058,3.81781],[100.812,3.78383],[100.85456,3.77392],[100.89712,3.7541],[100.90847,3.74136],[100.94536,3.66633],[100.9638,3.67624],[101.01346,3.64509],[101.04183,3.61677],[101.0773,3.55447],[101.09858,3.48508],[101.1769,3.53527],[101.34941,3.59978],[101.34095,3.65564],[101.34858,3.68277],[101.33905,3.69718],[101.30104,3.67185],[101.25164,3.67533],[101.24409,3.72114]]]},"properties":{"shapeName":"Sabak Bernam","shapeISO":"","shapeID":"92858781B3591974516081","shapeGroup":"MYS","shapeType":"ADM2"}},
{"type":"Feature","geometry":{"type":"Polygon","coordinates":[[[101.09858,3.48508],[101.11799,3.45435],[101.13832,3.44101],[101.17319,3.39229],[101.18714,3.35342],[101.22491,3.33892],[101.25861,3.30817],[101.29929,3.25015],[101.30743,3.22056],[101.30645,3.16552],[101.34334,3.16362],[101.36921,3.18601],[101.42647,3.1926],[101.48711,3.19195],[101.4921,3.22779],[101.49269,3.27512],[101.46256,3.27772],[101.46219,3.30037],[101.43169,3.30446],[101.44545,3.33787],[101.44397,3.39802],[101.4596,3.40102],[101.4607,3.45073],[101.46851,3.4834],[101.34941,3.59978],[101.1769,3.53527],[101.09858,3.48508]]]},"properties":{"shapeName":"Kuala Selangor","shapeISO":"","shapeID":"92858781B52521968148522","shapeGroup":"MYS","shapeType":"ADM2"}},
{"type":"Feature","geometry":{"type":"Polygon","coordinates":[[[101.33905,3.69718],[101.34858,3.68277],[101.34095,3.65564],[101.34941,3.59978],[101.46851,3.4834],[101.4607,3.45073],[101.4596,3.40102],[101.49396,3.36734],[101.49919,3.35342],[101.53697,3.35052],[101.58927,3.33776],[101.59217,3.32963],[101.63924,3.32441],[101.65261,3.33544],[101.68166,3.33428],[101.71827,3.38823],[101.75736,3.37401],[101.76538,3.40153],[101.78808,3.42702],[101.76113,3.48933],[101.7668,3.51907],[101.80227,3.56013],[101.8122,3.59412],[101.80397,3.60937],[101.78666,3.62385],[101.77531,3.65075],[101.72424,3.71305],[101.68594,3.70597],[101.65189,3.72862],[101.62471,3.77855],[101.60147,3.77159],[101.5759,3.74144],[101.5666,3.69795],[101.53116,3.67997],[101.48699,3.69853],[101.46258,3.71534],[101.44108,3.75014],[101.39924,3.76405],[101.38065,3.79478],[101.35798,3.80232],[101.32835,3.78493],[101.32312,3.76695],[101.34404,3.71592],[101.33905,3.69718]]]},"properties":{"shapeName":"Ulu Selangor","shapeISO":"","shapeID":"92858781B525446054982","shapeGroup":"MYS","shapeType":"ADM2"}},
{"type":"Feature","geometry":{"type":"Polygon","coordinates":[[[101.58901,4.5552],[101.58985,4.51984],[101.58113,4.49377],[101.5881,4.45901],[101.60147,4.43873],[101.60786,4.40397],[101.59217,4.38832],[101.5852,4.3553],[101.55847,4.35993],[101.54917,4.34602],[101.51605,4.33096],[101.4445,4.32671],[101.45029,4.31566],[101.44566,4.27265],[101.46382,4.25273],[101.45292,4.22194],[101.49469,4.20745],[101.49651,4.15765],[101.51625,4.11725],[101.5329,4.12639],[101.55905,4.109],[101.58262,4.07755],[101.62994,4.09509],[101.66307,4.07828],[101.6927,4.07248],[101.75023,4.11595],[101.77464,4.08639],[101.80835,4.07712],[101.81416,4.0348],[101.85367,4.03364],[101.86413,4.05567],[101.89609,4.07364],[101.91411,4.10378],[101.95014,4.08581],[101.95362,4.07074],[101.93735,4.03886],[101.96176,4.0064],[101.96176,3.98901],[101.94142,3.9722],[101.942,3.94437],[101.95653,3.92234],[101.98326,3.92814],[101.99721,3.95596],[102.02917,3.98727],[102.06171,3.97335],[102.10878,3.97915],[102.12796,4.0035],[102.09109,4.03932],[102.09369,4.0742],[102.11452,4.07828],[102.14502,4.06381],[102.15394,4.03747],[102.21866,4.02152],[102.24506,4.05342],[102.26452,4.06263],[102.28369,4.05451],[102.31391,4.08987],[102.29415,4.11537],[102.2558,4.11827],[102.24708,4.13682],[102.26917,4.18492],[102.26975,4.20984],[102.2436,4.24462],[102.24302,4.26838],[102.2157,4.32806],[102.22093,4.35703],[102.20931,4.3721],[102.21454,4.41903],[102.25348,4.43525],[102.23779,4.45495],[102.25813,4.52157],[102.22733,4.56328],[102.21512,4.59225],[102.22577,4.63274],[102.20292,4.63837],[102.17477,4.66461],[102.17477,4.67909],[102.13845,4.70443],[102.12392,4.74515],[102.11121,4.75963],[102.06672,4.74334],[102.04856,4.72886],[102.01406,4.73972],[101.9959,4.76506],[101.98137,4.74515],[101.9505,4.75963],[101.95413,4.72072],[101.94051,4.66461],[101.9278,4.65466],[101.91236,4.61303],[101.89602,4.61665],[101.88603,4.67276],[101.84971,4.68724],[101.84517,4.71891],[101.82338,4.7171],[101.81848,4.76268],[101.7973,4.76426],[101.77464,4.74515],[101.77522,4.67044],[101.76476,4.62642],[101.75256,4.61136],[101.72234,4.6102],[101.67455,4.59598],[101.66339,4.56632],[101.62137,4.5463],[101.60909,4.56224],[101.58901,4.5552]]]},"properties":{"shapeName":"Lipis","shapeISO":"","shapeID":"92858781B59638700004022","shapeGroup":"MYS","shapeType":"ADM2"}},
{"type":"Feature","geometry":{"type":"Polygon","coordinates":[[[103.02333,4.40887],[103.00543,4.37963],[103.00776,4.34139],[102.99846,4.32864],[102.96766,4.32864],[102.95778,4.29271],[102.93047,4.27707],[102.93221,4.24056],[102.91246,4.21622],[102.92059,4.19593],[102.92117,4.15884],[102.89553,4.13429],[102.90706,4.1124],[102.92661,4.10051],[102.99521,4.12984],[103.07331,4.10832],[103.07331,4.09423],[103.11757,4.08384],[103.13467,4.05305],[103.17977,4.02959],[103.20476,4.03364],[103.21347,4.01219],[103.24078,4.01799],[103.24718,3.9948],[103.26968,3.97774],[103.26596,3.95177],[103.30055,3.89685],[103.30501,3.92134],[103.33513,3.95102],[103.32621,3.98961],[103.32695,4.04823],[103.30612,4.06195],[103.3091,4.11871],[103.33036,4.1418],[103.32084,4.16957],[103.34416,4.17693],[103.44366,4.18049],[103.44301,4.23418],[103.45638,4.23882],[103.47788,4.27475],[103.49066,4.32285],[103.45696,4.3918],[103.44475,4.4648],[103.44766,4.5013],[103.47207,4.52157],[103.46742,4.55865],[103.45405,4.59456],[103.38316,4.58819],[103.36689,4.58182],[103.34422,4.5963],[103.31807,4.56792],[103.29483,4.55343],[103.29948,4.51636],[103.28379,4.4955],[103.2896,4.47001],[103.22974,4.45321],[103.21638,4.48334],[103.19197,4.48739],[103.17338,4.44221],[103.14432,4.42251],[103.12805,4.44394],[103.10074,4.43873],[103.08098,4.42424],[103.04437,4.43525],[103.02333,4.40887]]]},"properties":{"shapeName":"Kemaman","shapeISO":"","shapeID":"92858781B85628090125570","shapeGroup":"MYS","shapeType":"ADM2"}},
{"type":"Feature","geometry":{"type":"Polygon","coordinates":[[[102.65839,4.7618],[102.61102,4.78168],[102.59726,4.74276],[102.60507,4.70162],[102.59689,4.6868],[102.57234,4.69161],[102.55524,4.70792],[102.51227,4.66888],[102.46871,4.70542],[102.44586,4.71253],[102.37946,4.71396],[102.36908,4.68362],[102.34003,4.64199],[102.31279,4.63656],[102.26829,4.6628],[102.23198,4.65375],[102.22577,4.63274],[102.21512,4.59225],[102.22733,4.56328],[102.25813,4.52157],[102.23779,4.45495],[102.25348,4.43525],[102.21454,4.41903],[102.20931,4.3721],[102.22093,4.35703],[102.2157,4.32806],[102.24302,4.26838],[102.2436,4.24462],[102.26975,4.20984],[102.26917,4.18492],[102.24708,4.13682],[102.2558,4.11827],[102.29415,4.11537],[102.31391,4.08987],[102.28369,4.05451],[102.26452,4.06263],[102.24506,4.05342],[102.21866,4.02152],[102.15394,4.03747],[102.14502,4.06381],[102.11452,4.07828],[102.09369,4.0742],[102.09109,4.03932],[102.12796,4.0035],[102.10878,3.97915],[102.06171,3.97335],[102.06578,3.94147],[102.096,3.90437],[102.07682,3.85045],[102.11007,3.83584],[102.12854,3.84755],[102.18491,3.8603],[102.22907,3.88871],[102.2436,3.8632],[102.24476,3.82783],[102.28834,3.84001],[102.2988,3.81102],[102.36331,3.8145],[102.39527,3.75303],[102.43223,3.7419],[102.43885,3.77739],[102.4621,3.79536],[102.45628,3.83073],[102.48185,3.85798],[102.50394,3.84871],[102.51963,3.82609],[102.55798,3.84581],[102.58936,3.84175],[102.61493,3.85624],[102.67653,3.84639],[102.70343,3.83654],[102.72883,3.85972],[102.75498,3.9148],[102.7759,3.94263],[102.81483,3.95538],[102.8282,3.93335],[102.84912,3.93451],[102.86713,3.9977],[102.91129,4.01741],[102.9142,4.06263],[102.92661,4.10051],[102.90706,4.1124],[102.89553,4.13429],[102.92117,4.15884],[102.92059,4.19593],[102.91246,4.21622],[102.93221,4.24056],[102.93047,4.27707],[102.95778,4.29271],[102.96766,4.32864],[102.99846,4.32864],[103.00776,4.34139],[103.00543,4.37963],[103.02333,4.40887],[103.00892,4.41787],[103.00602,4.44684],[102.97057,4.47581],[102.92989,4.46886],[102.89967,4.47059],[102.84795,4.50072],[102.83924,4.55575],[102.8712,4.56734],[102.8834,4.60673],[102.86248,4.65538],[102.84421,4.68208],[102.78287,4.6716],[102.72999,4.68724],[102.70384,4.71388],[102.68815,4.71388],[102.65839,4.7618]]]},"properties":{"shapeName":"Jerantut","shapeISO":"","shapeID":"92858781B18339216088795","shapeGroup":"MYS","shapeType":"ADM2"}},
{"type":"Feature","geometry":{"type":"Polygon","coordinates":[[[101.62471,3.77855],[101.65189,3.72862],[101.68594,3.70597],[101.72424,3.71305],[101.77531,3.65075],[101.78666,3.62385],[101.80397,3.60937],[101.84031,3.64169],[101.85019,3.63589],[101.89609,3.66605],[101.93677,3.65909],[101.94607,3.61386],[101.96234,3.58022],[102.01286,3.55879],[102.02859,3.58892],[102.01929,3.60922],[102.0344,3.62835],[102.04428,3.68403],[102.04079,3.70838],[102.08437,3.74956],[102.09367,3.77101],[102.09716,3.82841],[102.11007,3.83584],[102.07682,3.85045],[102.096,3.90437],[102.06578,3.94147],[102.06171,3.97335],[102.02917,3.98727],[101.99721,3.95596],[101.98326,3.92814],[101.95653,3.92234],[101.942,3.94437],[101.94142,3.9722],[101.96176,3.98901],[101.96176,4.0064],[101.93735,4.03886],[101.95362,4.07074],[101.95014,4.08581],[101.91411,4.10378],[101.89609,4.07364],[101.86413,4.05567],[101.85367,4.03364],[101.81416,4.0348],[101.80835,4.07712],[101.77464,4.08639],[101.75023,4.11595],[101.6927,4.07248],[101.66307,4.07828],[101.62994,4.09509],[101.58262,4.07755],[101.55847,4.02901],[101.57358,3.99422],[101.57764,3.90089],[101.60438,3.87886],[101.59101,3.80058],[101.62471,3.77855]]]},"properties":{"shapeName":"Raub","shapeISO":"","shapeID":"92858781B38754902087589","shapeGroup":"MYS","shapeType":"ADM2"}},
{"type":"Feature","geometry":{"type":"Polygon","coordinates":[[[102.92661,4.10051],[102.9142,4.06263],[102.91129,4.01741],[102.86713,3.9977],[102.84912,3.93451],[102.8282,3.93335],[102.81483,3.95538],[102.7759,3.94263],[102.75498,3.9148],[102.72883,3.85972],[102.70343,3.83654],[102.70846,3.81559],[102.73673,3.78776],[102.75904,3.75547],[102.78694,3.7577],[102.81074,3.72207],[102.82487,3.71576],[102.8695,3.71724],[102.8933,3.67865],[102.91959,3.65925],[103.12575,3.62],[103.35447,3.6059],[103.3965,3.60887],[103.35759,3.66315],[103.33086,3.7165],[103.32795,3.76579],[103.34248,3.8029],[103.37618,3.80638],[103.36747,3.86204],[103.3663,3.91364],[103.39187,3.95654],[103.40989,3.96756],[103.43488,3.96408],[103.40931,4.01741],[103.38548,4.09103],[103.38664,4.11537],[103.40989,4.13566],[103.41337,4.1687],[103.44366,4.18049],[103.34416,4.17693],[103.32084,4.16957],[103.33036,4.1418],[103.3091,4.11871],[103.30612,4.06195],[103.32695,4.04823],[103.32621,3.98961],[103.33513,3.95102],[103.30501,3.92134],[103.30055,3.89685],[103.26596,3.95177],[103.26968,3.97774],[103.24718,3.9948],[103.24078,4.01799],[103.21347,4.01219],[103.20476,4.03364],[103.17977,4.02959],[103.13467,4.05305],[103.11757,4.08384],[103.07331,4.09423],[103.07331,4.10832],[102.99521,4.12984],[102.92661,4.10051]]]},"properties":{"shapeName":"Kuantan","shapeISO":"","shapeID":"92858781B15723972552413","shapeGroup":"MYS","shapeType":"ADM2"}},
{"type":"Feature","geometry":{"type":"Polygon","coordinates":[[[102.11007,3.83584],[102.09716,3.82841],[102.09367,3.77101],[102.08437,3.74956],[102.04079,3.70838],[102.04428,3.68403],[102.0344,3.62835],[102.01929,3.60922],[102.02859,3.58892],[102.01286,3.55879],[102.02801,3.5634],[102.06229,3.4996],[102.08612,3.49438],[102.10646,3.45725],[102.09774,3.42825],[102.09716,3.39403],[102.11459,3.35052],[102.139,3.35052],[102.14946,3.36444],[102.20234,3.37662],[102.22791,3.39403],[102.27265,3.36734],[102.31449,3.3569],[102.32553,3.37488],[102.36156,3.3801],[102.38713,3.37024],[102.4743,3.36502],[102.48185,3.41781],[102.50394,3.41491],[102.50335,3.46538],[102.48708,3.51758],[102.49464,3.5576],[102.48127,3.59182],[102.49115,3.6243],[102.48534,3.65735],[102.46907,3.69505],[102.46791,3.71766],[102.44176,3.72288],[102.43223,3.7419],[102.39527,3.75303],[102.36331,3.8145],[102.2988,3.81102],[102.28834,3.84001],[102.24476,3.82783],[102.2436,3.8632],[102.22907,3.88871],[102.18491,3.8603],[102.12854,3.84755],[102.11007,3.83584]]]},"properties":{"shapeName":"Temerloh","shapeISO":"","shapeID":"92858781B90183149437098","shapeGroup":"MYS","shapeType":"ADM2"}},
{"type":"Feature","geometry":{"type":"Polygon","coordinates":[[[102.43223,3.7419],[102.44176,3.72288],[102.46791,3.71766],[102.46907,3.69505],[102.48534,3.65735],[102.49115,3.6243],[102.48127,3.59182],[102.49464,3.5576],[102.48708,3.51758],[102.50335,3.46538],[102.57193,3.45493],[102.59168,3.43463],[102.59459,3.39809],[102.63352,3.39287],[102.6713,3.35168],[102.68873,3.3482],[102.70192,3.31678],[102.73173,3.33892],[102.73406,3.3772],[102.75033,3.38184],[102.77183,3.3685],[102.82609,3.37816],[102.78113,3.42767],[102.77531,3.45377],[102.79623,3.4735],[102.82355,3.47234],[102.85783,3.48974],[102.86539,3.5257],[102.90316,3.54716],[102.902,3.5692],[102.92059,3.59124],[102.91959,3.65925],[102.8933,3.67865],[102.8695,3.71724],[102.82487,3.71576],[102.81074,3.72207],[102.78694,3.7577],[102.75904,3.75547],[102.73673,3.78776],[102.70846,3.81559],[102.70343,3.83654],[102.67653,3.84639],[102.61493,3.85624],[102.58936,3.84175],[102.55798,3.84581],[102.51963,3.82609],[102.50394,3.84871],[102.48185,3.85798],[102.45628,3.83073],[102.4621,3.79536],[102.43885,3.77739],[102.43223,3.7419]]]},"properties":{"shapeName":"Maran","shapeISO":"","shapeID":"92858781B75033719782494","shapeGroup":"MYS","shapeType":"ADM2"}},
{"type":"Feature","geometry":{"type":"Polygon","coordinates":[[[102.91959,3.65925],[102.92059,3.59124],[102.902,3.5692],[102.90316,3.54716],[102.86539,3.5257],[102.85783,3.48974],[102.82355,3.47234],[102.79623,3.4735],[102.77531,3.45377],[102.78113,3.42767],[102.82609,3.37816],[102.82238,3.36038],[102.85086,3.32035],[102.88921,3.27742],[102.92001,3.2751],[102.93628,3.30991],[102.95372,3.31571],[102.9758,3.27626],[103.01996,3.28728],[103.06238,3.32731],[103.08737,3.2577],[103.10945,3.24261],[103.12631,3.2136],[103.1234,3.17937],[103.10597,3.12077],[103.07342,3.11322],[103.06296,3.08073],[103.0897,3.06796],[103.09318,3.03895],[103.11585,3.0227],[103.13618,2.98846],[103.15769,2.98382],[103.16698,2.96177],[103.22045,2.96757],[103.36514,2.96583],[103.43081,2.949],[103.43097,3.04599],[103.44516,3.11824],[103.44232,3.24715],[103.42955,3.29247],[103.41962,3.36329],[103.43523,3.4341],[103.4636,3.48792],[103.47353,3.52049],[103.3965,3.60887],[103.35447,3.6059],[103.12575,3.62],[102.91959,3.65925]]]},"properties":{"shapeName":"Pekan","shapeISO":"","shapeID":"92858781B2818057588374","shapeGroup":"MYS","shapeType":"ADM2"}},
{"type":"Feature","geometry":{"type":"Polygon","coordinates":[[[101.75736,3.37401],[101.78336,3.35516],[101.81067,3.30991],[101.85436,3.27743],[101.91469,3.2606],[101.93503,3.29076],[101.95014,3.27452],[101.97454,3.2722],[101.97687,3.24145],[102.00825,3.22927],[102.04195,3.22811],[102.05532,3.17473],[102.0989,3.19387],[102.1419,3.19968],[102.15934,3.17879],[102.28544,3.14107],[102.30926,3.15442],[102.27614,3.19794],[102.29764,3.2165],[102.28834,3.25596],[102.31856,3.29657],[102.32728,3.32557],[102.31449,3.3569],[102.27265,3.36734],[102.22791,3.39403],[102.20234,3.37662],[102.14946,3.36444],[102.139,3.35052],[102.11459,3.35052],[102.09716,3.39403],[102.09774,3.42825],[102.10646,3.45725],[102.08612,3.49438],[102.06229,3.4996],[102.02801,3.5634],[102.01286,3.55879],[101.96234,3.58022],[101.94607,3.61386],[101.93677,3.65909],[101.89609,3.66605],[101.85019,3.63589],[101.84031,3.64169],[101.80397,3.60937],[101.8122,3.59412],[101.80227,3.56013],[101.7668,3.51907],[101.76113,3.48933],[101.78808,3.42702],[101.76538,3.40153],[101.75736,3.37401]]]},"properties":{"shapeName":"Bentong","shapeISO":"","shapeID":"92858781B95587260702445","shapeGroup":"MYS","shapeType":"ADM2"}},
{"type":"Feature","geometry":{"type":"Polygon","coordinates":[[[102.31449,3.3569],[102.32728,3.32557],[102.31856,3.29657],[102.28834,3.25596],[102.29764,3.2165],[102.27614,3.19794],[102.30926,3.15442],[102.28544,3.14107],[102.29291,3.13954],[102.39178,3.11921],[102.46896,3.01675],[102.66962,2.88708],[102.69414,2.87348],[102.70132,2.83208],[102.76151,2.81856],[102.76239,2.98621],[102.77838,3.00924],[102.78917,3.046],[102.76016,3.06234],[102.73152,3.11656],[102.73487,3.14627],[102.75941,3.14479],[102.79623,3.16781],[102.79661,3.18601],[102.75532,3.21014],[102.73375,3.24431],[102.70363,3.26844],[102.70192,3.31678],[102.68873,3.3482],[102.6713,3.35168],[102.63352,3.39287],[102.59459,3.39809],[102.59168,3.43463],[102.57193,3.45493],[102.50335,3.46538],[102.50394,3.41491],[102.48185,3.41781],[102.4743,3.36502],[102.38713,3.37024],[102.36156,3.3801],[102.32553,3.37488],[102.31449,3.3569]]]},"properties":{"shapeName":"Bera","shapeISO":"","shapeID":"92858781B37033160198468","shapeGroup":"MYS","shapeType":"ADM2"}},
{"type":"Feature","geometry":{"type":"Polygon","coordinates":[[[101.91469,3.2606],[101.92745,3.26027],[101.94567,3.22463],[101.94233,3.18415],[101.95646,3.1459],[101.96724,3.13996],[101.95051,3.1058],[101.96613,3.0564],[101.9546,3.02558],[101.93117,2.99587],[101.92399,2.96757],[101.97687,2.93855],[101.98675,2.92114],[101.985,2.87936],[101.99663,2.85382],[102.03033,2.83467],[102.06694,2.83408],[102.13377,2.89793],[102.16805,2.90547],[102.18723,2.89561],[102.20583,2.91186],[102.23953,2.90605],[102.23895,2.92404],[102.27033,2.95248],[102.35285,2.96177],[102.34064,2.97685],[102.33774,3.03721],[102.31798,3.10336],[102.29291,3.13954],[102.28544,3.14107],[102.15934,3.17879],[102.1419,3.19968],[102.0989,3.19387],[102.05532,3.17473],[102.04195,3.22811],[102.00825,3.22927],[101.97687,3.24145],[101.97454,3.2722],[101.95014,3.27452],[101.93503,3.29076],[101.91469,3.2606]]]},"properties":{"shapeName":"Jelebu","shapeISO":"","shapeID":"92858781B14475732449391","shapeGroup":"MYS","shapeType":"ADM2"}},
{"type":"Feature","geometry":{"type":"Polygon","coordinates":[[[102.29291,3.13954],[102.31798,3.10336],[102.33774,3.03721],[102.34064,2.97685],[102.35285,2.96177],[102.27033,2.95248],[102.23895,2.92404],[102.23953,2.90605],[102.28337,2.86698],[102.30122,2.86178],[102.29601,2.83244],[102.34139,2.7912],[102.3942,2.77783],[102.40015,2.73845],[102.36331,2.70523],[102.3511,2.66808],[102.34845,2.59877],[102.42841,2.68942],[102.55152,2.68533],[102.56676,2.66007],[102.63178,2.65008],[102.70132,2.83208],[102.69414,2.87348],[102.66962,2.88708],[102.46896,3.01675],[102.39178,3.11921],[102.29291,3.13954]]]},"properties":{"shapeName":"Jempol","shapeISO":"","shapeID":"92858781B63970994898514","shapeGroup":"MYS","shapeType":"ADM2"}},
{"type":"Feature","geometry":{"type":"Polygon","coordinates":[[[102.06694,2.83408],[102.05204,2.79938],[102.05762,2.74551],[102.04832,2.70056],[102.05328,2.69045],[102.08216,2.70242],[102.12047,2.70353],[102.11787,2.63963],[102.17998,2.59282],[102.18332,2.56904],[102.20327,2.54582],[102.29713,2.53821],[102.32539,2.54006],[102.32874,2.57053],[102.34845,2.59877],[102.3511,2.66808],[102.36331,2.70523],[102.40015,2.73845],[102.3942,2.77783],[102.34139,2.7912],[102.29601,2.83244],[102.30122,2.86178],[102.28337,2.86698],[102.23953,2.90605],[102.20583,2.91186],[102.18723,2.89561],[102.16805,2.90547],[102.13377,2.89793],[102.06694,2.83408]]]},"properties":{"shapeName":"Kuala Pilah","shapeISO":"","shapeID":"92858781B70284069917848","shapeGroup":"MYS","shapeType":"ADM2"}},
{"type":"Feature","geometry":{"type":"Polygon","coordinates":[[[102.05328,2.69045],[102.03121,2.65932],[102.03121,2.57053],[102.0115,2.5709],[102.01187,2.54267],[102.03382,2.52557],[102.03121,2.44049],[102.03742,2.42402],[102.06574,2.44304],[102.12144,2.46349],[102.14143,2.45731],[102.17714,2.49988],[102.20252,2.4837],[102.20327,2.54582],[102.18332,2.56904],[102.17998,2.59282],[102.11787,2.63963],[102.12047,2.70353],[102.08216,2.70242],[102.05328,2.69045]]]},"properties":{"shapeName":"Rembau","shapeISO":"","shapeID":"92858781B48493388019423","shapeGroup":"MYS","shapeType":"ADM2"}},
{"type":"Feature","geometry":{"type":"Polygon","coordinates":[[[102.34845,2.59877],[102.32874,2.57053],[102.32539,2.54006],[102.29713,2.53821],[102.20327,2.54582],[102.20252,2.4837],[102.23093,2.46612],[102.27742,2.45832],[102.31647,2.48062],[102.36784,2.48937],[102.42693,2.4691],[102.43102,2.45758],[102.50949,2.43789],[102.59391,2.41076],[102.59606,2.45374],[102.61402,2.4822],[102.6051,2.50178],[102.60891,2.56527],[102.63938,2.60831],[102.62724,2.61877],[102.63178,2.65008],[102.56676,2.66007],[102.55152,2.68533],[102.42841,2.68942],[102.34845,2.59877]]]},"properties":{"shapeName":"Tampin","shapeISO":"","shapeID":"92858781B76684976870525","shapeGroup":"MYS","shapeType":"ADM2"}},
{"type":"Feature","geometry":{"type":"Polygon","coordinates":[[[101.92399,2.96757],[101.88157,2.86775],[101.79116,2.87016],[101.75082,2.87123],[101.76452,2.72508],[101.77871,2.72322],[101.79382,2.68956],[101.79382,2.66808],[101.85309,2.66692],[101.8775,2.65821],[101.87227,2.62861],[101.91004,2.62454],[101.91004,2.60771],[101.93445,2.54385],[101.97048,2.54385],[101.97396,2.56707],[102.0115,2.5709],[102.03121,2.57053],[102.03121,2.65932],[102.05328,2.69045],[102.04832,2.70056],[102.05762,2.74551],[102.05204,2.79938],[102.06694,2.83408],[102.03033,2.83467],[101.99663,2.85382],[101.985,2.87936],[101.98675,2.92114],[101.97687,2.93855],[101.92399,2.96757]]]},"properties":{"shapeName":"Seremban","shapeISO":"","shapeID":"92858781B89018388239971","shapeGroup":"MYS","shapeType":"ADM2"}},
{"type":"Feature","geometry":{"type":"Polygon","coordinates":[[[102.0115,2.5709],[101.97396,2.56707],[101.97048,2.54385],[101.93445,2.54385],[101.91004,2.60771],[101.91004,2.62454],[101.87227,2.62861],[101.8775,2.65821],[101.85309,2.66692],[101.79382,2.66808],[101.79382,2.68956],[101.77871,2.72322],[101.76452,2.72508],[101.76083,2.70353],[101.74075,2.67344],[101.74744,2.65487],[101.72513,2.63592],[101.73182,2.62292],[101.70877,2.59951],[101.72996,2.59468],[101.7586,2.60323],[101.78054,2.59022],[101.79691,2.56607],[101.79207,2.5226],[101.81885,2.51963],[101.83298,2.50551],[101.85418,2.45721],[101.85604,2.41671],[101.89993,2.41856],[101.93117,2.42637],[101.97505,2.39292],[102.01485,2.41187],[102.03121,2.44049],[102.03382,2.52557],[102.01187,2.54267],[102.0115,2.5709]]]},"properties":{"shapeName":"Port Dickson","shapeISO":"","shapeID":"92858781B57188126303379","shapeGroup":"MYS","shapeType":"ADM2"}},
{"type":"Feature","geometry":{"type":"Polygon","coordinates":[[[102.70132,2.83208],[102.63178,2.65008],[102.62724,2.61877],[102.63938,2.60831],[102.60891,2.56527],[102.6051,2.50178],[102.61402,2.4822],[102.63111,2.4821],[102.62478,2.4494],[102.65491,2.4089],[102.68317,2.39701],[102.71479,2.4286],[102.72966,2.4115],[102.76946,2.41448],[102.80039,2.38],[102.82568,2.37133],[102.86836,2.41427],[102.90596,2.39572],[102.93881,2.356],[102.96428,2.33365],[102.97999,2.33246],[103.02355,2.30202],[102.96472,2.20405],[103.02828,2.1741],[103.05552,2.16866],[103.10455,2.17138],[103.10818,2.21221],[103.12997,2.23762],[103.21714,2.27844],[103.28615,2.30294],[103.32065,2.32199],[103.38058,2.37643],[103.28855,2.57774],[103.15148,2.5231],[102.97414,2.59397],[102.7968,2.80229],[102.76151,2.81856],[102.70132,2.83208]]]},"properties":{"shapeName":"Segamat","shapeISO":"","shapeID":"92858781B96897508285102","shapeGroup":"MYS","shapeType":"ADM2"}},
{"type":"Feature","geometry":{"type":"Polygon","coordinates":[[[102.03121,2.44049],[102.01485,2.41187],[101.97505,2.39292],[101.97571,2.37258],[102.02219,2.36329],[102.0681,2.32671],[102.09109,2.28999],[102.14613,2.29148],[102.14613,2.30448],[102.20378,2.31638],[102.23948,2.31526],[102.27147,2.2859],[102.33904,2.30231],[102.35808,2.37084],[102.33774,2.43296],[102.36156,2.44864],[102.36784,2.48937],[102.31647,2.48062],[102.27742,2.45832],[102.23093,2.46612],[102.20252,2.4837],[102.17714,2.49988],[102.14143,2.45731],[102.12144,2.46349],[102.06574,2.44304],[102.03742,2.42402],[102.03121,2.44049]]]},"properties":{"shapeName":"Alor Gajah","shapeISO":"","shapeID":"92858781B21202151512611","shapeGroup":"MYS","shapeType":"ADM2"}},
{"type":"Feature","geometry":{"type":"Polygon","coordinates":[[[102.09109,2.28999],[102.13907,2.24948],[102.15394,2.21678],[102.18518,2.21604],[102.22014,2.18854],[102.28077,2.1759],[102.33685,2.15574],[102.34923,2.18428],[102.37136,2.17596],[102.39874,2.21449],[102.38588,2.24636],[102.3428,2.22924],[102.31281,2.22876],[102.33904,2.30231],[102.27147,2.2859],[102.23948,2.31526],[102.20378,2.31638],[102.14613,2.30448],[102.14613,2.29148],[102.09109,2.28999]]]},"properties":{"shapeName":"Melaka Tengah","shapeISO":"","shapeID":"92858781B41999482633518","shapeGroup":"MYS","shapeType":"ADM2"}},
{"type":"Feature","geometry":{"type":"Polygon","coordinates":[[[102.36784,2.48937],[102.36156,2.44864],[102.33774,2.43296],[102.35808,2.37084],[102.33904,2.30231],[102.31281,2.22876],[102.3428,2.22924],[102.38588,2.24636],[102.39874,2.21449],[102.37136,2.17596],[102.34923,2.18428],[102.33685,2.15574],[102.37635,2.13205],[102.40498,2.13279],[102.43342,2.11743],[102.48872,2.10023],[102.49055,2.12093],[102.52751,2.12054],[102.53869,2.13529],[102.53441,2.15955],[102.48323,2.17881],[102.46965,2.20245],[102.49638,2.2251],[102.50161,2.29536],[102.5144,2.32381],[102.50917,2.34413],[102.54752,2.39638],[102.56553,2.39522],[102.59391,2.41076],[102.50949,2.43789],[102.43102,2.45758],[102.42693,2.4691],[102.36784,2.48937]]]},"properties":{"shapeName":"Jasin","shapeISO":"","shapeID":"92858781B12493975333595","shapeGroup":"MYS","shapeType":"ADM2"}},
{"type":"Feature","geometry":{"type":"Polygon","coordinates":[[[102.59391,2.41076],[102.56553,2.39522],[102.54752,2.39638],[102.50917,2.34413],[102.5144,2.32381],[102.50161,2.29536],[102.49638,2.2251],[102.46965,2.20245],[102.48323,2.17881],[102.53441,2.15955],[102.53869,2.13529],[102.52751,2.12054],[102.49055,2.12093],[102.48872,2.10023],[102.53335,2.0678],[102.56416,2.08262],[102.59503,2.1432],[102.6378,2.12796],[102.63668,2.15509],[102.66569,2.13948],[102.68131,2.15212],[102.71516,2.1536],[102.71516,2.17404],[102.74268,2.18148],[102.75309,2.20117],[102.78694,2.21567],[102.8098,2.27348],[102.79671,2.2837],[102.79671,2.31438],[102.83146,2.34863],[102.82568,2.37133],[102.80039,2.38],[102.76946,2.41448],[102.72966,2.4115],[102.71479,2.4286],[102.68317,2.39701],[102.65491,2.4089],[102.62478,2.4494],[102.63111,2.4821],[102.61402,2.4822],[102.59606,2.45374],[102.59391,2.41076]]]},"properties":{"shapeName":"Ledang","shapeISO":"","shapeID":"92858781B19407525562459","shapeGroup":"MYS","shapeType":"ADM2"}},
{"type":"Feature","geometry":{"type":"Polygon","coordinates":[[[102.82568,2.37133],[102.83146,2.34863],[102.79671,2.31438],[102.79671,2.2837],[102.8098,2.27348],[102.78694,2.21567],[102.75309,2.20117],[102.74268,2.18148],[102.71516,2.17404],[102.71516,2.1536],[102.68131,2.15212],[102.66569,2.13948],[102.63668,2.15509],[102.6378,2.12796],[102.59503,2.1432],[102.56416,2.08262],[102.53335,2.0678],[102.55856,2.05611],[102.54694,2.02707],[102.62887,1.95274],[102.67827,1.87781],[102.70674,1.854],[102.73754,1.8691],[102.77648,1.86678],[102.79475,1.92019],[102.79995,1.95885],[102.84942,2.03318],[102.87248,2.05177],[102.86838,2.0763],[102.88698,2.08262],[102.96472,2.20405],[103.02355,2.30202],[102.97999,2.33246],[102.96428,2.33365],[102.93881,2.356],[102.90596,2.39572],[102.86836,2.41427],[102.82568,2.37133]]]},"properties":{"shapeName":"Muar","shapeISO":"","shapeID":"92858781B4939885294010","shapeGroup":"MYS","shapeType":"ADM2"}},
{"type":"Feature","geometry":{"type":"Polygon","coordinates":[[[102.96472,2.20405],[102.88698,2.08262],[102.86838,2.0763],[102.87248,2.05177],[102.84942,2.03318],[102.79995,1.95885],[102.79475,1.92019],[102.77648,1.86678],[102.79565,1.86504],[102.84214,1.84471],[102.88573,1.81683],[102.88863,1.78547],[102.94093,1.74132],[102.9787,1.74365],[103.02984,1.72854],[103.07517,1.70357],[103.12979,1.65594],[103.185,1.62341],[103.20199,1.6373],[103.19344,1.67225],[103.20422,1.72466],[103.22724,1.76622],[103.18897,1.78154],[103.18934,1.87781],[103.20348,1.89937],[103.19083,1.91276],[103.21389,1.96108],[103.24597,1.98285],[103.23992,1.99862],[103.17112,2.0986],[103.16852,2.15063],[103.10455,2.17138],[103.05552,2.16866],[103.02828,2.1741],[102.96472,2.20405]]]},"properties":{"shapeName":"Batu Pahat","shapeISO":"","shapeID":"92858781B37388362285714","shapeGroup":"MYS","shapeType":"ADM2"}},
{"type":"Feature","geometry":{"type":"Polygon","coordinates":[[[103.10455,2.17138],[103.16852,2.15063],[103.17112,2.0986],[103.23992,1.99862],[103.24597,1.98285],[103.21389,1.96108],[103.19083,1.91276],[103.20348,1.89937],[103.18934,1.87781],[103.18897,1.78154],[103.22724,1.76622],[103.27449,1.75003],[103.36243,1.71039],[103.4296,1.78488],[103.44485,1.77262],[103.48613,1.80347],[103.52555,1.80533],[103.55419,1.79269],[103.60774,1.80161],[103.63824,1.79232],[103.61927,1.83024],[103.59266,1.85269],[103.55077,1.90383],[103.55172,1.93833],[103.56838,1.93904],[103.56131,2.04405],[103.61386,2.25297],[103.62897,2.27852],[103.62316,2.36213],[103.63013,2.37606],[103.53483,2.3389],[103.46451,2.39348],[103.38058,2.37643],[103.32065,2.32199],[103.28615,2.30294],[103.21714,2.27844],[103.12997,2.23762],[103.10818,2.21221],[103.10455,2.17138]]]},"properties":{"shapeName":"Kluang","shapeISO":"","shapeID":"92858781B16858061295144","shapeGroup":"MYS","shapeType":"ADM2"}},
{"type":"Feature","geometry":{"type":"Polygon","coordinates":[[[103.36243,1.71039],[103.45812,1.63154],[103.5017,1.581],[103.52054,1.53578],[103.54959,1.54083],[103.55307,1.55142],[103.59385,1.55696],[103.60908,1.58503],[103.65098,1.58503],[103.68811,1.60882],[103.71953,1.60573],[103.73619,1.63976],[103.72339,1.65859],[103.67287,1.72636],[103.63824,1.79232],[103.60774,1.80161],[103.55419,1.79269],[103.52555,1.80533],[103.48613,1.80347],[103.44485,1.77262],[103.4296,1.78488],[103.36243,1.71039]]]},"properties":{"shapeName":"Kulaijaya","shapeISO":"","shapeID":"92858781B77755411745481","shapeGroup":"MYS","shapeType":"ADM2"}},
{"type":"Feature","geometry":{"type":"Polygon","coordinates":[[[103.185,1.62341],[103.27616,1.5915],[103.3379,1.55791],[103.37331,1.5207],[103.41417,1.41994],[103.41871,1.39271],[103.44958,1.321],[103.47682,1.30466],[103.50519,1.26498],[103.52088,1.31726],[103.54587,1.33585],[103.53541,1.39743],[103.554,1.46889],[103.57434,1.49271],[103.57492,1.52814],[103.54959,1.54083],[103.52054,1.53578],[103.5017,1.581],[103.45812,1.63154],[103.36243,1.71039],[103.27449,1.75003],[103.22724,1.76622],[103.20422,1.72466],[103.19344,1.67225],[103.20199,1.6373],[103.185,1.62341]]]},"properties":{"shapeName":"Pontian","shapeISO":"","shapeID":"92858781B61162443163986","shapeGroup":"MYS","shapeType":"ADM2"}},
{"type":"Feature","geometry":{"type":"Polygon","coordinates":[[[103.54959,1.54083],[103.57492,1.52814],[103.57434,1.49271],[103.554,1.46889],[103.53541,1.39743],[103.54587,1.33585],[103.55865,1.33179],[103.60049,1.26265],[103.61444,1.32249],[103.64814,1.38001],[103.67313,1.43229],[103.72136,1.46134],[103.76495,1.45204],[103.80621,1.4776],[103.84805,1.47005],[103.87652,1.44042],[103.89918,1.42822],[103.94451,1.4288],[104.00378,1.42299],[104.02877,1.44158],[104.02064,1.55138],[103.97473,1.61179],[103.97357,1.63561],[103.90441,1.67336],[103.88407,1.62573],[103.86606,1.60075],[103.84456,1.6025],[103.81725,1.62515],[103.77715,1.642],[103.76378,1.66813],[103.73822,1.67104],[103.72339,1.65859],[103.73619,1.63976],[103.71953,1.60573],[103.68811,1.60882],[103.65098,1.58503],[103.60908,1.58503],[103.59385,1.55696],[103.55307,1.55142],[103.54959,1.54083]]]},"properties":{"shapeName":"Johor Bahru","shapeISO":"","shapeID":"92858781B42177808662163","shapeGroup":"MYS","shapeType":"ADM2"}},
{"type":"Feature","geometry":{"type":"Polygon","coordinates":[[[103.63824,1.79232],[103.67287,1.72636],[103.72339,1.65859],[103.73822,1.67104],[103.76378,1.66813],[103.77715,1.642],[103.81725,1.62515],[103.84456,1.6025],[103.86606,1.60075],[103.88407,1.62573],[103.90441,1.67336],[103.97357,1.63561],[103.97473,1.61179],[104.02064,1.55138],[104.02877,1.44158],[104.07817,1.43752],[104.09618,1.42358],[104.11361,1.39337],[104.09095,1.3742],[104.12698,1.35735],[104.13395,1.34341],[104.2031,1.33992],[104.24436,1.37071],[104.26296,1.35909],[104.28388,1.37013],[104.27458,1.41719],[104.29318,1.44914],[104.27458,1.48167],[104.28272,1.5171],[104.2554,1.55428],[104.2525,1.59262],[104.26005,1.61121],[104.24378,1.62864],[104.25134,1.65361],[104.22519,1.68614],[104.2002,1.73668],[104.18277,1.7936],[104.16417,1.81741],[104.15603,1.84529],[104.12407,1.85284],[104.10432,1.8813],[104.10955,1.92196],[104.12756,1.93357],[104.11594,1.96726],[104.07468,2.02707],[104.05783,2.04254],[103.5649,2.04435],[103.56131,2.04405],[103.56838,1.93904],[103.55172,1.93833],[103.55077,1.90383],[103.59266,1.85269],[103.61927,1.83024],[103.63824,1.79232]]]},"properties":{"shapeName":"Kota Tinggi","shapeISO":"","shapeID":"92858781B34033962801246","shapeGroup":"MYS","shapeType":"ADM2"}},
{"type":"Feature","geometry":{"type":"Polygon","coordinates":[[[101.79116,2.87016],[101.77232,2.884],[101.75584,2.91809],[101.74227,2.98203],[101.72656,3.00224],[101.72822,2.98988],[101.66372,2.97776],[101.65444,2.98156],[101.57851,2.97894],[101.59279,2.9459],[101.64517,2.84432],[101.68236,2.81386],[101.63215,2.75517],[101.63141,2.72731],[101.59608,2.72842],[101.59459,2.64446],[101.6805,2.61474],[101.70877,2.59951],[101.73182,2.62292],[101.72513,2.63592],[101.74744,2.65487],[101.74075,2.67344],[101.76083,2.70353],[101.76452,2.72508],[101.75082,2.87123],[101.79116,2.87016]]]},"properties":{"shapeName":"Sepang","shapeISO":"","shapeID":"92858781B54424141725992","shapeGroup":"MYS","shapeType":"ADM2"}},
{"type":"Feature","geometry":{"type":"MultiPolygon","coordinates":[[[[101.25652,2.91118],[101.25913,2.94758],[101.23123,2.95055],[101.23384,2.90413],[101.25652,2.91118]]],[[[101.35545,2.99364],[101.32421,2.97692],[101.30338,2.9513],[101.27363,2.89484],[101.28553,2.88444],[101.35805,2.94424],[101.37591,2.98101],[101.35545,2.99364]]],[[[101.26954,3.01704],[101.22268,3.00478],[101.21487,2.95501],[101.26954,3.01704]]],[[[101.21822,3.00664],[101.25801,3.02075],[101.27921,3.0408],[101.2647,3.06012],[101.23421,3.04675],[101.21822,3.00664]]],[[[101.27735,2.9227],[101.30599,2.98212],[101.33425,2.99661],[101.33797,3.05975],[101.30599,3.06309],[101.2647,2.97841],[101.2647,2.91861],[101.27735,2.9227]]],[[[101.30645,3.16552],[101.31454,3.12176],[101.35508,3.07906],[101.3614,3.05677],[101.35657,3.01369],[101.36512,3.00032],[101.3919,2.99809],[101.39153,2.98064],[101.36847,2.95798],[101.35843,2.92455],[101.38483,2.91453],[101.39233,2.94394],[101.40863,2.97098],[101.42574,2.97655],[101.45252,2.95241],[101.5243,2.94981],[101.57319,2.97757],[101.55703,2.98175],[101.5473,3.01615],[101.52995,3.03908],[101.49092,3.04574],[101.47521,3.08519],[101.44474,3.09304],[101.44173,3.11137],[101.46033,3.15147],[101.47335,3.16076],[101.42647,3.1926],[101.36921,3.18601],[101.34334,3.16362],[101.30645,3.16552]]]]},"properties":{"shapeName":"Klang","shapeISO":"","shapeID":"92858781B44508451464311","shapeGroup":"MYS","shapeType":"ADM2"}},
{"type":"Feature","geometry":{"type":"Polygon","coordinates":[[[101.57851,2.97894],[101.57319,2.97757],[101.5243,2.94981],[101.45252,2.95241],[101.42574,2.97655],[101.40863,2.97098],[101.39233,2.94394],[101.3869,2.91476],[101.3381,2.89384],[101.32049,2.91096],[101.2855,2.87673],[101.2924,2.83774],[101.32073,2.8318],[101.3581,2.81349],[101.40118,2.80517],[101.44998,2.73908],[101.46188,2.7096],[101.48292,2.68781],[101.53522,2.6646],[101.59459,2.64446],[101.59608,2.72842],[101.63141,2.72731],[101.63215,2.75517],[101.68236,2.81386],[101.64517,2.84432],[101.59279,2.9459],[101.57851,2.97894]]]},"properties":{"shapeName":"Kuala Langat","shapeISO":"","shapeID":"92858781B2422133740592","shapeGroup":"MYS","shapeType":"ADM2"}},
{"type":"Feature","geometry":{"type":"Polygon","coordinates":[[[101.42647,3.1926],[101.47335,3.16076],[101.46033,3.15147],[101.44173,3.11137],[101.44474,3.09304],[101.47521,3.08519],[101.49092,3.04574],[101.52995,3.03908],[101.5473,3.01615],[101.55703,2.98175],[101.57319,2.97757],[101.57851,2.97894],[101.65444,2.98156],[101.66372,2.97776],[101.72822,2.98988],[101.72656,3.00224],[101.7306,3.0367],[101.71442,3.05406],[101.67967,3.04193],[101.65801,3.04906],[101.64801,3.07236],[101.66277,3.08804],[101.65753,3.11276],[101.61493,3.15364],[101.61921,3.19808],[101.62968,3.20997],[101.60707,3.19951],[101.5478,3.219],[101.52019,3.21733],[101.4921,3.22779],[101.48711,3.19195],[101.42647,3.1926]]]},"properties":{"shapeName":"Petaling","shapeISO":"","shapeID":"92858781B60376413639078","shapeGroup":"MYS","shapeType":"ADM2"}},
{"type":"Feature","geometry":{"type":"Polygon","coordinates":[[[101.7306,3.0367],[101.74941,3.05477],[101.74322,3.08258],[101.75464,3.11205],[101.73584,3.13938],[101.74941,3.15832],[101.75464,3.1988],[101.72989,3.23325],[101.70204,3.21662],[101.67253,3.22779],[101.6642,3.24442],[101.63754,3.22898],[101.62968,3.20997],[101.61921,3.19808],[101.61493,3.15364],[101.65753,3.11276],[101.66277,3.08804],[101.64801,3.07236],[101.65801,3.04906],[101.67967,3.04193],[101.71442,3.05406],[101.7306,3.0367]]]},"properties":{"shapeName":"Kuala Lumpur","shapeISO":"","shapeID":"92858781B79427410842699","shapeGroup":"MYS","shapeType":"ADM2"}},
{"type":"Feature","geometry":{"type":"Polygon","coordinates":[[[101.4921,3.22779],[101.52019,3.21733],[101.5478,3.219],[101.60707,3.19951],[101.62968,3.20997],[101.63754,3.22898],[101.6642,3.24442],[101.67253,3.22779],[101.70204,3.21662],[101.72989,3.23325],[101.75464,3.1988],[101.74941,3.15832],[101.81141,3.15481],[101.8036,3.18415],[101.83078,3.25729],[101.85436,3.27743],[101.81067,3.30991],[101.78336,3.35516],[101.75736,3.37401],[101.71827,3.38823],[101.68166,3.33428],[101.65261,3.33544],[101.63924,3.32441],[101.59217,3.32963],[101.58927,3.33776],[101.53697,3.35052],[101.49919,3.35342],[101.49396,3.36734],[101.4596,3.40102],[101.44397,3.39802],[101.44545,3.33787],[101.43169,3.30446],[101.46219,3.30037],[101.46256,3.27772],[101.49269,3.27512],[101.4921,3.22779]]]},"properties":{"shapeName":"Gombak","shapeISO":"","shapeID":"92858781B84445266980229","shapeGroup":"MYS","shapeType":"ADM2"}},
{"type":"Feature","geometry":{"type":"Polygon","coordinates":[[[101.85436,3.27743],[101.83078,3.25729],[101.8036,3.18415],[101.81141,3.15481],[101.74941,3.15832],[101.73584,3.13938],[101.75464,3.11205],[101.74322,3.08258],[101.74941,3.05477],[101.7306,3.0367],[101.72656,3.00224],[101.74227,2.98203],[101.75584,2.91809],[101.77232,2.884],[101.79116,2.87016],[101.88157,2.86775],[101.92399,2.96757],[101.93117,2.99587],[101.9546,3.02558],[101.96613,3.0564],[101.95051,3.1058],[101.96724,3.13996],[101.95646,3.1459],[101.94233,3.18415],[101.94567,3.22463],[101.92745,3.26027],[101.91469,3.2606],[101.85436,3.27743]]]},"properties":{"shapeName":"Ulu Langat","shapeISO":"","shapeID":"92858781B61799260862057","shapeGroup":"MYS","shapeType":"ADM2"}},
{"type":"Feature","geometry":{"type":"Polygon","coordinates":[[[110.13392,1.69602],[109.99736,1.69602],[109.98632,1.68266],[109.95785,1.69834],[109.92763,1.70066],[109.87301,1.73261],[109.88114,1.75642],[109.83523,1.78837],[109.77247,1.81799],[109.71727,1.8389],[109.68356,1.86155],[109.67775,1.88595],[109.65509,1.90395],[109.64812,1.95274],[109.65683,1.99571],[109.65451,2.03695],[109.64463,2.0445],[109.62545,2.00384],[109.58361,1.96261],[109.57431,1.93009],[109.53829,1.91847],[109.55979,1.854],[109.58536,1.84239],[109.60628,1.80754],[109.63766,1.80405],[109.68008,1.78082],[109.66555,1.74771],[109.66613,1.70531],[109.6516,1.65245],[109.66381,1.62108],[109.79746,1.49387],[109.80966,1.4654],[109.82826,1.48167],[109.82884,1.4288],[109.89974,1.41544],[109.93054,1.42822],[109.94855,1.44739],[109.99097,1.46831],[110.02816,1.52698],[110.06245,1.52175],[110.10603,1.52407],[110.13392,1.54557],[110.13871,1.57234],[110.14729,1.59262],[110.18274,1.60133],[110.18274,1.62457],[110.14032,1.66639],[110.13392,1.69602]]]},"properties":{"shapeName":"Lundu","shapeISO":"","shapeID":"92858781B46549610571988","shapeGroup":"MYS","shapeType":"ADM2"}},
{"type":"Feature","geometry":{"type":"Polygon","coordinates":[[[109.93054,1.42822],[109.96482,1.3864],[109.96017,1.36025],[109.98109,1.29519],[110.01189,1.29228],[110.05199,1.2644],[110.06245,1.23186],[110.10254,1.19293],[110.15419,1.20046],[110.17867,1.24464],[110.2025,1.27195],[110.22806,1.32888],[110.28211,1.42648],[110.28327,1.45146],[110.26758,1.47237],[110.21819,1.49154],[110.20714,1.50374],[110.20308,1.56358],[110.18913,1.5688],[110.15659,1.55254],[110.13871,1.57234],[110.13392,1.54557],[110.10603,1.52407],[110.06245,1.52175],[110.02816,1.52698],[109.99097,1.46831],[109.94855,1.44739],[109.93054,1.42822]]]},"properties":{"shapeName":"Bau","shapeISO":"","shapeID":"92858781B57032807608954","shapeGroup":"MYS","shapeType":"ADM2"}},
{"type":"Feature","geometry":{"type":"Polygon","coordinates":[[[110.13871,1.57234],[110.15659,1.55254],[110.18913,1.5688],[110.20308,1.56358],[110.20714,1.50374],[110.21819,1.49154],[110.26758,1.47237],[110.28327,1.45146],[110.28211,1.42648],[110.22806,1.32888],[110.2025,1.27195],[110.17867,1.24464],[110.15419,1.20046],[110.18622,1.18248],[110.20714,1.1511],[110.21063,1.11857],[110.23911,1.11392],[110.24724,1.08138],[110.2757,1.05634],[110.29547,1.10462],[110.29722,1.1941],[110.322,1.22556],[110.3315,1.24232],[110.34312,1.31145],[110.36579,1.35096],[110.37567,1.39046],[110.40995,1.41602],[110.3809,1.41486],[110.33034,1.42822],[110.31697,1.44333],[110.3286,1.4625],[110.37741,1.48225],[110.40472,1.51362],[110.46167,1.51129],[110.48085,1.52291],[110.46806,1.5508],[110.4855,1.59262],[110.5192,1.59552],[110.50874,1.62864],[110.47794,1.63038],[110.4791,1.65594],[110.50061,1.70705],[110.52501,1.72738],[110.50642,1.74306],[110.49131,1.7239],[110.4669,1.73609],[110.44191,1.72622],[110.43087,1.69079],[110.41693,1.68382],[110.37683,1.69079],[110.35649,1.71286],[110.35707,1.75584],[110.3286,1.80231],[110.31639,1.757],[110.31,1.70241],[110.26758,1.7117],[110.2054,1.70182],[110.19029,1.70647],[110.13392,1.69602],[110.14032,1.66639],[110.18274,1.62457],[110.18274,1.60133],[110.14729,1.59262],[110.13871,1.57234]]]},"properties":{"shapeName":"Kuching","shapeISO":"","shapeID":"92858781B71965080514918","shapeGroup":"MYS","shapeType":"ADM2"}},
{"type":"Feature","geometry":{"type":"Polygon","coordinates":[[[110.40995,1.41602],[110.43203,1.39221],[110.47504,1.36781],[110.51804,1.3771],[110.54361,1.3742],[110.593,1.42241],[110.64775,1.4577],[110.64821,1.49503],[110.66041,1.51536],[110.54419,1.51478],[110.48085,1.52291],[110.46167,1.51129],[110.40472,1.51362],[110.37741,1.48225],[110.3286,1.4625],[110.31697,1.44333],[110.33034,1.42822],[110.3809,1.41486],[110.40995,1.41602]]]},"properties":{"shapeName":"Samarahan","shapeISO":"","shapeID":"92858781B97238976532983","shapeGroup":"MYS","shapeType":"ADM2"}},
{"type":"Feature","geometry":{"type":"Polygon","coordinates":[[[110.48085,1.52291],[110.54419,1.51478],[110.66041,1.51536],[110.64821,1.49503],[110.64775,1.4577],[110.68484,1.45364],[110.73319,1.47707],[110.74212,1.48934],[110.73914,1.52726],[110.72947,1.5451],[110.64616,1.57856],[110.64319,1.58823],[110.59521,1.60013],[110.5636,1.59604],[110.54166,1.5834],[110.5192,1.59552],[110.4855,1.59262],[110.46806,1.5508],[110.48085,1.52291]]]},"properties":{"shapeName":"Asajaya","shapeISO":"","shapeID":"92858781B82892950401115","shapeGroup":"MYS","shapeType":"ADM2"}},
{"type":"Feature","geometry":{"type":"Polygon","coordinates":[[[110.2757,1.05634],[110.27397,1.00062],[110.33499,0.9983],[110.34719,0.98842],[110.39484,0.99307],[110.40763,0.95356],[110.44075,0.94136],[110.43145,0.92625],[110.47794,0.87919],[110.52734,0.8728],[110.56743,0.85536],[110.62671,0.88093],[110.63113,0.90802],[110.63368,0.98145],[110.58726,0.98239],[110.53188,0.99873],[110.50827,1.05774],[110.46105,1.10858],[110.322,1.22556],[110.29722,1.1941],[110.29547,1.10462],[110.2757,1.05634]]]},"properties":{"shapeName":"Tebedu","shapeISO":"","shapeID":"92858781B78299501514110","shapeGroup":"MYS","shapeType":"ADM2"}},
{"type":"Feature","geometry":{"type":"Polygon","coordinates":[[[110.322,1.22556],[110.46105,1.10858],[110.50827,1.05774],[110.53188,0.99873],[110.58726,0.98239],[110.63368,0.98145],[110.63113,0.90802],[110.64705,0.90475],[110.65402,0.88035],[110.68249,0.88035],[110.71387,0.90359],[110.75629,0.90766],[110.7714,0.93264],[110.78884,0.90533],[110.80976,0.91289],[110.8022,0.93787],[110.81789,0.95124],[110.84811,0.95065],[110.88123,0.97854],[110.85973,1.01805],[110.87194,1.03955],[110.85915,1.07034],[110.83823,1.093],[110.83474,1.11682],[110.80569,1.12496],[110.75216,1.17702],[110.64244,1.26886],[110.6086,1.30864],[110.54361,1.3742],[110.51804,1.3771],[110.47504,1.36781],[110.43203,1.39221],[110.40995,1.41602],[110.37567,1.39046],[110.36579,1.35096],[110.34312,1.31145],[110.3315,1.24232],[110.322,1.22556]]]},"properties":{"shapeName":"Serian","shapeISO":"","shapeID":"92858781B75054597710860","shapeGroup":"MYS","shapeType":"ADM2"}},
{"type":"Feature","geometry":{"type":"Polygon","coordinates":[[[110.54361,1.3742],[110.6086,1.30864],[110.64244,1.26886],[110.75216,1.17702],[110.80569,1.12496],[110.83474,1.11682],[110.83823,1.093],[110.85915,1.07034],[110.87194,1.03955],[110.85973,1.01805],[110.88123,0.97854],[110.89286,1.00876],[110.91087,1.02851],[110.93295,1.0227],[110.9807,1.02889],[110.99397,1.07732],[110.98293,1.13077],[110.95039,1.17783],[110.97654,1.20862],[111.01838,1.20514],[111.0422,1.23012],[111.07532,1.22082],[111.10089,1.25161],[111.10206,1.28008],[111.1253,1.32307],[111.11658,1.38988],[111.06022,1.40324],[111.02012,1.44449],[110.99804,1.48399],[110.95271,1.51536],[110.88937,1.53395],[110.82893,1.56938],[110.79523,1.57868],[110.73914,1.52726],[110.74212,1.48934],[110.73319,1.47707],[110.68484,1.45364],[110.64775,1.4577],[110.593,1.42241],[110.54361,1.3742]]]},"properties":{"shapeName":"Simunjan","shapeISO":"","shapeID":"92858781B68418840965582","shapeGroup":"MYS","shapeType":"ADM2"}},
{"type":"Feature","geometry":{"type":"Polygon","coordinates":[[[110.9807,1.02889],[111.04485,1.03832],[111.07498,1.05319],[111.1356,1.05245],[111.16684,1.06472],[111.20031,1.06546],[111.23267,1.08368],[111.25275,1.0677],[111.34833,1.03943],[111.40151,1.01229],[111.4361,1.01675],[111.46474,1.03609],[111.51086,1.01526],[111.53391,0.96209],[111.55846,0.95949],[111.55958,0.99035],[111.599,0.9989],[111.62838,1.02754],[111.66018,1.04566],[111.65962,1.07885],[111.62801,1.09819],[111.61164,1.13835],[111.50186,1.2092],[111.49895,1.24871],[111.48908,1.2644],[111.51096,1.28844],[111.50883,1.31262],[111.49314,1.34399],[111.48385,1.3864],[111.42806,1.41254],[111.38157,1.41602],[111.24605,1.46554],[111.23341,1.48711],[111.21816,1.45439],[111.19138,1.41795],[111.18581,1.3804],[111.17167,1.36032],[111.11658,1.38988],[111.1253,1.32307],[111.10206,1.28008],[111.10089,1.25161],[111.07532,1.22082],[111.0422,1.23012],[111.01838,1.20514],[110.97654,1.20862],[110.95039,1.17783],[110.98293,1.13077],[110.99397,1.07732],[110.9807,1.02889]]]},"properties":{"shapeName":"Sri Aman","shapeISO":"","shapeID":"92858781B67044495158935","shapeGroup":"MYS","shapeType":"ADM2"}},
{"type":"Feature","geometry":{"type":"Polygon","coordinates":[[[111.51096,1.28844],[111.54135,1.29042],[111.5778,1.30455],[111.63321,1.34843],[111.65553,1.38412],[111.67636,1.46814],[111.71094,1.47038],[111.75111,1.50421],[111.76452,1.54673],[111.79156,1.59537],[111.76045,1.63909],[111.74709,1.67162],[111.7006,1.64316],[111.66515,1.64316],[111.64318,1.6566],[111.63029,1.66233],[111.56171,1.66291],[111.52859,1.70066],[111.4914,1.68963],[111.45247,1.64838],[111.42341,1.63851],[111.40423,1.64316],[111.38128,1.68295],[111.32462,1.66581],[111.31184,1.63212],[111.35131,1.60087],[111.35763,1.58414],[111.34907,1.55068],[111.27469,1.57001],[111.21965,1.55551],[111.19287,1.53283],[111.23341,1.48711],[111.24605,1.46554],[111.38157,1.41602],[111.42806,1.41254],[111.48385,1.3864],[111.49314,1.34399],[111.50883,1.31262],[111.51096,1.28844]]]},"properties":{"shapeName":"Betong","shapeISO":"","shapeID":"92858781B57071016151850","shapeGroup":"MYS","shapeType":"ADM2"}},
{"type":"Feature","geometry":{"type":"Polygon","coordinates":[[[111.11658,1.38988],[111.17167,1.36032],[111.18581,1.3804],[111.19138,1.41795],[111.21816,1.45439],[111.23341,1.48711],[111.19287,1.53283],[111.21965,1.55551],[111.27469,1.57001],[111.34907,1.55068],[111.35763,1.58414],[111.35131,1.60087],[111.31184,1.63212],[111.32462,1.66581],[111.38128,1.68295],[111.20742,1.69042],[111.17564,1.71765],[111.14675,1.69492],[111.08465,1.70273],[111.05155,1.71017],[111.03593,1.657],[111.01175,1.63879],[110.99767,1.58877],[110.99313,1.52977],[110.95271,1.51536],[110.99804,1.48399],[111.02012,1.44449],[111.06022,1.40324],[111.11658,1.38988]]]},"properties":{"shapeName":"Pusa","shapeISO":"","shapeID":"92858781B40387139442699","shapeGroup":"MYS","shapeType":"ADM2"}},
{"type":"Feature","geometry":{"type":"Polygon","coordinates":[[[111.64318,1.6566],[111.6414,1.73916],[111.62317,1.77745],[111.56181,1.80087],[111.52945,1.82429],[111.51495,1.88599],[111.49369,1.90353],[111.4718,1.90309],[111.44986,1.92093],[111.42643,1.92019],[111.38217,1.88005],[111.31932,1.84733],[111.26428,1.8083],[111.21965,1.78265],[111.17948,1.74845],[111.17564,1.71765],[111.20742,1.69042],[111.38128,1.68295],[111.40423,1.64316],[111.42341,1.63851],[111.45247,1.64838],[111.4914,1.68963],[111.52859,1.70066],[111.56171,1.66291],[111.63029,1.66233],[111.64318,1.6566]]]},"properties":{"shapeName":"Saratok","shapeISO":"","shapeID":"92858781B50992839087050","shapeGroup":"MYS","shapeType":"ADM2"}},
{"type":"Feature","geometry":{"type":"Polygon","coordinates":[[[111.17564,1.71765],[111.17948,1.74845],[111.21965,1.78265],[111.26428,1.8083],[111.31932,1.84733],[111.38217,1.88005],[111.42643,1.92019],[111.43096,1.97829],[111.399,1.98758],[111.3467,2.01139],[111.29498,2.01604],[111.29092,2.04682],[111.26942,2.05437],[111.26244,2.02824],[111.20464,2.07701],[111.17539,2.00308],[111.16795,1.95067],[111.10612,1.83948],[111.10031,1.77908],[111.06719,1.73958],[111.05156,1.71016],[111.08465,1.70273],[111.14675,1.69492],[111.17564,1.71765]]]},"properties":{"shapeName":"Kabong","shapeISO":"","shapeID":"92858781B82406813204277","shapeGroup":"MYS","shapeType":"ADM2"}},
{"type":"Feature","geometry":{"type":"Polygon","coordinates":[[[111.49369,1.90353],[111.54507,1.93357],[111.57445,1.96516],[111.62303,2.00663],[111.62429,2.03839],[111.60867,2.05771],[111.60214,2.11007],[111.59166,2.12387],[111.58191,2.1957],[111.54525,2.18619],[111.51693,2.20165],[111.46599,2.25492],[111.45409,2.22186],[111.42291,2.20403],[111.41005,2.18238],[111.37268,2.16193],[111.35459,2.15717],[111.33903,2.11309],[111.30742,2.11755],[111.2587,2.13725],[111.24159,2.12796],[111.20464,2.07701],[111.26244,2.02824],[111.26942,2.05437],[111.29092,2.04682],[111.29498,2.01604],[111.3467,2.01139],[111.399,1.98758],[111.43096,1.97829],[111.42643,1.92019],[111.44986,1.92093],[111.4718,1.90309],[111.49369,1.90353]]]},"properties":{"shapeName":"Sarikei","shapeISO":"","shapeID":"92858781B34394756888936","shapeGroup":"MYS","shapeType":"ADM2"}},
{"type":"Feature","geometry":{"type":"Polygon","coordinates":[[[111.79156,1.59537],[111.88864,1.58115],[111.89527,1.58739],[111.89469,1.63909],[111.8761,1.64316],[111.8883,1.67336],[111.88835,1.69715],[111.81843,1.73433],[111.76747,1.81091],[111.78161,1.83693],[111.78309,1.86332],[111.76859,1.88859],[111.76561,1.93171],[111.74665,1.95736],[111.74003,1.99951],[111.69421,1.99639],[111.69235,1.98078],[111.64177,1.9804],[111.62303,2.00663],[111.57445,1.96516],[111.54507,1.93357],[111.49369,1.90353],[111.51495,1.88599],[111.52945,1.82429],[111.56181,1.80087],[111.62317,1.77745],[111.6414,1.73916],[111.64318,1.6566],[111.66515,1.64316],[111.7006,1.64316],[111.74709,1.67162],[111.76045,1.63909],[111.79156,1.59537]]]},"properties":{"shapeName":"Pakan","shapeISO":"","shapeID":"92858781B78593379458192","shapeGroup":"MYS","shapeType":"ADM2"}},
{"type":"Feature","geometry":{"type":"Polygon","coordinates":[[[111.66018,1.04566],[111.73953,1.0134],[111.75871,1.02444],[111.7715,1.00876],[111.82728,1.00411],[111.87087,1.00876],[111.87726,1.04594],[111.89585,1.07151],[111.92723,1.09242],[111.94641,1.12263],[112.00801,1.13484],[112.0359,1.13193],[112.07832,1.14123],[112.14108,1.14587],[112.13992,1.18015],[112.16316,1.22082],[112.15735,1.24522],[112.16781,1.26323],[112.17246,1.30622],[112.20733,1.34166],[112.22128,1.38756],[112.19513,1.4108],[112.20675,1.4532],[112.14573,1.47354],[112.09227,1.46308],[112.0481,1.47121],[112.04346,1.49561],[112.01847,1.52407],[112.02137,1.57868],[111.95861,1.56938],[111.88864,1.58115],[111.79156,1.59537],[111.76452,1.54673],[111.75111,1.50421],[111.71094,1.47038],[111.67636,1.46814],[111.65553,1.38412],[111.63321,1.34843],[111.5778,1.30455],[111.54135,1.29042],[111.51096,1.28844],[111.48908,1.2644],[111.49895,1.24871],[111.50186,1.2092],[111.61164,1.13835],[111.62801,1.09819],[111.65962,1.07885],[111.66018,1.04566]]]},"properties":{"shapeName":"Lubok Antu","shapeISO":"","shapeID":"92858781B44551979255249","shapeGroup":"MYS","shapeType":"ADM2"}},
{"type":"Feature","geometry":{"type":"Polygon","coordinates":[[[111.88864,1.58115],[111.95861,1.56938],[112.02137,1.57868],[112.06961,1.60889],[112.07193,1.63154],[112.10331,1.6298],[112.15154,1.642],[112.16839,1.65303],[112.18072,1.70325],[112.19454,1.73551],[112.18873,1.7512],[112.162,1.76688],[112.10963,1.77559],[112.03451,1.83767],[112.05756,1.87596],[112.04604,1.90569],[112.00847,1.93877],[111.97128,1.94955],[111.96719,1.99044],[111.98355,2.03913],[111.97649,2.07816],[111.9512,2.09042],[111.86157,2.08262],[111.82847,2.05771],[111.79083,2.0537],[111.74003,1.99951],[111.74665,1.95736],[111.76561,1.93171],[111.76859,1.88859],[111.78309,1.86332],[111.78161,1.83693],[111.76747,1.81091],[111.81843,1.73433],[111.88835,1.69715],[111.8883,1.67336],[111.8761,1.64316],[111.89469,1.63909],[111.89527,1.58739],[111.88864,1.58115]]]},"properties":{"shapeName":"Julau","shapeISO":"","shapeID":"92858781B53713616698711","shapeGroup":"MYS","shapeType":"ADM2"}},
{"type":"Feature","geometry":{"type":"Polygon","coordinates":[[[111.62303,2.00663],[111.64177,1.9804],[111.69235,1.98078],[111.69421,1.99639],[111.74003,1.99951],[111.79083,2.0537],[111.77975,2.09525],[111.78719,2.15806],[111.76152,2.16995],[111.74888,2.19857],[111.72656,2.21009],[111.70797,2.23276],[111.68677,2.29111],[111.6678,2.29334],[111.63991,2.26769],[111.61797,2.26361],[111.60272,2.28925],[111.58821,2.29296],[111.57966,2.32827],[111.55883,2.32455],[111.54544,2.36208],[111.52238,2.34722],[111.49151,2.34003],[111.45842,2.27624],[111.46599,2.25492],[111.51693,2.20165],[111.54525,2.18619],[111.58191,2.1957],[111.59166,2.12387],[111.60214,2.11007],[111.60867,2.05771],[111.62429,2.03839],[111.62303,2.00663]]]},"properties":{"shapeName":"Maradong","shapeISO":"","shapeID":"92858781B62656857098547","shapeGroup":"MYS","shapeType":"ADM2"}},
{"type":"Feature","geometry":{"type":"Polygon","coordinates":[[[112.18072,1.70325],[112.22046,1.70385],[112.23943,1.68117],[112.25505,1.7031],[112.29708,1.72912],[112.31307,1.75403],[112.35918,1.75403],[112.40865,1.76741],[112.44993,1.80013],[112.45105,1.81908],[112.42948,1.82912],[112.41869,1.84808],[112.38113,1.86778],[112.38373,1.88005],[112.42092,1.87558],[112.43989,1.89789],[112.45886,1.90198],[112.48973,1.97334],[112.47708,1.99899],[112.44658,2.00196],[112.40939,2.02315],[112.39266,2.06924],[112.41088,2.06961],[112.42092,2.13613],[112.4172,2.16364],[112.36514,2.16995],[112.34319,2.17887],[112.30451,2.17999],[112.26546,2.19077],[112.21042,2.19002],[112.16468,2.19746],[112.12636,2.21092],[112.10666,2.17293],[112.0769,2.15955],[112.0589,2.09223],[112.03986,2.07772],[112.00083,2.08534],[111.97649,2.07816],[111.98355,2.03913],[111.96719,1.99044],[111.97128,1.94955],[112.00847,1.93877],[112.04604,1.90569],[112.05756,1.87596],[112.03451,1.83767],[112.10963,1.77559],[112.162,1.76688],[112.18873,1.7512],[112.19454,1.73551],[112.18072,1.70325]]]},"properties":{"shapeName":"Kanowit","shapeISO":"","shapeID":"92858781B72543714708514","shapeGroup":"MYS","shapeType":"ADM2"}},
{"type":"Feature","geometry":{"type":"Polygon","coordinates":[[[111.97649,2.07816],[112.00083,2.08534],[112.03986,2.07772],[112.0589,2.09223],[112.0769,2.15955],[112.10666,2.17293],[112.12636,2.21092],[112.11493,2.22916],[112.15503,2.28432],[112.14922,2.31568],[112.10505,2.35516],[112.10854,2.38709],[112.08123,2.39871],[112.05392,2.42541],[112.01556,2.44806],[111.99348,2.50031],[111.99392,2.53293],[111.99202,2.53349],[111.96726,2.54078],[111.84206,2.52794],[111.69425,2.45279],[111.60807,2.4438],[111.5969,2.439],[111.60166,2.39334],[111.61023,2.37122],[111.60011,2.32604],[111.57966,2.32827],[111.58821,2.29296],[111.60272,2.28925],[111.61797,2.26361],[111.63991,2.26769],[111.6678,2.29334],[111.68677,2.29111],[111.70797,2.23276],[111.72656,2.21009],[111.74888,2.19857],[111.76152,2.16995],[111.78719,2.15806],[111.77975,2.09525],[111.79083,2.0537],[111.82847,2.05771],[111.86157,2.08262],[111.9512,2.09042],[111.97649,2.07816]]]},"properties":{"shapeName":"Sibu","shapeISO":"","shapeID":"92858781B78222049981806","shapeGroup":"MYS","shapeType":"ADM2"}},
{"type":"Feature","geometry":{"type":"Polygon","coordinates":[[[112.20675,1.4532],[112.25672,1.46308],[112.31309,1.50316],[112.33982,1.50142],[112.38922,1.51827],[112.42757,1.52524],[112.44268,1.55254],[112.48684,1.57926],[112.53914,1.57113],[112.63561,1.56648],[112.65537,1.57287],[112.69023,1.55544],[112.73033,1.56764],[112.75009,1.55777],[112.78321,1.56009],[112.80297,1.54034],[112.84248,1.53976],[112.87212,1.57694],[112.89885,1.59378],[112.90176,1.61527],[112.92733,1.62515],[112.92326,1.68033],[112.87561,1.71228],[112.90815,1.71518],[112.93602,1.7321],[112.93967,1.76808],[112.89769,1.79999],[112.86398,1.8418],[112.84676,1.87707],[112.77982,1.98078],[112.76829,1.98672],[112.65671,1.98449],[112.65076,2.18965],[112.62733,2.19337],[112.59646,2.2008],[112.54998,2.18408],[112.48787,2.18631],[112.4172,2.16364],[112.42092,2.13613],[112.41088,2.06961],[112.39266,2.06924],[112.40939,2.02315],[112.44658,2.00196],[112.47708,1.99899],[112.48973,1.97334],[112.45886,1.90198],[112.43989,1.89789],[112.42092,1.87558],[112.38373,1.88005],[112.38113,1.86778],[112.41869,1.84808],[112.42948,1.82912],[112.45105,1.81908],[112.44993,1.80013],[112.40865,1.76741],[112.35918,1.75403],[112.31307,1.75403],[112.29708,1.72912],[112.25505,1.7031],[112.23943,1.68117],[112.22046,1.70385],[112.18072,1.70325],[112.16839,1.65303],[112.15154,1.642],[112.10331,1.6298],[112.07193,1.63154],[112.06961,1.60889],[112.02137,1.57868],[112.01847,1.52407],[112.04346,1.49561],[112.0481,1.47121],[112.09227,1.46308],[112.14573,1.47354],[112.20675,1.4532]]]},"properties":{"shapeName":"Song","shapeISO":"","shapeID":"92858781B41369964486545","shapeGroup":"MYS","shapeType":"ADM2"}},
{"type":"Feature","geometry":{"type":"Polygon","coordinates":[[[112.4172,2.16364],[112.48787,2.18631],[112.54998,2.18408],[112.59646,2.2008],[112.62733,2.19337],[112.64109,2.21269],[112.68684,2.21641],[112.70953,2.23834],[112.70357,2.25283],[112.77982,2.23462],[112.79953,2.25729],[112.80213,2.29482],[112.79097,2.30151],[112.68275,2.30448],[112.67605,2.3082],[112.65262,2.37249],[112.65969,2.39367],[112.68312,2.40519],[112.70097,2.44903],[112.71845,2.46612],[112.71771,2.50477],[112.75229,2.54415],[112.72775,2.58242],[112.73519,2.60211],[112.72068,2.62329],[112.74151,2.67196],[112.77312,2.63666],[112.80734,2.6296],[112.84527,2.64781],[112.85643,2.66601],[112.80883,2.69499],[112.7474,2.70933],[112.72318,2.725],[112.71754,2.75133],[112.75913,2.76289],[112.79021,2.79576],[112.74603,2.80428],[112.74847,2.83425],[112.69972,2.84992],[112.59278,2.84384],[112.56536,2.82634],[112.58334,2.80717],[112.58166,2.77719],[112.54266,2.75026],[112.49788,2.72729],[112.34331,2.6019],[112.26253,2.57694],[112.21314,2.57578],[112.21779,2.54443],[112.2114,2.5154],[112.08297,2.52411],[111.99392,2.53293],[111.99348,2.50031],[112.01556,2.44806],[112.05392,2.42541],[112.08123,2.39871],[112.10854,2.38709],[112.10505,2.35516],[112.14922,2.31568],[112.15503,2.28432],[112.11493,2.22916],[112.12636,2.21092],[112.16468,2.19746],[112.21042,2.19002],[112.26546,2.19077],[112.30451,2.17999],[112.34319,2.17887],[112.36514,2.16995],[112.4172,2.16364]]]},"properties":{"shapeName":"Selangau","shapeISO":"","shapeID":"92858781B23703975490584","shapeGroup":"MYS","shapeType":"ADM2"}},
{"type":"Feature","geometry":{"type":"Polygon","coordinates":[[[111.99392,2.53293],[112.08297,2.52411],[112.2114,2.5154],[112.21779,2.54443],[112.21314,2.57578],[112.17653,2.58855],[112.1591,2.65473],[112.14457,2.67795],[112.07367,2.72206],[112.033,2.75863],[111.98593,2.89038],[111.89062,2.87645],[111.8668,2.87936],[111.77789,2.86078],[111.80752,2.81435],[111.84297,2.78185],[111.84762,2.7476],[111.83949,2.7151],[111.8575,2.6733],[111.92607,2.65357],[111.94525,2.60713],[111.94699,2.57868],[111.99202,2.53349],[111.99392,2.53293]]]},"properties":{"shapeName":"Dalat","shapeISO":"","shapeID":"92858781B41279548929635","shapeGroup":"MYS","shapeType":"ADM2"}},
{"type":"Feature","geometry":{"type":"Polygon","coordinates":[[[112.93967,1.76808],[112.97656,1.77857],[112.99999,1.79752],[113.03867,1.80607],[113.09371,1.86183],[113.12532,1.86592],[113.24917,1.86666],[113.26855,1.90007],[113.24222,1.92185],[113.195,1.93274],[113.17684,1.96994],[113.14324,1.99354],[113.12418,2.02711],[113.14094,2.08782],[113.15693,2.12127],[113.13648,2.14171],[113.13834,2.16289],[113.16437,2.16252],[113.17925,2.14951],[113.21495,2.14468],[113.28301,2.15323],[113.29714,2.17479],[113.29157,2.21158],[113.29752,2.22496],[113.40277,2.2283],[113.44293,2.25617],[113.54149,2.30783],[113.63372,2.31675],[113.70865,2.31336],[113.71108,2.3487],[113.68616,2.37434],[113.68542,2.41931],[113.66385,2.44197],[113.67649,2.4639],[113.65715,2.48396],[113.63967,2.48359],[113.61029,2.45312],[113.57943,2.44272],[113.56009,2.42191],[113.53666,2.41596],[113.50504,2.44643],[113.46674,2.43677],[113.43996,2.40704],[113.405,2.38735],[113.37971,2.38921],[113.35256,2.40853],[113.33471,2.44346],[113.32727,2.47653],[113.35628,2.50031],[113.37748,2.53078],[113.42099,2.54378],[113.46655,2.54972],[113.47864,2.56384],[113.4645,2.58391],[113.4262,2.57722],[113.40426,2.59245],[113.36967,2.56607],[113.33248,2.56607],[113.22276,2.53189],[113.10933,2.46687],[113.07883,2.47356],[113.04462,2.45386],[113.02342,2.42711],[113.03272,2.3658],[113.02565,2.34647],[112.99627,2.33012],[112.99478,2.30523],[112.97916,2.29036],[112.90218,2.26918],[112.90627,2.23611],[112.89288,2.19708],[112.87651,2.1733],[112.85494,2.18705],[112.83523,2.15472],[112.80622,2.15249],[112.71101,2.17256],[112.69539,2.18222],[112.65076,2.18965],[112.65671,1.98449],[112.76829,1.98672],[112.77982,1.98078],[112.84676,1.87707],[112.86398,1.8418],[112.89769,1.79999],[112.93967,1.76808]]]},"properties":{"shapeName":"Kapit","shapeISO":"","shapeID":"92858781B45914425263200","shapeGroup":"MYS","shapeType":"ADM2"}},
{"type":"Feature","geometry":{"type":"Polygon","coordinates":[[[112.65076,2.18965],[112.69539,2.18222],[112.71101,2.17256],[112.80622,2.15249],[112.83523,2.15472],[112.85494,2.18705],[112.87651,2.1733],[112.89288,2.19708],[112.90627,2.23611],[112.90218,2.26918],[112.97916,2.29036],[112.99478,2.30523],[112.99627,2.33012],[113.02565,2.34647],[113.03272,2.3658],[113.02342,2.42711],[113.04462,2.45386],[113.07883,2.47356],[113.10933,2.46687],[113.22276,2.53189],[113.33248,2.56607],[113.36967,2.56607],[113.40426,2.59245],[113.4262,2.57722],[113.4645,2.58391],[113.47864,2.56384],[113.46655,2.54972],[113.48577,2.54501],[113.50495,2.5781],[113.55086,2.60074],[113.59444,2.64834],[113.61071,2.64834],[113.63802,2.62802],[113.65662,2.69768],[113.68626,2.71452],[113.71008,2.79113],[113.70311,2.81261],[113.67925,2.80124],[113.65894,2.77662],[113.63338,2.79288],[113.59095,2.76095],[113.5433,2.74296],[113.5096,2.75457],[113.45484,2.74588],[113.44368,2.73697],[113.40165,2.73214],[113.37562,2.71839],[113.33582,2.71579],[113.32578,2.72471],[113.24396,2.74514],[113.25028,2.77412],[113.28376,2.78823],[113.28301,2.82538],[113.29082,2.84321],[113.23838,2.87292],[113.21979,2.91787],[113.20677,2.92641],[113.14615,2.9279],[113.119,2.9331],[113.10189,2.94721],[113.05503,2.93384],[113.02862,2.96058],[112.99882,2.9666],[112.96652,2.92864],[112.94606,2.91601],[112.92709,2.92455],[112.94123,2.96467],[112.92523,2.99884],[112.92697,3.03599],[112.89603,3.04811],[112.87794,3.09921],[112.80011,3.08495],[112.78511,3.08757],[112.72703,3.0695],[112.73322,2.99344],[112.72846,2.94258],[112.71704,2.89432],[112.70371,2.87768],[112.69972,2.84992],[112.74847,2.83425],[112.74603,2.80428],[112.79021,2.79576],[112.75913,2.76289],[112.71754,2.75133],[112.72318,2.725],[112.7474,2.70933],[112.80883,2.69499],[112.85643,2.66601],[112.84527,2.64781],[112.80734,2.6296],[112.77312,2.63666],[112.74151,2.67196],[112.72068,2.62329],[112.73519,2.60211],[112.72775,2.58242],[112.75229,2.54415],[112.71771,2.50477],[112.71845,2.46612],[112.70097,2.44903],[112.68312,2.40519],[112.65969,2.39367],[112.65262,2.37249],[112.67605,2.3082],[112.68275,2.30448],[112.79097,2.30151],[112.80213,2.29482],[112.79953,2.25729],[112.77982,2.23462],[112.70357,2.25283],[112.70953,2.23834],[112.68684,2.21641],[112.64109,2.21269],[112.62733,2.19337],[112.65076,2.18965]]]},"properties":{"shapeName":"Tatau","shapeISO":"","shapeID":"92858781B61228252123101","shapeGroup":"MYS","shapeType":"ADM2"}},
{"type":"Feature","geometry":{"type":"Polygon","coordinates":[[[112.69972,2.84992],[112.70371,2.87768],[112.71704,2.89432],[112.72846,2.94258],[112.73322,2.99344],[112.72703,3.0695],[112.56616,3.02474],[111.98593,2.89036],[112.033,2.75863],[112.07367,2.72206],[112.14457,2.67795],[112.1591,2.65473],[112.17653,2.58855],[112.21314,2.57578],[112.26253,2.57694],[112.34331,2.6019],[112.49788,2.72729],[112.54266,2.75026],[112.58166,2.77719],[112.58334,2.80717],[112.56536,2.82634],[112.59278,2.84384],[112.69972,2.84992]]]},"properties":{"shapeName":"Mukah","shapeISO":"","shapeID":"92858781B93541557808123","shapeGroup":"MYS","shapeType":"ADM2"}},
{"type":"Feature","geometry":{"type":"Polygon","coordinates":[[[111.99202,2.53349],[111.94699,2.57868],[111.94525,2.60713],[111.92607,2.65357],[111.8575,2.6733],[111.83949,2.7151],[111.84762,2.7476],[111.84297,2.78185],[111.80752,2.81435],[111.77789,2.86078],[111.67594,2.84265],[111.64688,2.85171],[111.626,2.83902],[111.60693,2.80093],[111.5697,2.77735],[111.47981,2.74289],[111.478,2.72293],[111.4326,2.70207],[111.43096,2.67446],[111.45479,2.65995],[111.51116,2.60655],[111.53847,2.58681],[111.56985,2.5514],[111.57624,2.5154],[111.59135,2.49566],[111.58509,2.4523],[111.60807,2.4438],[111.69425,2.45279],[111.84206,2.52794],[111.96726,2.54078],[111.99202,2.53349]]]},"properties":{"shapeName":"Matu","shapeISO":"","shapeID":"92858781B59965147339315","shapeGroup":"MYS","shapeType":"ADM2"}},
{"type":"Feature","geometry":{"type":"Polygon","coordinates":[[[111.57966,2.32827],[111.60011,2.32604],[111.61023,2.37122],[111.60166,2.39334],[111.5969,2.439],[111.60807,2.4438],[111.58509,2.4523],[111.59135,2.49566],[111.57624,2.5154],[111.56985,2.5514],[111.53847,2.58681],[111.51116,2.60655],[111.45479,2.65995],[111.43096,2.67446],[111.4326,2.70207],[111.40264,2.76828],[111.36087,2.76556],[111.34452,2.79549],[111.32364,2.80002],[111.30457,2.77554],[111.28278,2.73019],[111.28097,2.63042],[111.30276,2.55604],[111.31002,2.50524],[111.29961,2.4619],[111.30285,2.40446],[111.32783,2.39095],[111.32887,2.37223],[111.34864,2.34519],[111.36738,2.33895],[111.39964,2.36911],[111.44543,2.37327],[111.49151,2.34003],[111.52238,2.34722],[111.54544,2.36208],[111.55883,2.32455],[111.57966,2.32827]]]},"properties":{"shapeName":"Daro","shapeISO":"","shapeID":"92858781B64296283519727","shapeGroup":"MYS","shapeType":"ADM2"}},
{"type":"Feature","geometry":{"type":"Polygon","coordinates":[[[112.99882,2.9666],[113.04645,2.99194],[113.09178,3.02792],[113.17953,3.07318],[113.19754,3.09814],[113.18534,3.13701],[113.21091,3.202],[113.22137,3.21012],[113.28645,3.21418],[113.31376,3.22288],[113.32829,3.24493],[113.35444,3.25247],[113.35909,3.28554],[113.39628,3.31165],[113.41488,3.33718],[113.448,3.36502],[113.46776,3.40563],[113.49914,3.43289],[113.53284,3.44913],[113.51425,3.46132],[113.50611,3.54774],[113.51948,3.57848],[113.51599,3.6069],[113.48054,3.67417],[113.42534,3.71128],[113.34166,3.58776],[113.29633,3.54542],[113.29924,3.51294],[113.27657,3.48336],[113.1945,3.41732],[113.17293,3.39208],[113.15768,3.34827],[113.10301,3.30446],[113.06358,3.28069],[113.07363,3.24765],[113.0461,3.19789],[113.01449,3.16447],[112.94123,3.12214],[112.87794,3.09921],[112.89603,3.04811],[112.92697,3.03599],[112.92523,2.99884],[112.94123,2.96467],[112.92709,2.92455],[112.94606,2.91601],[112.96652,2.92864],[112.99882,2.9666]]]},"properties":{"shapeName":"Bintulu","shapeISO":"","shapeID":"92858781B86013998002036","shapeGroup":"MYS","shapeType":"ADM2"}},
{"type":"Feature","geometry":{"type":"Polygon","coordinates":[[[113.67925,2.80124],[113.69614,2.84627],[113.74146,2.89909],[113.74088,2.9194],[113.77575,2.97453],[113.82979,3.04765],[113.85594,3.06854],[113.89139,3.11554],[113.90417,3.17241],[113.92567,3.18749],[113.91463,3.23507],[113.98785,3.30411],[114.00994,3.34356],[114.04873,3.3686],[114.06398,3.38997],[114.04073,3.41897],[113.99192,3.42593],[113.97972,3.45493],[114.00471,3.48104],[113.99948,3.517],[113.95481,3.56508],[113.93381,3.5286],[113.90534,3.5199],[113.89894,3.48568],[113.8664,3.45957],[113.85536,3.41665],[113.83851,3.38765],[113.8048,3.36212],[113.78214,3.32093],[113.75367,3.31571],[113.73333,3.34994],[113.72519,3.37836],[113.69672,3.3801],[113.66534,3.36444],[113.64965,3.37372],[113.67347,3.40389],[113.6357,3.44449],[113.602,3.46248],[113.56887,3.44971],[113.53284,3.44913],[113.49914,3.43289],[113.46776,3.40563],[113.448,3.36502],[113.41488,3.33718],[113.39628,3.31165],[113.35909,3.28554],[113.35444,3.25247],[113.32829,3.24493],[113.31376,3.22288],[113.28645,3.21418],[113.22137,3.21012],[113.21091,3.202],[113.18534,3.13701],[113.19754,3.09814],[113.17953,3.07318],[113.09178,3.02792],[113.04645,2.99194],[112.99882,2.9666],[113.02862,2.96058],[113.05503,2.93384],[113.10189,2.94721],[113.119,2.9331],[113.14615,2.9279],[113.20677,2.92641],[113.21979,2.91787],[113.23838,2.87292],[113.29082,2.84321],[113.28301,2.82538],[113.28376,2.78823],[113.25028,2.77412],[113.24396,2.74514],[113.32578,2.72471],[113.33582,2.71579],[113.37562,2.71839],[113.40165,2.73214],[113.44368,2.73697],[113.45484,2.74588],[113.5096,2.75457],[113.5433,2.74296],[113.59095,2.76095],[113.63338,2.79288],[113.65894,2.77662],[113.67925,2.80124]]]},"properties":{"shapeName":"Sebauh","shapeISO":"","shapeID":"92858781B11810319562085","shapeGroup":"MYS","shapeType":"ADM2"}},
{"type":"Feature","geometry":{"type":"Polygon","coordinates":[[[112.89885,1.59378],[112.92151,1.56706],[112.94243,1.57171],[112.97091,1.56358],[112.99822,1.58042],[113.01101,1.56822],[113.05459,1.55544],[113.06621,1.53918],[113.05052,1.52175],[113.03657,1.47702],[112.98253,1.45436],[112.96975,1.40847],[113.01565,1.40789],[113.03309,1.41951],[113.08074,1.42997],[113.11619,1.42648],[113.1313,1.39221],[113.18185,1.37826],[113.21614,1.39221],[113.24403,1.38349],[113.2574,1.39104],[113.29866,1.37768],[113.31783,1.37884],[113.35619,1.35444],[113.36316,1.33121],[113.38815,1.31959],[113.41953,1.28531],[113.45033,1.29112],[113.49042,1.31668],[113.51425,1.31552],[113.53691,1.32656],[113.57236,1.30855],[113.59735,1.26033],[113.62698,1.24058],[113.63454,1.22198],[113.66534,1.22841],[113.68894,1.25292],[113.71891,1.27108],[113.80607,1.30012],[113.82514,1.34914],[113.81788,1.36094],[113.8433,1.38364],[113.87871,1.40179],[113.92048,1.41178],[113.94318,1.43538],[113.98132,1.45262],[114.00946,1.44355],[114.08029,1.46533],[114.10389,1.45625],[114.13386,1.46715],[114.19124,1.42532],[114.20461,1.40963],[114.23483,1.44333],[114.2755,1.44507],[114.30863,1.46889],[114.36674,1.48748],[114.40044,1.51594],[114.46843,1.47412],[114.49458,1.47063],[114.52422,1.44217],[114.54804,1.43171],[114.57478,1.43984],[114.61197,1.51188],[114.60151,1.5415],[114.62708,1.58042],[114.66369,1.61527],[114.67774,1.65412],[114.70135,1.6759],[114.72042,1.74397],[114.71134,1.77664],[114.71588,1.79933],[114.69953,1.8193],[114.72405,1.86195],[114.74947,1.8674],[114.78125,1.85197],[114.79669,1.87829],[114.81939,1.89462],[114.8548,1.90007],[114.87296,1.93364],[114.85026,1.96359],[114.89293,2.02257],[114.87114,2.03437],[114.84753,2.01713],[114.81848,2.01622],[114.80758,2.03709],[114.81576,2.06431],[114.81576,2.10968],[114.79396,2.10878],[114.66685,2.06976],[114.56424,2.05705],[114.50341,2.03891],[114.45347,2.0135],[114.37538,2.00715],[114.28095,2.00805],[114.23374,2.00261],[114.20559,1.99081],[114.10934,1.98355],[114.05759,1.98265],[114.01764,1.99716],[113.95498,2.03346],[113.92048,2.05796],[113.87781,2.10242],[113.82605,2.20042],[113.76249,2.27028],[113.70865,2.31336],[113.63372,2.31675],[113.54149,2.30783],[113.44293,2.25617],[113.40277,2.2283],[113.29752,2.22496],[113.29157,2.21158],[113.29714,2.17479],[113.28301,2.15323],[113.21495,2.14468],[113.17925,2.14951],[113.16437,2.16252],[113.13834,2.16289],[113.13648,2.14171],[113.15693,2.12127],[113.14094,2.08782],[113.12418,2.02711],[113.14324,1.99354],[113.17684,1.96994],[113.195,1.93274],[113.24222,1.92185],[113.26855,1.90007],[113.24917,1.86666],[113.12532,1.86592],[113.09371,1.86183],[113.03867,1.80607],[112.99999,1.79752],[112.97656,1.77857],[112.93967,1.76808],[112.93602,1.7321],[112.90815,1.71518],[112.87561,1.71228],[112.92326,1.68033],[112.92733,1.62515],[112.90176,1.61527],[112.89885,1.59378]]]},"properties":{"shapeName":"Bukit Mabong","shapeISO":"","shapeID":"92858781B56085190058706","shapeGroup":"MYS","shapeType":"ADM2"}},
{"type":"Feature","geometry":{"type":"Polygon","coordinates":[[[113.70865,2.31336],[113.76249,2.27028],[113.82605,2.20042],[113.87781,2.10242],[113.92048,2.05796],[113.95498,2.03346],[114.01764,1.99716],[114.05759,1.98265],[114.10934,1.98355],[114.20559,1.99081],[114.23374,2.00261],[114.28095,2.00805],[114.37538,2.00715],[114.45347,2.0135],[114.50341,2.03891],[114.56424,2.05705],[114.66685,2.06976],[114.79396,2.10878],[114.7863,2.14148],[114.79211,2.20942],[114.8049,2.24832],[114.83279,2.24426],[114.87986,2.26052],[114.92228,2.26168],[114.95889,2.29129],[114.9432,2.32323],[114.95017,2.3511],[114.974,2.37026],[114.99201,2.34935],[115.02339,2.36735],[115.03502,2.39174],[115.05884,2.40742],[115.08848,2.40103],[115.10359,2.44167],[115.14426,2.47302],[115.20412,2.47244],[115.23899,2.49741],[115.23957,2.53108],[115.21574,2.54095],[115.20877,2.56997],[115.16751,2.61061],[115.11405,2.59029],[115.10126,2.62686],[115.12102,2.65299],[115.12044,2.6913],[115.10707,2.70871],[115.11347,2.72613],[115.14775,2.74876],[115.14426,2.78069],[115.15008,2.81087],[115.09778,2.82306],[115.07337,2.77198],[115.04896,2.74992],[115.01293,2.72961],[114.96121,2.69072],[114.91937,2.69594],[114.88799,2.71452],[114.85022,2.71684],[114.7555,2.71452],[114.68402,2.78301],[114.68112,2.82654],[114.63405,2.85962],[114.62649,2.87936],[114.5986,2.89444],[114.55241,2.89329],[114.51957,2.91476],[114.51143,2.95306],[114.49923,2.97337],[114.45449,2.98266],[114.42601,3.00355],[114.41729,3.03547],[114.3987,3.06158],[114.39405,3.08421],[114.35279,3.08421],[114.31211,3.12077],[114.29177,3.14862],[114.2941,3.17067],[114.31386,3.19504],[114.34291,3.19155],[114.35047,3.20548],[114.32141,3.24609],[114.28887,3.2606],[114.23366,3.32151],[114.19066,3.36154],[114.16742,3.35632],[114.15638,3.3366],[114.12732,3.32093],[114.08083,3.32209],[114.06049,3.31397],[114.04655,3.32905],[114.04873,3.3686],[114.00994,3.34356],[113.98785,3.30411],[113.91463,3.23507],[113.92567,3.18749],[113.90417,3.17241],[113.89139,3.11554],[113.85594,3.06854],[113.82979,3.04765],[113.77575,2.97453],[113.74088,2.9194],[113.74146,2.89909],[113.69614,2.84627],[113.67925,2.80124],[113.70311,2.81261],[113.71008,2.79113],[113.68626,2.71452],[113.65662,2.69768],[113.63802,2.62802],[113.61071,2.64834],[113.59444,2.64834],[113.55086,2.60074],[113.50495,2.5781],[113.48577,2.54501],[113.46655,2.54972],[113.42099,2.54378],[113.37748,2.53078],[113.35628,2.50031],[113.32727,2.47653],[113.33471,2.44346],[113.35256,2.40853],[113.37971,2.38921],[113.405,2.38735],[113.43996,2.40704],[113.46674,2.43677],[113.50504,2.44643],[113.53666,2.41596],[113.56009,2.42191],[113.57943,2.44272],[113.61029,2.45312],[113.63967,2.48359],[113.65715,2.48396],[113.67649,2.4639],[113.66385,2.44197],[113.68542,2.41931],[113.68616,2.37434],[113.71108,2.3487],[113.70865,2.31336]]]},"properties":{"shapeName":"Belaga","shapeISO":"","shapeID":"92858781B14210888216544","shapeGroup":"MYS","shapeType":"ADM2"}},
{"type":"Feature","geometry":{"type":"Polygon","coordinates":[[[114.04873,3.3686],[114.04655,3.32905],[114.06049,3.31397],[114.08083,3.32209],[114.12732,3.32093],[114.15638,3.3366],[114.16742,3.35632],[114.19066,3.36154],[114.23366,3.32151],[114.28887,3.2606],[114.32141,3.24609],[114.35047,3.20548],[114.34291,3.19155],[114.31386,3.19504],[114.2941,3.17067],[114.29177,3.14862],[114.31211,3.12077],[114.35279,3.08421],[114.39405,3.08421],[114.3987,3.06158],[114.41729,3.03547],[114.42601,3.00355],[114.45449,2.98266],[114.49923,2.97337],[114.51143,2.95306],[114.51957,2.91476],[114.55241,2.89329],[114.56025,2.93043],[114.55444,2.96525],[114.53468,3.01283],[114.53758,3.05404],[114.60419,3.05755],[114.63961,3.0639],[114.68047,3.04939],[114.70498,3.10017],[114.68955,3.12374],[114.64959,3.14006],[114.63507,3.15456],[114.63234,3.1872],[114.61509,3.21712],[114.58059,3.25519],[114.56152,3.29417],[114.52883,3.30777],[114.47798,3.35672],[114.42805,3.42198],[114.39263,3.47908],[114.34723,3.48995],[114.2982,3.51352],[114.25008,3.57061],[114.31636,3.58874],[114.3318,3.63042],[114.3663,3.65036],[114.37901,3.70654],[114.36358,3.72466],[114.35631,3.76724],[114.37629,3.80529],[114.38446,3.84063],[114.40989,3.88592],[114.41624,3.96292],[114.4117,3.9747],[114.33815,3.98194],[114.3091,4.02542],[114.2973,4.01364],[114.29276,3.96111],[114.27187,3.94571],[114.25008,3.98285],[114.21194,4.07433],[114.2203,4.18492],[114.18659,4.20521],[114.13662,4.21332],[114.10408,4.22549],[114.0727,4.22803],[114.00386,4.21469],[113.98495,4.17275],[113.9681,4.16464],[113.99134,4.11943],[113.98902,4.05973],[114.00703,3.98785],[114.02737,3.95712],[114.02388,3.89393],[113.99889,3.87248],[113.99192,3.84175],[114.01037,3.80529],[114.00583,3.78808],[113.98222,3.76634],[114.00946,3.7455],[114.02308,3.71469],[114.0022,3.68841],[113.99312,3.64583],[113.96225,3.60686],[113.95481,3.56508],[113.99948,3.517],[114.00471,3.48104],[113.97972,3.45493],[113.99192,3.42593],[114.04073,3.41897],[114.06398,3.38997],[114.04873,3.3686]]]},"properties":{"shapeName":"Beluru","shapeISO":"","shapeID":"92858781B6450115296433","shapeGroup":"MYS","shapeType":"ADM2"}},
{"type":"Feature","geometry":{"type":"Polygon","coordinates":[[[113.53284,3.44913],[113.56887,3.44971],[113.602,3.46248],[113.6357,3.44449],[113.67347,3.40389],[113.64965,3.37372],[113.66534,3.36444],[113.69672,3.3801],[113.72519,3.37836],[113.73333,3.34994],[113.75367,3.31571],[113.78214,3.32093],[113.8048,3.36212],[113.83851,3.38765],[113.85536,3.41665],[113.8664,3.45957],[113.89894,3.48568],[113.90534,3.5199],[113.93381,3.5286],[113.95481,3.56508],[113.96225,3.60686],[113.99312,3.64583],[114.0022,3.68841],[114.02308,3.71469],[114.00946,3.7455],[113.98222,3.76634],[114.00583,3.78808],[114.01037,3.80529],[113.99192,3.84175],[113.99889,3.87248],[114.02388,3.89393],[114.02737,3.95712],[114.00703,3.98785],[113.98902,4.05973],[113.99134,4.11943],[113.9681,4.16464],[113.98495,4.17275],[114.00386,4.21469],[113.9232,4.19296],[113.86782,4.15402],[113.84058,4.12052],[113.82514,4.09063],[113.81061,4.11327],[113.79972,4.08067],[113.75795,4.02632],[113.71982,3.99281],[113.68622,3.95024],[113.56306,3.84233],[113.43289,3.75593],[113.42534,3.71128],[113.48054,3.67417],[113.51599,3.6069],[113.51948,3.57848],[113.50611,3.54774],[113.51425,3.46132],[113.53284,3.44913]]]},"properties":{"shapeName":"Subis","shapeISO":"","shapeID":"92858781B11912366303886","shapeGroup":"MYS","shapeType":"ADM2"}},
{"type":"Feature","geometry":{"type":"MultiPolygon","coordinates":[[[[115.56615,3.93741],[115.52176,3.93986],[115.50339,3.92292],[115.50746,3.88349],[115.48712,3.85103],[115.4569,3.82088],[115.42843,3.84639],[115.38252,3.82957],[115.36567,3.83131],[115.28896,3.87306],[115.27792,3.90147],[115.22794,3.94321],[115.17913,3.99654],[115.16751,4.02901],[115.10947,4.10262],[115.0905,4.08199],[115.08009,4.04563],[115.04847,4.00705],[115.05264,3.95052],[115.06545,3.95205],[115.19257,3.84244],[115.20347,3.82613],[115.24886,3.79895],[115.23524,3.77268],[115.16442,3.66395],[115.14172,3.60142],[115.10903,3.54161],[115.10722,3.50989],[115.11993,3.47273],[115.12265,3.41473],[115.139,3.35037],[115.26158,3.15547],[115.28972,3.10017],[115.28972,3.05055],[115.32557,3.01399],[115.33254,2.98498],[115.4017,2.98962],[115.44237,3.03256],[115.48538,3.03256],[115.51501,3.05404],[115.52547,3.07841],[115.52664,3.12425],[115.5708,3.17241],[115.56499,3.18517],[115.52838,3.2136],[115.54,3.24551],[115.53477,3.28612],[115.54,3.32209],[115.55162,3.33718],[115.55743,3.38765],[115.59463,3.45493],[115.60973,3.45435],[115.62891,3.41665],[115.6446,3.41955],[115.65622,3.45261],[115.64809,3.4735],[115.61845,3.5112],[115.61438,3.5663],[115.59288,3.59472],[115.5801,3.66257],[115.583,3.71186],[115.59637,3.78261],[115.62775,3.85624],[115.61845,3.88581],[115.57835,3.9119],[115.56615,3.93741]]],[[[114.0727,4.22803],[114.06328,4.25818],[114.07741,4.28488],[114.10382,4.29007],[114.15031,4.3101],[114.18081,4.3431],[114.21911,4.3991],[114.22097,4.41504],[114.17188,4.4651],[114.16035,4.4955],[114.16519,4.57114],[114.00526,4.59116],[113.98183,4.59894],[113.96844,4.58152],[113.99597,4.49736],[113.99948,4.44105],[113.96406,4.35685],[113.97133,4.33693],[113.91412,4.23643],[113.81061,4.11327],[113.82514,4.09063],[113.84058,4.12052],[113.86782,4.15402],[113.9232,4.19296],[114.00386,4.21469],[114.0727,4.22803]]]]},"properties":{"shapeName":"Miri","shapeISO":"","shapeID":"92858781B82463401188704","shapeGroup":"MYS","shapeType":"ADM2"}},
{"type":"Feature","geometry":{"type":"Polygon","coordinates":[[[115.09778,2.82306],[115.1123,2.82422],[115.14989,2.85534],[115.16624,2.8762],[115.17441,2.9297],[115.21073,2.94693],[115.22162,2.96235],[115.24705,2.97051],[115.28246,3.00678],[115.28972,3.05055],[115.28972,3.10017],[115.26158,3.15547],[115.139,3.35037],[115.12265,3.41473],[115.11993,3.47273],[115.10722,3.50989],[115.10903,3.54161],[115.14172,3.60142],[115.16442,3.66395],[115.23524,3.77268],[115.24886,3.79895],[115.20347,3.82613],[115.19257,3.84244],[115.06545,3.95205],[115.05264,3.95052],[115.01872,3.93025],[114.99641,3.90427],[114.95922,3.88943],[114.92686,3.91912],[114.87368,3.93284],[114.83277,3.92542],[114.80413,3.90835],[114.72156,3.87199],[114.70557,3.86865],[114.64012,3.88609],[114.60107,3.88387],[114.5873,3.84008],[114.57726,3.82895],[114.53375,3.82524],[114.49098,3.81002],[114.46309,3.81893],[114.45081,3.83488],[114.45639,3.86012],[114.47759,3.87867],[114.46048,3.91132],[114.42924,3.93952],[114.42961,3.96809],[114.4117,3.9747],[114.41624,3.96292],[114.40989,3.88592],[114.38446,3.84063],[114.37629,3.80529],[114.35631,3.76724],[114.36358,3.72466],[114.37901,3.70654],[114.3663,3.65036],[114.3318,3.63042],[114.31636,3.58874],[114.25008,3.57061],[114.2982,3.51352],[114.34723,3.48995],[114.39263,3.47908],[114.42805,3.42198],[114.47798,3.35672],[114.52883,3.30777],[114.56152,3.29417],[114.58059,3.25519],[114.61509,3.21712],[114.63234,3.1872],[114.63507,3.15456],[114.64959,3.14006],[114.68955,3.12374],[114.70498,3.10017],[114.68047,3.04939],[114.63961,3.0639],[114.60419,3.05755],[114.53758,3.05404],[114.53468,3.01283],[114.55444,2.96525],[114.56025,2.93043],[114.55241,2.89329],[114.5986,2.89444],[114.62649,2.87936],[114.63405,2.85962],[114.68112,2.82654],[114.68402,2.78301],[114.7555,2.71452],[114.85022,2.71684],[114.88799,2.71452],[114.91937,2.69594],[114.96121,2.69072],[115.01293,2.72961],[115.04896,2.74992],[115.07337,2.77198],[115.09778,2.82306]]]},"properties":{"shapeName":"Telang Usan","shapeISO":"","shapeID":"92858781B46981369874280","shapeGroup":"MYS","shapeType":"ADM2"}},
{"type":"Feature","geometry":{"type":"Polygon","coordinates":[[[114.4117,3.9747],[114.42961,3.96809],[114.42924,3.93952],[114.46048,3.91132],[114.47759,3.87867],[114.45639,3.86012],[114.45081,3.83488],[114.46309,3.81893],[114.49098,3.81002],[114.53375,3.82524],[114.57726,3.82895],[114.5873,3.84008],[114.60107,3.88387],[114.64012,3.88609],[114.70557,3.86865],[114.72156,3.87199],[114.80413,3.90835],[114.83277,3.92542],[114.87368,3.93284],[114.92686,3.91912],[114.95922,3.88943],[114.99641,3.90427],[115.01872,3.93025],[115.05264,3.95052],[115.04847,4.00705],[115.08009,4.04563],[115.0905,4.08199],[115.10947,4.10262],[115.07265,4.13503],[115.04736,4.12761],[114.99789,4.12873],[114.98562,4.11686],[114.9343,4.15655],[114.86066,4.15989],[114.83537,4.17621],[114.80896,4.16248],[114.79,4.12131],[114.75392,4.09015],[114.72975,4.05453],[114.68512,4.01855],[114.61743,4.00148],[114.62412,4.0204],[114.61334,4.04303],[114.5873,4.04711],[114.55269,4.08349],[114.54979,4.12059],[114.52015,4.14377],[114.49923,4.14667],[114.46495,4.21274],[114.45972,4.262],[114.45042,4.28228],[114.42427,4.25563],[114.3772,4.26548],[114.36151,4.25447],[114.31851,4.26664],[114.33303,4.34718],[114.30805,4.36515],[114.31909,4.3918],[114.30398,4.43351],[114.26098,4.50767],[114.21449,4.53316],[114.16519,4.57114],[114.16035,4.4955],[114.17188,4.4651],[114.22097,4.41504],[114.21911,4.3991],[114.18081,4.3431],[114.15031,4.3101],[114.10382,4.29007],[114.07741,4.28488],[114.06328,4.25818],[114.0727,4.22803],[114.10408,4.22549],[114.13662,4.21332],[114.18659,4.20521],[114.2203,4.18492],[114.21194,4.07433],[114.25008,3.98285],[114.27187,3.94571],[114.29276,3.96111],[114.2973,4.01364],[114.3091,4.02542],[114.33815,3.98194],[114.4117,3.9747]]]},"properties":{"shapeName":"Marudi","shapeISO":"","shapeID":"92858781B4592285011837","shapeGroup":"MYS","shapeType":"ADM2"}},
{"type":"Feature","geometry":{"type":"Polygon","coordinates":[[[115.56615,3.93741],[115.61671,3.94495],[115.65274,3.97857],[115.68412,4.06321],[115.69109,4.12407],[115.66959,4.12986],[115.65157,4.15652],[115.64518,4.19304],[115.65216,4.24983],[115.6847,4.30257],[115.67017,4.34081],[115.62252,4.35703],[115.59637,4.38021],[115.60567,4.42019],[115.6016,4.44452],[115.57603,4.49087],[115.59288,4.52505],[115.57835,4.55112],[115.58068,4.57487],[115.56325,4.59978],[115.56383,4.63163],[115.6138,4.69476],[115.6446,4.76889],[115.66203,4.78279],[115.66262,4.85633],[115.64983,4.88991],[115.63298,4.98602],[115.61961,4.99934],[115.54814,4.99297],[115.53419,4.97965],[115.49235,4.96807],[115.45574,4.98255],[115.43017,4.97907],[115.39414,4.94781],[115.4017,4.92871],[115.36276,4.90381],[115.31918,4.9067],[115.29535,4.92234],[115.26397,4.92986],[115.23957,4.98081],[115.20702,4.97792],[115.20412,4.94376],[115.15298,4.9206],[115.1402,4.90786],[115.15995,4.87544],[115.19308,4.83722],[115.24073,4.80074],[115.22853,4.76136],[115.26107,4.72025],[115.24305,4.70056],[115.26746,4.68955],[115.25642,4.6577],[115.28838,4.62932],[115.2878,4.57545],[115.27501,4.56618],[115.26978,4.50941],[115.27908,4.50651],[115.27385,4.44047],[115.30058,4.40107],[115.33487,4.37905],[115.36392,4.33559],[115.34417,4.30488],[115.31175,4.30777],[115.29394,4.263],[115.30695,4.24334],[115.36385,4.20848],[115.40291,4.20514],[115.43452,4.19401],[115.46539,4.17027],[115.47171,4.1406],[115.4944,4.12353],[115.50183,4.10165],[115.48956,4.07828],[115.48473,4.03227],[115.50035,4.01781],[115.50146,3.95399],[115.52176,3.93986],[115.56615,3.93741]]]},"properties":{"shapeName":"Lawas","shapeISO":"","shapeID":"92858781B12558233193799","shapeGroup":"MYS","shapeType":"ADM2"}},
{"type":"Feature","geometry":{"type":"Polygon","coordinates":[[[115.52176,3.93986],[115.50146,3.95399],[115.50035,4.01781],[115.48473,4.03227],[115.48956,4.07828],[115.50183,4.10165],[115.4944,4.12353],[115.47171,4.1406],[115.46539,4.17027],[115.43452,4.19401],[115.40291,4.20514],[115.36385,4.20848],[115.30695,4.24334],[115.29394,4.263],[115.31175,4.30777],[115.2971,4.33675],[115.24654,4.34081],[115.24247,4.36688],[115.20296,4.35935],[115.18727,4.3721],[115.14078,4.37558],[115.11463,4.37152],[115.09255,4.38543],[115.10475,4.41382],[115.09255,4.43351],[115.09894,4.46886],[115.07976,4.51288],[115.08209,4.5349],[115.07046,4.57487],[115.03966,4.627],[115.03908,4.71793],[115.02746,4.73299],[115.03095,4.76658],[115.05419,4.78858],[115.03327,4.79727],[115.02979,4.84591],[115.05361,4.87428],[115.03037,4.88297],[115.01061,4.90555],[114.98969,4.87428],[114.98736,4.83664],[114.97284,4.80885],[114.95075,4.80538],[114.89671,4.81522],[114.8601,4.79785],[114.84615,4.78337],[114.83686,4.74515],[114.77642,4.72662],[114.777,4.69419],[114.81652,4.66117],[114.8078,4.59978],[114.82,4.59225],[114.81768,4.47233],[114.83395,4.42888],[114.88567,4.42309],[114.88044,4.36804],[114.87056,4.33444],[114.8508,4.31126],[114.81303,4.25157],[114.85603,4.26606],[114.83221,4.21912],[114.80373,4.18376],[114.80896,4.16248],[114.83537,4.17621],[114.86066,4.15989],[114.9343,4.15655],[114.98562,4.11686],[114.99789,4.12873],[115.04736,4.12761],[115.07265,4.13503],[115.10947,4.10262],[115.16751,4.02901],[115.17913,3.99654],[115.22794,3.94321],[115.27792,3.90147],[115.28896,3.87306],[115.36567,3.83131],[115.38252,3.82957],[115.42843,3.84639],[115.4569,3.82088],[115.48712,3.85103],[115.50746,3.88349],[115.50339,3.92292],[115.52176,3.93986]]]},"properties":{"shapeName":"Limbang","shapeISO":"","shapeID":"92858781B30612990862702","shapeGroup":"MYS","shapeType":"ADM2"}},
{"type":"Feature","geometry":{"type":"Polygon","coordinates":[[[115.66959,4.12986],[115.68405,4.12596],[115.70213,4.18492],[115.7277,4.19246],[115.75966,4.21854],[115.77593,4.24577],[115.80557,4.22665],[115.83056,4.23418],[115.83462,4.25563],[115.87763,4.29793],[115.86891,4.31647],[115.87784,4.37759],[115.88565,4.3902],[115.88497,4.39041],[115.87337,4.40911],[115.8637,4.4562],[115.87077,4.48216],[115.85515,4.51219],[115.86259,4.57966],[115.83953,4.59746],[115.82205,4.63453],[115.83618,4.68976],[115.84442,4.78939],[115.85442,4.83256],[115.84752,4.86291],[115.81872,4.87406],[115.81277,4.89517],[115.82419,4.93121],[115.83927,5.00976],[115.80208,5.05201],[115.77205,5.058],[115.74804,5.07343],[115.71492,5.05838],[115.694,5.06127],[115.66726,5.08732],[115.63705,5.13189],[115.57371,5.16199],[115.55104,5.13884],[115.55453,5.10064],[115.54756,5.07459],[115.50862,5.03002],[115.45806,5.00976],[115.45574,4.98255],[115.49235,4.96807],[115.53419,4.97965],[115.54814,4.99297],[115.61961,4.99934],[115.63298,4.98602],[115.64983,4.88991],[115.66262,4.85633],[115.66203,4.78279],[115.6446,4.76889],[115.6138,4.69476],[115.56383,4.63163],[115.56325,4.59978],[115.58068,4.57487],[115.57835,4.55112],[115.59288,4.52505],[115.57603,4.49087],[115.6016,4.44452],[115.60567,4.42019],[115.59637,4.38021],[115.62252,4.35703],[115.67017,4.34081],[115.6847,4.30257],[115.65216,4.24983],[115.64518,4.19304],[115.65157,4.15652],[115.66959,4.12986]]]},"properties":{"shapeName":"Sipitang","shapeISO":"","shapeID":"92858781B73026696392194","shapeGroup":"MYS","shapeType":"ADM2"}},
{"type":"Feature","geometry":{"type":"Polygon","coordinates":[[[115.88497,4.39041],[115.90796,4.44767],[115.92507,4.46584],[115.94813,4.51034],[115.98755,4.52442],[116.0054,4.55149],[116.0152,4.60398],[116.06333,4.62208],[116.07604,4.64018],[116.09057,4.71438],[116.106,4.74244],[116.10433,4.79613],[116.07458,4.86099],[116.03776,4.88285],[116.03032,4.92509],[115.99276,4.93917],[115.98123,4.96696],[116.00057,5.00587],[115.99759,5.07144],[116.00726,5.09033],[116.01172,5.12923],[116.02363,5.15034],[116.02809,5.20072],[116.0359,5.2196],[116.03478,5.26812],[116.00652,5.29812],[116.01358,5.36033],[116.008,5.38625],[115.9842,5.39476],[115.97787,5.36398],[115.95073,5.35885],[115.94664,5.30812],[115.92544,5.28775],[115.88676,5.30626],[115.8637,5.29441],[115.85143,5.25553],[115.83135,5.22405],[115.81089,5.22072],[115.79602,5.17886],[115.79564,5.1496],[115.78151,5.12589],[115.7923,5.09589],[115.77205,5.058],[115.80208,5.05201],[115.83927,5.00976],[115.82419,4.93121],[115.81277,4.89517],[115.81872,4.87406],[115.84752,4.86291],[115.85442,4.83256],[115.84442,4.78939],[115.83618,4.68976],[115.82205,4.63453],[115.83953,4.59746],[115.86259,4.57966],[115.85515,4.51219],[115.87077,4.48216],[115.8637,4.4562],[115.87337,4.40911],[115.88497,4.39041]]]},"properties":{"shapeName":"Tenom","shapeISO":"","shapeID":"92858781B47862255723096","shapeGroup":"MYS","shapeType":"ADM2"}},
{"type":"Feature","geometry":{"type":"Polygon","coordinates":[[[115.77205,5.058],[115.7923,5.09589],[115.78151,5.12589],[115.79564,5.1496],[115.79602,5.17886],[115.81089,5.22072],[115.83135,5.22405],[115.85143,5.25553],[115.8637,5.29441],[115.88676,5.30626],[115.92544,5.28775],[115.94664,5.30812],[115.95073,5.35885],[115.97787,5.36398],[115.92544,5.40513],[115.88974,5.40032],[115.86482,5.46178],[115.8373,5.5025],[115.81461,5.51805],[115.80345,5.53989],[115.74953,5.53101],[115.65469,5.541],[115.65432,5.52175],[115.59853,5.51842],[115.50746,5.40907],[115.48944,5.39287],[115.47317,5.30724],[115.42901,5.25921],[115.44063,5.24069],[115.50165,5.20713],[115.55453,5.20134],[115.58242,5.21407],[115.59288,5.18108],[115.57371,5.16199],[115.63705,5.13189],[115.66726,5.08732],[115.694,5.06127],[115.71492,5.05838],[115.74804,5.07343],[115.77205,5.058]]]},"properties":{"shapeName":"Beaufort","shapeISO":"","shapeID":"92858781B48397609160298","shapeGroup":"MYS","shapeType":"ADM2"}},
{"type":"Feature","geometry":{"type":"Polygon","coordinates":[[[115.65469,5.541],[115.61711,5.55862],[115.60569,5.57165],[115.62068,5.61121],[115.5895,5.62495],[115.57593,5.58563],[115.5457,5.53872],[115.47882,5.48802],[115.42494,5.42758],[115.38484,5.41311],[115.36509,5.39229],[115.37206,5.35873],[115.36276,5.34658],[115.37206,5.30203],[115.42901,5.25921],[115.47317,5.30724],[115.48944,5.39287],[115.50746,5.40907],[115.59853,5.51842],[115.65432,5.52175],[115.65469,5.541]]]},"properties":{"shapeName":"Kuala Penyu","shapeISO":"","shapeID":"92858781B3182463940033","shapeGroup":"MYS","shapeType":"ADM2"}},
{"type":"Feature","geometry":{"type":"Polygon","coordinates":[[[115.26281,5.28409],[115.24422,5.36105],[115.23027,5.38419],[115.19656,5.34369],[115.1739,5.29798],[115.16693,5.24821],[115.20296,5.27888],[115.24015,5.24069],[115.24189,5.27773],[115.26281,5.28409]]]},"properties":{"shapeName":"Labuan","shapeISO":"","shapeID":"92858781B93759904190294","shapeGroup":"MYS","shapeType":"ADM2"}},
{"type":"Feature","geometry":{"type":"Polygon","coordinates":[[[115.88497,4.39041],[115.88565,4.3902],[115.90726,4.3918],[115.93167,4.35414],[115.98862,4.35356],[116.03511,4.32458],[116.04208,4.28866],[116.08392,4.27243],[116.11356,4.33328],[116.15772,4.34602],[116.16586,4.38079],[116.20363,4.37442],[116.25186,4.37384],[116.26407,4.36283],[116.30939,4.36862],[116.34658,4.38427],[116.36634,4.37905],[116.40876,4.3495],[116.43084,4.32632],[116.43724,4.2904],[116.46222,4.29503],[116.48431,4.31358],[116.53777,4.32516],[116.53254,4.36688],[116.57264,4.40165],[116.58833,4.37384],[116.6075,4.37152],[116.62377,4.33328],[116.66445,4.34487],[116.68421,4.33559],[116.71617,4.33733],[116.74464,4.38195],[116.7615,4.37905],[116.78997,4.33907],[116.80857,4.34429],[116.8353,4.32458],[116.87946,4.34313],[116.90503,4.36283],[116.9468,4.35414],[116.96779,4.375],[117.02125,4.38195],[117.04275,4.40918],[117.03055,4.44336],[117.05961,4.4845],[117.06251,4.49956],[117.04798,4.49319],[116.99743,4.52853],[116.97593,4.55054],[116.912,4.55633],[116.85506,4.61078],[116.82135,4.61541],[116.86377,4.65306],[116.87249,4.69245],[116.85738,4.71561],[116.83646,4.72198],[116.79985,4.76716],[116.79462,4.79032],[116.77254,4.81348],[116.76033,4.78858],[116.73418,4.80132],[116.69234,4.8048],[116.65283,4.78163],[116.64063,4.7492],[116.62435,4.73704],[116.57728,4.74978],[116.56973,4.80711],[116.5523,4.81522],[116.53021,4.89397],[116.53544,4.91076],[116.52557,4.97039],[116.54997,4.99297],[116.543,5.05317],[116.52615,5.06359],[116.51452,5.10064],[116.48547,5.1099],[116.46891,5.13392],[116.44944,5.09948],[116.43317,5.09195],[116.36344,5.08616],[116.34426,5.03754],[116.30765,5.02075],[116.23733,5.01786],[116.217,4.97618],[116.1862,4.93392],[116.18271,4.88007],[116.15075,4.84417],[116.12402,4.84649],[116.10077,4.8656],[116.07458,4.86099],[116.10433,4.79613],[116.106,4.74244],[116.09057,4.71438],[116.07604,4.64018],[116.06333,4.62208],[116.0152,4.60398],[116.0054,4.55149],[115.98755,4.52442],[115.94813,4.51034],[115.92507,4.46584],[115.90796,4.44767],[115.88497,4.39041]]]},"properties":{"shapeName":"Nabawan / Persiangan","shapeISO":"","shapeID":"92858781B57526539682129","shapeGroup":"MYS","shapeType":"ADM2"}},
{"type":"Feature","geometry":{"type":"Polygon","coordinates":[[[116.07458,4.86099],[116.10077,4.8656],[116.12402,4.84649],[116.15075,4.84417],[116.18271,4.88007],[116.1862,4.93392],[116.217,4.97618],[116.23733,5.01786],[116.30765,5.02075],[116.34426,5.03754],[116.36344,5.08616],[116.43317,5.09195],[116.44944,5.09948],[116.46891,5.13392],[116.46397,5.18745],[116.45351,5.20423],[116.4814,5.24821],[116.52731,5.26268],[116.55695,5.29856],[116.58193,5.29104],[116.59472,5.30261],[116.55985,5.36394],[116.5836,5.39634],[116.59562,5.44919],[116.63282,5.43253],[116.6503,5.44586],[116.65401,5.47177],[116.64025,5.48843],[116.64286,5.51657],[116.65897,5.53992],[116.63244,5.55951],[116.59897,5.54914],[116.55137,5.56595],[116.50451,5.54433],[116.43905,5.52915],[116.38549,5.5336],[116.36541,5.49436],[116.34161,5.49177],[116.29958,5.50805],[116.28248,5.52656],[116.25458,5.53989],[116.23487,5.57432],[116.19396,5.60615],[116.1802,5.6291],[116.11437,5.61022],[116.07421,5.56025],[116.06082,5.52138],[116.07495,5.50028],[116.05896,5.46474],[116.02958,5.45474],[116.01916,5.43808],[115.99201,5.43882],[115.9842,5.39476],[116.008,5.38625],[116.01358,5.36033],[116.00652,5.29812],[116.03478,5.26812],[116.0359,5.2196],[116.02809,5.20072],[116.02363,5.15034],[116.01172,5.12923],[116.00726,5.09033],[115.99759,5.07144],[116.00057,5.00587],[115.98123,4.96696],[115.99276,4.93917],[116.03032,4.92509],[116.03776,4.88285],[116.07458,4.86099]]]},"properties":{"shapeName":"Keningau","shapeISO":"","shapeID":"92858781B15741059593966","shapeGroup":"MYS","shapeType":"ADM2"}},
{"type":"Feature","geometry":{"type":"Polygon","coordinates":[[[115.9842,5.39476],[115.99201,5.43882],[116.01916,5.43808],[116.02958,5.45474],[116.05896,5.46474],[116.07495,5.50028],[116.06082,5.52138],[116.07421,5.56025],[116.11437,5.61022],[116.1802,5.6291],[116.19322,5.6946],[116.22148,5.66944],[116.249,5.68535],[116.25533,5.70422],[116.28359,5.72458],[116.29252,5.74715],[116.20809,5.75603],[116.16346,5.80302],[116.11549,5.83373],[116.07787,5.8444],[116.04482,5.84964],[116.01619,5.82744],[115.98904,5.79192],[115.93349,5.76143],[115.90897,5.75601],[115.89717,5.73794],[115.89807,5.68102],[115.87356,5.58162],[115.82362,5.54457],[115.81461,5.51805],[115.8373,5.5025],[115.86482,5.46178],[115.88974,5.40032],[115.92544,5.40513],[115.97787,5.36398],[115.9842,5.39476]]]},"properties":{"shapeName":"Papar","shapeISO":"","shapeID":"92858781B69342492648863","shapeGroup":"MYS","shapeType":"ADM2"}},
{"type":"Feature","geometry":{"type":"Polygon","coordinates":[[[116.07787,5.8444],[116.09578,5.88309],[116.06698,5.92499],[116.04484,5.9141],[116.03246,5.89516],[116.04698,5.88072],[116.04482,5.84964],[116.07787,5.8444]]]},"properties":{"shapeName":"Putatan","shapeISO":"","shapeID":"92858781B21470525413455","shapeGroup":"MYS","shapeType":"ADM2"}},
{"type":"Feature","geometry":{"type":"Polygon","coordinates":[[[116.55137,5.56595],[116.57108,5.58431],[116.56066,5.60504],[116.59302,5.65796],[116.60009,5.69423],[116.5986,5.73568],[116.57219,5.75196],[116.57443,5.77342],[116.55174,5.79784],[116.55769,5.8193],[116.54616,5.85112],[116.55918,5.8785],[116.51864,5.89108],[116.4781,5.924],[116.45541,5.92363],[116.41978,5.90966],[116.39591,5.84446],[116.3762,5.81893],[116.34087,5.82781],[116.32487,5.76195],[116.29252,5.74715],[116.28359,5.72458],[116.25533,5.70422],[116.249,5.68535],[116.22148,5.66944],[116.19322,5.6946],[116.1802,5.6291],[116.19396,5.60615],[116.23487,5.57432],[116.25458,5.53989],[116.28248,5.52656],[116.29958,5.50805],[116.34161,5.49177],[116.36541,5.49436],[116.38549,5.5336],[116.43905,5.52915],[116.50451,5.54433],[116.55137,5.56595]]]},"properties":{"shapeName":"Tambunan","shapeISO":"","shapeID":"92858781B2820786401574","shapeGroup":"MYS","shapeType":"ADM2"}},
{"type":"Feature","geometry":{"type":"Polygon","coordinates":[[[116.29252,5.74715],[116.32487,5.76195],[116.34087,5.82781],[116.32115,5.85889],[116.28816,5.86062],[116.28657,5.86037],[116.24826,5.87665],[116.22929,5.9129],[116.19861,5.94783],[116.1598,5.96926],[116.09316,5.95932],[116.06698,5.92499],[116.09578,5.88309],[116.07787,5.8444],[116.11549,5.83373],[116.16346,5.80302],[116.20809,5.75603],[116.29252,5.74715]]]},"properties":{"shapeName":"Penampang","shapeISO":"","shapeID":"92858781B3711047407086","shapeGroup":"MYS","shapeType":"ADM2"}},
{"type":"Feature","geometry":{"type":"Polygon","coordinates":[[[116.06698,5.92499],[116.09316,5.95932],[116.1598,5.96926],[116.19861,5.94783],[116.22929,5.9129],[116.24826,5.87665],[116.28657,5.86037],[116.28619,5.87147],[116.26239,5.90218],[116.265,5.91882],[116.2438,5.95803],[116.27318,5.9843],[116.26574,6.04052],[116.22446,6.04052],[116.20958,6.06271],[116.2133,6.07972],[116.19136,6.09192],[116.18801,6.11892],[116.14226,6.09784],[116.13036,6.12484],[116.13892,6.13593],[116.08685,6.10782],[116.12664,6.06197],[116.11251,6.05309],[116.10396,5.99391],[116.0835,5.99465],[116.05933,5.97838],[116.04674,5.94275],[116.04484,5.9141],[116.06698,5.92499]]]},"properties":{"shapeName":"Kota Kinabalu","shapeISO":"","shapeID":"92858781B89121228142422","shapeGroup":"MYS","shapeType":"ADM2"}},
{"type":"Feature","geometry":{"type":"Polygon","coordinates":[[[116.41978,5.90966],[116.44886,5.95667],[116.46745,5.96939],[116.49883,6.01909],[116.46687,6.02198],[116.4477,6.06243],[116.41341,6.11443],[116.42678,6.13812],[116.41167,6.18203],[116.40992,6.22363],[116.38029,6.2502],[116.35848,6.30458],[116.31632,6.29306],[116.29415,6.30063],[116.23152,6.27562],[116.23269,6.26233],[116.1891,6.22825],[116.17457,6.19359],[116.14552,6.16008],[116.13892,6.13593],[116.13036,6.12484],[116.14226,6.09784],[116.18801,6.11892],[116.19136,6.09192],[116.2133,6.07972],[116.20958,6.06271],[116.22446,6.04052],[116.26574,6.04052],[116.27318,5.9843],[116.2438,5.95803],[116.265,5.91882],[116.26239,5.90218],[116.28619,5.87147],[116.28816,5.86062],[116.32115,5.85889],[116.34087,5.82781],[116.3762,5.81893],[116.39591,5.84446],[116.41978,5.90966]]]},"properties":{"shapeName":"Tuaran","shapeISO":"","shapeID":"92858781B39347348981518","shapeGroup":"MYS","shapeType":"ADM2"}},
{"type":"Feature","geometry":{"type":"Polygon","coordinates":[[[116.49883,6.01909],[116.53686,6.06714],[116.55174,6.09858],[116.56736,6.15627],[116.60306,6.19139],[116.62724,6.20285],[116.6462,6.22615],[116.62017,6.24131],[116.6172,6.26534],[116.64063,6.289],[116.6503,6.3352],[116.60195,6.3511],[116.61273,6.39841],[116.59302,6.41319],[116.59748,6.46382],[116.62761,6.52997],[116.62872,6.58317],[116.63839,6.61236],[116.65811,6.64043],[116.62054,6.67109],[116.57257,6.65041],[116.57108,6.63563],[116.54467,6.60497],[116.54244,6.58982],[116.49707,6.53366],[116.49967,6.51297],[116.47475,6.47121],[116.36355,6.39915],[116.35016,6.39397],[116.31818,6.32744],[116.32376,6.3023],[116.29415,6.30063],[116.31632,6.29306],[116.35848,6.30458],[116.38029,6.2502],[116.40992,6.22363],[116.41167,6.18203],[116.42678,6.13812],[116.41341,6.11443],[116.4477,6.06243],[116.46687,6.02198],[116.49883,6.01909]]]},"properties":{"shapeName":"Kota Belud","shapeISO":"","shapeID":"92858781B56547277278247","shapeGroup":"MYS","shapeType":"ADM2"}},
{"type":"Feature","geometry":{"type":"Polygon","coordinates":[[[116.65897,5.53992],[116.67142,5.53228],[116.75685,5.51493],[116.77138,5.49699],[116.83646,5.48543],[116.84401,5.52476],[116.87423,5.53691],[116.88179,5.58491],[116.91433,5.62308],[116.91956,5.66414],[116.97709,5.6919],[116.99278,5.68438],[117.01021,5.70982],[117.00847,5.737],[116.98987,5.79597],[116.92653,5.82835],[116.90213,5.84742],[116.86435,5.86477],[116.86842,5.885],[116.89573,5.90176],[116.91433,5.92662],[116.98697,5.94627],[117.01196,5.9873],[117.02648,5.99944],[117.02648,6.04047],[117.05786,6.03585],[117.08924,6.0422],[117.09157,6.07225],[117.12876,6.1179],[117.11191,6.13697],[117.09157,6.1855],[117.06832,6.18666],[117.03462,6.20168],[117.00614,6.24385],[116.98348,6.26522],[116.94222,6.26522],[116.90619,6.2929],[116.86842,6.27562],[116.83704,6.24038],[116.8045,6.23923],[116.79462,6.22421],[116.75859,6.23692],[116.72779,6.22767],[116.68653,6.22478],[116.66038,6.20803],[116.6462,6.22615],[116.62724,6.20285],[116.60306,6.19139],[116.56736,6.15627],[116.55174,6.09858],[116.53686,6.06714],[116.49883,6.01909],[116.46745,5.96939],[116.44886,5.95667],[116.41978,5.90966],[116.45541,5.92363],[116.4781,5.924],[116.51864,5.89108],[116.55918,5.8785],[116.54616,5.85112],[116.55769,5.8193],[116.55174,5.79784],[116.57443,5.77342],[116.57219,5.75196],[116.5986,5.73568],[116.60009,5.69423],[116.59302,5.65796],[116.56066,5.60504],[116.57108,5.58431],[116.55137,5.56595],[116.59897,5.54914],[116.63244,5.55951],[116.65897,5.53992]]]},"properties":{"shapeName":"Ranau","shapeISO":"","shapeID":"92858781B74051024245503","shapeGroup":"MYS","shapeType":"ADM2"}},
{"type":"Feature","geometry":{"type":"Polygon","coordinates":[[[116.6462,6.22615],[116.66038,6.20803],[116.68653,6.22478],[116.72779,6.22767],[116.75859,6.23692],[116.79462,6.22421],[116.8045,6.23923],[116.83704,6.24038],[116.86842,6.27562],[116.90619,6.2929],[116.92769,6.31836],[116.95268,6.31605],[116.96721,6.33742],[116.9922,6.33742],[117.0259,6.35128],[117.07878,6.3276],[117.09622,6.338],[117.09389,6.35821],[117.1061,6.38247],[117.08634,6.39922],[117.09041,6.42462],[117.07783,6.4484],[117.03374,6.48747],[116.97795,6.50151],[116.96642,6.55731],[116.94262,6.57948],[116.9213,6.62323],[116.89108,6.63593],[116.85931,6.61531],[116.85522,6.57874],[116.83365,6.57948],[116.79497,6.56581],[116.75555,6.59352],[116.7577,6.63779],[116.75331,6.67848],[116.70199,6.67737],[116.68414,6.68661],[116.63542,6.686],[116.64197,6.69331],[116.6356,6.69886],[116.62054,6.67109],[116.65811,6.64043],[116.63839,6.61236],[116.62872,6.58317],[116.62761,6.52997],[116.59748,6.46382],[116.59302,6.41319],[116.61273,6.39841],[116.60195,6.3511],[116.6503,6.3352],[116.64063,6.289],[116.6172,6.26534],[116.62017,6.24131],[116.6462,6.22615]]]},"properties":{"shapeName":"Kota Marudu","shapeISO":"","shapeID":"92858781B52597028656426","shapeGroup":"MYS","shapeType":"ADM2"}},
{"type":"Feature","geometry":{"type":"MultiPolygon","coordinates":[[[[116.64197,6.69331],[116.63542,6.686],[116.68414,6.68661],[116.70199,6.67737],[116.75331,6.67848],[116.7577,6.63779],[116.79009,6.67733],[116.82111,6.73449],[116.85912,6.77283],[116.85674,6.81892],[116.83912,6.84184],[116.80985,6.86004],[116.8196,6.88603],[116.85198,6.8754],[116.86007,6.88721],[116.83603,6.93495],[116.82936,6.96448],[116.79985,6.98645],[116.75343,7.03512],[116.73082,7.00441],[116.72273,6.96401],[116.70631,6.95905],[116.70559,6.92786],[116.67798,6.88272],[116.6399,6.86264],[116.65204,6.81348],[116.62776,6.77803],[116.64537,6.72319],[116.6356,6.69886],[116.64197,6.69331]]],[[[117.31696,7.07072],[117.26677,7.07054],[117.26603,7.04155],[117.30529,7.01448],[117.34755,7.04909],[117.31696,7.07072]]],[[[117.02016,7.30693],[117.00814,7.35673],[116.98797,7.32694],[116.93219,7.29289],[116.91888,7.30097],[116.88841,7.28948],[116.8661,7.24351],[116.86052,7.1937],[116.89485,7.20945],[116.91502,7.24096],[116.93219,7.23414],[116.98282,7.26096],[116.96566,7.27373],[116.98111,7.30693],[117.00385,7.27799],[117.02016,7.30693]]],[[[117.26127,7.3513],[117.23655,7.36219],[117.20277,7.3513],[117.183,7.35893],[117.16927,7.34231],[117.15141,7.35293],[117.12258,7.31495],[117.07567,7.30596],[117.06231,7.28208],[117.06957,7.26032],[117.05557,7.217],[117.06326,7.19847],[117.06573,7.14915],[117.05996,7.12953],[117.08248,7.10582],[117.09868,7.13852],[117.14784,7.17313],[117.18602,7.19057],[117.21238,7.1892],[117.24781,7.21672],[117.27171,7.21264],[117.27692,7.24479],[117.26127,7.24588],[117.27335,7.30118],[117.2934,7.31698],[117.28159,7.34994],[117.26127,7.3513]]]]},"properties":{"shapeName":"Kudat","shapeISO":"","shapeID":"92858781B15931830971700","shapeGroup":"MYS","shapeType":"ADM2"}},
{"type":"Feature","geometry":{"type":"MultiPolygon","coordinates":[[[[117.5704,4.20811],[117.54214,4.20551],[117.54697,4.1699],[117.56854,4.18362],[117.5704,4.20811]]],[[[117.70057,4.26188],[117.66747,4.25966],[117.62545,4.21515],[117.65408,4.18437],[117.68607,4.16211],[117.69797,4.16582],[117.90252,4.16397],[117.88281,4.18437],[117.81847,4.1992],[117.77867,4.22702],[117.75599,4.25781],[117.70057,4.26188]]],[[[116.9468,4.35414],[116.95769,4.33875],[116.99311,4.33875],[117.0149,4.31611],[117.04577,4.34237],[117.11296,4.3306],[117.13294,4.34146],[117.17016,4.33331],[117.24643,4.36953],[117.30636,4.31702],[117.34994,4.28895],[117.36992,4.28866],[117.38038,4.2678],[117.42222,4.24577],[117.42454,4.22201],[117.4414,4.19651],[117.46522,4.17739],[117.52798,4.16464],[117.5396,4.17681],[117.53612,4.20463],[117.55936,4.22549],[117.5983,4.20173],[117.61689,4.22955],[117.65234,4.26142],[117.62619,4.29619],[117.62851,4.33907],[117.60062,4.3721],[117.58842,4.39991],[117.60004,4.41555],[117.62503,4.41729],[117.66454,4.43236],[117.68023,4.41729],[117.67675,4.38948],[117.70232,4.375],[117.71161,4.41903],[117.70464,4.44626],[117.71859,4.4787],[117.76914,4.50419],[117.81447,4.56328],[117.82327,4.62552],[117.81447,4.65191],[117.79529,4.66523],[117.77379,4.70171],[117.76914,4.72836],[117.74067,4.76426],[117.71219,4.77411],[117.66977,4.75384],[117.63491,4.75442],[117.6227,4.73936],[117.53263,4.78337],[117.47917,4.78221],[117.46813,4.79379],[117.46813,4.77121],[117.48382,4.73357],[117.47917,4.70982],[117.43326,4.67565],[117.39781,4.6826],[117.37689,4.71388],[117.33912,4.73936],[117.31994,4.76136],[117.28333,4.74978],[117.26183,4.70693],[117.22232,4.69129],[117.18106,4.69013],[117.14968,4.70229],[117.11191,4.69708],[117.09331,4.70519],[117.07007,4.64611],[117.04798,4.62526],[117.06832,4.60093],[117.10087,4.59572],[117.13748,4.5459],[117.09041,4.532],[117.06251,4.49956],[117.05961,4.4845],[117.03055,4.44336],[117.04275,4.40918],[117.02125,4.38195],[116.96779,4.375],[116.9468,4.35414]]]]},"properties":{"shapeName":"Kalabakan","shapeISO":"","shapeID":"92858781B64999201183352","shapeGroup":"MYS","shapeType":"ADM2"}},
{"type":"Feature","geometry":{"type":"Polygon","coordinates":[[[117.71161,4.41903],[117.72963,4.38774],[117.73776,4.35645],[117.76975,4.34385],[117.8021,4.34088],[117.81252,4.30602],[117.83334,4.30639],[117.85752,4.28599],[117.88318,4.24186],[117.92707,4.24853],[117.9955,4.22294],[118.07732,4.25447],[118.1093,4.27746],[118.17513,4.29786],[118.21567,4.29601],[118.24431,4.31529],[118.33468,4.33457],[118.34695,4.3546],[118.3146,4.375],[118.30344,4.39391],[118.25323,4.4169],[118.24431,4.43766],[118.24047,4.4974],[118.23575,4.54407],[118.21641,4.5767],[118.18108,4.58411],[118.16174,4.60042],[118.10075,4.60005],[118.05612,4.62749],[118.02302,4.62786],[117.99922,4.61525],[117.95719,4.61192],[117.94417,4.64417],[117.93153,4.64528],[117.88095,4.6108],[117.84599,4.59598],[117.84153,4.6197],[117.82327,4.62552],[117.81447,4.56328],[117.76914,4.50419],[117.71859,4.4787],[117.70464,4.44626],[117.71161,4.41903]]]},"properties":{"shapeName":"Tawau","shapeISO":"","shapeID":"92858781B49280129644496","shapeGroup":"MYS","shapeType":"ADM2"}},
{"type":"Feature","geometry":{"type":"Polygon","coordinates":[[[117.82327,4.62552],[117.84153,4.6197],[117.84599,4.59598],[117.88095,4.6108],[117.93153,4.64528],[117.94417,4.64417],[117.95719,4.61192],[117.99922,4.61525],[118.02302,4.62786],[118.05612,4.62749],[118.10075,4.60005],[118.16174,4.60042],[118.18108,4.58411],[118.21641,4.5767],[118.23575,4.54407],[118.24047,4.4974],[118.25205,4.50593],[118.24914,4.54301],[118.25611,4.55575],[118.29795,4.57834],[118.32178,4.60267],[118.3241,4.627],[118.30435,4.65133],[118.27006,4.65943],[118.25786,4.68781],[118.2259,4.70982],[118.19633,4.76092],[118.19001,4.80392],[118.16732,4.83764],[118.13459,4.84023],[118.1186,4.88026],[118.04682,4.88915],[118.00703,4.88285],[117.98843,4.84135],[117.95608,4.81726],[117.95273,4.78131],[117.90856,4.77919],[117.88,4.78559],[117.85786,4.76306],[117.81502,4.74527],[117.77527,4.74622],[117.74067,4.76426],[117.76914,4.72836],[117.77379,4.70171],[117.79529,4.66523],[117.81447,4.65191],[117.82327,4.62552]]]},"properties":{"shapeName":"Kunak","shapeISO":"","shapeID":"92858781B10132292463184","shapeGroup":"MYS","shapeType":"ADM2"}},
{"type":"Feature","geometry":{"type":"MultiPolygon","coordinates":[[[[118.65266,4.49217],[118.62998,4.47585],[118.65601,4.4473],[118.65452,4.41504],[118.69134,4.44211],[118.7237,4.43655],[118.73225,4.46176],[118.6906,4.47363],[118.68019,4.49106],[118.65266,4.49217]]],[[[118.34695,4.3546],[118.35607,4.34023],[118.37931,4.34602],[118.39442,4.33038],[118.46996,4.35587],[118.50309,4.35993],[118.5211,4.3495],[118.55074,4.3495],[118.54841,4.37384],[118.57979,4.38427],[118.59142,4.41034],[118.61873,4.41092],[118.64372,4.43815],[118.61931,4.47697],[118.59665,4.48508],[118.58677,4.51462],[118.54028,4.52331],[118.51994,4.50188],[118.48042,4.51694],[118.4874,4.56386],[118.46125,4.57197],[118.43219,4.60151],[118.40604,4.58008],[118.37117,4.61078],[118.35897,4.63337],[118.3241,4.627],[118.32178,4.60267],[118.29795,4.57834],[118.25611,4.55575],[118.24914,4.54301],[118.25205,4.50593],[118.24047,4.4974],[118.24431,4.43766],[118.25323,4.4169],[118.30344,4.39391],[118.3146,4.375],[118.34695,4.3546]]],[[[118.4708,4.67716],[118.447,4.69866],[118.42431,4.68124],[118.4258,4.66455],[118.35067,4.66789],[118.33877,4.64491],[118.37633,4.64676],[118.41129,4.63008],[118.43658,4.62749],[118.46262,4.60487],[118.4801,4.61636],[118.51469,4.59598],[118.5582,4.59227],[118.58089,4.63898],[118.54779,4.64973],[118.4946,4.64565],[118.4708,4.67716]]]]},"properties":{"shapeName":"Semporna","shapeISO":"","shapeID":"92858781B783004455088","shapeGroup":"MYS","shapeType":"ADM2"}},
{"type":"Feature","geometry":{"type":"MultiPolygon","coordinates":[[[[118.34664,4.99044],[118.32769,4.98907],[118.34224,4.95733],[118.36806,4.97047],[118.34664,4.99044]]],[[[119.14309,5.46085],[119.10684,5.4603],[119.11013,5.43871],[119.13814,5.44663],[119.14309,5.46085]]],[[[117.74067,4.76426],[117.77527,4.74622],[117.81502,4.74527],[117.85786,4.76306],[117.88,4.78559],[117.90856,4.77919],[117.95273,4.78131],[117.95608,4.81726],[117.98843,4.84135],[118.00703,4.88285],[118.04682,4.88915],[118.1186,4.88026],[118.15794,4.88405],[118.21158,4.95753],[118.24176,4.96889],[118.284,4.96288],[118.30545,4.96956],[118.32423,5.01832],[118.40335,5.02099],[118.44358,5.00162],[118.45162,4.95686],[118.48247,4.92614],[118.51867,4.92948],[118.54415,4.95486],[118.56293,4.95954],[118.59109,4.95018],[118.66753,4.93682],[118.72251,4.95018],[118.74866,4.94952],[118.77816,4.96889],[118.83515,4.9916],[118.86667,4.99627],[118.90757,5.03034],[118.98132,5.04971],[119.05105,5.06307],[119.16504,5.10715],[119.20929,5.13653],[119.26696,5.20598],[119.2683,5.2387],[119.24684,5.26474],[119.26092,5.30079],[119.26293,5.33951],[119.25556,5.36688],[119.2341,5.40627],[119.20125,5.43163],[119.15163,5.44765],[119.11475,5.4343],[119.09128,5.4056],[119.03563,5.40093],[118.96724,5.42095],[118.94377,5.41761],[118.95115,5.39091],[118.91025,5.37089],[118.88678,5.39225],[118.92567,5.41361],[118.91896,5.44431],[118.89617,5.46033],[118.84923,5.48102],[118.83046,5.49971],[118.81101,5.4917],[118.80565,5.46234],[118.81437,5.4303],[118.78688,5.40226],[118.78822,5.38691],[118.76542,5.36822],[118.74933,5.32149],[118.72385,5.28877],[118.71245,5.29345],[118.35909,5.29812],[118.32691,5.26474],[118.29741,5.24604],[118.24511,5.22735],[118.20153,5.22134],[117.99836,5.18595],[117.934,5.19329],[117.88304,5.22067],[117.84214,5.21332],[117.79587,5.23202],[117.75162,5.18528],[117.72547,5.17526],[117.68993,5.11917],[117.68993,5.07509],[117.67921,5.04036],[117.66311,5.02834],[117.5907,4.99961],[117.57863,4.96755],[117.51292,4.94016],[117.527,4.89006],[117.52298,4.86267],[117.48141,4.84196],[117.47805,4.82659],[117.46813,4.79379],[117.47917,4.78221],[117.53263,4.78337],[117.6227,4.73936],[117.63491,4.75442],[117.66977,4.75384],[117.71219,4.77411],[117.74067,4.76426]]]]},"properties":{"shapeName":"Lahad Datu","shapeISO":"","shapeID":"92858781B71459572065664","shapeGroup":"MYS","shapeType":"ADM2"}},
{"type":"Feature","geometry":{"type":"Polygon","coordinates":[[[117.06251,4.49956],[117.09041,4.532],[117.13748,4.5459],[117.10087,4.59572],[117.06832,4.60093],[117.04798,4.62526],[117.07007,4.64611],[117.09331,4.70519],[117.11191,4.69708],[117.14968,4.70229],[117.18106,4.69013],[117.22232,4.69129],[117.26183,4.70693],[117.28333,4.74978],[117.31994,4.76136],[117.33912,4.73936],[117.37689,4.71388],[117.39781,4.6826],[117.43326,4.67565],[117.47917,4.70982],[117.48382,4.73357],[117.46813,4.77121],[117.46813,4.79379],[117.47805,4.82659],[117.46678,5.27483],[117.48354,5.27588],[117.48354,5.48866],[117.48208,5.57379],[117.47738,5.58714],[117.4338,5.61717],[117.42844,5.65987],[117.41349,5.66544],[117.31244,5.6225],[117.28763,5.57579],[117.26886,5.55577],[117.18505,5.53842],[117.13073,5.55644],[117.0905,5.5511],[117.07642,5.56111],[117.06972,5.5878],[117.01675,5.58914],[116.95238,5.60716],[116.91433,5.62308],[116.88179,5.58491],[116.87423,5.53691],[116.84401,5.52476],[116.83646,5.48543],[116.77138,5.49699],[116.75685,5.51493],[116.67142,5.53228],[116.65897,5.53992],[116.64286,5.51657],[116.64025,5.48843],[116.65401,5.47177],[116.6503,5.44586],[116.63282,5.43253],[116.59562,5.44919],[116.5836,5.39634],[116.55985,5.36394],[116.59472,5.30261],[116.58193,5.29104],[116.55695,5.29856],[116.52731,5.26268],[116.4814,5.24821],[116.45351,5.20423],[116.46397,5.18745],[116.46891,5.13392],[116.48547,5.1099],[116.51452,5.10064],[116.52615,5.06359],[116.543,5.05317],[116.54997,4.99297],[116.52557,4.97039],[116.53544,4.91076],[116.53021,4.89397],[116.5523,4.81522],[116.56973,4.80711],[116.57728,4.74978],[116.62435,4.73704],[116.64063,4.7492],[116.65283,4.78163],[116.69234,4.8048],[116.73418,4.80132],[116.76033,4.78858],[116.77254,4.81348],[116.79462,4.79032],[116.79985,4.76716],[116.83646,4.72198],[116.85738,4.71561],[116.87249,4.69245],[116.86377,4.65306],[116.82135,4.61541],[116.85506,4.61078],[116.912,4.55633],[116.97593,4.55054],[116.99743,4.52853],[117.04798,4.49319],[117.06251,4.49956]]]},"properties":{"shapeName":"Tongod","shapeISO":"","shapeID":"92858781B32366551894999","shapeGroup":"MYS","shapeType":"ADM2"}},
{"type":"Feature","geometry":{"type":"Polygon","coordinates":[[[118.81101,5.4917],[118.81499,5.50622],[118.7862,5.52441],[118.73055,5.54776],[118.66887,5.60582],[118.6454,5.63852],[118.60517,5.64986],[118.56963,5.68723],[118.52873,5.71658],[118.44961,5.76528],[118.37854,5.79997],[118.34971,5.82799],[118.33764,5.79263],[118.33496,5.75328],[118.32356,5.73059],[118.30143,5.71191],[118.29875,5.68389],[118.28132,5.67989],[118.2545,5.64786],[118.26455,5.62784],[118.16599,5.56912],[118.14655,5.58313],[118.1043,5.56778],[118.1043,5.51306],[118.03591,5.51306],[118.0339,5.55377],[117.93668,5.56178],[117.89175,5.58981],[117.92796,5.6532],[117.87834,5.66254],[117.8294,5.62918],[117.8066,5.66054],[117.76302,5.69123],[117.72748,5.69056],[117.70251,5.73472],[117.68057,5.71712],[117.62093,5.71712],[117.59518,5.69961],[117.5145,5.68936],[117.48318,5.6915],[117.42844,5.65987],[117.4338,5.61717],[117.47738,5.58714],[117.48208,5.57379],[117.48354,5.48866],[117.48354,5.27588],[117.46678,5.27483],[117.48141,4.84196],[117.52298,4.86267],[117.527,4.89006],[117.51292,4.94016],[117.57863,4.96755],[117.5907,4.99961],[117.66311,5.02834],[117.67921,5.04036],[117.68993,5.07509],[117.68993,5.11917],[117.72547,5.17526],[117.75162,5.18528],[117.79587,5.23202],[117.84214,5.21332],[117.88304,5.22067],[117.934,5.19329],[117.99836,5.18595],[118.20153,5.22134],[118.24511,5.22735],[118.29741,5.24604],[118.32691,5.26474],[118.35909,5.29812],[118.71245,5.29345],[118.72385,5.28877],[118.74933,5.32149],[118.76542,5.36822],[118.78822,5.38691],[118.78688,5.40226],[118.81437,5.4303],[118.80565,5.46234],[118.81101,5.4917]]]},"properties":{"shapeName":"Kinabatangan","shapeISO":"","shapeID":"92858781B11608738367966","shapeGroup":"MYS","shapeType":"ADM2"}},
{"type":"Feature","geometry":{"type":"MultiPolygon","coordinates":[[[[117.93547,5.79055],[117.97323,5.74316],[118.01658,5.75512],[118.01658,5.77433],[117.98267,5.78543],[117.93547,5.79055]]],[[[118.33764,5.79263],[118.32289,5.81865],[118.27595,5.82199],[118.24109,5.84133],[118.17337,5.85067],[118.1499,5.82332],[118.14588,5.79931],[118.15929,5.78063],[118.16398,5.75127],[118.12858,5.73035],[118.15046,5.68637],[118.126,5.6757],[118.11098,5.70601],[118.0788,5.69619],[118.06807,5.71968],[118.03803,5.71413],[117.97967,5.67783],[117.9359,5.69747],[117.94491,5.73334],[117.90586,5.74914],[117.91959,5.77262],[117.91573,5.80165],[117.94963,5.79397],[117.96637,5.80464],[118.00542,5.80251],[118.02945,5.78927],[118.0818,5.82641],[118.12128,5.83965],[118.12815,5.85672],[118.0994,5.87764],[118.0951,5.89898],[118.05691,5.92289],[118.06979,5.95276],[118.03465,6.00355],[118.04316,6.03742],[118.01268,6.03278],[118.01131,6.05954],[117.98247,6.06227],[117.96874,6.03796],[117.89947,5.98276],[117.89947,5.95463],[117.84499,5.93587],[117.75803,5.93796],[117.76537,5.90461],[117.71403,5.89836],[117.6826,5.90878],[117.6166,5.89315],[117.61764,5.85563],[117.64069,5.83478],[117.70251,5.73472],[117.72748,5.69056],[117.76302,5.69123],[117.8066,5.66054],[117.8294,5.62918],[117.87834,5.66254],[117.92796,5.6532],[117.89175,5.58981],[117.93668,5.56178],[118.0339,5.55377],[118.03591,5.51306],[118.1043,5.51306],[118.1043,5.56778],[118.14655,5.58313],[118.16599,5.56912],[118.26455,5.62784],[118.2545,5.64786],[118.28132,5.67989],[118.29875,5.68389],[118.30143,5.71191],[118.32356,5.73059],[118.33496,5.75328],[118.33764,5.79263]]]]},"properties":{"shapeName":"Sandakan","shapeISO":"","shapeID":"92858781B38281907433738","shapeGroup":"MYS","shapeType":"ADM2"}},
{"type":"Feature","geometry":{"type":"Polygon","coordinates":[[[116.91433,5.62308],[116.95238,5.60716],[117.01675,5.58914],[117.06972,5.5878],[117.07642,5.56111],[117.0905,5.5511],[117.13073,5.55644],[117.18505,5.53842],[117.26886,5.55577],[117.28763,5.57579],[117.31244,5.6225],[117.41349,5.66544],[117.40134,5.70658],[117.3692,5.76806],[117.37305,5.7973],[117.33597,5.82681],[117.32786,5.86668],[117.34127,5.88468],[117.33926,5.91136],[117.31915,5.95805],[117.31882,6.00398],[117.21111,5.96087],[117.20854,5.91307],[117.19352,5.86526],[117.15447,5.85928],[117.13001,5.90112],[117.12572,5.94722],[117.11542,5.96258],[117.11928,5.99715],[117.13516,6.01593],[117.13087,6.04836],[117.08924,6.0422],[117.05786,6.03585],[117.02648,6.04047],[117.02648,5.99944],[117.01196,5.9873],[116.98697,5.94627],[116.91433,5.92662],[116.89573,5.90176],[116.86842,5.885],[116.86435,5.86477],[116.90213,5.84742],[116.92653,5.82835],[116.98987,5.79597],[117.00847,5.737],[117.01021,5.70982],[116.99278,5.68438],[116.97709,5.6919],[116.91956,5.66414],[116.91433,5.62308]]]},"properties":{"shapeName":"Telupid","shapeISO":"","shapeID":"92858781B69032818816249","shapeGroup":"MYS","shapeType":"ADM2"}},
{"type":"Feature","geometry":{"type":"MultiPolygon","coordinates":[[[[117.72349,6.03769],[117.70589,6.03598],[117.68572,5.98989],[117.71619,5.98392],[117.71276,6.01593],[117.72349,6.03769]]],[[[117.08924,6.0422],[117.13087,6.04836],[117.13516,6.01593],[117.11928,5.99715],[117.11542,5.96258],[117.12572,5.94722],[117.13001,5.90112],[117.15447,5.85928],[117.19352,5.86526],[117.20854,5.91307],[117.21111,5.96087],[117.31882,6.00398],[117.31915,5.95805],[117.33926,5.91136],[117.34127,5.88468],[117.32786,5.86668],[117.33597,5.82681],[117.37305,5.7973],[117.3692,5.76806],[117.40134,5.70658],[117.41349,5.66544],[117.42844,5.65987],[117.48318,5.6915],[117.5145,5.68936],[117.59518,5.69961],[117.62093,5.71712],[117.68057,5.71712],[117.70251,5.73472],[117.64069,5.83478],[117.61764,5.85563],[117.6166,5.89315],[117.57595,5.92137],[117.62959,5.92203],[117.65909,5.95671],[117.68186,5.96984],[117.67843,5.99758],[117.62479,6.03086],[117.6574,6.05604],[117.65483,6.07482],[117.63423,6.11535],[117.61835,6.12901],[117.60591,6.16485],[117.58402,6.17594],[117.60848,6.21561],[117.66856,6.24462],[117.70675,6.22884],[117.73378,6.30647],[117.71962,6.34997],[117.72477,6.38623],[117.74151,6.42247],[117.73293,6.44166],[117.66942,6.48132],[117.65955,6.49709],[117.63122,6.51159],[117.60462,6.5086],[117.57286,6.52566],[117.54454,6.55678],[117.51579,6.6284],[117.48103,6.57426],[117.48017,6.56147],[117.42911,6.55337],[117.40679,6.56232],[117.39564,6.59643],[117.35573,6.61859],[117.33298,6.60666],[117.29651,6.6139],[117.29136,6.62712],[117.27076,6.57895],[117.24158,6.58151],[117.21111,6.55806],[117.13811,6.55124],[117.13208,6.52926],[117.10123,6.52792],[117.09855,6.50461],[117.13342,6.4713],[117.10526,6.4693],[117.07783,6.4484],[117.09041,6.42462],[117.08634,6.39922],[117.1061,6.38247],[117.09389,6.35821],[117.09622,6.338],[117.07878,6.3276],[117.0259,6.35128],[116.9922,6.33742],[116.96721,6.33742],[116.95268,6.31605],[116.92769,6.31836],[116.90619,6.2929],[116.94222,6.26522],[116.98348,6.26522],[117.00614,6.24385],[117.03462,6.20168],[117.06832,6.18666],[117.09157,6.1855],[117.11191,6.13697],[117.12876,6.1179],[117.09157,6.07225],[117.08924,6.0422]]],[[[117.47671,6.74904],[117.41436,6.7537],[117.38754,6.73639],[117.39357,6.71508],[117.42576,6.70376],[117.4338,6.6911],[117.40162,6.67379],[117.34999,6.68045],[117.32518,6.65581],[117.34395,6.63716],[117.37279,6.63649],[117.39558,6.62184],[117.42441,6.62051],[117.45123,6.63649],[117.48141,6.64315],[117.51024,6.66979],[117.5089,6.69577],[117.49214,6.70908],[117.47671,6.74904]]]]},"properties":{"shapeName":"Beluran","shapeISO":"","shapeID":"92858781B11747054778186","shapeGroup":"MYS","shapeType":"ADM2"}},
{"type":"Feature","geometry":{"type":"Polygon","coordinates":[[[117.07783,6.4484],[117.10526,6.4693],[117.13342,6.4713],[117.09855,6.50461],[117.10123,6.52792],[117.13208,6.52926],[117.13811,6.55124],[117.21111,6.55806],[117.24158,6.58151],[117.27076,6.57895],[117.29136,6.62712],[117.27119,6.67443],[117.26733,6.69872],[117.28707,6.72259],[117.24158,6.77543],[117.2463,6.78651],[117.21841,6.82017],[117.24716,6.85468],[117.25961,6.8943],[117.24888,6.92753],[117.19524,6.95863],[117.18193,6.99015],[117.15275,7.01315],[117.13645,7.01315],[117.121,6.98717],[117.10598,6.99739],[117.05835,6.97567],[117.05019,6.94713],[117.03174,6.95054],[117.0326,6.89345],[117.05792,6.86874],[117.04976,6.83935],[117.0356,6.83679],[117.01157,6.78523],[116.97424,6.7375],[116.9854,6.7179],[116.97853,6.7],[116.94806,6.68466],[116.92961,6.6642],[116.90944,6.66122],[116.89108,6.63593],[116.9213,6.62323],[116.94262,6.57948],[116.96642,6.55731],[116.97795,6.50151],[117.03374,6.48747],[117.07783,6.4484]]]},"properties":{"shapeName":"Pitas","shapeISO":"","shapeID":"92858781B47215785880739","shapeGroup":"MYS","shapeType":"ADM2"}},
{"type":"Feature","geometry":{"type":"Polygon","coordinates":[[[102.43157,5.74732],[102.39759,5.70057],[102.37892,5.6867],[102.39004,5.6306],[102.4005,5.61614],[102.39643,5.58086],[102.40515,5.55021],[102.3819,5.51666],[102.39236,5.49642],[102.39934,5.43915],[102.3819,5.42006],[102.44152,5.36324],[102.47256,5.35931],[102.53299,5.3379],[102.54287,5.35815],[102.58413,5.36915],[102.58936,5.39923],[102.59314,5.48282],[102.61783,5.51782],[102.62016,5.56756],[102.61377,5.58954],[102.64263,5.59986],[102.64524,5.61873],[102.66548,5.63696],[102.662,5.69305],[102.65212,5.71156],[102.6649,5.73237],[102.62946,5.7821],[102.56844,5.83124],[102.53415,5.84627],[102.48765,5.79102],[102.43157,5.74732]]]},"properties":{"shapeName":"Besut","shapeISO":"","shapeID":"92858781B66748088999576","shapeGroup":"MYS","shapeType":"ADM2"}},
{"type":"Feature","geometry":{"type":"MultiPolygon","coordinates":[[[[102.9795,5.23226],[102.98046,5.29655],[103.00712,5.30413],[103.06306,5.34181],[103.08686,5.34252],[103.09829,5.32404],[103.13137,5.32546],[103.14727,5.34342],[103.13447,5.35035],[103.09637,5.40846],[102.99744,5.50176],[102.93533,5.43882],[102.91078,5.44105],[102.9212,5.37699],[102.91301,5.36366],[102.9264,5.32219],[102.93198,5.27219],[102.9795,5.23226]]],[[[103.00242,5.81628],[102.99277,5.80131],[102.9954,5.75849],[103.01412,5.74925],[103.03348,5.76694],[103.03463,5.78922],[103.00242,5.81628]]]]},"properties":{"shapeName":"Kuala Nerus","shapeISO":"","shapeID":"92858781B78340444844195","shapeGroup":"MYS","shapeType":"ADM2"}},
{"type":"Feature","geometry":{"type":"Polygon","coordinates":[[[103.22662,4.95782],[103.2336,4.91101],[103.2667,4.90027],[103.28678,4.86988],[103.3065,4.87877],[103.34146,4.85283],[103.36823,4.8595],[103.38683,4.87618],[103.30092,5.02772],[103.22706,5.1804],[103.18255,5.25815],[103.18659,5.26739],[103.15398,5.24962],[103.14684,5.21643],[103.12042,5.21003],[103.12899,5.24322],[103.10685,5.26289],[103.08067,5.26408],[103.0671,5.23042],[103.04422,5.21287],[103.05599,5.17182],[103.05367,5.14636],[103.07982,5.11337],[103.10132,5.10064],[103.11585,5.10816],[103.13967,5.06359],[103.17047,5.03638],[103.20766,4.99123],[103.22662,4.95782]]]},"properties":{"shapeName":"Marang","shapeISO":"","shapeID":"92858781B50781472629025","shapeGroup":"MYS","shapeType":"ADM2"}},
{"type":"Feature","geometry":{"type":"MultiPolygon","coordinates":[[[[104.1749,2.8934],[104.15665,2.89318],[104.14787,2.85642],[104.16242,2.82433],[104.12864,2.80019],[104.11711,2.77962],[104.12232,2.7456],[104.16544,2.71625],[104.21378,2.72146],[104.22284,2.7681],[104.20307,2.78949],[104.20746,2.80403],[104.1749,2.8934]]],[[[102.70192,3.31678],[102.70363,3.26844],[102.73375,3.24431],[102.75532,3.21014],[102.79661,3.18601],[102.79623,3.16781],[102.75941,3.14479],[102.73487,3.14627],[102.73152,3.11656],[102.76016,3.06234],[102.78917,3.046],[102.77838,3.00924],[102.76239,2.98621],[102.76151,2.81856],[102.7968,2.80229],[102.97414,2.59397],[103.15148,2.5231],[103.28855,2.57774],[103.35484,2.59171],[103.41621,2.55827],[103.45563,2.54824],[103.47237,2.52557],[103.60923,2.45906],[103.63527,2.47801],[103.61258,2.52929],[103.59101,2.52966],[103.60068,2.58279],[103.62671,2.60954],[103.5884,2.64967],[103.60291,2.66601],[103.63303,2.66304],[103.62937,2.67396],[103.54129,2.75377],[103.49226,2.81907],[103.4587,2.85324],[103.44359,2.88748],[103.43081,2.949],[103.36514,2.96583],[103.22045,2.96757],[103.16698,2.96177],[103.15769,2.98382],[103.13618,2.98846],[103.11585,3.0227],[103.09318,3.03895],[103.0897,3.06796],[103.06296,3.08073],[103.07342,3.11322],[103.10597,3.12077],[103.1234,3.17937],[103.12631,3.2136],[103.10945,3.24261],[103.08737,3.2577],[103.06238,3.32731],[103.01996,3.28728],[102.9758,3.27626],[102.95372,3.31571],[102.93628,3.30991],[102.92001,3.2751],[102.88921,3.27742],[102.85086,3.32035],[102.82238,3.36038],[102.82609,3.37816],[102.77183,3.3685],[102.75033,3.38184],[102.73406,3.3772],[102.73173,3.33892],[102.70192,3.31678]]]]},"properties":{"shapeName":"Rompin","shapeISO":"","shapeID":"92858781B70055833536426","shapeGroup":"MYS","shapeType":"ADM2"}},
{"type":"Feature","geometry":{"type":"MultiPolygon","coordinates":[[[[104.09321,2.31813],[104.09404,2.30085],[104.12864,2.28109],[104.13029,2.31182],[104.09321,2.31813]]],[[[104.52354,2.46017],[104.50244,2.44244],[104.52899,2.42628],[104.54164,2.45315],[104.52354,2.46017]]],[[[103.38058,2.37643],[103.46451,2.39348],[103.53483,2.3389],[103.63013,2.37606],[103.62316,2.36213],[103.62897,2.27852],[103.61386,2.25297],[103.56131,2.04405],[103.5649,2.04435],[104.05884,2.04254],[104.04068,2.06976],[104.01072,2.14688],[103.96441,2.19225],[103.95352,2.24215],[103.97531,2.26484],[103.94898,2.29387],[103.96078,2.31383],[103.93899,2.33651],[103.91175,2.35193],[103.88814,2.37552],[103.83185,2.45898],[103.81641,2.50071],[103.84183,2.51159],[103.8264,2.53064],[103.81006,2.57872],[103.74559,2.63405],[103.71835,2.63677],[103.6675,2.66489],[103.63303,2.66304],[103.60291,2.66601],[103.5884,2.64967],[103.62671,2.60954],[103.60068,2.58279],[103.59101,2.52966],[103.61258,2.52929],[103.63527,2.47801],[103.60923,2.45906],[103.47237,2.52557],[103.45563,2.54824],[103.41621,2.55827],[103.35484,2.59171],[103.28855,2.57774],[103.38058,2.37643]]]]},"properties":{"shapeName":"Mersing","shapeISO":"","shapeID":"92858781B22606211621135","shapeGroup":"MYS","shapeType":"ADM2"}},
{"type":"Feature","geometry":{"type":"MultiPolygon","coordinates":[[[[100.54068,4.26608],[100.5431,4.21529],[100.57665,4.19675],[100.57351,4.23743],[100.54068,4.26608]]],[[[100.73808,4.52257],[100.62502,4.52961],[100.61881,4.51404],[100.61881,4.46654],[100.61009,4.42598],[100.5822,4.42251],[100.58569,4.37036],[100.55605,4.31068],[100.57407,4.313],[100.5915,4.26895],[100.58976,4.25679],[100.63101,4.24693],[100.60835,4.21912],[100.60196,4.19188],[100.61474,4.16927],[100.65716,4.17159],[100.71063,4.14899],[100.72864,4.11827],[100.74956,4.10494],[100.76641,4.06031],[100.76176,4.01104],[100.77571,4.0035],[100.81813,4.04234],[100.8315,4.04582],[100.81303,4.08221],[100.79946,4.07817],[100.79041,4.11022],[100.76423,4.13634],[100.7747,4.1653],[100.77161,4.18572],[100.79256,4.2104],[100.79993,4.26809],[100.82516,4.28565],[100.82136,4.35519],[100.80684,4.38059],[100.80541,4.48073],[100.8504,4.48595],[100.85849,4.50162],[100.85527,4.55257],[100.77256,4.53412],[100.73823,4.52269],[100.73808,4.52257]]]]},"properties":{"shapeName":"Manjung","shapeISO":"","shapeID":"92858781B15023786189250","shapeGroup":"MYS","shapeType":"ADM2"}},
{"type":"Feature","geometry":{"type":"Polygon","coordinates":[[[102.2799,5.93775],[102.32849,5.93596],[102.34469,5.94162],[102.39013,5.8901],[102.40265,5.88534],[102.46962,5.91773],[102.44931,5.95725],[102.37028,6.13408],[102.34325,6.16625],[102.32911,6.14887],[102.33581,6.11596],[102.30494,6.10154],[102.34325,6.07121],[102.34362,6.05716],[102.31647,6.042],[102.3332,6.00723],[102.33172,5.97986],[102.28225,5.95471],[102.2799,5.93775]]]},"properties":{"shapeName":"Bachok","shapeISO":"","shapeID":"92858781B88613977920895","shapeGroup":"MYS","shapeType":"ADM2"}},
{"type":"Feature","geometry":{"type":"Polygon","coordinates":[[[111.46599,2.25492],[111.45842,2.27624],[111.49151,2.34003],[111.44543,2.37327],[111.39964,2.36911],[111.36738,2.33895],[111.34864,2.34519],[111.32887,2.37223],[111.32783,2.39095],[111.30285,2.40446],[111.25914,2.42006],[111.25238,2.43895],[111.21468,2.41544],[111.19017,2.38913],[111.18109,2.34558],[111.18926,2.29024],[111.1829,2.20768],[111.17019,2.18862],[111.16383,2.15051],[111.18744,2.13327],[111.20291,2.1484],[111.25312,2.15249],[111.3037,2.13613],[111.3249,2.11904],[111.34387,2.15881],[111.37268,2.16193],[111.41005,2.18238],[111.42291,2.20403],[111.45409,2.22186],[111.46599,2.25492]]]},"properties":{"shapeName":"Tanjung Manis","shapeISO":"","shapeID":"92858781B89003651780550","shapeGroup":"MYS","shapeType":"ADM2"}}
]}