{"type":"FeatureCollection", "features": [
{"type":"Feature","geometry":{"type":"Polygon","coordinates":[[[103.2565,13.38422],[103.24155,13.41773],[103.25887,13.43437],[103.26004,13.44856],[103.24405,13.45724],[103.22427,13.45541],[103.17083,13.47996],[103.14981,13.49874],[103.14495,13.53979],[103.10216,13.57362],[103.08305,13.57451],[103.0739,13.56894],[102.98428,13.56418],[102.98615,13.55266],[102.94114,13.54944],[102.91288,13.5335],[102.90411,13.53306],[102.88284,13.5093],[102.87571,13.49291],[102.8505,13.48589],[102.82915,13.48436],[102.81063,13.47257],[102.77277,13.45425],[102.73606,13.44314],[102.69608,13.47934],[102.68681,13.47936],[102.68772,13.38031],[102.71756,13.40075],[102.74627,13.41089],[102.84919,13.38258],[102.86004,13.38774],[102.92121,13.3695],[102.92236,13.36492],[102.98398,13.36107],[102.9922,13.38105],[103.01154,13.38298],[103.01622,13.39156],[103.03634,13.39802],[103.05953,13.39208],[103.10245,13.40268],[103.12425,13.41218],[103.18119,13.40921],[103.18732,13.39941],[103.22088,13.38729],[103.2565,13.38422]]]},"properties":{"shapeName":"Mongkol Borei","shapeISO":"","shapeID":"14789045B79139506572883","shapeGroup":"KHM","shapeType":"ADM2"}},
{"type":"Feature","geometry":{"type":"Polygon","coordinates":[[[103.43936,13.9158],[103.41152,13.92839],[103.38631,13.93543],[103.36123,13.9692],[103.32824,14.027],[103.30071,13.99159],[103.26451,13.95501],[103.21893,13.95006],[103.20356,13.93842],[103.21369,13.88597],[103.22158,13.86332],[103.23252,13.84905],[103.20502,13.8386],[103.18151,13.82288],[103.17962,13.77646],[103.15786,13.74863],[103.27933,13.71281],[103.26334,13.68034],[103.29964,13.66079],[103.30816,13.67824],[103.40637,13.65945],[103.43843,13.69258],[103.42088,13.70976],[103.42588,13.75099],[103.42284,13.77395],[103.43048,13.81743],[103.42174,13.85797],[103.43534,13.87944],[103.44273,13.89959],[103.43936,13.9158]]]},"properties":{"shapeName":"Phnum Srok","shapeISO":"","shapeID":"14789045B65441880035509","shapeGroup":"KHM","shapeType":"ADM2"}},
{"type":"Feature","geometry":{"type":"Polygon","coordinates":[[[103.2565,13.38422],[103.27971,13.38684],[103.3027,13.38175],[103.35206,13.38153],[103.3755,13.37253],[103.39488,13.35794],[103.41555,13.36723],[103.41269,13.38578],[103.39382,13.41377],[103.40288,13.45276],[103.41419,13.46245],[103.39914,13.47599],[103.40568,13.51231],[103.41795,13.53013],[103.41817,13.54241],[103.40602,13.56337],[103.4132,13.57098],[103.40363,13.58876],[103.41481,13.59603],[103.39662,13.62427],[103.39623,13.64481],[103.40637,13.65945],[103.30816,13.67824],[103.29964,13.66079],[103.26334,13.68034],[103.27933,13.71281],[103.15786,13.74863],[103.1378,13.73396],[103.08422,13.74084],[103.05959,13.73511],[103.04496,13.72249],[103.04501,13.70143],[103.02788,13.70057],[103.01452,13.68523],[103.00698,13.66821],[103.0112,13.63383],[103.06675,13.63561],[103.06559,13.6266],[103.08305,13.57451],[103.10216,13.57362],[103.14495,13.53979],[103.14981,13.49874],[103.17083,13.47996],[103.22427,13.45541],[103.24405,13.45724],[103.26004,13.44856],[103.25887,13.43437],[103.24155,13.41773],[103.2565,13.38422]]]},"properties":{"shapeName":"Preah Netr Preah","shapeISO":"","shapeID":"14789045B34870424787449","shapeGroup":"KHM","shapeType":"ADM2"}},
{"type":"Feature","geometry":{"type":"Polygon","coordinates":[[[102.88284,13.5093],[102.878,13.53512],[102.86936,13.54384],[102.8706,13.59804],[102.8896,13.61229],[102.90796,13.60758],[102.92781,13.61689],[102.92713,13.63628],[102.91466,13.65031],[102.9142,13.71819],[102.91337,13.74065],[102.86895,13.74071],[102.84389,13.75184],[102.81725,13.7536],[102.74871,13.76862],[102.74828,13.8232],[102.74159,13.82349],[102.72322,13.79326],[102.7321,13.77356],[102.71555,13.77378],[102.68858,13.75193],[102.65655,13.73799],[102.65651,13.7229],[102.7121,13.7234],[102.71264,13.69637],[102.72287,13.69641],[102.72623,13.67379],[102.74517,13.65619],[102.74637,13.62941],[102.75769,13.61875],[102.75452,13.59959],[102.72971,13.59798],[102.72113,13.58886],[102.71836,13.56885],[102.72932,13.55801],[102.73966,13.52851],[102.76148,13.51622],[102.76147,13.50746],[102.78059,13.49584],[102.80476,13.49134],[102.8165,13.49918],[102.82915,13.48436],[102.8505,13.48589],[102.87571,13.49291],[102.88284,13.5093]]]},"properties":{"shapeName":"Ou Chrov","shapeISO":"","shapeID":"14789045B98105174754814","shapeGroup":"KHM","shapeType":"ADM2"}},
{"type":"Feature","geometry":{"type":"Polygon","coordinates":[[[103.08305,13.57451],[103.06559,13.6266],[103.06675,13.63561],[103.0112,13.63383],[103.00698,13.66821],[103.01452,13.68523],[103.02788,13.70057],[102.99624,13.69897],[102.9142,13.71819],[102.91466,13.65031],[102.92713,13.63628],[102.92781,13.61689],[102.90796,13.60758],[102.8896,13.61229],[102.8706,13.59804],[102.86936,13.54384],[102.878,13.53512],[102.88284,13.5093],[102.90411,13.53306],[102.91288,13.5335],[102.94114,13.54944],[102.98615,13.55266],[102.98428,13.56418],[103.0739,13.56894],[103.08305,13.57451]]]},"properties":{"shapeName":"Serei Saophoan","shapeISO":"","shapeID":"14789045B91793328513154","shapeGroup":"KHM","shapeType":"ADM2"}},
{"type":"Feature","geometry":{"type":"Polygon","coordinates":[[[103.20356,13.93842],[103.17115,13.99368],[103.18655,14.01051],[103.19561,14.03901],[103.1859,14.05288],[103.19959,14.06686],[103.20016,14.0838],[103.21062,14.10984],[103.18538,14.10547],[103.16426,14.1122],[103.12475,14.10919],[103.08228,14.14055],[103.07931,14.15661],[103.03187,14.25023],[103.03317,14.23905],[103.01328,14.23082],[102.99927,14.21416],[102.96245,14.21222],[102.93848,14.19485],[102.92989,14.17698],[102.94098,14.15229],[102.92496,14.13214],[102.92317,14.10599],[102.90073,14.08341],[102.89779,14.05184],[102.90767,14.01726],[102.89395,14.00737],[102.86663,14.00426],[102.84896,13.98604],[102.81563,13.96543],[102.80303,13.94303],[102.78291,13.93282],[102.92592,13.93257],[102.95665,13.92874],[102.98153,13.8809],[103.00428,13.88487],[103.03325,13.86325],[103.04817,13.85888],[103.05177,13.82391],[103.08486,13.8225],[103.08852,13.84131],[103.10208,13.84872],[103.11413,13.84182],[103.12632,13.85152],[103.13752,13.84389],[103.1859,13.86078],[103.22158,13.86332],[103.21369,13.88597],[103.20356,13.93842]]]},"properties":{"shapeName":"Thma Puok","shapeISO":"","shapeID":"14789045B61404286718051","shapeGroup":"KHM","shapeType":"ADM2"}},
{"type":"Feature","geometry":{"type":"Polygon","coordinates":[[[103.22158,13.86332],[103.1859,13.86078],[103.13752,13.84389],[103.12632,13.85152],[103.11413,13.84182],[103.10208,13.84872],[103.08852,13.84131],[103.08486,13.8225],[103.05177,13.82391],[103.04817,13.85888],[103.03325,13.86325],[103.00428,13.88487],[102.98153,13.8809],[102.95665,13.92874],[102.92592,13.93257],[102.78291,13.93282],[102.76625,13.85638],[102.74159,13.82349],[102.74828,13.8232],[102.74871,13.76862],[102.81725,13.7536],[102.84389,13.75184],[102.86895,13.74071],[102.91337,13.74065],[102.9142,13.71819],[102.99624,13.69897],[103.02788,13.70057],[103.04501,13.70143],[103.04496,13.72249],[103.05959,13.73511],[103.08422,13.74084],[103.1378,13.73396],[103.15786,13.74863],[103.17962,13.77646],[103.18151,13.82288],[103.20502,13.8386],[103.23252,13.84905],[103.22158,13.86332]]]},"properties":{"shapeName":"Svay Chek","shapeISO":"","shapeID":"14789045B19114929433175","shapeGroup":"KHM","shapeType":"ADM2"}},
{"type":"Feature","geometry":{"type":"Polygon","coordinates":[[[102.82915,13.48436],[102.8165,13.49918],[102.80476,13.49134],[102.78059,13.49584],[102.76147,13.50746],[102.76148,13.51622],[102.73966,13.52851],[102.72932,13.55801],[102.71836,13.56885],[102.71231,13.57485],[102.68758,13.56153],[102.66665,13.5616],[102.66202,13.56922],[102.63094,13.56085],[102.63039,13.60343],[102.6242,13.60871],[102.5799,13.60615],[102.5701,13.58585],[102.52409,13.56489],[102.50062,13.57104],[102.47712,13.57143],[102.45915,13.56195],[102.43884,13.5598],[102.42105,13.5713],[102.39711,13.56666],[102.36478,13.5773],[102.35548,13.56334],[102.34009,13.55966],[102.33385,13.54073],[102.35711,13.51439],[102.36223,13.49842],[102.35796,13.47611],[102.68681,13.47936],[102.69608,13.47934],[102.73606,13.44314],[102.77277,13.45425],[102.81063,13.47257],[102.82915,13.48436]]]},"properties":{"shapeName":"Malai","shapeISO":"","shapeID":"14789045B32583136425943","shapeGroup":"KHM","shapeType":"ADM2"}},
{"type":"Feature","geometry":{"type":"Polygon","coordinates":[[[102.65655,13.73799],[102.56905,13.69099],[102.54796,13.65882],[102.57031,13.64306],[102.57535,13.62967],[102.58659,13.62987],[102.6242,13.60871],[102.63039,13.60343],[102.63094,13.56085],[102.66202,13.56922],[102.66665,13.5616],[102.68758,13.56153],[102.71231,13.57485],[102.71836,13.56885],[102.72113,13.58886],[102.72971,13.59798],[102.75452,13.59959],[102.75769,13.61875],[102.74637,13.62941],[102.74517,13.65619],[102.72623,13.67379],[102.72287,13.69641],[102.71264,13.69637],[102.7121,13.7234],[102.65651,13.7229],[102.65655,13.73799]]]},"properties":{"shapeName":"Paoy Paet","shapeISO":"","shapeID":"14789045B48513904069909","shapeGroup":"KHM","shapeType":"ADM2"}},
{"type":"Feature","geometry":{"type":"Polygon","coordinates":[[[102.90642,13.13474],[102.90638,13.11431],[102.92716,13.0759],[102.82926,13.03799],[102.86159,12.96559],[102.95904,12.9494],[102.95708,12.94208],[102.99628,12.92947],[103.0025,12.92398],[103.04424,12.86143],[103.02993,12.83876],[103.04048,12.76947],[103.16721,12.83195],[103.22081,12.89238],[103.22092,12.95103],[103.20899,12.94782],[103.1986,12.99773],[103.17094,12.9991],[103.15815,13.0078],[103.16263,13.01844],[103.18696,13.02545],[103.19066,13.03395],[103.15924,13.03479],[103.14723,13.02927],[103.14172,13.05261],[103.0845,13.05079],[103.08126,13.0868],[103.042,13.10404],[103.03826,13.12517],[103.04229,13.13435],[102.90642,13.13474]]]},"properties":{"shapeName":"Banan","shapeISO":"","shapeID":"14789045B38082760726943","shapeGroup":"KHM","shapeType":"ADM2"}},
{"type":"Feature","geometry":{"type":"Polygon","coordinates":[[[102.98398,13.36107],[102.9928,13.34801],[102.99244,13.33207],[102.98324,13.32074],[102.96864,13.26861],[102.95637,13.24325],[102.96534,13.23416],[102.90642,13.13474],[103.04229,13.13435],[103.03826,13.12517],[103.042,13.10404],[103.08126,13.0868],[103.14629,13.0916],[103.15286,13.10803],[103.15853,13.14009],[103.16714,13.13924],[103.17536,13.15862],[103.1757,13.17247],[103.15799,13.2007],[103.15883,13.23146],[103.17224,13.2363],[103.21258,13.27622],[103.28414,13.28731],[103.26391,13.36641],[103.2565,13.38422],[103.22088,13.38729],[103.18732,13.39941],[103.18119,13.40921],[103.12425,13.41218],[103.10245,13.40268],[103.05953,13.39208],[103.03634,13.39802],[103.01622,13.39156],[103.01154,13.38298],[102.9922,13.38105],[102.98398,13.36107]]]},"properties":{"shapeName":"Thma Koul","shapeISO":"","shapeID":"14789045B92416650165307","shapeGroup":"KHM","shapeType":"ADM2"}},
{"type":"Feature","geometry":{"type":"Polygon","coordinates":[[[103.19066,13.03395],[103.19581,13.06186],[103.21042,13.07797],[103.22561,13.08169],[103.2296,13.10675],[103.21409,13.12123],[103.20486,13.15239],[103.17536,13.15862],[103.16714,13.13924],[103.15853,13.14009],[103.15286,13.10803],[103.14629,13.0916],[103.08126,13.0868],[103.0845,13.05079],[103.14172,13.05261],[103.14723,13.02927],[103.15924,13.03479],[103.19066,13.03395]]]},"properties":{"shapeName":"Battambang","shapeISO":"","shapeID":"14789045B54080121728178","shapeGroup":"KHM","shapeType":"ADM2"}},
{"type":"Feature","geometry":{"type":"Polygon","coordinates":[[[102.68772,13.38031],[102.68794,13.36189],[102.68942,13.19926],[102.70844,13.19942],[102.76319,13.12146],[102.73185,13.10471],[102.70616,13.09529],[102.74234,13.0723],[102.79,13.039],[102.82926,13.03799],[102.92716,13.0759],[102.90638,13.11431],[102.90642,13.13474],[102.96534,13.23416],[102.95637,13.24325],[102.96864,13.26861],[102.98324,13.32074],[102.99244,13.33207],[102.9928,13.34801],[102.98398,13.36107],[102.92236,13.36492],[102.92121,13.3695],[102.86004,13.38774],[102.84919,13.38258],[102.74627,13.41089],[102.71756,13.40075],[102.68772,13.38031]]]},"properties":{"shapeName":"Bavel","shapeISO":"","shapeID":"14789045B6741933347766","shapeGroup":"KHM","shapeType":"ADM2"}},
{"type":"Feature","geometry":{"type":"Polygon","coordinates":[[[103.2565,13.38422],[103.26391,13.36641],[103.28414,13.28731],[103.21258,13.27622],[103.17224,13.2363],[103.15883,13.23146],[103.15799,13.2007],[103.1757,13.17247],[103.17536,13.15862],[103.20486,13.15239],[103.21409,13.12123],[103.22896,13.11677],[103.27837,13.11363],[103.28057,13.14145],[103.2857,13.15023],[103.30227,13.15162],[103.3309,13.17973],[103.34815,13.18651],[103.37375,13.24328],[103.48497,13.18769],[103.62319,13.10684],[103.6418,13.11538],[103.65277,13.1111],[103.67248,13.11561],[103.6846,13.11108],[103.70614,13.11468],[103.70171,13.16324],[103.70325,13.17369],[103.69184,13.2117],[103.68486,13.21661],[103.69476,13.2498],[103.70635,13.26829],[103.68235,13.28655],[103.66844,13.2744],[103.64705,13.29354],[103.62514,13.29833],[103.59459,13.29305],[103.57985,13.31277],[103.5566,13.31498],[103.55399,13.33086],[103.52807,13.34052],[103.52575,13.34911],[103.49889,13.34911],[103.47715,13.35399],[103.46763,13.34632],[103.43949,13.36023],[103.41555,13.36723],[103.39488,13.35794],[103.3755,13.37253],[103.35206,13.38153],[103.3027,13.38175],[103.27971,13.38684],[103.2565,13.38422]]]},"properties":{"shapeName":"Aek Phnum","shapeISO":"","shapeID":"14789045B18738075075755","shapeGroup":"KHM","shapeType":"ADM2"}},
{"type":"Feature","geometry":{"type":"Polygon","coordinates":[[[103.74637,13.01096],[103.76886,13.0154],[103.77187,13.02703],[103.76142,13.0366],[103.74296,13.04076],[103.74012,13.05113],[103.7159,13.07325],[103.70548,13.10177],[103.68406,13.07445],[103.67921,13.03444],[103.65807,13.03374],[103.64612,13.02785],[103.63442,13.00689],[103.61393,12.99884],[103.58839,13.00239],[103.57264,12.99568],[103.54845,12.9978],[103.50722,12.99289],[103.41086,12.93908],[103.36056,12.92236],[103.30557,12.90876],[103.32771,12.87706],[103.31639,12.83895],[103.35608,12.80676],[103.34787,12.76888],[103.33477,12.75849],[103.32297,12.73468],[103.31989,12.69351],[103.31318,12.68905],[103.30339,12.64597],[103.30788,12.63437],[103.30487,12.60456],[103.35742,12.68424],[103.41826,12.68554],[103.43709,12.67131],[103.42562,12.63614],[103.42676,12.60187],[103.44422,12.62492],[103.46149,12.62977],[103.48074,12.6489],[103.63722,12.60272],[103.63577,12.62909],[103.64567,12.64615],[103.63765,12.66381],[103.61873,12.67746],[103.63634,12.70188],[103.61942,12.74837],[103.62672,12.7842],[103.64599,12.81484],[103.63141,12.82327],[103.63269,12.84487],[103.64324,12.85566],[103.66872,12.86393],[103.68045,12.86128],[103.69575,12.86972],[103.70057,12.9148],[103.71179,12.92645],[103.72982,12.92819],[103.73025,12.94759],[103.72241,12.95028],[103.71812,12.9733],[103.74637,13.01096]]]},"properties":{"shapeName":"Moung Ruessei","shapeISO":"","shapeID":"14789045B86476324450115","shapeGroup":"KHM","shapeType":"ADM2"}},
{"type":"Feature","geometry":{"type":"Polygon","coordinates":[[[102.82926,13.03799],[102.79,13.039],[102.74234,13.0723],[102.70616,13.09529],[102.69594,13.10177],[102.75134,13.02672],[102.75207,12.89233],[102.75319,12.74939],[102.73145,12.73362],[102.75821,12.73169],[102.86565,12.75911],[102.90478,12.75661],[102.96505,12.74962],[102.9871,12.75131],[103.03815,12.733],[103.0353,12.76107],[103.04048,12.76947],[103.02993,12.83876],[103.04424,12.86143],[103.0025,12.92398],[102.99628,12.92947],[102.95708,12.94208],[102.95904,12.9494],[102.86159,12.96559],[102.82926,13.03799]]]},"properties":{"shapeName":"Rotonak Mondol","shapeISO":"","shapeID":"14789045B15195219920111","shapeGroup":"KHM","shapeType":"ADM2"}},
{"type":"Feature","geometry":{"type":"Polygon","coordinates":[[[103.22081,12.89238],[103.24649,12.89439],[103.30557,12.90876],[103.36056,12.92236],[103.41086,12.93908],[103.50722,12.99289],[103.54845,12.9978],[103.57264,12.99568],[103.58839,13.00239],[103.61393,12.99884],[103.63442,13.00689],[103.64612,13.02785],[103.65807,13.03374],[103.67921,13.03444],[103.68406,13.07445],[103.70548,13.10177],[103.70614,13.11468],[103.6846,13.11108],[103.67248,13.11561],[103.65277,13.1111],[103.6418,13.11538],[103.62319,13.10684],[103.48497,13.18769],[103.37375,13.24328],[103.34815,13.18651],[103.3309,13.17973],[103.30227,13.15162],[103.2857,13.15023],[103.28057,13.14145],[103.27837,13.11363],[103.22896,13.11677],[103.21409,13.12123],[103.2296,13.10675],[103.22561,13.08169],[103.21042,13.07797],[103.19581,13.06186],[103.19066,13.03395],[103.18696,13.02545],[103.16263,13.01844],[103.15815,13.0078],[103.17094,12.9991],[103.1986,12.99773],[103.20899,12.94782],[103.22092,12.95103],[103.22081,12.89238]]]},"properties":{"shapeName":"Sangkae","shapeISO":"","shapeID":"14789045B70272828773622","shapeGroup":"KHM","shapeType":"ADM2"}},
{"type":"Feature","geometry":{"type":"Polygon","coordinates":[[[102.73145,12.73362],[102.66655,12.68976],[102.51795,12.66388],[102.53188,12.65334],[102.55387,12.65241],[102.56687,12.65777],[102.61698,12.61536],[102.64334,12.61174],[102.64459,12.58474],[102.66221,12.58211],[102.67788,12.54296],[102.72328,12.50184],[102.74,12.48243],[102.73679,12.46597],[102.7648,12.45669],[102.77333,12.43495],[102.78686,12.41621],[102.78488,12.40038],[102.79853,12.37999],[102.81021,12.37105],[102.83677,12.41234],[102.87343,12.39727],[102.88252,12.41232],[102.90522,12.43383],[102.94178,12.43022],[102.95107,12.44104],[102.97304,12.45079],[102.98197,12.47257],[102.99665,12.48544],[103.00223,12.50391],[103.02171,12.51557],[103.0322,12.52829],[103.03906,12.55982],[103.05519,12.57381],[103.06197,12.59027],[103.07878,12.6032],[103.09116,12.63544],[103.08296,12.66105],[103.09042,12.66926],[103.07576,12.68942],[103.05972,12.68235],[103.03815,12.733],[102.9871,12.75131],[102.96505,12.74962],[102.90478,12.75661],[102.86565,12.75911],[102.75821,12.73169],[102.73145,12.73362]]]},"properties":{"shapeName":"Samlout","shapeISO":"","shapeID":"14789045B92123585900172","shapeGroup":"KHM","shapeType":"ADM2"}},
{"type":"Feature","geometry":{"type":"Polygon","coordinates":[[[102.68681,13.47936],[102.35796,13.47611],[102.35554,13.45126],[102.36247,13.42462],[102.35481,13.38599],[102.39249,13.38606],[102.39259,13.35885],[102.68794,13.36189],[102.68772,13.38031],[102.68681,13.47936]]]},"properties":{"shapeName":"Sampov Lun","shapeISO":"","shapeID":"14789045B67419263387290","shapeGroup":"KHM","shapeType":"ADM2"}},
{"type":"Feature","geometry":{"type":"Polygon","coordinates":[[[102.68794,13.36189],[102.39259,13.35885],[102.39249,13.38606],[102.35481,13.38599],[102.34508,13.34689],[102.35964,13.31369],[102.35003,13.29157],[102.35146,13.27267],[102.36244,13.26857],[102.37056,13.23677],[102.38668,13.21717],[102.39331,13.19651],[102.68942,13.19926],[102.68794,13.36189]]]},"properties":{"shapeName":"Phnum Proek","shapeISO":"","shapeID":"14789045B85132506712609","shapeGroup":"KHM","shapeType":"ADM2"}},
{"type":"Feature","geometry":{"type":"Polygon","coordinates":[[[102.68942,13.19926],[102.39331,13.19651],[102.39157,13.1853],[102.39903,13.1566],[102.41779,13.1373],[102.41658,13.12299],[102.43283,13.10218],[102.43961,13.08556],[102.4595,13.08217],[102.49437,13.01341],[102.52251,12.99698],[102.5016,12.99224],[102.48643,12.98075],[102.56243,12.98069],[102.57667,13.00222],[102.58673,13.02907],[102.57752,13.06129],[102.60773,13.09704],[102.63539,13.10617],[102.65043,13.11667],[102.68038,13.11108],[102.69594,13.10177],[102.70616,13.09529],[102.73185,13.10471],[102.76319,13.12146],[102.70844,13.19942],[102.68942,13.19926]]]},"properties":{"shapeName":"Kamrieng","shapeISO":"","shapeID":"14789045B46526313837061","shapeGroup":"KHM","shapeType":"ADM2"}},
{"type":"Feature","geometry":{"type":"Polygon","coordinates":[[[103.04048,12.76947],[103.0353,12.76107],[103.03815,12.733],[103.05972,12.68235],[103.07576,12.68942],[103.09042,12.66926],[103.08296,12.66105],[103.09116,12.63544],[103.07878,12.6032],[103.06197,12.59027],[103.05519,12.57381],[103.03906,12.55982],[103.0322,12.52829],[103.02171,12.51557],[103.00223,12.50391],[102.99665,12.48544],[103.00834,12.47603],[103.02108,12.44708],[103.06704,12.43678],[103.07043,12.4571],[103.08205,12.46441],[103.10603,12.46951],[103.1429,12.48906],[103.16033,12.48132],[103.18272,12.50478],[103.20641,12.51095],[103.22544,12.52592],[103.23872,12.52321],[103.23803,12.60399],[103.30487,12.60456],[103.30788,12.63437],[103.30339,12.64597],[103.31318,12.68905],[103.31989,12.69351],[103.32297,12.73468],[103.33477,12.75849],[103.34787,12.76888],[103.35608,12.80676],[103.31639,12.83895],[103.32771,12.87706],[103.30557,12.90876],[103.24649,12.89439],[103.22081,12.89238],[103.16721,12.83195],[103.04048,12.76947]]]},"properties":{"shapeName":"Koas Krala","shapeISO":"","shapeID":"14789045B77023093134849","shapeGroup":"KHM","shapeType":"ADM2"}},
{"type":"Feature","geometry":{"type":"Polygon","coordinates":[[[103.30487,12.60456],[103.23803,12.60399],[103.23872,12.52321],[103.26908,12.53437],[103.28506,12.54952],[103.30236,12.54561],[103.3033,12.55874],[103.32496,12.56769],[103.36054,12.56014],[103.3735,12.55057],[103.39399,12.55938],[103.44399,12.54022],[103.45867,12.53544],[103.48632,12.51463],[103.52281,12.50354],[103.53874,12.51349],[103.56291,12.52104],[103.60292,12.52281],[103.61977,12.54355],[103.62212,12.56092],[103.64306,12.57779],[103.63192,12.59728],[103.63722,12.60272],[103.48074,12.6489],[103.46149,12.62977],[103.44422,12.62492],[103.42676,12.60187],[103.42562,12.63614],[103.43709,12.67131],[103.41826,12.68554],[103.35742,12.68424],[103.30487,12.60456]]]},"properties":{"shapeName":"Rukh Kiri","shapeISO":"","shapeID":"14789045B86646715992197","shapeGroup":"KHM","shapeType":"ADM2"}},
{"type":"Feature","geometry":{"type":"Polygon","coordinates":[[[105.02395,12.21826],[104.98527,12.24281],[104.98292,12.25638],[104.96191,12.26515],[104.94674,12.25877],[104.91845,12.26257],[104.90454,12.25643],[104.90117,12.24521],[104.87226,12.23941],[104.88527,12.2191],[104.89897,12.20688],[104.90192,12.15952],[104.88602,12.13481],[104.88598,12.12153],[104.86914,12.07299],[104.8814,12.07186],[104.89273,12.04158],[104.88768,12.03139],[104.89488,12.01769],[104.88807,11.99283],[104.86031,11.98301],[104.85178,11.97247],[104.84564,11.95132],[104.83232,11.94539],[104.82124,11.88626],[104.83678,11.869],[104.83118,11.82637],[104.85175,11.82581],[104.8551,11.83322],[104.87751,11.81924],[104.88467,11.82507],[104.90399,11.80826],[104.91885,11.80949],[104.93159,11.83037],[104.93983,11.83386],[104.94932,11.86142],[104.9631,11.85718],[104.97532,11.86481],[104.98653,11.88105],[105.01083,11.94001],[105.02402,11.95789],[105.01055,11.96624],[104.98748,11.97192],[104.9753,11.99893],[104.9792,12.06349],[104.98451,12.07202],[105.00092,12.07349],[105.01074,12.08748],[105.01259,12.13045],[105.01938,12.15605],[105.01909,12.18939],[105.02695,12.20515],[105.02395,12.21826]]]},"properties":{"shapeName":"Batheay","shapeISO":"","shapeID":"14789045B52363017269131","shapeGroup":"KHM","shapeType":"ADM2"}},
{"type":"Feature","geometry":{"type":"Polygon","coordinates":[[[105.3606,12.36417],[105.34613,12.35667],[105.33167,12.35718],[105.33045,12.36947],[105.31656,12.38264],[105.27591,12.38434],[105.26391,12.39951],[105.2373,12.3941],[105.22005,12.4019],[105.21041,12.39445],[105.18965,12.39198],[105.17462,12.39593],[105.16176,12.38198],[105.14388,12.37736],[105.13025,12.36589],[105.14697,12.3472],[105.14997,12.33607],[105.16708,12.32636],[105.16448,12.31599],[105.17249,12.28433],[105.19534,12.26465],[105.1899,12.24163],[105.19858,12.21156],[105.21058,12.20663],[105.22588,12.18944],[105.25862,12.16852],[105.29266,12.15573],[105.3149,12.14103],[105.34449,12.10158],[105.37696,12.11146],[105.38456,12.13378],[105.40926,12.17292],[105.42279,12.188],[105.40481,12.20696],[105.39804,12.23808],[105.36136,12.26572],[105.37859,12.29108],[105.39459,12.30332],[105.39911,12.32307],[105.3939,12.34327],[105.37364,12.34573],[105.3606,12.36417]]]},"properties":{"shapeName":"Chamkar Leu","shapeISO":"","shapeID":"14789045B22200339041976","shapeGroup":"KHM","shapeType":"ADM2"}},
{"type":"Feature","geometry":{"type":"Polygon","coordinates":[[[105.02402,11.95789],[105.02792,11.96483],[105.05556,11.97617],[105.08593,11.97275],[105.08455,11.98309],[105.10945,11.9893],[105.10856,12.00101],[105.10346,12.04536],[105.13106,12.08808],[105.13813,12.10912],[105.13181,12.13659],[105.15191,12.14448],[105.15444,12.16166],[105.1393,12.17979],[105.14049,12.20389],[105.14992,12.2185],[105.13394,12.21989],[105.12543,12.20803],[105.10331,12.2043],[105.10165,12.22051],[105.05548,12.22601],[105.02395,12.21826],[105.02695,12.20515],[105.01909,12.18939],[105.01938,12.15605],[105.01259,12.13045],[105.01074,12.08748],[105.00092,12.07349],[104.98451,12.07202],[104.9792,12.06349],[104.9753,11.99893],[104.98748,11.97192],[105.01055,11.96624],[105.02402,11.95789]]]},"properties":{"shapeName":"Cheung Prey","shapeISO":"","shapeID":"14789045B53354113316917","shapeGroup":"KHM","shapeType":"ADM2"}},
{"type":"Feature","geometry":{"type":"Polygon","coordinates":[[[105.47084,11.98011],[105.4736,12.01796],[105.46328,12.01479],[105.44794,11.99376],[105.40116,11.98647],[105.40029,11.9704],[105.43063,11.97032],[105.43099,11.96016],[105.47084,11.98011]]]},"properties":{"shapeName":"Kampong Cham","shapeISO":"","shapeID":"14789045B1741124947579","shapeGroup":"KHM","shapeType":"ADM2"}},
{"type":"Feature","geometry":{"type":"Polygon","coordinates":[[[105.34449,12.10158],[105.35193,12.0849],[105.34717,12.05445],[105.3548,12.0368],[105.348,12.01879],[105.32687,11.99866],[105.34371,11.93015],[105.37631,11.92192],[105.3967,11.92912],[105.41844,11.92696],[105.46963,11.94661],[105.47084,11.98011],[105.43099,11.96016],[105.43063,11.97032],[105.40029,11.9704],[105.40116,11.98647],[105.44794,11.99376],[105.46328,12.01479],[105.4736,12.01796],[105.50373,12.03185],[105.53683,12.03381],[105.5481,12.05878],[105.53057,12.10148],[105.53832,12.16597],[105.51104,12.16685],[105.4935,12.17577],[105.42279,12.188],[105.40926,12.17292],[105.38456,12.13378],[105.37696,12.11146],[105.34449,12.10158]]]},"properties":{"shapeName":"Kampong Siem","shapeISO":"","shapeID":"14789045B55326274387171","shapeGroup":"KHM","shapeType":"ADM2"}},
{"type":"Feature","geometry":{"type":"Polygon","coordinates":[[[104.98653,11.88105],[104.99801,11.87319],[105.004,11.85511],[105.02214,11.85219],[105.03894,11.84996],[105.06566,11.84554],[105.10338,11.84549],[105.12046,11.85283],[105.13292,11.87074],[105.13673,11.89547],[105.14304,11.90767],[105.17678,11.94129],[105.1958,11.95075],[105.21256,11.94805],[105.21373,11.92897],[105.22573,11.92311],[105.24736,11.92532],[105.26112,11.93393],[105.28827,11.93422],[105.34371,11.93015],[105.32687,11.99866],[105.31776,11.99663],[105.26918,12.01921],[105.23375,12.02417],[105.23449,11.99794],[105.19576,11.99286],[105.19168,12.00432],[105.16801,12.00854],[105.15352,12.01703],[105.13331,12.00135],[105.10856,12.00101],[105.10945,11.9893],[105.08455,11.98309],[105.08593,11.97275],[105.05556,11.97617],[105.02792,11.96483],[105.02402,11.95789],[105.01083,11.94001],[104.98653,11.88105]]]},"properties":{"shapeName":"Kang Meas","shapeISO":"","shapeID":"14789045B63152664596772","shapeGroup":"KHM","shapeType":"ADM2"}},
{"type":"Feature","geometry":{"type":"Polygon","coordinates":[[[105.34371,11.93015],[105.28827,11.93422],[105.28978,11.92347],[105.27467,11.91686],[105.26338,11.8916],[105.26819,11.88485],[105.26221,11.86095],[105.26884,11.84108],[105.28694,11.84548],[105.29495,11.8594],[105.33064,11.8649],[105.34356,11.85365],[105.36287,11.85678],[105.37491,11.84517],[105.40892,11.84074],[105.41827,11.82689],[105.44652,11.83532],[105.45423,11.88907],[105.46592,11.90176],[105.45493,11.91421],[105.46963,11.94661],[105.41844,11.92696],[105.3967,11.92912],[105.37631,11.92192],[105.34371,11.93015]]]},"properties":{"shapeName":"Kaoh Soutin","shapeISO":"","shapeID":"14789045B43431030516804","shapeGroup":"KHM","shapeType":"ADM2"}},
{"type":"Feature","geometry":{"type":"Polygon","coordinates":[[[105.19858,12.21156],[105.20229,12.19964],[105.19267,12.18869],[105.17313,12.19465],[105.16491,12.21048],[105.14992,12.2185],[105.14049,12.20389],[105.1393,12.17979],[105.15444,12.16166],[105.15191,12.14448],[105.13181,12.13659],[105.13813,12.10912],[105.13106,12.08808],[105.10346,12.04536],[105.10856,12.00101],[105.13331,12.00135],[105.15352,12.01703],[105.16801,12.00854],[105.19168,12.00432],[105.19576,11.99286],[105.23449,11.99794],[105.23375,12.02417],[105.26918,12.01921],[105.31776,11.99663],[105.32687,11.99866],[105.348,12.01879],[105.3548,12.0368],[105.34717,12.05445],[105.35193,12.0849],[105.34449,12.10158],[105.3149,12.14103],[105.29266,12.15573],[105.25862,12.16852],[105.22588,12.18944],[105.21058,12.20663],[105.19858,12.21156]]]},"properties":{"shapeName":"Prey Chhor","shapeISO":"","shapeID":"14789045B91228863328058","shapeGroup":"KHM","shapeType":"ADM2"}},
{"type":"Feature","geometry":{"type":"Polygon","coordinates":[[[105.03894,11.84996],[105.04842,11.83249],[105.06351,11.81868],[105.05343,11.80176],[105.04668,11.77506],[105.04946,11.75212],[105.08795,11.75035],[105.09599,11.737],[105.10699,11.73463],[105.12563,11.74144],[105.14383,11.73456],[105.16024,11.73552],[105.15729,11.75765],[105.18132,11.76742],[105.19558,11.78264],[105.23295,11.80001],[105.2533,11.81245],[105.26884,11.84108],[105.26221,11.86095],[105.26819,11.88485],[105.26338,11.8916],[105.27467,11.91686],[105.28978,11.92347],[105.28827,11.93422],[105.26112,11.93393],[105.24736,11.92532],[105.22573,11.92311],[105.21373,11.92897],[105.21256,11.94805],[105.1958,11.95075],[105.17678,11.94129],[105.14304,11.90767],[105.13673,11.89547],[105.13292,11.87074],[105.12046,11.85283],[105.10338,11.84549],[105.06566,11.84554],[105.03894,11.84996]]]},"properties":{"shapeName":"Srei Santhor","shapeISO":"","shapeID":"14789045B31299536957784","shapeGroup":"KHM","shapeType":"ADM2"}},
{"type":"Feature","geometry":{"type":"Polygon","coordinates":[[[105.42279,12.188],[105.4935,12.17577],[105.51104,12.16685],[105.53832,12.16597],[105.53511,12.20994],[105.54351,12.25363],[105.55679,12.27709],[105.58753,12.29897],[105.61065,12.30054],[105.64754,12.28587],[105.68133,12.28636],[105.721,12.27708],[105.74502,12.28658],[105.74141,12.29859],[105.75956,12.31362],[105.77071,12.31542],[105.77594,12.33533],[105.7741,12.3666],[105.76822,12.40148],[105.74973,12.45949],[105.73821,12.47888],[105.73456,12.49978],[105.71683,12.50131],[105.7053,12.49446],[105.67288,12.49009],[105.63572,12.4949],[105.54741,12.49241],[105.52493,12.46374],[105.52406,12.45562],[105.48769,12.45205],[105.48438,12.46366],[105.46998,12.47323],[105.45253,12.4758],[105.44981,12.48688],[105.435,12.48907],[105.39692,12.48198],[105.40267,12.46828],[105.3903,12.4534],[105.38918,12.43367],[105.37439,12.41272],[105.37348,12.39291],[105.3606,12.36417],[105.37364,12.34573],[105.3939,12.34327],[105.39911,12.32307],[105.39459,12.30332],[105.37859,12.29108],[105.36136,12.26572],[105.39804,12.23808],[105.40481,12.20696],[105.42279,12.188]]]},"properties":{"shapeName":"Stueng Trang","shapeISO":"","shapeID":"14789045B55361225706218","shapeGroup":"KHM","shapeType":"ADM2"}},
{"type":"Feature","geometry":{"type":"Polygon","coordinates":[[[104.574,12.44036],[104.56522,12.42594],[104.54939,12.43984],[104.52925,12.44504],[104.51435,12.45862],[104.49535,12.50199],[104.46208,12.51309],[104.44704,12.50861],[104.43513,12.51418],[104.38626,12.50934],[104.38881,12.49723],[104.38024,12.4562],[104.3926,12.42022],[104.37597,12.41658],[104.35027,12.39451],[104.33844,12.35436],[104.36474,12.33839],[104.3603,12.33012],[104.37049,12.29129],[104.39111,12.28962],[104.41349,12.29857],[104.42593,12.32214],[104.43815,12.32644],[104.45334,12.34708],[104.46903,12.34029],[104.4895,12.34475],[104.50652,12.36177],[104.55725,12.32789],[104.57137,12.33626],[104.57229,12.35638],[104.57964,12.37022],[104.59447,12.35824],[104.60978,12.35926],[104.63565,12.34994],[104.61072,12.37538],[104.61505,12.40703],[104.60652,12.42008],[104.574,12.44036]]]},"properties":{"shapeName":"Baribour","shapeISO":"","shapeID":"14789045B88819802206613","shapeGroup":"KHM","shapeType":"ADM2"}},
{"type":"Feature","geometry":{"type":"Polygon","coordinates":[[[104.87226,12.23941],[104.86155,12.26194],[104.85287,12.30287],[104.80545,12.28266],[104.79747,12.26328],[104.7801,12.25131],[104.7976,12.2325],[104.80341,12.21949],[104.78952,12.20954],[104.74538,12.2335],[104.71444,12.25376],[104.71232,12.2276],[104.70663,12.22543],[104.71089,12.20881],[104.73092,12.20526],[104.77606,12.17592],[104.79592,12.17623],[104.79879,12.15432],[104.76056,12.12176],[104.77064,12.10836],[104.76585,12.09577],[104.77721,12.07234],[104.77076,12.03452],[104.77483,12.02014],[104.79085,12.00696],[104.81821,12.02945],[104.83708,12.03704],[104.85393,12.06762],[104.86914,12.07299],[104.88598,12.12153],[104.88602,12.13481],[104.90192,12.15952],[104.89897,12.20688],[104.88527,12.2191],[104.87226,12.23941]]]},"properties":{"shapeName":"Chol Kiri","shapeISO":"","shapeID":"14789045B95522882738357","shapeGroup":"KHM","shapeType":"ADM2"}},
{"type":"Feature","geometry":{"type":"Polygon","coordinates":[[[104.71444,12.25376],[104.68199,12.27869],[104.67464,12.30614],[104.66561,12.32442],[104.65808,12.31649],[104.64584,12.2713],[104.6584,12.25194],[104.66068,12.22806],[104.67676,12.22004],[104.70663,12.22543],[104.71232,12.2276],[104.71444,12.25376]]]},"properties":{"shapeName":"Kampong Chhnang","shapeISO":"","shapeID":"14789045B67282211739519","shapeGroup":"KHM","shapeType":"ADM2"}},
{"type":"Feature","geometry":{"type":"Polygon","coordinates":[[[104.63565,12.34994],[104.65539,12.3439],[104.66561,12.32442],[104.67464,12.30614],[104.68199,12.27869],[104.71444,12.25376],[104.74538,12.2335],[104.78952,12.20954],[104.80341,12.21949],[104.7976,12.2325],[104.7801,12.25131],[104.79747,12.26328],[104.80545,12.28266],[104.85287,12.30287],[104.87067,12.32964],[104.89363,12.34328],[104.8913,12.35563],[104.90036,12.36957],[104.89156,12.39936],[104.8846,12.38284],[104.86518,12.37011],[104.85978,12.38903],[104.8671,12.41102],[104.86188,12.42981],[104.84144,12.43316],[104.8429,12.44959],[104.83277,12.45621],[104.81823,12.4817],[104.8285,12.52149],[104.81955,12.53137],[104.7634,12.54514],[104.74359,12.55057],[104.69449,12.57998],[104.65533,12.59419],[104.62719,12.60744],[104.59406,12.60242],[104.54316,12.58243],[104.51667,12.56154],[104.51959,12.54567],[104.51045,12.52611],[104.54245,12.51447],[104.55304,12.50542],[104.57917,12.49748],[104.59521,12.48494],[104.59308,12.45741],[104.58261,12.45139],[104.55449,12.47497],[104.53631,12.46999],[104.57071,12.44639],[104.574,12.44036],[104.60652,12.42008],[104.61505,12.40703],[104.61072,12.37538],[104.63565,12.34994]]]},"properties":{"shapeName":"Kampong Leaeng","shapeISO":"","shapeID":"14789045B82078343775741","shapeGroup":"KHM","shapeType":"ADM2"}},
{"type":"Feature","geometry":{"type":"Polygon","coordinates":[[[104.86914,12.07299],[104.85393,12.06762],[104.83708,12.03704],[104.81821,12.02945],[104.79085,12.00696],[104.77483,12.02014],[104.77076,12.03452],[104.77721,12.07234],[104.76585,12.09577],[104.77064,12.10836],[104.76056,12.12176],[104.74854,12.11306],[104.74674,12.09014],[104.73137,12.08299],[104.72491,12.07247],[104.70587,12.06489],[104.68583,12.06464],[104.66052,12.05301],[104.64599,12.0582],[104.62483,12.05148],[104.62555,12.0501],[104.64039,12.02803],[104.63665,12.0211],[104.636,11.98914],[104.62928,11.97559],[104.64104,11.96311],[104.65527,11.95989],[104.66359,11.94735],[104.6625,11.93059],[104.67531,11.90767],[104.70583,11.90182],[104.71856,11.85386],[104.73651,11.82628],[104.75716,11.82762],[104.78235,11.83912],[104.76909,11.86197],[104.76395,11.88096],[104.77204,11.88736],[104.81028,11.89431],[104.82124,11.88626],[104.83232,11.94539],[104.84564,11.95132],[104.85178,11.97247],[104.86031,11.98301],[104.88807,11.99283],[104.89488,12.01769],[104.88768,12.03139],[104.89273,12.04158],[104.8814,12.07186],[104.86914,12.07299]]]},"properties":{"shapeName":"Kampong Tralach","shapeISO":"","shapeID":"14789045B48550542527991","shapeGroup":"KHM","shapeType":"ADM2"}},
{"type":"Feature","geometry":{"type":"Polygon","coordinates":[[[104.39111,12.28962],[104.38965,12.26434],[104.39862,12.25311],[104.44064,12.26049],[104.46501,12.25008],[104.47737,12.25997],[104.49637,12.25317],[104.49789,12.2375],[104.5102,12.22445],[104.5083,12.21295],[104.51709,12.19927],[104.50707,12.17066],[104.50915,12.14019],[104.5371,12.14131],[104.55102,12.13696],[104.55886,12.15389],[104.59756,12.13573],[104.61599,12.12063],[104.61352,12.10691],[104.61962,12.05994],[104.62483,12.05148],[104.64599,12.0582],[104.66052,12.05301],[104.68583,12.06464],[104.70587,12.06489],[104.72491,12.07247],[104.73137,12.08299],[104.74674,12.09014],[104.74854,12.11306],[104.76056,12.12176],[104.79879,12.15432],[104.79592,12.17623],[104.77606,12.17592],[104.73092,12.20526],[104.71089,12.20881],[104.70663,12.22543],[104.67676,12.22004],[104.66068,12.22806],[104.6584,12.25194],[104.64584,12.2713],[104.65808,12.31649],[104.66561,12.32442],[104.65539,12.3439],[104.63565,12.34994],[104.60978,12.35926],[104.59447,12.35824],[104.57964,12.37022],[104.57229,12.35638],[104.57137,12.33626],[104.55725,12.32789],[104.50652,12.36177],[104.4895,12.34475],[104.46903,12.34029],[104.45334,12.34708],[104.43815,12.32644],[104.42593,12.32214],[104.41349,12.29857],[104.39111,12.28962]]]},"properties":{"shapeName":"Rolea B'ier","shapeISO":"","shapeID":"14789045B85845272815349","shapeGroup":"KHM","shapeType":"ADM2"}},
{"type":"Feature","geometry":{"type":"Polygon","coordinates":[[[104.62555,12.0501],[104.6137,12.04341],[104.60003,12.0018],[104.6002,11.97138],[104.58661,11.97045],[104.56125,11.97721],[104.52184,11.96678],[104.49609,11.97167],[104.46164,11.95245],[104.43339,11.95455],[104.42139,11.9459],[104.4198,11.93012],[104.42676,11.90832],[104.42359,11.87614],[104.43297,11.86645],[104.41473,11.84572],[104.41802,11.81018],[104.41212,11.80119],[104.43921,11.76068],[104.46747,11.75462],[104.48797,11.73533],[104.51586,11.7344],[104.54392,11.74029],[104.5973,11.78996],[104.62254,11.80185],[104.65632,11.80873],[104.71063,11.81013],[104.73651,11.82628],[104.71856,11.85386],[104.70583,11.90182],[104.67531,11.90767],[104.6625,11.93059],[104.66359,11.94735],[104.65527,11.95989],[104.64104,11.96311],[104.62928,11.97559],[104.636,11.98914],[104.63665,12.0211],[104.64039,12.02803],[104.62555,12.0501]]]},"properties":{"shapeName":"Sameakki Mean Chey","shapeISO":"","shapeID":"14789045B48917657678011","shapeGroup":"KHM","shapeType":"ADM2"}},
{"type":"Feature","geometry":{"type":"Polygon","coordinates":[[[104.33844,12.35436],[104.32261,12.33408],[104.29696,12.32209],[104.28355,12.32259],[104.26349,12.29885],[104.22236,12.29146],[104.20018,12.26622],[104.18883,12.25885],[104.18025,12.2414],[104.17396,12.19729],[104.17356,12.17314],[104.18258,12.16913],[104.18742,12.10449],[104.19702,12.0954],[104.19964,12.07685],[104.21,12.03734],[104.21999,12.01487],[104.25166,12.00595],[104.26343,11.97783],[104.25607,11.9561],[104.26772,11.92171],[104.26653,11.91231],[104.27877,11.89919],[104.3065,11.88061],[104.32529,11.85369],[104.3204,11.84001],[104.3383,11.80644],[104.35353,11.79429],[104.37722,11.76774],[104.41762,11.76087],[104.43921,11.76068],[104.41212,11.80119],[104.41802,11.81018],[104.41473,11.84572],[104.43297,11.86645],[104.42359,11.87614],[104.42676,11.90832],[104.4198,11.93012],[104.42139,11.9459],[104.43339,11.95455],[104.46164,11.95245],[104.49609,11.97167],[104.52184,11.96678],[104.56125,11.97721],[104.58661,11.97045],[104.6002,11.97138],[104.60003,12.0018],[104.6137,12.04341],[104.62555,12.0501],[104.62483,12.05148],[104.61962,12.05994],[104.61352,12.10691],[104.61599,12.12063],[104.59756,12.13573],[104.55886,12.15389],[104.55102,12.13696],[104.5371,12.14131],[104.50915,12.14019],[104.50707,12.17066],[104.51709,12.19927],[104.5083,12.21295],[104.5102,12.22445],[104.49789,12.2375],[104.49637,12.25317],[104.47737,12.25997],[104.46501,12.25008],[104.44064,12.26049],[104.39862,12.25311],[104.38965,12.26434],[104.39111,12.28962],[104.37049,12.29129],[104.3603,12.33012],[104.36474,12.33839],[104.33844,12.35436]]]},"properties":{"shapeName":"Tuek Phos","shapeISO":"","shapeID":"14789045B78465140350357","shapeGroup":"KHM","shapeType":"ADM2"}},
{"type":"Feature","geometry":{"type":"Polygon","coordinates":[[[104.53413,11.30418],[104.51041,11.29326],[104.49049,11.29646],[104.47654,11.316],[104.46411,11.31978],[104.46339,11.30581],[104.45176,11.29373],[104.44605,11.2719],[104.43359,11.24751],[104.40621,11.22617],[104.38659,11.20154],[104.38216,11.16828],[104.39655,11.14743],[104.41028,11.13762],[104.43378,11.12829],[104.44423,11.1321],[104.45996,11.12344],[104.48818,11.12372],[104.50831,11.13148],[104.52911,11.11237],[104.55735,11.09995],[104.57633,11.09709],[104.59607,11.08783],[104.64722,11.083],[104.68503,11.0899],[104.6873,11.12765],[104.68426,11.15592],[104.69034,11.18839],[104.65547,11.19846],[104.63543,11.1983],[104.58313,11.21035],[104.60164,11.23456],[104.58436,11.25016],[104.56157,11.27688],[104.55346,11.2807],[104.53413,11.30418]]]},"properties":{"shapeName":"Basedth","shapeISO":"","shapeID":"14789045B19080448821327","shapeGroup":"KHM","shapeType":"ADM2"}},
{"type":"Feature","geometry":{"type":"Polygon","coordinates":[[[104.4804,11.51515],[104.45647,11.50875],[104.45497,11.48086],[104.46299,11.45372],[104.46909,11.45438],[104.48252,11.43291],[104.514,11.43394],[104.5457,11.43953],[104.56891,11.47225],[104.55539,11.4753],[104.55773,11.49473],[104.5341,11.49084],[104.51315,11.49898],[104.4973,11.51456],[104.4804,11.51515]]]},"properties":{"shapeName":"Chbar Mon","shapeISO":"","shapeID":"14789045B86938515353279","shapeGroup":"KHM","shapeType":"ADM2"}},
{"type":"Feature","geometry":{"type":"Polygon","coordinates":[[[104.69034,11.18839],[104.69258,11.20833],[104.70726,11.28368],[104.71097,11.32115],[104.73283,11.3508],[104.78257,11.40383],[104.78515,11.4157],[104.76112,11.42744],[104.73603,11.42776],[104.72951,11.43653],[104.7028,11.42898],[104.68984,11.43671],[104.68166,11.42254],[104.65575,11.4358],[104.65058,11.40579],[104.64955,11.36021],[104.62258,11.38835],[104.60851,11.38112],[104.59351,11.35816],[104.57513,11.35772],[104.55896,11.33996],[104.53413,11.30418],[104.55346,11.2807],[104.56157,11.27688],[104.58436,11.25016],[104.60164,11.23456],[104.58313,11.21035],[104.63543,11.1983],[104.65547,11.19846],[104.69034,11.18839]]]},"properties":{"shapeName":"Kong Pisei","shapeISO":"","shapeID":"14789045B51909303537300","shapeGroup":"KHM","shapeType":"ADM2"}},
{"type":"Feature","geometry":{"type":"Polygon","coordinates":[[[104.19964,12.07685],[104.19039,12.07052],[104.17478,12.03901],[104.16182,12.04977],[104.12605,12.04759],[104.09337,12.03868],[104.09745,12.022],[104.0918,11.99594],[104.07151,11.96778],[104.0578,11.96842],[104.05032,11.95675],[104.06348,11.92624],[104.04247,11.92183],[104.01876,11.90077],[103.99003,11.90344],[103.97874,11.93052],[103.93953,11.94286],[103.91778,11.93053],[103.91437,11.89073],[103.8915,11.88393],[103.87296,11.8615],[103.87501,11.84893],[103.85766,11.84327],[103.82697,11.83602],[103.80649,11.84029],[103.78703,11.85072],[103.7807,11.83257],[103.78378,11.81017],[103.79294,11.80323],[103.79209,11.78704],[103.77298,11.77045],[103.78298,11.75079],[103.77381,11.71999],[103.78196,11.7022],[103.80046,11.68419],[103.8025,11.66466],[103.79682,11.65381],[103.79498,11.62292],[103.81562,11.61919],[103.8178,11.61932],[103.81844,11.61907],[103.81955,11.61781],[103.83867,11.59534],[103.8634,11.57945],[103.86284,11.57419],[103.88813,11.5581],[103.90537,11.55577],[103.92684,11.53588],[103.93802,11.51629],[103.96918,11.52473],[104.00226,11.52978],[104.01641,11.5175],[104.02508,11.50132],[104.05248,11.49593],[104.0838,11.5098],[104.10029,11.50358],[104.11629,11.51055],[104.13748,11.49846],[104.15773,11.49668],[104.19689,11.48113],[104.21343,11.50521],[104.24754,11.52945],[104.2618,11.51098],[104.2813,11.51591],[104.29394,11.49969],[104.30169,11.52582],[104.30092,11.55022],[104.27422,11.57141],[104.28296,11.59112],[104.30292,11.59931],[104.30357,11.60826],[104.28437,11.61489],[104.28135,11.62484],[104.28656,11.65275],[104.26421,11.6731],[104.26107,11.69265],[104.23459,11.71131],[104.22693,11.72432],[104.22972,11.74224],[104.24358,11.74981],[104.24342,11.94243],[104.25607,11.9561],[104.26343,11.97783],[104.25166,12.00595],[104.21999,12.01487],[104.21,12.03734],[104.19964,12.07685]]]},"properties":{"shapeName":"Aoral","shapeISO":"","shapeID":"14789045B24826472833777","shapeGroup":"KHM","shapeType":"ADM2"}},
{"type":"Feature","geometry":{"type":"Polygon","coordinates":[[[104.62254,11.80185],[104.61789,11.77964],[104.62345,11.74725],[104.61333,11.72545],[104.59748,11.71719],[104.57704,11.72301],[104.56475,11.71167],[104.54363,11.70706],[104.50513,11.70606],[104.50557,11.68685],[104.50063,11.62932],[104.48178,11.62231],[104.46792,11.59801],[104.45345,11.59949],[104.42839,11.58647],[104.41823,11.56888],[104.42687,11.56332],[104.44586,11.55428],[104.46713,11.5644],[104.48444,11.58476],[104.49789,11.58089],[104.52428,11.55811],[104.54382,11.55467],[104.56031,11.56984],[104.57495,11.56916],[104.5941,11.55531],[104.62897,11.55389],[104.67885,11.56029],[104.67807,11.60137],[104.69511,11.66954],[104.72741,11.73272],[104.75101,11.80041],[104.75052,11.82114],[104.73651,11.82628],[104.71063,11.81013],[104.65632,11.80873],[104.62254,11.80185]]]},"properties":{"shapeName":"Odongk","shapeISO":"","shapeID":"14789045B64989528784016","shapeGroup":"KHM","shapeType":"ADM2"}},
{"type":"Feature","geometry":{"type":"Polygon","coordinates":[[[104.46411,11.31978],[104.45036,11.33598],[104.43769,11.34056],[104.44112,11.37907],[104.43767,11.4071],[104.44034,11.43539],[104.42689,11.44665],[104.40342,11.45266],[104.38546,11.44386],[104.36861,11.44991],[104.35859,11.46295],[104.3383,11.46802],[104.30591,11.48304],[104.29394,11.49969],[104.2813,11.51591],[104.2618,11.51098],[104.24754,11.52945],[104.21343,11.50521],[104.19689,11.48113],[104.15773,11.49668],[104.13748,11.49846],[104.11629,11.51055],[104.10029,11.50358],[104.0838,11.5098],[104.05248,11.49593],[104.06456,11.45869],[104.04794,11.44804],[104.04176,11.43589],[104.0439,11.41572],[104.05313,11.40133],[104.05013,11.38555],[104.06193,11.3694],[104.05993,11.3529],[104.04703,11.35105],[104.03998,11.32395],[104.05149,11.27048],[104.02832,11.23334],[104.02303,11.20491],[104.04005,11.20835],[104.04317,11.18667],[104.05307,11.17073],[104.08352,11.17089],[104.12763,11.1593],[104.15812,11.14867],[104.17171,11.12546],[104.19538,11.10125],[104.21355,11.09416],[104.24613,11.09286],[104.29343,11.10481],[104.31245,11.10456],[104.34395,11.14019],[104.3556,11.13704],[104.38808,11.13693],[104.39655,11.14743],[104.38216,11.16828],[104.38659,11.20154],[104.40621,11.22617],[104.43359,11.24751],[104.44605,11.2719],[104.45176,11.29373],[104.46339,11.30581],[104.46411,11.31978]]]},"properties":{"shapeName":"Phnum Sruoch","shapeISO":"","shapeID":"14789045B53817088331996","shapeGroup":"KHM","shapeType":"ADM2"}},
{"type":"Feature","geometry":{"type":"Polygon","coordinates":[[[104.53413,11.30418],[104.55896,11.33996],[104.57513,11.35772],[104.59351,11.35816],[104.60851,11.38112],[104.62258,11.38835],[104.64955,11.36021],[104.65058,11.40579],[104.65575,11.4358],[104.65731,11.448],[104.66882,11.52252],[104.67885,11.56029],[104.62897,11.55389],[104.5941,11.55531],[104.57495,11.56916],[104.56031,11.56984],[104.54382,11.55467],[104.52428,11.55811],[104.49789,11.58089],[104.48444,11.58476],[104.46713,11.5644],[104.44586,11.55428],[104.42687,11.56332],[104.40007,11.56175],[104.37881,11.56626],[104.3713,11.57904],[104.3548,11.58261],[104.33429,11.59557],[104.30357,11.60826],[104.30292,11.59931],[104.28296,11.59112],[104.27422,11.57141],[104.30092,11.55022],[104.30169,11.52582],[104.29394,11.49969],[104.30591,11.48304],[104.3383,11.46802],[104.35859,11.46295],[104.36861,11.44991],[104.38546,11.44386],[104.40342,11.45266],[104.42689,11.44665],[104.44034,11.43539],[104.43767,11.4071],[104.44112,11.37907],[104.43769,11.34056],[104.45036,11.33598],[104.46411,11.31978],[104.47654,11.316],[104.49049,11.29646],[104.51041,11.29326],[104.53413,11.30418]],[[104.4804,11.51515],[104.4973,11.51456],[104.51315,11.49898],[104.5341,11.49084],[104.55773,11.49473],[104.55539,11.4753],[104.56891,11.47225],[104.5457,11.43953],[104.514,11.43394],[104.48252,11.43291],[104.46909,11.45438],[104.46299,11.45372],[104.45497,11.48086],[104.45647,11.50875],[104.4804,11.51515]]]},"properties":{"shapeName":"Samraong Tong","shapeISO":"","shapeID":"14789045B32587408754767","shapeGroup":"KHM","shapeType":"ADM2"}},
{"type":"Feature","geometry":{"type":"Polygon","coordinates":[[[104.43921,11.76068],[104.41762,11.76087],[104.37722,11.76774],[104.35353,11.79429],[104.3383,11.80644],[104.3204,11.84001],[104.32529,11.85369],[104.3065,11.88061],[104.27877,11.89919],[104.26653,11.91231],[104.26772,11.92171],[104.25607,11.9561],[104.24342,11.94243],[104.24358,11.74981],[104.22972,11.74224],[104.22693,11.72432],[104.23459,11.71131],[104.26107,11.69265],[104.26421,11.6731],[104.28656,11.65275],[104.28135,11.62484],[104.28437,11.61489],[104.30357,11.60826],[104.33429,11.59557],[104.3548,11.58261],[104.3713,11.57904],[104.37881,11.56626],[104.40007,11.56175],[104.42687,11.56332],[104.41823,11.56888],[104.42839,11.58647],[104.45345,11.59949],[104.46792,11.59801],[104.48178,11.62231],[104.50063,11.62932],[104.50557,11.68685],[104.50513,11.70606],[104.54363,11.70706],[104.56475,11.71167],[104.57704,11.72301],[104.59748,11.71719],[104.61333,11.72545],[104.62345,11.74725],[104.61789,11.77964],[104.62254,11.80185],[104.5973,11.78996],[104.54392,11.74029],[104.51586,11.7344],[104.48797,11.73533],[104.46747,11.75462],[104.43921,11.76068]]]},"properties":{"shapeName":"Thpong","shapeISO":"","shapeID":"14789045B91455576318571","shapeGroup":"KHM","shapeType":"ADM2"}},
{"type":"Feature","geometry":{"type":"Polygon","coordinates":[[[105.02395,12.21826],[105.05548,12.22601],[105.10165,12.22051],[105.10331,12.2043],[105.12543,12.20803],[105.13394,12.21989],[105.14992,12.2185],[105.16491,12.21048],[105.17313,12.19465],[105.19267,12.18869],[105.20229,12.19964],[105.19858,12.21156],[105.1899,12.24163],[105.19534,12.26465],[105.17249,12.28433],[105.16448,12.31599],[105.16708,12.32636],[105.14997,12.33607],[105.14697,12.3472],[105.13025,12.36589],[105.14388,12.37736],[105.16176,12.38198],[105.17462,12.39593],[105.18965,12.39198],[105.21041,12.39445],[105.22005,12.4019],[105.2373,12.3941],[105.26391,12.39951],[105.27591,12.38434],[105.31656,12.38264],[105.33045,12.36947],[105.33167,12.35718],[105.34613,12.35667],[105.3606,12.36417],[105.37348,12.39291],[105.37439,12.41272],[105.38918,12.43367],[105.3903,12.4534],[105.40267,12.46828],[105.39692,12.48198],[105.37875,12.49328],[105.35144,12.53048],[105.31967,12.52465],[105.28619,12.52849],[105.27121,12.53551],[105.24974,12.52525],[105.23032,12.5289],[105.2176,12.53757],[105.2015,12.53016],[105.1734,12.52496],[105.16297,12.5056],[105.13763,12.49617],[105.1269,12.50383],[105.09767,12.49869],[105.09258,12.50974],[105.05672,12.53184],[105.0426,12.52127],[105.02016,12.51976],[105.00183,12.53767],[104.95742,12.52439],[104.95624,12.49153],[104.96294,12.47904],[104.94618,12.45426],[104.90479,12.45567],[104.90404,12.4414],[104.88529,12.44429],[104.8772,12.42005],[104.88964,12.41308],[104.89156,12.39936],[104.90036,12.36957],[104.8913,12.35563],[104.89363,12.34328],[104.87067,12.32964],[104.85287,12.30287],[104.86155,12.26194],[104.87226,12.23941],[104.90117,12.24521],[104.90454,12.25643],[104.91845,12.26257],[104.94674,12.25877],[104.96191,12.26515],[104.98292,12.25638],[104.98527,12.24281],[105.02395,12.21826]]]},"properties":{"shapeName":"Baray","shapeISO":"","shapeID":"14789045B44673491264626","shapeGroup":"KHM","shapeType":"ADM2"}},
{"type":"Feature","geometry":{"type":"Polygon","coordinates":[[[104.7634,12.54514],[104.74796,12.57327],[104.74779,12.60398],[104.76603,12.62374],[104.76814,12.66353],[104.77787,12.67821],[104.80824,12.6782],[104.82858,12.69557],[104.83002,12.705],[104.8495,12.7045],[104.86585,12.71152],[104.87103,12.73847],[104.89963,12.74211],[104.91977,12.73916],[104.91443,12.72544],[104.91614,12.67985],[104.92898,12.67874],[104.9386,12.6632],[104.96402,12.70619],[104.97678,12.72235],[104.9947,12.7174],[105.03108,12.72689],[105.02956,12.75087],[105.01742,12.77064],[105.02889,12.79379],[105.01843,12.80387],[105.01311,12.82974],[104.99941,12.8471],[105.01414,12.86946],[104.99619,12.86283],[104.97389,12.86659],[104.95719,12.86331],[104.94753,12.83803],[104.93357,12.84679],[104.86846,12.87468],[104.88754,12.90691],[104.88114,12.92392],[104.86262,12.95088],[104.80232,12.95107],[104.76239,12.95304],[104.7489,12.97733],[104.7384,12.98638],[104.73334,12.97634],[104.70091,12.94681],[104.70176,12.92278],[104.68918,12.90733],[104.66978,12.85825],[104.64873,12.83397],[104.63239,12.80133],[104.64068,12.77767],[104.61951,12.7327],[104.62155,12.72155],[104.58209,12.68076],[104.53757,12.68503],[104.51635,12.69725],[104.51378,12.72177],[104.49888,12.74606],[104.4917,12.74078],[104.47231,12.74401],[104.45912,12.72888],[104.47048,12.70476],[104.47511,12.67244],[104.47398,12.64992],[104.465,12.61464],[104.44616,12.60201],[104.46664,12.5814],[104.48336,12.57251],[104.48733,12.56072],[104.47568,12.54523],[104.43426,12.55001],[104.41191,12.56427],[104.40133,12.55666],[104.41028,12.53903],[104.43089,12.53896],[104.45387,12.52497],[104.47651,12.53806],[104.49466,12.54041],[104.5027,12.52148],[104.51494,12.54463],[104.51667,12.56154],[104.54316,12.58243],[104.59406,12.60242],[104.62719,12.60744],[104.65533,12.59419],[104.69449,12.57998],[104.74359,12.55057],[104.7634,12.54514]]]},"properties":{"shapeName":"Kampong Svay","shapeISO":"","shapeID":"14789045B4566000056462","shapeGroup":"KHM","shapeType":"ADM2"}},
{"type":"Feature","geometry":{"type":"Polygon","coordinates":[[[104.81955,12.53137],[104.84997,12.53395],[104.87829,12.52162],[104.90061,12.52506],[104.90975,12.54291],[104.921,12.53912],[104.94139,12.54281],[104.93322,12.56506],[104.9397,12.57721],[104.9562,12.58345],[104.94504,12.61457],[104.94523,12.6458],[104.932,12.64925],[104.9386,12.6632],[104.92898,12.67874],[104.91614,12.67985],[104.91443,12.72544],[104.91977,12.73916],[104.89963,12.74211],[104.87103,12.73847],[104.86585,12.71152],[104.8495,12.7045],[104.83002,12.705],[104.82858,12.69557],[104.80824,12.6782],[104.77787,12.67821],[104.76814,12.66353],[104.76603,12.62374],[104.74779,12.60398],[104.74796,12.57327],[104.7634,12.54514],[104.81955,12.53137]]]},"properties":{"shapeName":"Stueng Saen","shapeISO":"","shapeID":"14789045B79526031906839","shapeGroup":"KHM","shapeType":"ADM2"}},
{"type":"Feature","geometry":{"type":"Polygon","coordinates":[[[105.01414,12.86946],[105.01447,12.89154],[105.03358,12.91222],[105.03101,12.96271],[105.0352,12.98615],[105.04934,13.01665],[105.06093,13.02324],[105.07874,13.01745],[105.07422,13.02857],[105.075,13.07387],[105.07018,13.12114],[105.00499,13.07349],[104.97706,13.05619],[104.95256,13.05844],[104.93365,13.0763],[104.90859,13.10812],[104.904,13.12313],[104.88719,13.142],[104.88834,13.15775],[104.87776,13.16808],[104.87302,13.1941],[104.87503,13.21943],[104.88178,13.23803],[104.89216,13.24896],[104.90277,13.28285],[104.8937,13.30704],[104.88757,13.30996],[104.85233,13.3063],[104.83528,13.30922],[104.79367,13.30455],[104.7763,13.30198],[104.76213,13.31411],[104.74307,13.31368],[104.72519,13.30445],[104.71468,13.30708],[104.6735,13.2831],[104.67312,13.25189],[104.66711,13.21978],[104.67711,13.19735],[104.70274,13.19152],[104.70068,13.16784],[104.63122,13.10663],[104.63023,13.0909],[104.61868,13.06491],[104.62422,13.05937],[104.65692,13.06112],[104.65762,13.03457],[104.65033,13.02512],[104.6322,13.01742],[104.6349,12.99818],[104.65203,12.97898],[104.66212,12.95575],[104.70815,12.9724],[104.71399,12.98508],[104.7384,12.98638],[104.7489,12.97733],[104.76239,12.95304],[104.80232,12.95107],[104.86262,12.95088],[104.88114,12.92392],[104.88754,12.90691],[104.86846,12.87468],[104.93357,12.84679],[104.94753,12.83803],[104.95719,12.86331],[104.97389,12.86659],[104.99619,12.86283],[105.01414,12.86946]]]},"properties":{"shapeName":"Prasat Ballangk","shapeISO":"","shapeID":"14789045B6687253744380","shapeGroup":"KHM","shapeType":"ADM2"}},
{"type":"Feature","geometry":{"type":"Polygon","coordinates":[[[105.03108,12.72689],[105.03241,12.70299],[105.07147,12.7259],[105.10778,12.75754],[105.26017,12.75732],[105.27661,12.77227],[105.2924,12.77644],[105.29782,12.78823],[105.29106,12.81178],[105.26941,12.83454],[105.27488,12.84618],[105.27546,12.87134],[105.2822,12.8907],[105.27997,12.91732],[105.27297,12.92082],[105.27082,12.95067],[105.2625,12.96547],[105.2225,12.96433],[105.20385,12.95612],[105.19627,12.94573],[105.18078,12.94212],[105.18097,12.95647],[105.16784,12.97031],[105.15847,12.99167],[105.14768,12.99455],[105.12436,13.01886],[105.07874,13.01745],[105.06093,13.02324],[105.04934,13.01665],[105.0352,12.98615],[105.03101,12.96271],[105.03358,12.91222],[105.01447,12.89154],[105.01414,12.86946],[104.99941,12.8471],[105.01311,12.82974],[105.01843,12.80387],[105.02889,12.79379],[105.01742,12.77064],[105.02956,12.75087],[105.03108,12.72689]]]},"properties":{"shapeName":"Prasat Sambour","shapeISO":"","shapeID":"14789045B86193170261556","shapeGroup":"KHM","shapeType":"ADM2"}},
{"type":"Feature","geometry":{"type":"Polygon","coordinates":[[[105.07874,13.01745],[105.12436,13.01886],[105.14768,12.99455],[105.15847,12.99167],[105.16784,12.97031],[105.18097,12.95647],[105.18078,12.94212],[105.19627,12.94573],[105.20385,12.95612],[105.2225,12.96433],[105.2625,12.96547],[105.27082,12.95067],[105.27297,12.92082],[105.27997,12.91732],[105.2822,12.8907],[105.27546,12.87134],[105.27488,12.84618],[105.26941,12.83454],[105.29106,12.81178],[105.29782,12.78823],[105.2924,12.77644],[105.3126,12.78139],[105.36057,12.77845],[105.39058,12.79023],[105.41257,12.80554],[105.41797,12.80114],[105.44555,12.80304],[105.45688,12.79725],[105.49908,12.79817],[105.54516,12.7912],[105.57217,12.79974],[105.59166,12.79638],[105.61962,12.81013],[105.65235,12.808],[105.6605,12.79451],[105.67976,12.79032],[105.68483,12.81052],[105.67115,12.83046],[105.68437,12.84619],[105.6903,12.8655],[105.67821,12.89584],[105.66143,12.90351],[105.655,12.92182],[105.6704,12.93396],[105.67666,12.95674],[105.6626,12.9694],[105.64931,12.97309],[105.64271,12.98685],[105.64946,13.00673],[105.63096,13.05891],[105.63569,13.06444],[105.64791,13.10377],[105.63514,13.13001],[105.61391,13.14123],[105.60466,13.15234],[105.59956,13.18129],[105.58801,13.20968],[105.58902,13.23035],[105.58714,13.25069],[105.56873,13.26993],[105.54889,13.27799],[105.5513,13.29633],[105.55016,13.34805],[105.54572,13.36853],[105.5514,13.38922],[105.55153,13.409],[105.54056,13.4437],[105.53764,13.44956],[105.5244,13.43345],[105.48008,13.42141],[105.44825,13.40166],[105.39947,13.38464],[105.35913,13.36379],[105.34482,13.34431],[105.32251,13.32241],[105.27882,13.27422],[105.23706,13.25735],[105.19211,13.22985],[105.17738,13.21129],[105.16699,13.18806],[105.15489,13.17379],[105.12054,13.14768],[105.07018,13.12114],[105.075,13.07387],[105.07422,13.02857],[105.07874,13.01745]]]},"properties":{"shapeName":"Sandan","shapeISO":"","shapeID":"14789045B38871502259240","shapeGroup":"KHM","shapeType":"ADM2"}},
{"type":"Feature","geometry":{"type":"Polygon","coordinates":[[[105.73456,12.49978],[105.72927,12.54868],[105.72282,12.56439],[105.71725,12.59611],[105.72275,12.63331],[105.71254,12.69265],[105.69747,12.71049],[105.69182,12.7268],[105.69719,12.74803],[105.69034,12.75538],[105.67976,12.79032],[105.6605,12.79451],[105.65235,12.808],[105.61962,12.81013],[105.59166,12.79638],[105.57217,12.79974],[105.54516,12.7912],[105.49908,12.79817],[105.45688,12.79725],[105.44555,12.80304],[105.41797,12.80114],[105.41257,12.80554],[105.39058,12.79023],[105.36057,12.77845],[105.3126,12.78139],[105.2924,12.77644],[105.27661,12.77227],[105.26017,12.75732],[105.10778,12.75754],[105.07147,12.7259],[105.03241,12.70299],[105.03108,12.72689],[104.9947,12.7174],[104.97678,12.72235],[104.96402,12.70619],[104.9386,12.6632],[104.932,12.64925],[104.94523,12.6458],[104.94504,12.61457],[104.9562,12.58345],[104.9397,12.57721],[104.93322,12.56506],[104.94139,12.54281],[104.921,12.53912],[104.90975,12.54291],[104.90061,12.52506],[104.87829,12.52162],[104.84997,12.53395],[104.81955,12.53137],[104.8285,12.52149],[104.81823,12.4817],[104.83277,12.45621],[104.8429,12.44959],[104.84144,12.43316],[104.86188,12.42981],[104.8671,12.41102],[104.85978,12.38903],[104.86518,12.37011],[104.8846,12.38284],[104.89156,12.39936],[104.88964,12.41308],[104.8772,12.42005],[104.88529,12.44429],[104.90404,12.4414],[104.90479,12.45567],[104.94618,12.45426],[104.96294,12.47904],[104.95624,12.49153],[104.95742,12.52439],[105.00183,12.53767],[105.02016,12.51976],[105.0426,12.52127],[105.05672,12.53184],[105.09258,12.50974],[105.09767,12.49869],[105.1269,12.50383],[105.13763,12.49617],[105.16297,12.5056],[105.1734,12.52496],[105.2015,12.53016],[105.2176,12.53757],[105.23032,12.5289],[105.24974,12.52525],[105.27121,12.53551],[105.28619,12.52849],[105.31967,12.52465],[105.35144,12.53048],[105.37875,12.49328],[105.39692,12.48198],[105.435,12.48907],[105.44981,12.48688],[105.45253,12.4758],[105.46998,12.47323],[105.48438,12.46366],[105.48769,12.45205],[105.52406,12.45562],[105.52493,12.46374],[105.54741,12.49241],[105.63572,12.4949],[105.67288,12.49009],[105.7053,12.49446],[105.71683,12.50131],[105.73456,12.49978]]]},"properties":{"shapeName":"Santuk","shapeISO":"","shapeID":"14789045B50738302536957","shapeGroup":"KHM","shapeType":"ADM2"}},
{"type":"Feature","geometry":{"type":"Polygon","coordinates":[[[104.7384,12.98638],[104.71399,12.98508],[104.70815,12.9724],[104.66212,12.95575],[104.65203,12.97898],[104.6349,12.99818],[104.6322,13.01742],[104.65033,13.02512],[104.65762,13.03457],[104.65692,13.06112],[104.62422,13.05937],[104.61868,13.06491],[104.63023,13.0909],[104.63122,13.10663],[104.70068,13.16784],[104.70274,13.19152],[104.67711,13.19735],[104.66711,13.21978],[104.67312,13.25189],[104.6735,13.2831],[104.61555,13.26084],[104.56486,13.25135],[104.54915,13.20702],[104.51012,13.19427],[104.47889,13.1762],[104.47153,13.15466],[104.47082,13.08761],[104.46592,13.04801],[104.45409,13.04358],[104.4526,13.02062],[104.46081,13.01472],[104.43681,12.98427],[104.42301,12.98605],[104.40202,12.95785],[104.39148,12.95493],[104.37348,12.93605],[104.36259,12.90401],[104.33552,12.89581],[104.30373,12.87782],[104.28138,12.87587],[104.27695,12.8647],[104.24665,12.83544],[104.21027,12.78314],[104.22235,12.74447],[104.2562,12.73265],[104.31002,12.7326],[104.38002,12.75509],[104.40514,12.75871],[104.42714,12.75279],[104.45069,12.74043],[104.45912,12.72888],[104.47231,12.74401],[104.4917,12.74078],[104.49888,12.74606],[104.51378,12.72177],[104.51635,12.69725],[104.53757,12.68503],[104.58209,12.68076],[104.62155,12.72155],[104.61951,12.7327],[104.64068,12.77767],[104.63239,12.80133],[104.64873,12.83397],[104.66978,12.85825],[104.68918,12.90733],[104.70176,12.92278],[104.70091,12.94681],[104.73334,12.97634],[104.7384,12.98638]]]},"properties":{"shapeName":"Stoung","shapeISO":"","shapeID":"14789045B61102121423301","shapeGroup":"KHM","shapeType":"ADM2"}},
{"type":"Feature","geometry":{"type":"Polygon","coordinates":[[[104.6728,10.89943],[104.65756,10.90645],[104.61815,10.90238],[104.58589,10.88633],[104.56199,10.88802],[104.55789,10.85297],[104.56661,10.83894],[104.56106,10.82504],[104.53172,10.8286],[104.53489,10.81271],[104.52956,10.77939],[104.5344,10.76243],[104.5483,10.76543],[104.56026,10.74623],[104.58608,10.74979],[104.59031,10.75965],[104.60931,10.75225],[104.62302,10.75605],[104.62683,10.73534],[104.6392,10.72649],[104.63565,10.67947],[104.66173,10.6845],[104.67259,10.69199],[104.67281,10.7002],[104.69731,10.73261],[104.70268,10.76286],[104.72708,10.78059],[104.70594,10.80671],[104.70625,10.83414],[104.69816,10.85943],[104.6728,10.89943]]]},"properties":{"shapeName":"Angkor Chey","shapeISO":"","shapeID":"14789045B76666331169485","shapeGroup":"KHM","shapeType":"ADM2"}},
{"type":"Feature","geometry":{"type":"Polygon","coordinates":[[[104.52956,10.77939],[104.51022,10.77031],[104.51152,10.71916],[104.53173,10.70625],[104.51484,10.69432],[104.51134,10.67523],[104.5112,10.62569],[104.52042,10.60634],[104.53604,10.59651],[104.53829,10.57097],[104.54544,10.56294],[104.57697,10.55491],[104.59889,10.53293],[104.61698,10.52733],[104.64636,10.52914],[104.64812,10.53962],[104.69389,10.53703],[104.71334,10.53123],[104.71276,10.5793],[104.7069,10.58373],[104.71153,10.60537],[104.70753,10.61919],[104.67362,10.62133],[104.67692,10.63594],[104.67259,10.69199],[104.66173,10.6845],[104.63565,10.67947],[104.6392,10.72649],[104.62683,10.73534],[104.62302,10.75605],[104.60931,10.75225],[104.59031,10.75965],[104.58608,10.74979],[104.56026,10.74623],[104.5483,10.76543],[104.5344,10.76243],[104.52956,10.77939]]]},"properties":{"shapeName":"Banteay Meas","shapeISO":"","shapeID":"14789045B96186957930453","shapeGroup":"KHM","shapeType":"ADM2"}},
{"type":"Feature","geometry":{"type":"Polygon","coordinates":[[[104.05307,11.17073],[104.07085,11.14591],[104.06944,11.10792],[104.07713,11.07322],[104.0592,11.06062],[104.07508,11.04217],[104.0698,11.0276],[104.06781,11.01922],[104.07886,10.99787],[104.08976,10.99306],[104.08674,10.94356],[104.09921,10.89985],[104.09815,10.87828],[104.11329,10.85071],[104.1254,10.81247],[104.23298,10.81264],[104.24615,10.82122],[104.24639,10.79455],[104.28303,10.79018],[104.3018,10.76185],[104.32713,10.7858],[104.37161,10.76736],[104.38998,10.79096],[104.42748,10.77474],[104.47272,10.76371],[104.51022,10.77031],[104.52956,10.77939],[104.53489,10.81271],[104.53172,10.8286],[104.56106,10.82504],[104.56661,10.83894],[104.55789,10.85297],[104.56199,10.88802],[104.53585,10.88699],[104.52228,10.89426],[104.49573,10.8866],[104.47869,10.88771],[104.45966,10.87931],[104.43571,10.89016],[104.42411,10.88527],[104.3991,10.85013],[104.38347,10.85092],[104.35322,10.86981],[104.35712,10.88317],[104.35494,11.00283],[104.3556,11.13704],[104.34395,11.14019],[104.31245,11.10456],[104.29343,11.10481],[104.24613,11.09286],[104.21355,11.09416],[104.19538,11.10125],[104.17171,11.12546],[104.15812,11.14867],[104.12763,11.1593],[104.08352,11.17089],[104.05307,11.17073]]]},"properties":{"shapeName":"Chhuk","shapeISO":"","shapeID":"14789045B28419059899901","shapeGroup":"KHM","shapeType":"ADM2"}},
{"type":"Feature","geometry":{"type":"Polygon","coordinates":[[[104.39655,11.14743],[104.38808,11.13693],[104.3556,11.13704],[104.35494,11.00283],[104.35712,10.88317],[104.35322,10.86981],[104.38347,10.85092],[104.3991,10.85013],[104.42411,10.88527],[104.43571,10.89016],[104.45966,10.87931],[104.47869,10.88771],[104.49573,10.8866],[104.52228,10.89426],[104.5411,10.9305],[104.54152,10.96393],[104.53815,10.98727],[104.52152,11.02672],[104.49954,11.05835],[104.46841,11.05696],[104.45504,11.06988],[104.43056,11.08178],[104.41027,11.0775],[104.41028,11.13762],[104.39655,11.14743]]]},"properties":{"shapeName":"Chum Kiri","shapeISO":"","shapeID":"14789045B68575836208797","shapeGroup":"KHM","shapeType":"ADM2"}},
{"type":"Feature","geometry":{"type":"Polygon","coordinates":[[[104.51022,10.77031],[104.47272,10.76371],[104.42748,10.77474],[104.38998,10.79096],[104.37161,10.76736],[104.32713,10.7858],[104.3018,10.76185],[104.31292,10.74263],[104.31212,10.71851],[104.3223,10.70572],[104.34625,10.69275],[104.36341,10.69752],[104.36172,10.67224],[104.37688,10.62823],[104.41821,10.63144],[104.46987,10.62359],[104.47239,10.63308],[104.50775,10.62092],[104.52042,10.60634],[104.5112,10.62569],[104.51134,10.67523],[104.51484,10.69432],[104.53173,10.70625],[104.51152,10.71916],[104.51022,10.77031]]]},"properties":{"shapeName":"Dang Tong","shapeISO":"","shapeID":"14789045B85539457385801","shapeGroup":"KHM","shapeType":"ADM2"}},
{"type":"Feature","geometry":{"type":"Polygon","coordinates":[[[104.52042,10.60634],[104.50775,10.62092],[104.47239,10.63308],[104.46987,10.62359],[104.41821,10.63144],[104.37688,10.62823],[104.37858,10.59996],[104.36385,10.58761],[104.36195,10.57781],[104.38453,10.5704],[104.38491,10.54249],[104.39769,10.52651],[104.41298,10.51979],[104.42106,10.49048],[104.41118,10.48724],[104.42327,10.4529],[104.4157,10.44557],[104.4392,10.42312],[104.47917,10.43066],[104.4986,10.40474],[104.5185,10.44081],[104.54239,10.44825],[104.55756,10.47295],[104.55942,10.49253],[104.58272,10.50424],[104.58738,10.52802],[104.59889,10.53293],[104.57697,10.55491],[104.54544,10.56294],[104.53829,10.57097],[104.53604,10.59651],[104.52042,10.60634]]]},"properties":{"shapeName":"Kampong Trach","shapeISO":"","shapeID":"14789045B82018402727436","shapeGroup":"KHM","shapeType":"ADM2"}},
{"type":"Feature","geometry":{"type":"Polygon","coordinates":[[[104.0698,11.0276],[104.04594,11.0134],[104.02202,11.00933],[104.01723,11.02022],[103.99581,11.02015],[103.97253,10.99368],[103.93828,10.97101],[103.91611,10.95318],[103.93363,10.94171],[103.93201,10.89955],[103.92466,10.89692],[103.91778,10.87646],[103.92951,10.86752],[103.92644,10.84515],[103.94555,10.82153],[103.93331,10.80236],[103.93427,10.77949],[103.92184,10.76852],[103.92415,10.74918],[103.94564,10.71225],[103.95721,10.7077],[103.96751,10.67039],[103.95276,10.62351],[103.93915,10.62084],[103.92157,10.60828],[103.93969,10.58753],[103.97687,10.58308],[103.99318,10.57177],[104.00963,10.56958],[104.0498,10.54902],[104.08116,10.55005],[104.09994,10.54668],[104.13427,10.56325],[104.15328,10.5593],[104.17188,10.57904],[104.14833,10.58989],[104.12568,10.6166],[104.11894,10.63121],[104.13889,10.64001],[104.16878,10.63933],[104.16732,10.62386],[104.19189,10.62831],[104.19685,10.6107],[104.18823,10.59317],[104.21356,10.56993],[104.22883,10.56688],[104.24385,10.5716],[104.26617,10.54971],[104.27596,10.59089],[104.29291,10.57622],[104.31998,10.57297],[104.36193,10.57776],[104.36195,10.57781],[104.36385,10.58761],[104.37858,10.59996],[104.37688,10.62823],[104.36172,10.67224],[104.36341,10.69752],[104.34625,10.69275],[104.3223,10.70572],[104.31212,10.71851],[104.31292,10.74263],[104.3018,10.76185],[104.28303,10.79018],[104.24639,10.79455],[104.24615,10.82122],[104.23298,10.81264],[104.1254,10.81247],[104.11329,10.85071],[104.09815,10.87828],[104.09921,10.89985],[104.08674,10.94356],[104.08976,10.99306],[104.07886,10.99787],[104.06781,11.01922],[104.0698,11.0276]]]},"properties":{"shapeName":"Tuek Chhou","shapeISO":"","shapeID":"14789045B84051189014149","shapeGroup":"KHM","shapeType":"ADM2"}},
{"type":"Feature","geometry":{"type":"Polygon","coordinates":[[[104.15328,10.5593],[104.17815,10.54326],[104.19769,10.5582],[104.21336,10.55723],[104.21356,10.56993],[104.18823,10.59317],[104.19685,10.6107],[104.19189,10.62831],[104.16732,10.62386],[104.16878,10.63933],[104.13889,10.64001],[104.11894,10.63121],[104.12568,10.6166],[104.14833,10.58989],[104.17188,10.57904],[104.15328,10.5593]]]},"properties":{"shapeName":"Kampot","shapeISO":"","shapeID":"14789045B30101496421605","shapeGroup":"KHM","shapeType":"ADM2"}},
{"type":"Feature","geometry":{"type":"Polygon","coordinates":[[[104.73283,11.3508],[104.75629,11.33673],[104.77134,11.34581],[104.80053,11.35304],[104.83495,11.34198],[104.85299,11.34169],[104.86723,11.35133],[104.89379,11.34965],[104.9131,11.34051],[104.91918,11.32903],[104.93488,11.32909],[104.93206,11.36185],[104.95142,11.3781],[104.95956,11.39471],[104.94942,11.41932],[104.94104,11.42848],[104.92259,11.4288],[104.90569,11.43573],[104.87344,11.42249],[104.85217,11.43035],[104.81602,11.43081],[104.80146,11.434],[104.78098,11.456],[104.77468,11.46215],[104.7443,11.45459],[104.71428,11.45437],[104.71067,11.44461],[104.6679,11.45812],[104.65731,11.448],[104.65575,11.4358],[104.68166,11.42254],[104.68984,11.43671],[104.7028,11.42898],[104.72951,11.43653],[104.73603,11.42776],[104.76112,11.42744],[104.78515,11.4157],[104.78257,11.40383],[104.73283,11.3508]]]},"properties":{"shapeName":"Kandal Stueng","shapeISO":"","shapeID":"14789045B57201426085250","shapeGroup":"KHM","shapeType":"ADM2"}},
{"type":"Feature","geometry":{"type":"Polygon","coordinates":[[[105.27545,11.30649],[105.27172,11.3309],[105.26012,11.35774],[105.25553,11.39053],[105.24696,11.40704],[105.17353,11.45871],[105.15191,11.47832],[105.11056,11.50065],[105.07247,11.52673],[105.04178,11.53904],[105.02628,11.51567],[105.02882,11.46542],[105.04506,11.45782],[105.05308,11.44475],[105.05271,11.4264],[105.04005,11.41353],[105.08458,11.39346],[105.11082,11.3672],[105.15626,11.3657],[105.167,11.3578],[105.16886,11.32182],[105.19576,11.32838],[105.2334,11.32443],[105.2414,11.31727],[105.25699,11.31979],[105.27545,11.30649]]]},"properties":{"shapeName":"Kien Svay","shapeISO":"","shapeID":"14789045B56719191672618","shapeGroup":"KHM","shapeType":"ADM2"}},
{"type":"Feature","geometry":{"type":"Polygon","coordinates":[[[105.02214,11.85219],[104.99153,11.83298],[104.97939,11.81556],[104.98426,11.80257],[104.9994,11.79955],[105.01677,11.78293],[105.01279,11.76386],[104.97582,11.72324],[104.96837,11.71099],[104.95878,11.67865],[104.93756,11.64235],[104.93228,11.62235],[104.94507,11.57587],[104.97385,11.5829],[104.99136,11.57525],[105.01794,11.58696],[105.02545,11.59986],[105.02259,11.6159],[105.01342,11.6267],[105.0301,11.64391],[105.05868,11.6282],[105.06145,11.64307],[105.08071,11.63498],[105.08329,11.61841],[105.09525,11.60339],[105.09973,11.57587],[105.11077,11.55851],[105.11827,11.562],[105.11208,11.61321],[105.10414,11.6203],[105.11114,11.64164],[105.13221,11.65128],[105.12123,11.66986],[105.12889,11.67726],[105.13388,11.69947],[105.15657,11.70806],[105.15447,11.72693],[105.16024,11.73552],[105.14383,11.73456],[105.12563,11.74144],[105.10699,11.73463],[105.09599,11.737],[105.08795,11.75035],[105.04946,11.75212],[105.04668,11.77506],[105.05343,11.80176],[105.06351,11.81868],[105.04842,11.83249],[105.03894,11.84996],[105.02214,11.85219]]]},"properties":{"shapeName":"Khsach Kandal","shapeISO":"","shapeID":"14789045B32248598745823","shapeGroup":"KHM","shapeType":"ADM2"}},
{"type":"Feature","geometry":{"type":"Polygon","coordinates":[[[105.16123,11.24268],[105.10352,11.24168],[105.05322,11.24412],[105.03571,11.24121],[105.03708,11.21761],[105.04744,11.20518],[105.03426,11.18919],[105.01981,11.18221],[105.01853,11.17254],[105.02122,11.14881],[105.01632,11.1362],[105.01786,11.10066],[105.00677,11.07809],[104.9925,11.0362],[104.9979,11.02845],[104.99085,11.00518],[105.00532,10.9954],[105.02972,10.99164],[105.03107,10.96145],[105.04259,10.92715],[105.03225,10.90756],[105.0369,10.89693],[105.04184,10.91128],[105.05333,10.91648],[105.05382,10.9304],[105.06699,10.9388],[105.07914,10.93642],[105.08022,10.95463],[105.10919,10.96168],[105.11781,10.94739],[105.10374,10.92762],[105.10669,10.91921],[105.12956,10.92141],[105.1453,10.93776],[105.15065,10.95165],[105.15082,10.97785],[105.12781,11.01926],[105.1409,11.03058],[105.14203,11.07509],[105.13802,11.08684],[105.16117,11.12315],[105.1609,11.15642],[105.15155,11.16541],[105.15165,11.20366],[105.16242,11.22054],[105.16123,11.24268]]]},"properties":{"shapeName":"Kaoh Thum","shapeISO":"","shapeID":"14789045B38672734120910","shapeGroup":"KHM","shapeType":"ADM2"}},
{"type":"Feature","geometry":{"type":"Polygon","coordinates":[[[105.16886,11.32182],[105.16107,11.29922],[105.16123,11.24268],[105.16242,11.22054],[105.15165,11.20366],[105.15155,11.16541],[105.1609,11.15642],[105.16117,11.12315],[105.13802,11.08684],[105.14203,11.07509],[105.1409,11.03058],[105.12781,11.01926],[105.15082,10.97785],[105.15065,10.95165],[105.1453,10.93776],[105.12956,10.92141],[105.15501,10.92333],[105.1896,10.91183],[105.18375,10.95603],[105.19692,11.02749],[105.19433,11.08771],[105.22295,11.11525],[105.23415,11.1302],[105.24532,11.16157],[105.2461,11.18901],[105.26224,11.20278],[105.27163,11.22618],[105.28108,11.25172],[105.27545,11.30649],[105.25699,11.31979],[105.2414,11.31727],[105.2334,11.32443],[105.19576,11.32838],[105.16886,11.32182]]]},"properties":{"shapeName":"Leuk Daek","shapeISO":"","shapeID":"14789045B16500497794809","shapeGroup":"KHM","shapeType":"ADM2"}},
{"type":"Feature","geometry":{"type":"Polygon","coordinates":[[[105.25553,11.39053],[105.28333,11.40857],[105.29218,11.41916],[105.29702,11.4249],[105.28273,11.4424],[105.25544,11.45139],[105.22687,11.47326],[105.22745,11.48617],[105.21057,11.4977],[105.19852,11.52043],[105.17568,11.51963],[105.1589,11.53181],[105.14618,11.52689],[105.12783,11.53691],[105.12979,11.55313],[105.1201,11.55816],[105.11827,11.562],[105.11077,11.55851],[105.09973,11.57587],[105.09525,11.60339],[105.08329,11.61841],[105.08071,11.63498],[105.06145,11.64307],[105.05868,11.6282],[105.0301,11.64391],[105.01342,11.6267],[105.02259,11.6159],[105.02545,11.59986],[105.01794,11.58696],[104.99136,11.57525],[104.97385,11.5829],[104.94507,11.57587],[104.94662,11.56197],[104.95251,11.55771],[104.97602,11.54609],[105.01952,11.54352],[105.04178,11.53904],[105.07247,11.52673],[105.11056,11.50065],[105.15191,11.47832],[105.17353,11.45871],[105.24696,11.40704],[105.25553,11.39053]]]},"properties":{"shapeName":"Lvea Aem","shapeISO":"","shapeID":"14789045B58645721856410","shapeGroup":"KHM","shapeType":"ADM2"}},
{"type":"Feature","geometry":{"type":"Polygon","coordinates":[[[104.87751,11.81924],[104.88832,11.79854],[104.87556,11.7685],[104.88203,11.74922],[104.86676,11.73897],[104.85998,11.71314],[104.86319,11.68118],[104.85519,11.67659],[104.86063,11.66923],[104.89965,11.67242],[104.90044,11.69145],[104.91655,11.71779],[104.91745,11.73632],[104.94548,11.73447],[104.95901,11.71506],[104.96837,11.71099],[104.97582,11.72324],[105.01279,11.76386],[105.01677,11.78293],[104.9994,11.79955],[104.98426,11.80257],[104.97939,11.81556],[104.99153,11.83298],[105.02214,11.85219],[105.004,11.85511],[104.99801,11.87319],[104.98653,11.88105],[104.97532,11.86481],[104.9631,11.85718],[104.94932,11.86142],[104.93983,11.83386],[104.93159,11.83037],[104.91885,11.80949],[104.90399,11.80826],[104.88467,11.82507],[104.87751,11.81924]]]},"properties":{"shapeName":"Mukh Kampul","shapeISO":"","shapeID":"14789045B82229492070205","shapeGroup":"KHM","shapeType":"ADM2"}},
{"type":"Feature","geometry":{"type":"Polygon","coordinates":[[[104.67885,11.56029],[104.66882,11.52252],[104.65731,11.448],[104.6679,11.45812],[104.71067,11.44461],[104.71428,11.45437],[104.7443,11.45459],[104.7449,11.47803],[104.7681,11.50211],[104.76818,11.51861],[104.75599,11.53091],[104.74501,11.52912],[104.73976,11.54577],[104.72791,11.54406],[104.71936,11.56239],[104.73468,11.58151],[104.73159,11.5919],[104.74733,11.65989],[104.73018,11.68251],[104.71052,11.68216],[104.69511,11.66954],[104.67807,11.60137],[104.67885,11.56029]]]},"properties":{"shapeName":"Angk Snuol","shapeISO":"","shapeID":"14789045B83714084538428","shapeGroup":"KHM","shapeType":"ADM2"}},
{"type":"Feature","geometry":{"type":"Polygon","coordinates":[[[104.82124,11.88626],[104.81028,11.89431],[104.77204,11.88736],[104.76395,11.88096],[104.76909,11.86197],[104.78235,11.83912],[104.75716,11.82762],[104.73651,11.82628],[104.75052,11.82114],[104.75101,11.80041],[104.72741,11.73272],[104.69511,11.66954],[104.71052,11.68216],[104.73018,11.68251],[104.74733,11.65989],[104.75312,11.66605],[104.79705,11.67151],[104.81696,11.6883],[104.81528,11.7038],[104.82292,11.71541],[104.84004,11.71561],[104.85519,11.67659],[104.86319,11.68118],[104.85998,11.71314],[104.86676,11.73897],[104.88203,11.74922],[104.87556,11.7685],[104.88832,11.79854],[104.87751,11.81924],[104.8551,11.83322],[104.85175,11.82581],[104.83118,11.82637],[104.83678,11.869],[104.82124,11.88626]]]},"properties":{"shapeName":"Ponhea Lueu","shapeISO":"","shapeID":"14789045B73499055416904","shapeGroup":"KHM","shapeType":"ADM2"}},
{"type":"Feature","geometry":{"type":"Polygon","coordinates":[[[104.93488,11.32909],[104.93947,11.29844],[104.927,11.26882],[104.93516,11.24806],[104.94457,11.23997],[104.98052,11.22104],[104.98523,11.20382],[104.97956,11.18316],[104.98656,11.17367],[105.01853,11.17254],[105.01981,11.18221],[105.03426,11.18919],[105.04744,11.20518],[105.03708,11.21761],[105.03571,11.24121],[105.05322,11.24412],[105.10352,11.24168],[105.16123,11.24268],[105.16107,11.29922],[105.16886,11.32182],[105.167,11.3578],[105.15626,11.3657],[105.11082,11.3672],[105.08458,11.39346],[105.04005,11.41353],[105.05271,11.4264],[105.05308,11.44475],[105.04506,11.45782],[105.02882,11.46542],[104.97358,11.46268],[104.96003,11.45529],[104.97252,11.43239],[104.9595,11.43257],[104.94942,11.41932],[104.95956,11.39471],[104.95142,11.3781],[104.93206,11.36185],[104.93488,11.32909]]]},"properties":{"shapeName":"S'ang","shapeISO":"","shapeID":"14789045B53905428212695","shapeGroup":"KHM","shapeType":"ADM2"}},
{"type":"Feature","geometry":{"type":"Polygon","coordinates":[[[104.94942,11.41932],[104.9595,11.43257],[104.97252,11.43239],[104.96003,11.45529],[104.97358,11.46268],[104.96199,11.46708],[104.94677,11.49386],[104.92138,11.4845],[104.91822,11.46658],[104.92259,11.4288],[104.94104,11.42848],[104.94942,11.41932]]]},"properties":{"shapeName":"Ta Khmau","shapeISO":"","shapeID":"14789045B91886008467417","shapeGroup":"KHM","shapeType":"ADM2"}},
{"type":"Feature","geometry":{"type":"MultiPolygon","coordinates":[[[[103.18634,10.83337],[103.1733,10.82994],[103.17656,10.81678],[103.19634,10.82115],[103.18634,10.83337]]],[[[103.57102,11.28201],[103.45643,11.26624],[103.47153,11.28327],[103.47853,11.30281],[103.46509,11.31199],[103.44504,11.31251],[103.43699,11.30697],[103.41729,11.3167],[103.40643,11.29549],[103.39298,11.28757],[103.38839,11.27564],[103.37357,11.27361],[103.36607,11.26135],[103.35867,11.22958],[103.34826,11.24013],[103.33544,11.22969],[103.30729,11.21785],[103.2968,11.20215],[103.28152,11.19724],[103.29975,11.18054],[103.30781,11.16362],[103.27777,11.11216],[103.27669,11.09776],[103.26365,11.08469],[103.26047,11.06619],[103.24649,11.05534],[103.21846,11.05785],[103.21794,11.03302],[103.2248,11.0086],[103.23937,10.99303],[103.21333,10.9734],[103.17526,10.96154],[103.18256,10.93421],[103.165,10.92461],[103.15609,10.90638],[103.16827,10.88418],[103.18375,10.87185],[103.2055,10.87935],[103.22845,10.89753],[103.24386,10.91866],[103.25805,10.92351],[103.30118,10.91555],[103.3355,10.89969],[103.34807,10.88643],[103.35459,10.86924],[103.36763,10.8805],[103.38708,10.87593],[103.40795,10.89262],[103.42523,10.89565],[103.41959,10.91044],[103.4207,10.92796],[103.40997,10.95773],[103.42272,10.98504],[103.42604,11.00589],[103.44641,11.04352],[103.45017,11.07352],[103.46607,11.08697],[103.46634,11.10519],[103.45497,11.11636],[103.46584,11.12397],[103.47419,11.14392],[103.48681,11.14832],[103.51382,11.16854],[103.55313,11.16551],[103.58603,11.1593],[103.59957,11.17615],[103.59126,11.19299],[103.5999,11.22625],[103.60324,11.25314],[103.57102,11.28201]]]]},"properties":{"shapeName":"Botum Sakor","shapeISO":"","shapeID":"14789045B91136996845349","shapeGroup":"KHM","shapeType":"ADM2"}},
{"type":"Feature","geometry":{"type":"Polygon","coordinates":[[[103.30729,11.21785],[103.24975,11.22324],[103.22454,11.22755],[103.21124,11.22378],[103.18778,11.24218],[103.18767,11.25505],[103.16737,11.27222],[103.1617,11.29669],[103.14559,11.29928],[103.14479,11.31968],[103.1332,11.31152],[103.10695,11.30382],[103.09255,11.28983],[103.07041,11.28348],[103.07669,11.26612],[103.06503,11.25493],[103.07124,11.23892],[103.04605,11.22342],[103.05309,11.21572],[103.07394,11.22445],[103.09369,11.19512],[103.11426,11.12968],[103.11777,11.0993],[103.0965,11.07561],[103.09622,11.05412],[103.10675,11.02095],[103.10843,10.96322],[103.09559,10.94763],[103.09823,10.91674],[103.1136,10.91043],[103.12984,10.89499],[103.13146,10.87925],[103.12323,10.87014],[103.14219,10.86209],[103.14695,10.87276],[103.16319,10.8699],[103.17408,10.85849],[103.18375,10.87185],[103.16827,10.88418],[103.15609,10.90638],[103.165,10.92461],[103.18256,10.93421],[103.17526,10.96154],[103.21333,10.9734],[103.23937,10.99303],[103.2248,11.0086],[103.21794,11.03302],[103.21846,11.05785],[103.24649,11.05534],[103.26047,11.06619],[103.26365,11.08469],[103.27669,11.09776],[103.27777,11.11216],[103.30781,11.16362],[103.29975,11.18054],[103.28152,11.19724],[103.2968,11.20215],[103.30729,11.21785]]]},"properties":{"shapeName":"Kiri Sakor","shapeISO":"","shapeID":"14789045B21288093424690","shapeGroup":"KHM","shapeType":"ADM2"}},
{"type":"Feature","geometry":{"type":"MultiPolygon","coordinates":[[[[102.98247,11.41802],[102.9708,11.4017],[102.97977,11.37231],[102.97987,11.35035],[102.9905,11.31803],[102.98088,11.30542],[102.99261,11.26041],[103.01668,11.2426],[103.02537,11.249],[103.04259,11.29359],[103.04449,11.30612],[103.03762,11.32078],[103.04125,11.33445],[103.02798,11.34706],[103.03454,11.3764],[103.01422,11.41889],[102.98518,11.40757],[102.98247,11.41802]]],[[[103.41729,11.3167],[103.42832,11.33517],[103.4515,11.34866],[103.4613,11.36599],[103.47233,11.37155],[103.47813,11.38883],[103.45167,11.43424],[103.45575,11.49023],[103.44995,11.51124],[103.37186,11.57804],[103.31812,11.63119],[103.25075,11.64025],[103.23493,11.63119],[103.22617,11.6407],[103.21077,11.64133],[103.19012,11.59849],[103.17778,11.59147],[103.15669,11.59444],[103.14607,11.60321],[103.12963,11.58677],[103.12651,11.56911],[103.0984,11.57853],[103.10509,11.55911],[103.10484,11.52737],[103.10057,11.50896],[103.10584,11.49903],[103.09097,11.48623],[103.05089,11.50041],[103.01131,11.49908],[102.99209,11.4932],[103.01427,11.4578],[103.01064,11.43478],[103.01776,11.42269],[103.04702,11.4387],[103.07785,11.42256],[103.08532,11.39495],[103.09054,11.36042],[103.11152,11.34328],[103.13411,11.34987],[103.14479,11.31968],[103.14559,11.29928],[103.1617,11.29669],[103.16737,11.27222],[103.18767,11.25505],[103.18778,11.24218],[103.21124,11.22378],[103.22454,11.22755],[103.24975,11.22324],[103.30729,11.21785],[103.33544,11.22969],[103.34826,11.24013],[103.35867,11.22958],[103.36607,11.26135],[103.37357,11.27361],[103.38839,11.27564],[103.39298,11.28757],[103.40643,11.29549],[103.41729,11.3167]]]]},"properties":{"shapeName":"Kaoh Kong","shapeISO":"","shapeID":"14789045B37744308574617","shapeGroup":"KHM","shapeType":"ADM2"}},
{"type":"Feature","geometry":{"type":"Polygon","coordinates":[[[103.08739,11.64274],[103.0432,11.6352],[103.03182,11.62488],[103.00712,11.62517],[103.00457,11.63854],[102.98076,11.63927],[102.97304,11.62484],[102.96776,11.57082],[102.98972,11.55901],[102.99681,11.54201],[103.01663,11.54496],[103.03513,11.54189],[103.04076,11.58604],[103.05644,11.59115],[103.09191,11.59237],[103.09063,11.63591],[103.08739,11.64274]]]},"properties":{"shapeName":"Khemara Phoumin","shapeISO":"","shapeID":"14789045B84923983917004","shapeGroup":"KHM","shapeType":"ADM2"}},
{"type":"Feature","geometry":{"type":"Polygon","coordinates":[[[103.0984,11.57853],[103.09602,11.59154],[103.1192,11.59563],[103.11989,11.62442],[103.13877,11.67047],[103.15708,11.69028],[103.1874,11.844],[103.19869,11.96348],[103.18503,11.95253],[103.16005,11.94365],[103.10872,11.94897],[103.08555,11.96004],[102.9963,11.99697],[102.97257,12.00227],[102.79765,12.01357],[102.77943,12.02195],[102.7765,12.00686],[102.78442,11.97743],[102.79065,11.97721],[102.80057,11.94926],[102.81613,11.93323],[102.8134,11.92309],[102.82238,11.90801],[102.81985,11.89245],[102.83675,11.85126],[102.85314,11.82636],[102.86237,11.82403],[102.86655,11.80634],[102.88588,11.79956],[102.9043,11.76877],[102.91121,11.74579],[102.91124,11.68044],[102.91506,11.65294],[102.93867,11.6041],[102.94069,11.58689],[102.95619,11.55865],[102.95106,11.54798],[102.9689,11.5239],[102.98583,11.51494],[102.99209,11.4932],[103.01131,11.49908],[103.05089,11.50041],[103.09097,11.48623],[103.10584,11.49903],[103.10057,11.50896],[103.10484,11.52737],[103.10509,11.55911],[103.0984,11.57853]],[[103.08739,11.64274],[103.09063,11.63591],[103.09191,11.59237],[103.05644,11.59115],[103.04076,11.58604],[103.03513,11.54189],[103.01663,11.54496],[102.99681,11.54201],[102.98972,11.55901],[102.96776,11.57082],[102.97304,11.62484],[102.98076,11.63927],[103.00457,11.63854],[103.00712,11.62517],[103.03182,11.62488],[103.0432,11.6352],[103.08739,11.64274]]]},"properties":{"shapeName":"Mondol Seima","shapeISO":"","shapeID":"14789045B23229264663112","shapeGroup":"KHM","shapeType":"ADM2"}},
{"type":"Feature","geometry":{"type":"Polygon","coordinates":[[[103.81955,11.61781],[103.81889,11.61845],[103.81538,11.61598],[103.81312,11.61254],[103.80738,11.59289],[103.7991,11.5785],[103.78697,11.56773],[103.77071,11.56449],[103.74902,11.57488],[103.73262,11.5734],[103.70412,11.55076],[103.68899,11.55371],[103.654,11.55033],[103.62979,11.51424],[103.63467,11.48124],[103.63003,11.46376],[103.64275,11.45054],[103.63448,11.43612],[103.60123,11.41849],[103.58614,11.42127],[103.56678,11.39693],[103.53786,11.37628],[103.5359,11.3368],[103.54538,11.30327],[103.55636,11.28898],[103.57102,11.28201],[103.60324,11.25314],[103.5999,11.22625],[103.59126,11.19299],[103.59957,11.17615],[103.58603,11.1593],[103.55313,11.16551],[103.55461,11.15671],[103.5708,11.13608],[103.59177,11.09371],[103.61353,11.08513],[103.62628,11.08899],[103.65327,11.07813],[103.66018,11.05931],[103.64775,11.05174],[103.66458,11.02262],[103.65781,10.99777],[103.67266,10.97813],[103.69121,10.94374],[103.70585,10.90571],[103.71824,10.89569],[103.74582,10.9063],[103.76841,10.93107],[103.79586,10.94218],[103.79075,10.95396],[103.79359,10.98028],[103.78563,11.02472],[103.79685,11.04755],[103.82239,11.05705],[103.83389,11.07203],[103.84575,11.07176],[103.84083,11.09816],[103.85908,11.11316],[103.8726,11.13639],[103.87101,11.14878],[103.88707,11.15717],[103.87757,11.17457],[103.86006,11.22536],[103.87359,11.24615],[103.88428,11.27326],[103.90087,11.2832],[103.90287,11.30171],[103.94904,11.35404],[103.97586,11.3889],[104.04176,11.43589],[104.04794,11.44804],[104.06456,11.45869],[104.05248,11.49593],[104.02508,11.50132],[104.01641,11.5175],[104.00226,11.52978],[103.96918,11.52473],[103.93802,11.51629],[103.92684,11.53588],[103.90537,11.55577],[103.88813,11.5581],[103.86284,11.57419],[103.8634,11.57945],[103.83867,11.59534],[103.81955,11.61781]]]},"properties":{"shapeName":"Srae Ambel","shapeISO":"","shapeID":"14789045B17636878370616","shapeGroup":"KHM","shapeType":"ADM2"}},
{"type":"Feature","geometry":{"type":"Polygon","coordinates":[[[103.85766,11.84327],[103.84221,11.85465],[103.83073,11.88017],[103.81487,11.89526],[103.80888,11.909],[103.78896,11.93141],[103.77077,11.93401],[103.75712,11.92613],[103.74122,11.94008],[103.72184,11.92774],[103.71344,11.92937],[103.70024,11.94658],[103.69695,11.96335],[103.67444,11.96575],[103.63686,11.98568],[103.63358,12.01359],[103.60463,12.02422],[103.5837,12.05315],[103.56825,12.06691],[103.54931,12.07536],[103.52305,12.09734],[103.50739,12.10572],[103.48879,12.10054],[103.46998,12.11614],[103.45838,12.10081],[103.43336,12.08671],[103.41317,12.10188],[103.39183,12.10802],[103.38211,12.09695],[103.38484,12.08142],[103.3643,12.06133],[103.36363,12.03117],[103.34437,12.02464],[103.31957,12.00892],[103.31153,11.9857],[103.29046,11.97969],[103.27157,11.98916],[103.25333,11.97325],[103.2345,11.97659],[103.22943,11.96309],[103.19869,11.96348],[103.1874,11.844],[103.15708,11.69028],[103.13877,11.67047],[103.11989,11.62442],[103.1192,11.59563],[103.09602,11.59154],[103.0984,11.57853],[103.12651,11.56911],[103.12963,11.58677],[103.14607,11.60321],[103.15669,11.59444],[103.17778,11.59147],[103.19012,11.59849],[103.21077,11.64133],[103.22617,11.6407],[103.23493,11.63119],[103.25075,11.64025],[103.31812,11.63119],[103.37186,11.57804],[103.44995,11.51124],[103.45575,11.49023],[103.45167,11.43424],[103.47813,11.38883],[103.47233,11.37155],[103.4613,11.36599],[103.4515,11.34866],[103.42832,11.33517],[103.41729,11.3167],[103.43699,11.30697],[103.44504,11.31251],[103.46509,11.31199],[103.47853,11.30281],[103.47153,11.28327],[103.45643,11.26624],[103.57102,11.28201],[103.55636,11.28898],[103.54538,11.30327],[103.5359,11.3368],[103.53786,11.37628],[103.56678,11.39693],[103.58614,11.42127],[103.60123,11.41849],[103.63448,11.43612],[103.64275,11.45054],[103.63003,11.46376],[103.63467,11.48124],[103.62979,11.51424],[103.654,11.55033],[103.68899,11.55371],[103.70412,11.55076],[103.73262,11.5734],[103.74902,11.57488],[103.77071,11.56449],[103.78697,11.56773],[103.7991,11.5785],[103.80738,11.59289],[103.81312,11.61254],[103.81538,11.61598],[103.81889,11.61845],[103.81562,11.61919],[103.79498,11.62292],[103.79682,11.65381],[103.8025,11.66466],[103.80046,11.68419],[103.78196,11.7022],[103.77381,11.71999],[103.78298,11.75079],[103.77298,11.77045],[103.79209,11.78704],[103.79294,11.80323],[103.78378,11.81017],[103.7807,11.83257],[103.78703,11.85072],[103.80649,11.84029],[103.82697,11.83602],[103.85766,11.84327]]]},"properties":{"shapeName":"Thma Bang","shapeISO":"","shapeID":"14789045B69195148792463","shapeGroup":"KHM","shapeType":"ADM2"}},
{"type":"Feature","geometry":{"type":"Polygon","coordinates":[[[106.21906,11.96547],[106.23616,11.98761],[106.23908,12.00254],[106.2626,12.00873],[106.2528,12.02],[106.26999,12.04224],[106.24516,12.05583],[106.25253,12.06591],[106.25201,12.10337],[106.27663,12.13023],[106.27454,12.1402],[106.29902,12.15021],[106.29901,12.16758],[106.28114,12.18425],[106.28204,12.19606],[106.25445,12.19512],[106.2439,12.19036],[106.21951,12.19028],[106.20846,12.19485],[106.2051,12.21547],[106.18955,12.23481],[106.18989,12.24557],[106.1717,12.26976],[106.14063,12.27695],[106.14795,12.30688],[106.15654,12.32156],[106.15149,12.341],[106.15837,12.36735],[106.13737,12.36273],[106.10545,12.36688],[106.08269,12.36494],[106.05966,12.34148],[106.04388,12.33556],[106.04046,12.31816],[106.02464,12.28852],[106.00892,12.27229],[105.98883,12.26403],[105.96662,12.26558],[105.87912,12.26236],[105.83025,12.25754],[105.83022,12.24133],[105.84301,12.2054],[105.85331,12.20254],[105.87058,12.21505],[105.89386,12.21038],[105.93085,12.21812],[105.94102,12.21206],[105.94719,12.19689],[105.99327,12.20204],[105.99423,12.19074],[106.01907,12.16159],[106.01653,12.14687],[106.03968,12.15045],[106.06003,12.13099],[106.05913,12.11075],[106.04087,12.09632],[106.04387,12.08183],[106.07656,12.08151],[106.08257,12.069],[106.11066,12.0761],[106.12181,12.06156],[106.147,12.05465],[106.15682,12.04027],[106.1731,12.03482],[106.18103,12.02028],[106.18104,12.00582],[106.17124,11.9968],[106.17112,11.98079],[106.18042,11.95358],[106.20734,11.96725],[106.21906,11.96547]]]},"properties":{"shapeName":"Chhloung","shapeISO":"","shapeID":"14789045B96545795392219","shapeGroup":"KHM","shapeType":"ADM2"}},
{"type":"Feature","geometry":{"type":"Polygon","coordinates":[[[106.0232,12.4416],[106.02956,12.44875],[106.07167,12.42795],[106.07142,12.4636],[106.09124,12.48834],[106.09136,12.52904],[106.0801,12.52714],[106.06392,12.51225],[106.05011,12.52535],[106.04581,12.53835],[106.01586,12.53865],[106.00539,12.51486],[105.98914,12.53112],[105.98205,12.51371],[105.99374,12.48447],[106.01482,12.46377],[106.0232,12.4416]]]},"properties":{"shapeName":"Kracheh","shapeISO":"","shapeID":"14789045B39299844966320","shapeGroup":"KHM","shapeType":"ADM2"}},
{"type":"Feature","geometry":{"type":"Polygon","coordinates":[[[105.721,12.27708],[105.74078,12.25991],[105.76341,12.25756],[105.81489,12.2601],[105.83025,12.25754],[105.87912,12.26236],[105.96662,12.26558],[105.98883,12.26403],[106.00892,12.27229],[106.02464,12.28852],[106.04046,12.31816],[106.04388,12.33556],[106.04068,12.35386],[106.02907,12.37433],[106.02415,12.39492],[106.02638,12.42158],[106.0232,12.4416],[106.01482,12.46377],[105.99374,12.48447],[105.98205,12.51371],[105.98914,12.53112],[106.01079,12.56379],[106.01567,12.58193],[106.01318,12.60695],[106.00031,12.62016],[106.0006,12.63049],[105.98277,12.6465],[105.96403,12.67638],[105.94044,12.68152],[105.91215,12.69658],[105.89223,12.69603],[105.86608,12.67349],[105.83287,12.67126],[105.79212,12.67746],[105.76122,12.69522],[105.7404,12.70315],[105.69182,12.7268],[105.69747,12.71049],[105.71254,12.69265],[105.72275,12.63331],[105.71725,12.59611],[105.72282,12.56439],[105.72927,12.54868],[105.73456,12.49978],[105.73821,12.47888],[105.74973,12.45949],[105.76822,12.40148],[105.7741,12.3666],[105.77594,12.33533],[105.77071,12.31542],[105.75956,12.31362],[105.74141,12.29859],[105.74502,12.28658],[105.721,12.27708]]]},"properties":{"shapeName":"Prek Prasab","shapeISO":"","shapeID":"14789045B57642852254246","shapeGroup":"KHM","shapeType":"ADM2"}},
{"type":"Feature","geometry":{"type":"Polygon","coordinates":[[[105.67976,12.79032],[105.69034,12.75538],[105.69719,12.74803],[105.69182,12.7268],[105.7404,12.70315],[105.76122,12.69522],[105.79212,12.67746],[105.83287,12.67126],[105.86608,12.67349],[105.89223,12.69603],[105.91215,12.69658],[105.94044,12.68152],[105.96403,12.67638],[105.98277,12.6465],[106.0006,12.63049],[106.0036,12.65404],[106.04322,12.68427],[106.0626,12.69545],[106.07836,12.69439],[106.09401,12.70641],[106.12864,12.70875],[106.15339,12.75439],[106.17531,12.7689],[106.19538,12.77353],[106.23249,12.79026],[106.26103,12.79029],[106.30006,12.77374],[106.32142,12.76848],[106.3347,12.74619],[106.33888,12.72938],[106.35926,12.70942],[106.37452,12.70896],[106.40846,12.68417],[106.42596,12.71498],[106.44317,12.73269],[106.48135,12.75744],[106.48725,12.76718],[106.5129,12.78228],[106.54209,12.78714],[106.59798,12.83709],[106.61063,12.86132],[106.61362,12.88611],[106.61169,12.91031],[106.59208,12.93498],[106.56053,12.95731],[106.5273,12.97742],[106.49603,12.9921],[106.46277,13.01316],[106.43934,13.01421],[106.41683,13.02093],[106.40462,13.04429],[106.38007,13.05557],[106.34426,13.09911],[106.33859,13.13495],[106.34416,13.15952],[106.35408,13.17356],[106.38934,13.17202],[106.39905,13.17643],[106.4155,13.1687],[106.43122,13.17255],[106.42447,13.19417],[106.40081,13.21962],[106.37096,13.23396],[106.36642,13.25085],[106.35232,13.27402],[106.34582,13.2956],[106.35702,13.34135],[106.35045,13.36172],[106.35352,13.37827],[106.34991,13.40047],[106.3164,13.40172],[106.29642,13.39888],[106.26567,13.40588],[106.23946,13.38362],[106.23817,13.36875],[106.22007,13.36051],[106.20272,13.3602],[106.18618,13.36789],[106.16508,13.36946],[106.14819,13.3645],[106.12301,13.3666],[106.1095,13.36606],[106.08215,13.35138],[106.08702,13.34211],[106.05971,13.3093],[106.05849,13.29719],[106.03211,13.27122],[106.02351,13.249],[106.02579,13.23338],[106.00493,13.21464],[105.9832,13.22699],[105.96509,13.2252],[105.96518,13.1957],[105.94382,13.15945],[105.94552,13.15046],[105.89682,13.13146],[105.87346,13.1152],[105.85312,13.11453],[105.83596,13.12349],[105.81095,13.12722],[105.75419,13.16871],[105.75142,13.17685],[105.69499,13.20639],[105.66633,13.20527],[105.61985,13.21998],[105.60718,13.22958],[105.58902,13.23035],[105.58801,13.20968],[105.59956,13.18129],[105.60466,13.15234],[105.61391,13.14123],[105.63514,13.13001],[105.64791,13.10377],[105.63569,13.06444],[105.63096,13.05891],[105.64946,13.00673],[105.64271,12.98685],[105.64931,12.97309],[105.6626,12.9694],[105.67666,12.95674],[105.6704,12.93396],[105.655,12.92182],[105.66143,12.90351],[105.67821,12.89584],[105.6903,12.8655],[105.68437,12.84619],[105.67115,12.83046],[105.68483,12.81052],[105.67976,12.79032]]]},"properties":{"shapeName":"Sambour","shapeISO":"","shapeID":"14789045B56748216757277","shapeGroup":"KHM","shapeType":"ADM2"}},
{"type":"Feature","geometry":{"type":"Polygon","coordinates":[[[106.21906,11.96547],[106.22232,11.95653],[106.27982,11.95473],[106.3088,11.96484],[106.36724,11.95129],[106.38547,11.95958],[106.39996,11.97774],[106.41186,11.97356],[106.43215,11.97213],[106.44119,11.98633],[106.45448,11.98882],[106.46925,11.97322],[106.49601,11.96915],[106.51004,11.98012],[106.52805,11.97741],[106.53121,11.96852],[106.62699,11.97452],[106.64804,11.96392],[106.64955,11.98165],[106.66607,11.98385],[106.68339,11.96498],[106.69293,11.96375],[106.72203,11.97361],[106.74535,12.00104],[106.75839,12.03436],[106.76819,12.0491],[106.79922,12.084],[106.79059,12.11487],[106.79876,12.13446],[106.79273,12.15127],[106.79524,12.17462],[106.80199,12.19085],[106.76812,12.23347],[106.76407,12.2474],[106.74613,12.26475],[106.72346,12.27411],[106.70372,12.28761],[106.68048,12.29053],[106.62687,12.30604],[106.6075,12.31485],[106.59268,12.33841],[106.56781,12.4053],[106.526,12.42515],[106.51513,12.43802],[106.49744,12.43828],[106.396,12.50278],[106.37384,12.51251],[106.3608,12.50293],[106.3689,12.48362],[106.36774,12.46378],[106.34848,12.44106],[106.33514,12.44014],[106.32833,12.42407],[106.3112,12.41143],[106.30729,12.40195],[106.2894,12.39498],[106.23603,12.39147],[106.21769,12.40262],[106.18367,12.40758],[106.16692,12.39939],[106.15837,12.36735],[106.15149,12.341],[106.15654,12.32156],[106.14795,12.30688],[106.14063,12.27695],[106.1717,12.26976],[106.18989,12.24557],[106.18955,12.23481],[106.2051,12.21547],[106.20846,12.19485],[106.21951,12.19028],[106.2439,12.19036],[106.25445,12.19512],[106.28204,12.19606],[106.28114,12.18425],[106.29901,12.16758],[106.29902,12.15021],[106.27454,12.1402],[106.27663,12.13023],[106.25201,12.10337],[106.25253,12.06591],[106.24516,12.05583],[106.26999,12.04224],[106.2528,12.02],[106.2626,12.00873],[106.23908,12.00254],[106.23616,11.98761],[106.21906,11.96547]]]},"properties":{"shapeName":"Snuol","shapeISO":"","shapeID":"14789045B73173825322549","shapeGroup":"KHM","shapeType":"ADM2"}},
{"type":"Feature","geometry":{"type":"Polygon","coordinates":[[[106.15837,12.36735],[106.16692,12.39939],[106.18367,12.40758],[106.21769,12.40262],[106.23603,12.39147],[106.2894,12.39498],[106.30729,12.40195],[106.3112,12.41143],[106.32833,12.42407],[106.33514,12.44014],[106.34848,12.44106],[106.36774,12.46378],[106.3689,12.48362],[106.3608,12.50293],[106.37384,12.51251],[106.35926,12.52758],[106.36492,12.5596],[106.39753,12.63677],[106.40249,12.67323],[106.40846,12.68417],[106.37452,12.70896],[106.35926,12.70942],[106.33888,12.72938],[106.3347,12.74619],[106.32142,12.76848],[106.30006,12.77374],[106.26103,12.79029],[106.23249,12.79026],[106.19538,12.77353],[106.17531,12.7689],[106.15339,12.75439],[106.12864,12.70875],[106.09401,12.70641],[106.07836,12.69439],[106.0626,12.69545],[106.04322,12.68427],[106.0036,12.65404],[106.0006,12.63049],[106.00031,12.62016],[106.01318,12.60695],[106.01567,12.58193],[106.01079,12.56379],[105.98914,12.53112],[106.00539,12.51486],[106.01586,12.53865],[106.04581,12.53835],[106.05011,12.52535],[106.06392,12.51225],[106.0801,12.52714],[106.09136,12.52904],[106.09124,12.48834],[106.07142,12.4636],[106.07167,12.42795],[106.02956,12.44875],[106.0232,12.4416],[106.02638,12.42158],[106.02415,12.39492],[106.02907,12.37433],[106.04068,12.35386],[106.04388,12.33556],[106.05966,12.34148],[106.08269,12.36494],[106.10545,12.36688],[106.13737,12.36273],[106.15837,12.36735]]]},"properties":{"shapeName":"Chetr Borei","shapeISO":"","shapeID":"14789045B88905029320909","shapeGroup":"KHM","shapeType":"ADM2"}},
{"type":"Feature","geometry":{"type":"Polygon","coordinates":[[[106.40846,12.68417],[106.40249,12.67323],[106.39753,12.63677],[106.36492,12.5596],[106.35926,12.52758],[106.37384,12.51251],[106.396,12.50278],[106.49744,12.43828],[106.51513,12.43802],[106.526,12.42515],[106.56781,12.4053],[106.59268,12.33841],[106.6075,12.31485],[106.62687,12.30604],[106.68048,12.29053],[106.70372,12.28761],[106.72346,12.27411],[106.74613,12.26475],[106.76407,12.2474],[106.76812,12.23347],[106.80199,12.19085],[106.79524,12.17462],[106.79273,12.15127],[106.79876,12.13446],[106.79059,12.11487],[106.79922,12.084],[106.82824,12.08114],[106.85471,12.06638],[106.86948,12.0733],[106.89706,12.06609],[106.92691,12.06334],[106.95136,12.07453],[107.00335,12.08935],[107.01573,12.10646],[107.02915,12.11434],[107.0371,12.13082],[107.03343,12.14326],[107.04059,12.15533],[107.03516,12.18257],[107.01778,12.18337],[107.01465,12.20588],[107.00049,12.24126],[107.00991,12.2654],[106.99862,12.28839],[106.9625,12.30575],[106.95255,12.32093],[106.95326,12.3348],[106.94732,12.36974],[106.92103,12.36398],[106.91553,12.35748],[106.88535,12.35408],[106.88233,12.34783],[106.85525,12.34591],[106.83334,12.35695],[106.81739,12.35331],[106.81786,12.46145],[106.82994,12.46543],[106.84835,12.4461],[106.89129,12.43111],[106.90014,12.42298],[106.92376,12.42295],[106.96919,12.4363],[106.98476,12.4351],[107.00306,12.44101],[107.02514,12.44084],[107.03976,12.43362],[107.03834,12.45567],[107.03263,12.47063],[107.0444,12.54557],[107.01023,12.55755],[106.98684,12.57037],[106.95344,12.59548],[106.90385,12.6116],[106.87981,12.63903],[106.86409,12.63596],[106.85419,12.6256],[106.8305,12.63076],[106.81173,12.64671],[106.7615,12.63452],[106.74584,12.64833],[106.74035,12.6605],[106.72433,12.65569],[106.70541,12.63646],[106.69283,12.63182],[106.65368,12.64267],[106.63,12.66471],[106.60274,12.67413],[106.58384,12.68984],[106.56588,12.71786],[106.55628,12.72511],[106.48135,12.75744],[106.44317,12.73269],[106.42596,12.71498],[106.40846,12.68417]]]},"properties":{"shapeName":"Kaev Seima","shapeISO":"","shapeID":"14789045B63599255468551","shapeGroup":"KHM","shapeType":"ADM2"}},
{"type":"Feature","geometry":{"type":"Polygon","coordinates":[[[106.61169,12.91031],[106.62369,12.90073],[106.64691,12.89221],[106.69051,12.88197],[106.72974,12.8889],[106.78022,12.88805],[106.81053,12.88439],[106.85341,12.89358],[106.87965,12.89409],[106.89719,12.90344],[106.93054,12.90325],[106.95892,12.91286],[106.98926,12.90066],[106.9912,12.88336],[107.01959,12.8575],[107.0298,12.84022],[107.0462,12.83716],[107.09578,12.86561],[107.17025,12.90047],[107.19319,12.90796],[107.19752,12.8956],[107.21407,12.89086],[107.23198,12.87484],[107.24862,12.87185],[107.26921,12.87682],[107.2805,12.87335],[107.29757,12.88273],[107.33659,12.87868],[107.34845,12.8709],[107.37342,12.87022],[107.38839,12.87621],[107.40034,12.86316],[107.43353,12.87243],[107.45748,12.88532],[107.46919,12.9059],[107.49574,12.90643],[107.48726,12.96895],[107.50427,12.97582],[107.49099,13.00199],[107.49437,13.02627],[107.54798,13.17015],[107.60331,13.30273],[107.58496,13.30519],[107.58169,13.2952],[107.56482,13.28352],[107.53251,13.29987],[107.5011,13.29666],[107.48805,13.30703],[107.47042,13.33157],[107.45735,13.32983],[107.44094,13.31241],[107.41815,13.30629],[107.40258,13.29589],[107.39069,13.28025],[107.36939,13.27656],[107.35729,13.29562],[107.33783,13.31511],[107.31947,13.31561],[107.3022,13.30729],[107.29194,13.30933],[107.27001,13.35823],[107.24543,13.3675],[107.23523,13.35873],[107.23253,13.33495],[107.21966,13.33134],[107.2107,13.31883],[107.19049,13.30809],[107.17368,13.30625],[107.15891,13.31209],[107.15679,13.32452],[107.13295,13.32947],[107.12332,13.31543],[107.10639,13.30838],[107.0906,13.3104],[107.07794,13.32114],[107.07095,13.31166],[107.07315,13.29422],[107.09035,13.273],[107.08749,13.251],[107.09399,13.24221],[107.08303,13.23006],[107.08414,13.205],[107.06402,13.19144],[107.0481,13.17256],[107.03102,13.18553],[107.00522,13.18789],[106.98008,13.17772],[106.96334,13.18399],[106.93439,13.17383],[106.9156,13.1788],[106.90179,13.17611],[106.86324,13.17509],[106.83097,13.18592],[106.77658,13.19901],[106.74592,13.22754],[106.60811,13.32283],[106.60078,13.31911],[106.57405,13.33379],[106.55722,13.35095],[106.53277,13.34775],[106.51352,13.35408],[106.49728,13.3741],[106.41816,13.41751],[106.37728,13.40453],[106.34991,13.40047],[106.35352,13.37827],[106.35045,13.36172],[106.35702,13.34135],[106.34582,13.2956],[106.35232,13.27402],[106.36642,13.25085],[106.37096,13.23396],[106.40081,13.21962],[106.42447,13.19417],[106.43122,13.17255],[106.4155,13.1687],[106.39905,13.17643],[106.38934,13.17202],[106.35408,13.17356],[106.34416,13.15952],[106.33859,13.13495],[106.34426,13.09911],[106.38007,13.05557],[106.40462,13.04429],[106.41683,13.02093],[106.43934,13.01421],[106.46277,13.01316],[106.49603,12.9921],[106.5273,12.97742],[106.56053,12.95731],[106.59208,12.93498],[106.61169,12.91031]]]},"properties":{"shapeName":"Kaoh Nheaek","shapeISO":"","shapeID":"14789045B36010441751176","shapeGroup":"KHM","shapeType":"ADM2"}},
{"type":"Feature","geometry":{"type":"Polygon","coordinates":[[[107.0371,12.13082],[107.04468,12.13144],[107.05543,12.15193],[107.09274,12.18125],[107.1123,12.21781],[107.13861,12.23008],[107.14027,12.2503],[107.15556,12.27788],[107.18296,12.28325],[107.19074,12.29508],[107.20883,12.29984],[107.22991,12.29562],[107.26941,12.32528],[107.28132,12.32204],[107.30274,12.32844],[107.31266,12.3223],[107.33776,12.32648],[107.35538,12.32144],[107.37848,12.30114],[107.38894,12.2851],[107.38714,12.27102],[107.39868,12.25644],[107.41551,12.24634],[107.43407,12.24611],[107.43833,12.27143],[107.446,12.29061],[107.46667,12.30163],[107.46977,12.31172],[107.51115,12.32876],[107.54755,12.3608],[107.54599,12.37361],[107.45736,12.37489],[107.40488,12.41644],[107.39772,12.4288],[107.3985,12.45271],[107.38917,12.45367],[107.39303,12.48656],[107.38229,12.50048],[107.39054,12.51081],[107.37999,12.52494],[107.34866,12.5232],[107.32622,12.5259],[107.28273,12.52155],[107.27731,12.49805],[107.28171,12.46373],[107.27327,12.45899],[107.23723,12.4035],[107.2347,12.39094],[107.17854,12.37398],[107.15179,12.3894],[107.1398,12.40934],[107.12971,12.41579],[107.10467,12.41821],[107.07653,12.43286],[107.06088,12.44549],[107.05677,12.45684],[107.03834,12.45567],[107.03976,12.43362],[107.02514,12.44084],[107.00306,12.44101],[106.98476,12.4351],[106.96919,12.4363],[106.92376,12.42295],[106.90014,12.42298],[106.89129,12.43111],[106.84835,12.4461],[106.82994,12.46543],[106.81786,12.46145],[106.81739,12.35331],[106.83334,12.35695],[106.85525,12.34591],[106.88233,12.34783],[106.88535,12.35408],[106.91553,12.35748],[106.92103,12.36398],[106.94732,12.36974],[106.95326,12.3348],[106.95255,12.32093],[106.9625,12.30575],[106.99862,12.28839],[107.00991,12.2654],[107.00049,12.24126],[107.01465,12.20588],[107.01778,12.18337],[107.03516,12.18257],[107.04059,12.15533],[107.03343,12.14326],[107.0371,12.13082]]]},"properties":{"shapeName":"Ou Reang","shapeISO":"","shapeID":"14789045B75407950785126","shapeGroup":"KHM","shapeType":"ADM2"}},
{"type":"Feature","geometry":{"type":"Polygon","coordinates":[[[106.48135,12.75744],[106.55628,12.72511],[106.56588,12.71786],[106.58384,12.68984],[106.60274,12.67413],[106.63,12.66471],[106.65368,12.64267],[106.69283,12.63182],[106.70541,12.63646],[106.72433,12.65569],[106.74035,12.6605],[106.74584,12.64833],[106.7615,12.63452],[106.81173,12.64671],[106.8305,12.63076],[106.85419,12.6256],[106.86409,12.63596],[106.87981,12.63903],[106.90385,12.6116],[106.95344,12.59548],[106.98684,12.57037],[107.01023,12.55755],[107.0444,12.54557],[107.04902,12.56857],[107.06553,12.56601],[107.08081,12.57274],[107.10094,12.57314],[107.12498,12.58727],[107.13157,12.59751],[107.12953,12.61922],[107.14031,12.61867],[107.175,12.63545],[107.18739,12.63044],[107.21013,12.64807],[107.21282,12.63511],[107.23169,12.59847],[107.25308,12.58553],[107.25497,12.57663],[107.28735,12.5801],[107.28161,12.55259],[107.28273,12.52155],[107.32622,12.5259],[107.34866,12.5232],[107.37999,12.52494],[107.39054,12.51081],[107.38229,12.50048],[107.39303,12.48656],[107.38917,12.45367],[107.3985,12.45271],[107.39772,12.4288],[107.40488,12.41644],[107.45736,12.37489],[107.54599,12.37361],[107.55433,12.3793],[107.54334,12.39967],[107.54381,12.41548],[107.5676,12.45428],[107.56534,12.47042],[107.57583,12.4786],[107.57979,12.49532],[107.56242,12.5166],[107.577,12.53467],[107.57803,12.54603],[107.58954,12.55867],[107.57933,12.58106],[107.58597,12.59798],[107.56923,12.64258],[107.57061,12.66751],[107.58206,12.67965],[107.57025,12.69326],[107.55905,12.71615],[107.56737,12.72748],[107.55977,12.74733],[107.56269,12.78836],[107.55422,12.81754],[107.54072,12.83476],[107.52656,12.84039],[107.51135,12.86956],[107.49877,12.87817],[107.49574,12.90643],[107.46919,12.9059],[107.45748,12.88532],[107.43353,12.87243],[107.40034,12.86316],[107.38839,12.87621],[107.37342,12.87022],[107.34845,12.8709],[107.33659,12.87868],[107.29757,12.88273],[107.2805,12.87335],[107.26921,12.87682],[107.24862,12.87185],[107.23198,12.87484],[107.21407,12.89086],[107.19752,12.8956],[107.19319,12.90796],[107.17025,12.90047],[107.09578,12.86561],[107.0462,12.83716],[107.0298,12.84022],[107.01959,12.8575],[106.9912,12.88336],[106.98926,12.90066],[106.95892,12.91286],[106.93054,12.90325],[106.89719,12.90344],[106.87965,12.89409],[106.85341,12.89358],[106.81053,12.88439],[106.78022,12.88805],[106.72974,12.8889],[106.69051,12.88197],[106.64691,12.89221],[106.62369,12.90073],[106.61169,12.91031],[106.61362,12.88611],[106.61063,12.86132],[106.59798,12.83709],[106.54209,12.78714],[106.5129,12.78228],[106.48725,12.76718],[106.48135,12.75744]]]},"properties":{"shapeName":"Pech Chreada","shapeISO":"","shapeID":"14789045B57856207537526","shapeGroup":"KHM","shapeType":"ADM2"}},
{"type":"Feature","geometry":{"type":"Polygon","coordinates":[[[107.03834,12.45567],[107.05677,12.45684],[107.06088,12.44549],[107.07653,12.43286],[107.10467,12.41821],[107.12971,12.41579],[107.1398,12.40934],[107.15179,12.3894],[107.17854,12.37398],[107.2347,12.39094],[107.23723,12.4035],[107.27327,12.45899],[107.28171,12.46373],[107.27731,12.49805],[107.28273,12.52155],[107.28161,12.55259],[107.28735,12.5801],[107.25497,12.57663],[107.25308,12.58553],[107.23169,12.59847],[107.21282,12.63511],[107.21013,12.64807],[107.18739,12.63044],[107.175,12.63545],[107.14031,12.61867],[107.12953,12.61922],[107.13157,12.59751],[107.12498,12.58727],[107.10094,12.57314],[107.08081,12.57274],[107.06553,12.56601],[107.04902,12.56857],[107.0444,12.54557],[107.03263,12.47063],[107.03834,12.45567]]]},"properties":{"shapeName":"Saen Monourom","shapeISO":"","shapeID":"14789045B8861726414707","shapeGroup":"KHM","shapeType":"ADM2"}},
{"type":"Feature","geometry":{"type":"Polygon","coordinates":[[[104.92046,11.5559],[104.90813,11.55775],[104.89842,11.54835],[104.91733,11.52718],[104.93282,11.53132],[104.93184,11.53824],[104.95251,11.55771],[104.92046,11.5559]]]},"properties":{"shapeName":"Chamkar Mon","shapeISO":"","shapeID":"14789045B33698683582262","shapeGroup":"KHM","shapeType":"ADM2"}},
{"type":"Feature","geometry":{"type":"Polygon","coordinates":[[[104.94662,11.56197],[104.93542,11.56622],[104.92119,11.58889],[104.90783,11.58334],[104.90629,11.57054],[104.91843,11.57158],[104.92046,11.5559],[104.95251,11.55771],[104.94662,11.56197]]]},"properties":{"shapeName":"Doun Penh","shapeISO":"","shapeID":"14789045B63307875451806","shapeGroup":"KHM","shapeType":"ADM2"}},
{"type":"Feature","geometry":{"type":"Polygon","coordinates":[[[104.92046,11.5559],[104.91843,11.57158],[104.90629,11.57054],[104.90813,11.55775],[104.92046,11.5559]]]},"properties":{"shapeName":"Prampir Meakkakra","shapeISO":"","shapeID":"14789045B12201712082665","shapeGroup":"KHM","shapeType":"ADM2"}},
{"type":"Feature","geometry":{"type":"Polygon","coordinates":[[[104.90813,11.55775],[104.90629,11.57054],[104.90783,11.58334],[104.89626,11.59039],[104.88741,11.58365],[104.89071,11.54974],[104.89842,11.54835],[104.90813,11.55775]]]},"properties":{"shapeName":"Tuol Kouk","shapeISO":"","shapeID":"14789045B87565610199894","shapeGroup":"KHM","shapeType":"ADM2"}},
{"type":"Feature","geometry":{"type":"Polygon","coordinates":[[[104.92259,11.4288],[104.91822,11.46658],[104.92138,11.4845],[104.91362,11.48236],[104.91242,11.51905],[104.87548,11.52188],[104.87256,11.51142],[104.83843,11.49964],[104.81851,11.50079],[104.81521,11.48146],[104.78629,11.47623],[104.78098,11.456],[104.80146,11.434],[104.81602,11.43081],[104.85217,11.43035],[104.87344,11.42249],[104.90569,11.43573],[104.92259,11.4288]]]},"properties":{"shapeName":"Dangkao","shapeISO":"","shapeID":"14789045B25120607736063","shapeGroup":"KHM","shapeType":"ADM2"}},
{"type":"Feature","geometry":{"type":"Polygon","coordinates":[[[104.94677,11.49386],[104.93282,11.53132],[104.91733,11.52718],[104.89842,11.54835],[104.89071,11.54974],[104.86151,11.54514],[104.86292,11.52186],[104.87548,11.52188],[104.91242,11.51905],[104.91362,11.48236],[104.92138,11.4845],[104.94677,11.49386]]]},"properties":{"shapeName":"Mean Chey","shapeISO":"","shapeID":"14789045B35009780503232","shapeGroup":"KHM","shapeType":"ADM2"}},
{"type":"Feature","geometry":{"type":"Polygon","coordinates":[[[104.92119,11.58889],[104.91652,11.62134],[104.9053,11.63299],[104.87898,11.64488],[104.86843,11.65857],[104.85613,11.64976],[104.87161,11.64075],[104.87205,11.6244],[104.88496,11.61263],[104.89626,11.59039],[104.90783,11.58334],[104.92119,11.58889]]]},"properties":{"shapeName":"Russey Keo","shapeISO":"","shapeID":"14789045B60405895501285","shapeGroup":"KHM","shapeType":"ADM2"}},
{"type":"Feature","geometry":{"type":"Polygon","coordinates":[[[104.89626,11.59039],[104.88496,11.61263],[104.87205,11.6244],[104.87161,11.64075],[104.85613,11.64976],[104.83614,11.63481],[104.83214,11.59091],[104.82337,11.57945],[104.83478,11.56655],[104.86429,11.56765],[104.86151,11.54514],[104.89071,11.54974],[104.88741,11.58365],[104.89626,11.59039]]]},"properties":{"shapeName":"Saensokh","shapeISO":"","shapeID":"14789045B60283384180487","shapeGroup":"KHM","shapeType":"ADM2"}},
{"type":"Feature","geometry":{"type":"Polygon","coordinates":[[[104.78098,11.456],[104.78629,11.47623],[104.81521,11.48146],[104.81851,11.50079],[104.83843,11.49964],[104.87256,11.51142],[104.87548,11.52188],[104.86292,11.52186],[104.86151,11.54514],[104.86429,11.56765],[104.83478,11.56655],[104.82337,11.57945],[104.80094,11.58655],[104.79701,11.60396],[104.78499,11.61052],[104.77182,11.59394],[104.74214,11.58954],[104.73468,11.58151],[104.71936,11.56239],[104.72791,11.54406],[104.73976,11.54577],[104.74501,11.52912],[104.75599,11.53091],[104.76818,11.51861],[104.7681,11.50211],[104.7449,11.47803],[104.7443,11.45459],[104.77468,11.46215],[104.78098,11.456]]]},"properties":{"shapeName":"Pur SenChey","shapeISO":"","shapeID":"14789045B97702071431855","shapeGroup":"KHM","shapeType":"ADM2"}},
{"type":"Feature","geometry":{"type":"Polygon","coordinates":[[[104.96837,11.71099],[104.95901,11.71506],[104.94548,11.73447],[104.91745,11.73632],[104.91655,11.71779],[104.90044,11.69145],[104.89965,11.67242],[104.86063,11.66923],[104.86843,11.65857],[104.87898,11.64488],[104.9053,11.63299],[104.91652,11.62134],[104.92119,11.58889],[104.93542,11.56622],[104.94662,11.56197],[104.94507,11.57587],[104.93228,11.62235],[104.93756,11.64235],[104.95878,11.67865],[104.96837,11.71099]]]},"properties":{"shapeName":"Chraoy Chongvar","shapeISO":"","shapeID":"14789045B54201472344592","shapeGroup":"KHM","shapeType":"ADM2"}},
{"type":"Feature","geometry":{"type":"Polygon","coordinates":[[[104.85519,11.67659],[104.84004,11.71561],[104.82292,11.71541],[104.81528,11.7038],[104.81696,11.6883],[104.79705,11.67151],[104.75312,11.66605],[104.74733,11.65989],[104.73159,11.5919],[104.73468,11.58151],[104.74214,11.58954],[104.77182,11.59394],[104.78499,11.61052],[104.79701,11.60396],[104.80094,11.58655],[104.82337,11.57945],[104.83214,11.59091],[104.83614,11.63481],[104.85613,11.64976],[104.86843,11.65857],[104.86063,11.66923],[104.85519,11.67659]]]},"properties":{"shapeName":"Praek Pnov","shapeISO":"","shapeID":"14789045B33152667021058","shapeGroup":"KHM","shapeType":"ADM2"}},
{"type":"Feature","geometry":{"type":"Polygon","coordinates":[[[105.04178,11.53904],[105.01952,11.54352],[104.97602,11.54609],[104.95251,11.55771],[104.93184,11.53824],[104.93282,11.53132],[104.94677,11.49386],[104.96199,11.46708],[104.97358,11.46268],[105.02882,11.46542],[105.02628,11.51567],[105.04178,11.53904]]]},"properties":{"shapeName":"Chbar Ampov","shapeISO":"","shapeID":"14789045B58474594002009","shapeGroup":"KHM","shapeType":"ADM2"}},
{"type":"Feature","geometry":{"type":"Polygon","coordinates":[[[105.1411,13.75327],[105.12097,13.74446],[105.1136,13.72855],[105.10161,13.72132],[105.11533,13.70697],[105.12997,13.70345],[105.13648,13.68806],[105.11908,13.68423],[105.11722,13.67326],[105.12771,13.66247],[105.12834,13.64838],[105.119,13.6343],[105.12829,13.62221],[105.13544,13.59331],[105.16161,13.58675],[105.17404,13.55882],[105.19109,13.55225],[105.1782,13.53844],[105.18609,13.526],[105.2108,13.5224],[105.20526,13.50298],[105.22751,13.49299],[105.22004,13.48159],[105.22425,13.46605],[105.24593,13.45855],[105.26171,13.44674],[105.27818,13.44705],[105.32788,13.46254],[105.36767,13.46588],[105.41625,13.46259],[105.50873,13.46182],[105.54123,13.45314],[105.54386,13.463],[105.56624,13.4901],[105.56253,13.54319],[105.57181,13.59543],[105.57125,13.63126],[105.54982,13.64577],[105.52452,13.6502],[105.49286,13.6398],[105.39964,13.68082],[105.33233,13.68635],[105.28144,13.70157],[105.24603,13.72187],[105.23501,13.71702],[105.16857,13.73113],[105.1411,13.75327]]]},"properties":{"shapeName":"Chey Saen","shapeISO":"","shapeID":"14789045B76871664968100","shapeGroup":"KHM","shapeType":"ADM2"}},
{"type":"Feature","geometry":{"type":"Polygon","coordinates":[[[105.57125,13.63126],[105.57709,13.65338],[105.56474,13.70845],[105.54898,13.73918],[105.53368,13.74854],[105.52226,13.77901],[105.52946,13.78935],[105.52877,13.80584],[105.51947,13.82641],[105.52831,13.8529],[105.56799,13.87717],[105.581,13.888],[105.59996,13.87977],[105.61951,13.85697],[105.63421,13.86829],[105.66587,13.87525],[105.67972,13.86336],[105.71232,13.86772],[105.7147,13.88226],[105.7033,13.88938],[105.70174,13.90937],[105.71145,13.91682],[105.75775,13.92312],[105.77231,13.9216],[105.83004,13.92316],[105.86941,13.9217],[105.89925,13.93708],[105.8939,13.94791],[105.83355,13.9877],[105.82412,14.00147],[105.79267,14.02365],[105.78376,14.04442],[105.78685,14.0826],[105.74195,14.09577],[105.71826,14.10732],[105.70386,14.08686],[105.68224,14.10884],[105.66709,14.11378],[105.65109,14.11059],[105.64481,14.09739],[105.63219,14.10841],[105.6355,14.11857],[105.62034,14.13461],[105.60883,14.13369],[105.60007,14.14844],[105.58623,14.13775],[105.55661,14.16064],[105.50723,14.13199],[105.5021,14.13483],[105.47884,14.11735],[105.45639,14.10852],[105.42909,14.10546],[105.41123,14.11126],[105.39423,14.10051],[105.39,14.08943],[105.36516,14.08171],[105.34122,14.07918],[105.33968,14.07172],[105.31202,14.04467],[105.28323,14.03617],[105.25414,14.05828],[105.21834,14.05929],[105.21098,14.02314],[105.19834,13.99133],[105.18287,13.9352],[105.16415,13.89092],[105.12329,13.84931],[105.11935,13.83323],[105.14304,13.81881],[105.15535,13.79636],[105.15407,13.77755],[105.1411,13.75327],[105.16857,13.73113],[105.23501,13.71702],[105.24603,13.72187],[105.28144,13.70157],[105.33233,13.68635],[105.39964,13.68082],[105.49286,13.6398],[105.52452,13.6502],[105.54982,13.64577],[105.57125,13.63126]]]},"properties":{"shapeName":"Chhaeb","shapeISO":"","shapeID":"14789045B96642670477146","shapeGroup":"KHM","shapeType":"ADM2"}},
{"type":"Feature","geometry":{"type":"Polygon","coordinates":[[[105.39423,14.10051],[105.36201,14.10446],[105.3278,14.14348],[105.32473,14.159],[105.29808,14.16491],[105.27599,14.17563],[105.26688,14.20215],[105.2571,14.2101],[105.24908,14.23097],[105.24682,14.25997],[105.24069,14.27352],[105.22409,14.28476],[105.20617,14.31267],[105.207,14.34294],[105.17655,14.34591],[105.16736,14.32676],[105.17675,14.31471],[105.1608,14.301],[105.15145,14.28493],[105.15406,14.25467],[105.14654,14.2422],[105.1091,14.21415],[105.05019,14.2149],[105.04617,14.22722],[105.02279,14.24135],[105.02015,14.2639],[105.00495,14.29076],[105.00276,14.30269],[104.98449,14.31829],[104.99321,14.32755],[104.99272,14.3431],[105.00136,14.36602],[104.97246,14.39234],[104.94625,14.38253],[104.92209,14.40147],[104.90542,14.39966],[104.87169,14.41819],[104.8618,14.40895],[104.83361,14.40123],[104.83392,14.41579],[104.81943,14.41801],[104.80686,14.4373],[104.79151,14.43516],[104.76686,14.42353],[104.75483,14.40494],[104.70429,14.43235],[104.6801,14.39753],[104.6593,14.40059],[104.65283,14.42124],[104.64095,14.42319],[104.61386,14.39838],[104.60232,14.39634],[104.57837,14.37366],[104.58025,14.35927],[104.56568,14.3545],[104.53516,14.35556],[104.51483,14.37097],[104.49899,14.37623],[104.47602,14.35987],[104.4672,14.34532],[104.46526,14.32024],[104.45826,14.30239],[104.4551,14.27136],[104.46388,14.2358],[104.44229,14.20515],[104.45197,14.19805],[104.46203,14.17802],[104.48774,14.15689],[104.50605,14.1489],[104.50603,14.13798],[104.47968,14.11692],[104.45495,14.0861],[104.46968,14.07891],[104.49541,14.05675],[104.51634,14.02118],[104.53413,14.00154],[104.61,13.99185],[104.64731,13.97886],[104.68645,13.95854],[104.71244,13.95171],[104.75259,13.95259],[104.78547,13.94402],[104.80784,13.94276],[104.84647,13.95048],[104.86856,13.95029],[104.90397,13.93786],[104.92283,13.93685],[105.18287,13.9352],[105.19834,13.99133],[105.21098,14.02314],[105.21834,14.05929],[105.25414,14.05828],[105.28323,14.03617],[105.31202,14.04467],[105.33968,14.07172],[105.34122,14.07918],[105.36516,14.08171],[105.39,14.08943],[105.39423,14.10051]]]},"properties":{"shapeName":"Choam Ksant","shapeISO":"","shapeID":"14789045B63447960105110","shapeGroup":"KHM","shapeType":"ADM2"}},
{"type":"Feature","geometry":{"type":"Polygon","coordinates":[[[104.45495,14.0861],[104.43951,14.0727],[104.42969,14.04654],[104.42926,14.02573],[104.41752,13.99507],[104.42766,13.97238],[104.42202,13.93901],[104.42244,13.92118],[104.40915,13.91116],[104.38251,13.85217],[104.37866,13.83788],[104.358,13.8144],[104.36355,13.80707],[104.38371,13.80943],[104.39414,13.78068],[104.41413,13.76751],[104.40807,13.75144],[104.42836,13.72105],[104.4322,13.6994],[104.42796,13.68776],[104.44046,13.66885],[104.44038,13.65415],[104.42869,13.63433],[104.4244,13.61362],[104.40969,13.60741],[104.40213,13.5916],[104.41131,13.56882],[104.41016,13.55578],[104.45749,13.55293],[104.49079,13.55092],[104.5143,13.54498],[104.5328,13.54502],[104.5522,13.52575],[104.56987,13.5218],[104.59735,13.52388],[104.61649,13.5053],[104.65045,13.51658],[104.67578,13.53454],[104.67755,13.54971],[104.70718,13.60059],[104.7133,13.62349],[104.73792,13.66535],[104.7759,13.69651],[104.83536,13.71286],[104.86655,13.72499],[104.84282,13.76097],[104.84414,13.77668],[104.86478,13.80381],[104.88115,13.84383],[104.89229,13.88554],[104.90282,13.90684],[104.92283,13.93685],[104.90397,13.93786],[104.86856,13.95029],[104.84647,13.95048],[104.80784,13.94276],[104.78547,13.94402],[104.75259,13.95259],[104.71244,13.95171],[104.68645,13.95854],[104.64731,13.97886],[104.61,13.99185],[104.53413,14.00154],[104.51634,14.02118],[104.49541,14.05675],[104.46968,14.07891],[104.45495,14.0861]]]},"properties":{"shapeName":"Kuleaen","shapeISO":"","shapeID":"14789045B31291956543174","shapeGroup":"KHM","shapeType":"ADM2"}},
{"type":"Feature","geometry":{"type":"Polygon","coordinates":[[[105.07018,13.12114],[105.12054,13.14768],[105.15489,13.17379],[105.16699,13.18806],[105.17738,13.21129],[105.19211,13.22985],[105.23706,13.25735],[105.27882,13.27422],[105.32251,13.32241],[105.34482,13.34431],[105.35913,13.36379],[105.39947,13.38464],[105.44825,13.40166],[105.48008,13.42141],[105.5244,13.43345],[105.53764,13.44956],[105.54123,13.45314],[105.50873,13.46182],[105.41625,13.46259],[105.36767,13.46588],[105.32788,13.46254],[105.27818,13.44705],[105.26171,13.44674],[105.24593,13.45855],[105.22425,13.46605],[105.22004,13.48159],[105.22751,13.49299],[105.20526,13.50298],[105.2108,13.5224],[105.18609,13.526],[105.1782,13.53844],[105.19109,13.55225],[105.17404,13.55882],[105.16161,13.58675],[105.13544,13.59331],[105.12829,13.62221],[105.119,13.6343],[105.09075,13.63393],[105.06654,13.61111],[105.04067,13.60292],[104.99629,13.61952],[104.98675,13.62645],[104.98288,13.60647],[104.97753,13.55073],[104.9588,13.49902],[104.91877,13.45596],[104.87786,13.41725],[104.85027,13.3574],[104.8309,13.33656],[104.79367,13.30455],[104.83528,13.30922],[104.85233,13.3063],[104.88757,13.30996],[104.8937,13.30704],[104.90277,13.28285],[104.89216,13.24896],[104.88178,13.23803],[104.87503,13.21943],[104.87302,13.1941],[104.87776,13.16808],[104.88834,13.15775],[104.88719,13.142],[104.904,13.12313],[104.90859,13.10812],[104.93365,13.0763],[104.95256,13.05844],[104.97706,13.05619],[105.00499,13.07349],[105.07018,13.12114]]]},"properties":{"shapeName":"Rovieng","shapeISO":"","shapeID":"14789045B51869022105306","shapeGroup":"KHM","shapeType":"ADM2"}},
{"type":"Feature","geometry":{"type":"Polygon","coordinates":[[[104.79367,13.30455],[104.8309,13.33656],[104.85027,13.3574],[104.87786,13.41725],[104.91877,13.45596],[104.9588,13.49902],[104.97753,13.55073],[104.98288,13.60647],[104.98675,13.62645],[104.98186,13.63017],[104.90589,13.68881],[104.86655,13.72499],[104.83536,13.71286],[104.7759,13.69651],[104.73792,13.66535],[104.7133,13.62349],[104.70718,13.60059],[104.67755,13.54971],[104.67578,13.53454],[104.68304,13.52811],[104.64894,13.49039],[104.64928,13.46741],[104.63386,13.44288],[104.5985,13.41775],[104.58596,13.39603],[104.57332,13.38306],[104.56678,13.35913],[104.56757,13.33106],[104.5723,13.31904],[104.56469,13.29721],[104.57177,13.27452],[104.56486,13.25135],[104.61555,13.26084],[104.6735,13.2831],[104.71468,13.30708],[104.72519,13.30445],[104.74307,13.31368],[104.76213,13.31411],[104.7763,13.30198],[104.79367,13.30455]]]},"properties":{"shapeName":"Sangkum Thmei","shapeISO":"","shapeID":"14789045B6075848816012","shapeGroup":"KHM","shapeType":"ADM2"}},
{"type":"Feature","geometry":{"type":"Polygon","coordinates":[[[105.1411,13.75327],[105.15407,13.77755],[105.15535,13.79636],[105.14304,13.81881],[105.11935,13.83323],[105.12329,13.84931],[105.16415,13.89092],[105.18287,13.9352],[104.92283,13.93685],[104.90282,13.90684],[104.89229,13.88554],[104.88115,13.84383],[104.86478,13.80381],[104.84414,13.77668],[104.84282,13.76097],[104.86655,13.72499],[104.88983,13.73171],[104.91314,13.75201],[104.92351,13.77896],[104.93236,13.79005],[104.9389,13.82918],[104.95375,13.84129],[104.99651,13.83807],[105.01068,13.80179],[105.05914,13.78864],[105.04642,13.77138],[105.06178,13.76459],[105.06783,13.74852],[105.08035,13.73938],[105.08088,13.71817],[105.07164,13.70219],[105.01296,13.67661],[104.98186,13.63017],[104.98675,13.62645],[104.99629,13.61952],[105.04067,13.60292],[105.06654,13.61111],[105.09075,13.63393],[105.119,13.6343],[105.12834,13.64838],[105.12771,13.66247],[105.11722,13.67326],[105.11908,13.68423],[105.13648,13.68806],[105.12997,13.70345],[105.11533,13.70697],[105.10161,13.72132],[105.1136,13.72855],[105.12097,13.74446],[105.1411,13.75327]]]},"properties":{"shapeName":"Tbaeng Mean Chey","shapeISO":"","shapeID":"14789045B76520670537336","shapeGroup":"KHM","shapeType":"ADM2"}},
{"type":"Feature","geometry":{"type":"Polygon","coordinates":[[[104.98186,13.63017],[105.01296,13.67661],[105.07164,13.70219],[105.08088,13.71817],[105.08035,13.73938],[105.06783,13.74852],[105.06178,13.76459],[105.04642,13.77138],[105.05914,13.78864],[105.01068,13.80179],[104.99651,13.83807],[104.95375,13.84129],[104.9389,13.82918],[104.93236,13.79005],[104.92351,13.77896],[104.91314,13.75201],[104.88983,13.73171],[104.86655,13.72499],[104.90589,13.68881],[104.98186,13.63017]]]},"properties":{"shapeName":"Preah Vihear","shapeISO":"","shapeID":"14789045B58116618058730","shapeGroup":"KHM","shapeType":"ADM2"}},
{"type":"Feature","geometry":{"type":"Polygon","coordinates":[[[105.45677,11.35959],[105.42913,11.35771],[105.42893,11.37831],[105.41707,11.37839],[105.41383,11.39191],[105.39971,11.40178],[105.38188,11.39896],[105.38155,11.37596],[105.35613,11.36237],[105.35648,11.34248],[105.32612,11.34324],[105.32501,11.33747],[105.33638,11.29624],[105.31615,11.27905],[105.32664,11.25545],[105.34354,11.24564],[105.34988,11.22422],[105.379,11.22022],[105.39749,11.20501],[105.434,11.18952],[105.46061,11.17342],[105.49836,11.20906],[105.49973,11.23663],[105.52658,11.24152],[105.54113,11.2582],[105.51821,11.27729],[105.49738,11.314],[105.4831,11.31155],[105.47593,11.34235],[105.46333,11.34626],[105.45677,11.35959]]]},"properties":{"shapeName":"Ba Phnum","shapeISO":"","shapeID":"14789045B90581067324200","shapeGroup":"KHM","shapeType":"ADM2"}},
{"type":"Feature","geometry":{"type":"Polygon","coordinates":[[[105.80964,11.59994],[105.79913,11.6056],[105.76756,11.64303],[105.76447,11.66724],[105.75607,11.67882],[105.73231,11.69468],[105.72078,11.72442],[105.70621,11.71311],[105.67193,11.71068],[105.65271,11.69864],[105.65338,11.63722],[105.65881,11.61409],[105.65659,11.60231],[105.60592,11.59937],[105.58953,11.61356],[105.56769,11.65233],[105.55723,11.66209],[105.54088,11.66604],[105.49592,11.66043],[105.47136,11.65214],[105.45488,11.65097],[105.4841,11.62663],[105.49783,11.6058],[105.52314,11.58348],[105.52878,11.56817],[105.56551,11.57425],[105.56243,11.54501],[105.55565,11.52447],[105.54695,11.51726],[105.55394,11.49969],[105.58685,11.49581],[105.58977,11.48477],[105.62105,11.45181],[105.656,11.42509],[105.66899,11.45465],[105.66412,11.47988],[105.68485,11.50898],[105.67694,11.53388],[105.69001,11.54633],[105.69308,11.56461],[105.7297,11.57644],[105.74585,11.58805],[105.78339,11.58781],[105.81037,11.5985],[105.80964,11.59994]]]},"properties":{"shapeName":"Kamchay Mear","shapeISO":"","shapeID":"14789045B61124482761817","shapeGroup":"KHM","shapeType":"ADM2"}},
{"type":"Feature","geometry":{"type":"Polygon","coordinates":[[[105.46061,11.17342],[105.45736,11.14686],[105.46692,11.1038],[105.45604,11.05723],[105.44851,10.99864],[105.43299,10.98743],[105.42724,10.97275],[105.45156,10.95496],[105.47352,10.96465],[105.49609,10.94808],[105.53647,10.95181],[105.5519,10.95881],[105.57631,10.96294],[105.61322,10.97379],[105.60819,10.99563],[105.59298,10.99735],[105.57965,11.00833],[105.60368,11.05231],[105.6028,11.08066],[105.61338,11.10014],[105.63574,11.12129],[105.61958,11.13567],[105.61304,11.15418],[105.6089,11.20313],[105.59424,11.22848],[105.58645,11.26161],[105.54113,11.2582],[105.52658,11.24152],[105.49973,11.23663],[105.49836,11.20906],[105.46061,11.17342]]]},"properties":{"shapeName":"Kampong Trabaek","shapeISO":"","shapeID":"14789045B10100754303768","shapeGroup":"KHM","shapeType":"ADM2"}},
{"type":"Feature","geometry":{"type":"Polygon","coordinates":[[[105.72078,11.72442],[105.70041,11.74277],[105.66574,11.73919],[105.64833,11.74349],[105.61744,11.74249],[105.57412,11.7496],[105.53546,11.75187],[105.51096,11.75723],[105.49452,11.73736],[105.48133,11.71093],[105.4413,11.71395],[105.43436,11.70325],[105.4059,11.68018],[105.39213,11.67293],[105.37899,11.65034],[105.38217,11.63364],[105.39592,11.63258],[105.42248,11.64471],[105.45488,11.65097],[105.47136,11.65214],[105.49592,11.66043],[105.54088,11.66604],[105.55723,11.66209],[105.56769,11.65233],[105.58953,11.61356],[105.60592,11.59937],[105.65659,11.60231],[105.65881,11.61409],[105.65338,11.63722],[105.65271,11.69864],[105.67193,11.71068],[105.70621,11.71311],[105.72078,11.72442]]]},"properties":{"shapeName":"Kanhchriech","shapeISO":"","shapeID":"14789045B7646940366874","shapeGroup":"KHM","shapeType":"ADM2"}},
{"type":"Feature","geometry":{"type":"Polygon","coordinates":[[[105.54113,11.2582],[105.58645,11.26161],[105.59424,11.22848],[105.6089,11.20313],[105.6246,11.23771],[105.62426,11.2499],[105.64337,11.2732],[105.65205,11.26464],[105.66879,11.26448],[105.65202,11.32459],[105.65441,11.34331],[105.6518,11.40011],[105.656,11.42509],[105.62105,11.45181],[105.58977,11.48477],[105.56691,11.47092],[105.54846,11.45359],[105.53551,11.45492],[105.51087,11.44861],[105.50181,11.41562],[105.4832,11.40919],[105.47444,11.39277],[105.47345,11.37487],[105.4563,11.37266],[105.45677,11.35959],[105.46333,11.34626],[105.47593,11.34235],[105.4831,11.31155],[105.49738,11.314],[105.51821,11.27729],[105.54113,11.2582]]]},"properties":{"shapeName":"Me Sang","shapeISO":"","shapeID":"14789045B72609055314510","shapeGroup":"KHM","shapeType":"ADM2"}},
{"type":"Feature","geometry":{"type":"Polygon","coordinates":[[[105.1896,10.91183],[105.23872,10.89279],[105.2649,10.89684],[105.33778,10.86017],[105.37476,10.90389],[105.35716,10.94003],[105.34445,10.94856],[105.33894,10.97586],[105.3299,10.9847],[105.32884,11.00416],[105.31416,11.03641],[105.29239,11.06214],[105.28996,11.07841],[105.26215,11.07687],[105.26053,11.10331],[105.28236,11.11361],[105.29245,11.10841],[105.30907,11.11551],[105.30286,11.14789],[105.3139,11.15678],[105.31119,11.17439],[105.29659,11.1869],[105.30272,11.21601],[105.27163,11.22618],[105.26224,11.20278],[105.2461,11.18901],[105.24532,11.16157],[105.23415,11.1302],[105.22295,11.11525],[105.19433,11.08771],[105.19692,11.02749],[105.18375,10.95603],[105.1896,10.91183]]]},"properties":{"shapeName":"Peam Chor","shapeISO":"","shapeID":"14789045B80161198747042","shapeGroup":"KHM","shapeType":"ADM2"}},
{"type":"Feature","geometry":{"type":"Polygon","coordinates":[[[105.27545,11.30649],[105.28108,11.25172],[105.27163,11.22618],[105.30272,11.21601],[105.31404,11.2193],[105.3138,11.23542],[105.32664,11.25545],[105.31615,11.27905],[105.33638,11.29624],[105.32501,11.33747],[105.32612,11.34324],[105.35648,11.34248],[105.35613,11.36237],[105.38155,11.37596],[105.38188,11.39896],[105.3913,11.42718],[105.37211,11.4391],[105.3174,11.45233],[105.30843,11.44178],[105.30397,11.41857],[105.29218,11.41916],[105.28333,11.40857],[105.25553,11.39053],[105.26012,11.35774],[105.27172,11.3309],[105.27545,11.30649]]]},"properties":{"shapeName":"Peam Ro","shapeISO":"","shapeID":"14789045B10752799877994","shapeGroup":"KHM","shapeType":"ADM2"}},
{"type":"Feature","geometry":{"type":"Polygon","coordinates":[[[105.16024,11.73552],[105.15447,11.72693],[105.15657,11.70806],[105.13388,11.69947],[105.12889,11.67726],[105.12123,11.66986],[105.13221,11.65128],[105.11114,11.64164],[105.10414,11.6203],[105.11208,11.61321],[105.11827,11.562],[105.1201,11.55816],[105.1662,11.58481],[105.18163,11.58498],[105.19012,11.60881],[105.21115,11.59801],[105.24618,11.61536],[105.25288,11.58936],[105.28737,11.58846],[105.28842,11.56585],[105.30531,11.5682],[105.31434,11.59823],[105.33978,11.58897],[105.37611,11.60826],[105.38217,11.63364],[105.37899,11.65034],[105.39213,11.67293],[105.4059,11.68018],[105.38702,11.69004],[105.36701,11.69296],[105.33142,11.70963],[105.32721,11.72737],[105.3,11.74373],[105.27005,11.75637],[105.26026,11.77554],[105.23539,11.79093],[105.23295,11.80001],[105.19558,11.78264],[105.18132,11.76742],[105.15729,11.75765],[105.16024,11.73552]]]},"properties":{"shapeName":"Pea Reang","shapeISO":"","shapeID":"14789045B14089291645285","shapeGroup":"KHM","shapeType":"ADM2"}},
{"type":"Feature","geometry":{"type":"Polygon","coordinates":[[[105.32664,11.25545],[105.3138,11.23542],[105.31404,11.2193],[105.30272,11.21601],[105.29659,11.1869],[105.31119,11.17439],[105.3139,11.15678],[105.30286,11.14789],[105.30907,11.11551],[105.29245,11.10841],[105.28236,11.11361],[105.26053,11.10331],[105.26215,11.07687],[105.28996,11.07841],[105.29239,11.06214],[105.31416,11.03641],[105.32884,11.00416],[105.3299,10.9847],[105.33894,10.97586],[105.34445,10.94856],[105.35716,10.94003],[105.37476,10.90389],[105.40693,10.93561],[105.42724,10.97275],[105.43299,10.98743],[105.44851,10.99864],[105.45604,11.05723],[105.46692,11.1038],[105.45736,11.14686],[105.46061,11.17342],[105.434,11.18952],[105.39749,11.20501],[105.379,11.22022],[105.34988,11.22422],[105.34354,11.24564],[105.32664,11.25545]]]},"properties":{"shapeName":"Preah Sdach","shapeISO":"","shapeID":"14789045B92288300467982","shapeGroup":"KHM","shapeType":"ADM2"}},
{"type":"Feature","geometry":{"type":"Polygon","coordinates":[[[105.3913,11.42718],[105.39233,11.4653],[105.37731,11.47876],[105.35883,11.47836],[105.34015,11.51877],[105.2873,11.52337],[105.28712,11.48873],[105.30605,11.46036],[105.30843,11.44178],[105.3174,11.45233],[105.37211,11.4391],[105.3913,11.42718]]]},"properties":{"shapeName":"Prey Veng","shapeISO":"","shapeID":"14789045B86524925966817","shapeGroup":"KHM","shapeType":"ADM2"}},
{"type":"Feature","geometry":{"type":"Polygon","coordinates":[[[105.29218,11.41916],[105.30397,11.41857],[105.30843,11.44178],[105.30605,11.46036],[105.28712,11.48873],[105.2873,11.52337],[105.34015,11.51877],[105.35883,11.47836],[105.37731,11.47876],[105.39047,11.48245],[105.39626,11.50436],[105.38104,11.53585],[105.3636,11.54672],[105.34437,11.54672],[105.33978,11.58897],[105.31434,11.59823],[105.30531,11.5682],[105.28842,11.56585],[105.28737,11.58846],[105.25288,11.58936],[105.24618,11.61536],[105.21115,11.59801],[105.19012,11.60881],[105.18163,11.58498],[105.1662,11.58481],[105.1201,11.55816],[105.12979,11.55313],[105.12783,11.53691],[105.14618,11.52689],[105.1589,11.53181],[105.17568,11.51963],[105.19852,11.52043],[105.21057,11.4977],[105.22745,11.48617],[105.22687,11.47326],[105.25544,11.45139],[105.28273,11.4424],[105.29702,11.4249],[105.29218,11.41916]]]},"properties":{"shapeName":"Pur Rieng","shapeISO":"","shapeID":"14789045B26766216675918","shapeGroup":"KHM","shapeType":"ADM2"}},
{"type":"Feature","geometry":{"type":"Polygon","coordinates":[[[105.26884,11.84108],[105.2533,11.81245],[105.23295,11.80001],[105.23539,11.79093],[105.26026,11.77554],[105.27005,11.75637],[105.3,11.74373],[105.32721,11.72737],[105.33142,11.70963],[105.36701,11.69296],[105.38702,11.69004],[105.4059,11.68018],[105.43436,11.70325],[105.4413,11.71395],[105.48133,11.71093],[105.49452,11.73736],[105.51096,11.75723],[105.49775,11.76334],[105.4631,11.76559],[105.44475,11.7549],[105.41903,11.77445],[105.41313,11.79242],[105.41827,11.82689],[105.40892,11.84074],[105.37491,11.84517],[105.36287,11.85678],[105.34356,11.85365],[105.33064,11.8649],[105.29495,11.8594],[105.28694,11.84548],[105.26884,11.84108]]]},"properties":{"shapeName":"Sithor Kandal","shapeISO":"","shapeID":"14789045B29604176056880","shapeGroup":"KHM","shapeType":"ADM2"}},
{"type":"Feature","geometry":{"type":"Polygon","coordinates":[[[105.45677,11.35959],[105.4563,11.37266],[105.47345,11.37487],[105.47444,11.39277],[105.4832,11.40919],[105.50181,11.41562],[105.51087,11.44861],[105.53551,11.45492],[105.54846,11.45359],[105.56691,11.47092],[105.58977,11.48477],[105.58685,11.49581],[105.55394,11.49969],[105.54695,11.51726],[105.55565,11.52447],[105.56243,11.54501],[105.56551,11.57425],[105.52878,11.56817],[105.52314,11.58348],[105.49783,11.6058],[105.4841,11.62663],[105.45488,11.65097],[105.42248,11.64471],[105.39592,11.63258],[105.38217,11.63364],[105.37611,11.60826],[105.33978,11.58897],[105.34437,11.54672],[105.3636,11.54672],[105.38104,11.53585],[105.39626,11.50436],[105.39047,11.48245],[105.37731,11.47876],[105.39233,11.4653],[105.3913,11.42718],[105.38188,11.39896],[105.39971,11.40178],[105.41383,11.39191],[105.41707,11.37839],[105.42893,11.37831],[105.42913,11.35771],[105.45677,11.35959]]]},"properties":{"shapeName":"Svay Antor","shapeISO":"","shapeID":"14789045B38642504760800","shapeGroup":"KHM","shapeType":"ADM2"}},
{"type":"Feature","geometry":{"type":"Polygon","coordinates":[[[103.63722,12.60272],[103.63192,12.59728],[103.64306,12.57779],[103.62212,12.56092],[103.61977,12.54355],[103.60292,12.52281],[103.56291,12.52104],[103.53874,12.51349],[103.52281,12.50354],[103.48632,12.51463],[103.45867,12.53544],[103.44399,12.54022],[103.46114,12.52324],[103.47377,12.50032],[103.48729,12.48787],[103.52612,12.4256],[103.54607,12.40092],[103.56757,12.38019],[103.65515,12.42144],[103.68096,12.43512],[103.68915,12.44466],[103.69009,12.46442],[103.70484,12.47922],[103.73301,12.48857],[103.73678,12.51756],[103.79015,12.49242],[103.78718,12.51901],[103.79476,12.52839],[103.83145,12.53181],[103.84572,12.52608],[103.86799,12.52879],[103.8798,12.58292],[103.8862,12.6201],[103.88088,12.64342],[103.88607,12.66669],[103.89973,12.66458],[103.90861,12.70269],[103.90683,12.72368],[103.91858,12.73702],[103.92356,12.76046],[103.93492,12.77359],[103.93575,12.79532],[103.89709,12.82222],[103.90767,12.84622],[103.89991,12.86559],[103.88169,12.86467],[103.87353,12.88382],[103.8604,12.89814],[103.83099,12.9082],[103.8019,12.90233],[103.79154,12.91764],[103.79254,12.94169],[103.78494,12.95533],[103.7934,12.96528],[103.78637,12.98255],[103.77457,12.98808],[103.74637,13.01096],[103.71812,12.9733],[103.72241,12.95028],[103.73025,12.94759],[103.72982,12.92819],[103.71179,12.92645],[103.70057,12.9148],[103.69575,12.86972],[103.68045,12.86128],[103.66872,12.86393],[103.64324,12.85566],[103.63269,12.84487],[103.63141,12.82327],[103.64599,12.81484],[103.62672,12.7842],[103.61942,12.74837],[103.63634,12.70188],[103.61873,12.67746],[103.63765,12.66381],[103.64567,12.64615],[103.63577,12.62909],[103.63722,12.60272]]]},"properties":{"shapeName":"Bakan","shapeISO":"","shapeID":"14789045B65386681247425","shapeGroup":"KHM","shapeType":"ADM2"}},
{"type":"Feature","geometry":{"type":"Polygon","coordinates":[[[103.8798,12.58292],[103.89119,12.56269],[103.91764,12.57237],[103.91543,12.55074],[103.93321,12.55805],[103.9525,12.55154],[103.99271,12.55271],[103.99632,12.56835],[104.0177,12.58672],[104.04748,12.59721],[104.09117,12.59867],[104.10022,12.62801],[104.11504,12.65369],[104.12889,12.66839],[104.12929,12.68178],[104.12162,12.69873],[104.13787,12.73916],[104.12808,12.73538],[104.10791,12.74839],[104.12128,12.7775],[104.10215,12.78191],[104.07738,12.79829],[104.06515,12.78301],[104.0163,12.7814],[103.99662,12.80039],[103.97384,12.80261],[103.95719,12.81229],[103.94945,12.83014],[103.93016,12.82505],[103.92705,12.8452],[103.90767,12.84622],[103.89709,12.82222],[103.93575,12.79532],[103.93492,12.77359],[103.92356,12.76046],[103.91858,12.73702],[103.90683,12.72368],[103.90861,12.70269],[103.89973,12.66458],[103.88607,12.66669],[103.88088,12.64342],[103.8862,12.6201],[103.8798,12.58292]]]},"properties":{"shapeName":"Kandieng","shapeISO":"","shapeID":"14789045B76302811248791","shapeGroup":"KHM","shapeType":"ADM2"}},
{"type":"Feature","geometry":{"type":"Polygon","coordinates":[[[104.38626,12.50934],[104.34901,12.52119],[104.33186,12.53614],[104.3224,12.53372],[104.30401,12.54699],[104.25778,12.55926],[104.24628,12.57035],[104.20851,12.57356],[104.19277,12.58872],[104.18083,12.61043],[104.17265,12.63841],[104.16219,12.63775],[104.14949,12.67609],[104.15028,12.69235],[104.13498,12.69733],[104.12929,12.68178],[104.12889,12.66839],[104.11504,12.65369],[104.10022,12.62801],[104.09117,12.59867],[104.04748,12.59721],[104.0177,12.58672],[103.99632,12.56835],[103.99271,12.55271],[103.99388,12.52573],[104.00825,12.49907],[104.00806,12.48395],[104.01544,12.46811],[103.99547,12.44613],[104.00706,12.41311],[103.99697,12.38945],[104.00657,12.37795],[104.01211,12.35403],[104.02942,12.34146],[104.02485,12.3116],[104.05707,12.30243],[104.07498,12.26553],[104.10009,12.24963],[104.14377,12.2177],[104.1593,12.19992],[104.17396,12.19729],[104.18025,12.2414],[104.18883,12.25885],[104.20018,12.26622],[104.22236,12.29146],[104.26349,12.29885],[104.28355,12.32259],[104.29696,12.32209],[104.32261,12.33408],[104.33844,12.35436],[104.35027,12.39451],[104.37597,12.41658],[104.3926,12.42022],[104.38024,12.4562],[104.38881,12.49723],[104.38626,12.50934]]]},"properties":{"shapeName":"Krakor","shapeISO":"","shapeID":"14789045B13270514327943","shapeGroup":"KHM","shapeType":"ADM2"}},
{"type":"Feature","geometry":{"type":"Polygon","coordinates":[[[104.17396,12.19729],[104.1593,12.19992],[104.14377,12.2177],[104.10009,12.24963],[104.07498,12.26553],[104.05707,12.30243],[104.02485,12.3116],[104.02942,12.34146],[104.01211,12.35403],[104.00657,12.37795],[103.99697,12.38945],[103.9751,12.35647],[103.96145,12.35445],[103.96117,12.37082],[103.95047,12.38784],[103.95108,12.39868],[103.93398,12.40551],[103.90531,12.38144],[103.87118,12.39794],[103.86778,12.41455],[103.85145,12.44062],[103.82986,12.44543],[103.80789,12.46134],[103.79027,12.48315],[103.79015,12.49242],[103.73678,12.51756],[103.73301,12.48857],[103.70484,12.47922],[103.69009,12.46442],[103.68915,12.44466],[103.68096,12.43512],[103.65515,12.42144],[103.56757,12.38019],[103.54607,12.40092],[103.52612,12.4256],[103.48729,12.48787],[103.47377,12.50032],[103.46715,12.49122],[103.47938,12.46759],[103.46801,12.44906],[103.49312,12.41738],[103.48635,12.40484],[103.49232,12.35805],[103.50247,12.33595],[103.51112,12.32881],[103.51193,12.30231],[103.52349,12.29918],[103.52991,12.28127],[103.52997,12.24728],[103.5094,12.17441],[103.51612,12.16027],[103.50058,12.13144],[103.50986,12.11839],[103.50739,12.10572],[103.52305,12.09734],[103.54931,12.07536],[103.56825,12.06691],[103.5837,12.05315],[103.60463,12.02422],[103.63358,12.01359],[103.63686,11.98568],[103.67444,11.96575],[103.69695,11.96335],[103.70024,11.94658],[103.71344,11.92937],[103.72184,11.92774],[103.74122,11.94008],[103.75712,11.92613],[103.77077,11.93401],[103.78896,11.93141],[103.80888,11.909],[103.81487,11.89526],[103.83073,11.88017],[103.84221,11.85465],[103.85766,11.84327],[103.87501,11.84893],[103.87296,11.8615],[103.8915,11.88393],[103.91437,11.89073],[103.91778,11.93053],[103.93953,11.94286],[103.97874,11.93052],[103.99003,11.90344],[104.01876,11.90077],[104.04247,11.92183],[104.06348,11.92624],[104.05032,11.95675],[104.0578,11.96842],[104.07151,11.96778],[104.0918,11.99594],[104.09745,12.022],[104.09337,12.03868],[104.12605,12.04759],[104.16182,12.04977],[104.17478,12.03901],[104.19039,12.07052],[104.19964,12.07685],[104.19702,12.0954],[104.18742,12.10449],[104.18258,12.16913],[104.17356,12.17314],[104.17396,12.19729]]]},"properties":{"shapeName":"Phnum Kravanh","shapeISO":"","shapeID":"14789045B35445184191564","shapeGroup":"KHM","shapeType":"ADM2"}},
{"type":"Feature","geometry":{"type":"Polygon","coordinates":[[[103.79015,12.49242],[103.79027,12.48315],[103.80789,12.46134],[103.82986,12.44543],[103.85145,12.44062],[103.86778,12.41455],[103.87118,12.39794],[103.90531,12.38144],[103.93398,12.40551],[103.95108,12.39868],[103.95047,12.38784],[103.96117,12.37082],[103.96145,12.35445],[103.9751,12.35647],[103.99697,12.38945],[104.00706,12.41311],[103.99547,12.44613],[104.01544,12.46811],[104.00806,12.48395],[104.00825,12.49907],[103.99388,12.52573],[103.99271,12.55271],[103.9525,12.55154],[103.93321,12.55805],[103.91543,12.55074],[103.91764,12.57237],[103.89119,12.56269],[103.8798,12.58292],[103.86799,12.52879],[103.84572,12.52608],[103.83145,12.53181],[103.79476,12.52839],[103.78718,12.51901],[103.79015,12.49242]]]},"properties":{"shapeName":"Pursat","shapeISO":"","shapeID":"14789045B81185563432345","shapeGroup":"KHM","shapeType":"ADM2"}},
{"type":"Feature","geometry":{"type":"Polygon","coordinates":[[[102.78488,12.40038],[102.74148,12.38573],[102.72582,12.36447],[102.72336,12.3342],[102.72608,12.3031],[102.71359,12.2609],[102.71846,12.24818],[102.71847,12.22539],[102.70858,12.20325],[102.7123,12.19502],[102.70389,12.17245],[102.71787,12.13837],[102.73212,12.12535],[102.73587,12.10833],[102.75173,12.09476],[102.75778,12.08096],[102.77029,12.07445],[102.77404,12.03499],[102.77943,12.02195],[102.79765,12.01357],[102.97257,12.00227],[102.9963,11.99697],[103.08555,11.96004],[103.10872,11.94897],[103.16005,11.94365],[103.18503,11.95253],[103.19869,11.96348],[103.22943,11.96309],[103.2345,11.97659],[103.25333,11.97325],[103.27157,11.98916],[103.29046,11.97969],[103.31153,11.9857],[103.31957,12.00892],[103.34437,12.02464],[103.36363,12.03117],[103.3643,12.06133],[103.38484,12.08142],[103.38211,12.09695],[103.39183,12.10802],[103.41317,12.10188],[103.43336,12.08671],[103.45838,12.10081],[103.46998,12.11614],[103.48879,12.10054],[103.50739,12.10572],[103.50986,12.11839],[103.50058,12.13144],[103.51612,12.16027],[103.5094,12.17441],[103.52997,12.24728],[103.52991,12.28127],[103.52349,12.29918],[103.51193,12.30231],[103.51112,12.32881],[103.50247,12.33595],[103.49232,12.35805],[103.48635,12.40484],[103.49312,12.41738],[103.46801,12.44906],[103.47938,12.46759],[103.46715,12.49122],[103.47377,12.50032],[103.46114,12.52324],[103.44399,12.54022],[103.39399,12.55938],[103.3735,12.55057],[103.36054,12.56014],[103.32496,12.56769],[103.3033,12.55874],[103.30236,12.54561],[103.28506,12.54952],[103.26908,12.53437],[103.23872,12.52321],[103.22544,12.52592],[103.20641,12.51095],[103.18272,12.50478],[103.16033,12.48132],[103.1429,12.48906],[103.10603,12.46951],[103.08205,12.46441],[103.07043,12.4571],[103.06704,12.43678],[103.02108,12.44708],[103.00834,12.47603],[102.99665,12.48544],[102.98197,12.47257],[102.97304,12.45079],[102.95107,12.44104],[102.94178,12.43022],[102.90522,12.43383],[102.88252,12.41232],[102.87343,12.39727],[102.83677,12.41234],[102.81021,12.37105],[102.79853,12.37999],[102.78488,12.40038]]]},"properties":{"shapeName":"Veal Veaeng","shapeISO":"","shapeID":"14789045B9222272664434","shapeGroup":"KHM","shapeType":"ADM2"}},
{"type":"Feature","geometry":{"type":"Polygon","coordinates":[[[107.34082,14.1323],[107.31776,14.13478],[107.2954,14.12395],[107.23332,14.04448],[107.18447,14.00083],[107.16353,13.99836],[107.16604,13.96833],[107.1606,13.96438],[107.1609,13.92503],[107.16414,13.90439],[107.15137,13.89286],[107.16277,13.86144],[107.16019,13.82626],[107.17131,13.82909],[107.19455,13.83944],[107.2187,13.82477],[107.24066,13.82358],[107.25316,13.80889],[107.30501,13.8049],[107.32563,13.81883],[107.36283,13.83912],[107.36346,13.81159],[107.38848,13.80748],[107.41721,13.7858],[107.45138,13.7946],[107.46173,13.8161],[107.45553,13.82835],[107.46626,13.83977],[107.47169,13.85754],[107.45395,13.87082],[107.4703,13.89074],[107.46956,13.92133],[107.4533,13.93003],[107.45573,13.9795],[107.44441,13.99577],[107.42819,13.99837],[107.40712,13.99007],[107.3863,13.98961],[107.36559,14.01315],[107.35741,14.02789],[107.36565,14.03468],[107.36717,14.08348],[107.34454,14.10703],[107.33493,14.10778],[107.34082,14.1323]]]},"properties":{"shapeName":"Andoung Meas","shapeISO":"","shapeID":"14789045B1558360713921","shapeGroup":"KHM","shapeType":"ADM2"}},
{"type":"Feature","geometry":{"type":"Polygon","coordinates":[[[107.08663,13.73761],[107.07262,13.74542],[107.04634,13.748],[107.04001,13.76324],[107.02211,13.76337],[106.98347,13.75536],[106.94626,13.73615],[106.94242,13.72394],[106.95102,13.71231],[106.96124,13.69655],[106.97101,13.69039],[106.97603,13.67032],[106.99032,13.64483],[107.01247,13.63222],[107.015,13.62132],[107.04247,13.60421],[107.0394,13.59023],[107.05012,13.58327],[107.0699,13.58099],[107.08741,13.60142],[107.08897,13.62606],[107.07863,13.65533],[107.08966,13.67276],[107.09102,13.69624],[107.08031,13.7064],[107.08663,13.73761]]]},"properties":{"shapeName":"Ban Lung","shapeISO":"","shapeID":"14789045B59370140697229","shapeGroup":"KHM","shapeType":"ADM2"}},
{"type":"Feature","geometry":{"type":"Polygon","coordinates":[[[107.17131,13.82909],[107.15811,13.8012],[107.14053,13.78581],[107.13905,13.76178],[107.11809,13.75677],[107.11144,13.74561],[107.08663,13.73761],[107.08031,13.7064],[107.09102,13.69624],[107.08966,13.67276],[107.07863,13.65533],[107.08897,13.62606],[107.09976,13.61608],[107.12298,13.61133],[107.13952,13.60319],[107.20087,13.6006],[107.23285,13.59201],[107.26317,13.59271],[107.2709,13.59658],[107.26636,13.60275],[107.26849,13.67032],[107.263,13.69815],[107.26784,13.71748],[107.28241,13.72321],[107.28933,13.75269],[107.30211,13.75793],[107.30315,13.77076],[107.32447,13.77776],[107.32563,13.81883],[107.30501,13.8049],[107.25316,13.80889],[107.24066,13.82358],[107.2187,13.82477],[107.19455,13.83944],[107.17131,13.82909]]]},"properties":{"shapeName":"Bar Kaev","shapeISO":"","shapeID":"14789045B1081275636897","shapeGroup":"KHM","shapeType":"ADM2"}},
{"type":"Feature","geometry":{"type":"Polygon","coordinates":[[[106.90179,13.17611],[106.8992,13.19216],[106.90917,13.22776],[106.89795,13.24137],[106.89905,13.26875],[106.88098,13.27848],[106.90511,13.32915],[106.90403,13.34541],[106.88724,13.35609],[106.88424,13.39332],[106.85489,13.41782],[106.8449,13.4319],[106.85203,13.43879],[106.87029,13.43849],[106.8785,13.45519],[106.87204,13.46665],[106.87602,13.48882],[106.8928,13.49882],[106.90258,13.51901],[106.90367,13.5334],[106.89398,13.54122],[106.89862,13.56235],[106.91824,13.59132],[106.91834,13.60585],[106.93072,13.62475],[106.93667,13.65707],[106.96124,13.69655],[106.95102,13.71231],[106.9317,13.72504],[106.91398,13.72603],[106.89633,13.74287],[106.91311,13.76793],[106.90048,13.76883],[106.87671,13.78042],[106.88033,13.7944],[106.87386,13.79936],[106.85205,13.79231],[106.83614,13.7792],[106.81095,13.77149],[106.79563,13.77639],[106.7764,13.79017],[106.74557,13.7921],[106.73499,13.80354],[106.67444,13.81618],[106.65773,13.82289],[106.6535,13.80633],[106.6632,13.7793],[106.65721,13.7647],[106.63663,13.74218],[106.63154,13.72041],[106.61758,13.70307],[106.58644,13.68286],[106.57281,13.68261],[106.55347,13.67291],[106.53086,13.67024],[106.53019,13.5531],[106.55239,13.54482],[106.57061,13.51805],[106.57444,13.49434],[106.61283,13.42773],[106.60684,13.39842],[106.62062,13.386],[106.6278,13.35712],[106.62498,13.34585],[106.61044,13.33927],[106.60811,13.32283],[106.74592,13.22754],[106.77658,13.19901],[106.83097,13.18592],[106.86324,13.17509],[106.90179,13.17611]]]},"properties":{"shapeName":"Koun Mom","shapeISO":"","shapeID":"14789045B34257820589195","shapeGroup":"KHM","shapeType":"ADM2"}},
{"type":"Feature","geometry":{"type":"Polygon","coordinates":[[[107.33783,13.31511],[107.34377,13.32844],[107.3633,13.3421],[107.37577,13.35741],[107.37121,13.37617],[107.36051,13.39121],[107.36257,13.40541],[107.33103,13.44098],[107.31387,13.45013],[107.29876,13.53],[107.28444,13.54961],[107.29417,13.56551],[107.2709,13.59658],[107.26317,13.59271],[107.23285,13.59201],[107.20087,13.6006],[107.13952,13.60319],[107.12298,13.61133],[107.09976,13.61608],[107.08897,13.62606],[107.08741,13.60142],[107.0699,13.58099],[107.05012,13.58327],[107.0394,13.59023],[107.04247,13.60421],[107.015,13.62132],[107.01247,13.63222],[106.99032,13.64483],[106.97603,13.67032],[106.97101,13.69039],[106.96124,13.69655],[106.93667,13.65707],[106.93072,13.62475],[106.91834,13.60585],[106.91824,13.59132],[106.89862,13.56235],[106.89398,13.54122],[106.90367,13.5334],[106.90258,13.51901],[106.8928,13.49882],[106.87602,13.48882],[106.87204,13.46665],[106.8785,13.45519],[106.87029,13.43849],[106.85203,13.43879],[106.8449,13.4319],[106.85489,13.41782],[106.88424,13.39332],[106.88724,13.35609],[106.90403,13.34541],[106.90511,13.32915],[106.88098,13.27848],[106.89905,13.26875],[106.89795,13.24137],[106.90917,13.22776],[106.8992,13.19216],[106.90179,13.17611],[106.9156,13.1788],[106.93439,13.17383],[106.96334,13.18399],[106.98008,13.17772],[107.00522,13.18789],[107.03102,13.18553],[107.0481,13.17256],[107.06402,13.19144],[107.08414,13.205],[107.08303,13.23006],[107.09399,13.24221],[107.08749,13.251],[107.09035,13.273],[107.07315,13.29422],[107.07095,13.31166],[107.07794,13.32114],[107.0906,13.3104],[107.10639,13.30838],[107.12332,13.31543],[107.13295,13.32947],[107.15679,13.32452],[107.15891,13.31209],[107.17368,13.30625],[107.19049,13.30809],[107.2107,13.31883],[107.21966,13.33134],[107.23253,13.33495],[107.23523,13.35873],[107.24543,13.3675],[107.27001,13.35823],[107.29194,13.30933],[107.3022,13.30729],[107.31947,13.31561],[107.33783,13.31511]]]},"properties":{"shapeName":"Lumphat","shapeISO":"","shapeID":"14789045B80217512950075","shapeGroup":"KHM","shapeType":"ADM2"}},
{"type":"Feature","geometry":{"type":"Polygon","coordinates":[[[107.1609,13.92503],[107.11444,13.93765],[107.08556,13.93854],[107.07285,13.9501],[107.06623,13.97442],[107.02583,13.96982],[106.99691,13.96122],[106.99099,13.93834],[106.95003,13.88611],[106.93405,13.8916],[106.90482,13.86123],[106.92061,13.82262],[106.92074,13.80907],[106.88033,13.7944],[106.87671,13.78042],[106.90048,13.76883],[106.91311,13.76793],[106.89633,13.74287],[106.91398,13.72603],[106.9317,13.72504],[106.95102,13.71231],[106.94242,13.72394],[106.94626,13.73615],[106.98347,13.75536],[107.02211,13.76337],[107.04001,13.76324],[107.04634,13.748],[107.07262,13.74542],[107.08663,13.73761],[107.11144,13.74561],[107.11809,13.75677],[107.13905,13.76178],[107.14053,13.78581],[107.15811,13.8012],[107.17131,13.82909],[107.16019,13.82626],[107.16277,13.86144],[107.15137,13.89286],[107.16414,13.90439],[107.1609,13.92503]]]},"properties":{"shapeName":"Ou Chum","shapeISO":"","shapeID":"14789045B56033797709996","shapeGroup":"KHM","shapeType":"ADM2"}},
{"type":"Feature","geometry":{"type":"Polygon","coordinates":[[[107.60331,13.30273],[107.62768,13.3665],[107.61961,13.50207],[107.61681,13.5265],[107.57275,13.62442],[107.57054,13.66268],[107.55232,13.69405],[107.53581,13.74146],[107.49344,13.77281],[107.46947,13.77962],[107.45138,13.7946],[107.41721,13.7858],[107.38848,13.80748],[107.36346,13.81159],[107.36283,13.83912],[107.32563,13.81883],[107.32447,13.77776],[107.30315,13.77076],[107.30211,13.75793],[107.28933,13.75269],[107.28241,13.72321],[107.26784,13.71748],[107.263,13.69815],[107.26849,13.67032],[107.26636,13.60275],[107.2709,13.59658],[107.29417,13.56551],[107.28444,13.54961],[107.29876,13.53],[107.31387,13.45013],[107.33103,13.44098],[107.36257,13.40541],[107.36051,13.39121],[107.37121,13.37617],[107.37577,13.35741],[107.3633,13.3421],[107.34377,13.32844],[107.33783,13.31511],[107.35729,13.29562],[107.36939,13.27656],[107.39069,13.28025],[107.40258,13.29589],[107.41815,13.30629],[107.44094,13.31241],[107.45735,13.32983],[107.47042,13.33157],[107.48805,13.30703],[107.5011,13.29666],[107.53251,13.29987],[107.56482,13.28352],[107.58169,13.2952],[107.58496,13.30519],[107.60331,13.30273]]]},"properties":{"shapeName":"Ou Ya Dav","shapeISO":"","shapeID":"14789045B92198168751109","shapeGroup":"KHM","shapeType":"ADM2"}},
{"type":"Feature","geometry":{"type":"Polygon","coordinates":[[[107.34082,14.1323],[107.37738,14.17932],[107.3974,14.22472],[107.40802,14.23551],[107.40023,14.24918],[107.40971,14.26469],[107.40672,14.29847],[107.39118,14.31577],[107.39214,14.32795],[107.40836,14.34659],[107.41078,14.35657],[107.42855,14.37676],[107.44015,14.38214],[107.44057,14.39638],[107.44976,14.41853],[107.46758,14.40475],[107.48895,14.40721],[107.48963,14.42882],[107.49786,14.43623],[107.50572,14.45794],[107.50633,14.48509],[107.51409,14.49796],[107.50702,14.5084],[107.52142,14.51781],[107.53215,14.54635],[107.52263,14.56582],[107.52506,14.59813],[107.54413,14.60681],[107.5441,14.61607],[107.55956,14.62255],[107.55134,14.64091],[107.55484,14.66742],[107.53625,14.69008],[107.52354,14.67556],[107.51864,14.64844],[107.50104,14.63807],[107.48954,14.62136],[107.46923,14.62136],[107.46119,14.6072],[107.46664,14.59134],[107.45339,14.58732],[107.45679,14.56295],[107.43749,14.52405],[107.39612,14.54273],[107.37598,14.54019],[107.36274,14.55524],[107.36375,14.56613],[107.32807,14.59161],[107.29876,14.58792],[107.28224,14.57009],[107.28517,14.5588],[107.27591,14.54111],[107.26076,14.54222],[107.25332,14.52202],[107.25832,14.49229],[107.2376,14.47845],[107.21838,14.48797],[107.20039,14.47653],[107.19742,14.45086],[107.17571,14.43323],[107.16489,14.41578],[107.14523,14.41351],[107.11141,14.39311],[107.08345,14.39521],[107.0752,14.41434],[107.07745,14.42629],[107.06294,14.43958],[107.03705,14.44378],[107.04614,14.41611],[107.01547,14.39693],[106.99557,14.35494],[106.98964,14.35916],[106.99167,14.33043],[106.98842,14.3181],[106.99087,14.2808],[107.00746,14.2667],[107.01034,14.22103],[107.03154,14.1961],[107.02533,14.18626],[107.03335,14.1615],[107.05329,14.15205],[107.05998,14.13417],[107.05112,14.12443],[107.0641,14.11581],[107.06774,14.10227],[107.04931,14.09226],[107.02917,14.05975],[107.02759,14.04289],[107.05432,13.99243],[107.06623,13.97442],[107.07285,13.9501],[107.08556,13.93854],[107.11444,13.93765],[107.1609,13.92503],[107.1606,13.96438],[107.16604,13.96833],[107.16353,13.99836],[107.18447,14.00083],[107.23332,14.04448],[107.2954,14.12395],[107.31776,14.13478],[107.34082,14.1323]]]},"properties":{"shapeName":"Ta Veaeng","shapeISO":"","shapeID":"14789045B64125639781639","shapeGroup":"KHM","shapeType":"ADM2"}},
{"type":"Feature","geometry":{"type":"Polygon","coordinates":[[[106.88033,13.7944],[106.92074,13.80907],[106.92061,13.82262],[106.90482,13.86123],[106.93405,13.8916],[106.95003,13.88611],[106.99099,13.93834],[106.99691,13.96122],[107.02583,13.96982],[107.06623,13.97442],[107.05432,13.99243],[107.02759,14.04289],[107.02917,14.05975],[107.04931,14.09226],[107.06774,14.10227],[107.0641,14.11581],[107.05112,14.12443],[107.05998,14.13417],[107.05329,14.15205],[107.03335,14.1615],[107.02533,14.18626],[107.03154,14.1961],[107.01034,14.22103],[107.00746,14.2667],[106.99087,14.2808],[106.98842,14.3181],[106.99167,14.33043],[106.98964,14.35916],[106.97642,14.35832],[106.971,14.3401],[106.97897,14.33462],[106.9672,14.3141],[106.94569,14.31424],[106.91933,14.32961],[106.89489,14.33352],[106.89366,14.3129],[106.88111,14.31784],[106.86301,14.31594],[106.85007,14.30076],[106.81516,14.31183],[106.78649,14.34112],[106.78531,14.3521],[106.76976,14.38065],[106.75597,14.38653],[106.7473,14.36125],[106.74715,14.32206],[106.75471,14.24266],[106.75974,14.23462],[106.75271,14.21027],[106.75125,14.17244],[106.75871,14.16194],[106.78912,14.08285],[106.78846,14.07257],[106.75553,14.02554],[106.70698,14.00556],[106.69653,13.99488],[106.6682,13.99701],[106.65533,13.98618],[106.63064,13.9938],[106.61468,13.99269],[106.61304,13.97412],[106.61849,13.94225],[106.62678,13.93428],[106.62661,13.90075],[106.63594,13.892],[106.63401,13.86232],[106.6501,13.85203],[106.65773,13.82289],[106.67444,13.81618],[106.73499,13.80354],[106.74557,13.7921],[106.7764,13.79017],[106.79563,13.77639],[106.81095,13.77149],[106.83614,13.7792],[106.85205,13.79231],[106.87386,13.79936],[106.88033,13.7944]]]},"properties":{"shapeName":"Veun Sai","shapeISO":"","shapeID":"14789045B84584240899175","shapeGroup":"KHM","shapeType":"ADM2"}},
{"type":"Feature","geometry":{"type":"Polygon","coordinates":[[[103.85058,13.70197],[103.85826,13.71201],[103.88036,13.72007],[103.88501,13.72705],[103.86103,13.74472],[103.81205,13.75815],[103.7049,13.75791],[103.68134,13.76934],[103.71972,13.79409],[103.7337,13.7951],[103.74219,13.8279],[103.72835,13.84499],[103.70843,13.83957],[103.65687,13.83896],[103.63071,13.82477],[103.61243,13.7825],[103.61336,13.73786],[103.61311,13.69316],[103.59306,13.68252],[103.58074,13.63069],[103.66544,13.6311],[103.68723,13.60043],[103.70321,13.59463],[103.73889,13.59496],[103.75276,13.60867],[103.78526,13.65436],[103.83726,13.68323],[103.85058,13.70197]]]},"properties":{"shapeName":"Angkor Chum","shapeISO":"","shapeID":"14789045B56044752523155","shapeGroup":"KHM","shapeType":"ADM2"}},
{"type":"Feature","geometry":{"type":"Polygon","coordinates":[[[103.75276,13.60867],[103.78809,13.56854],[103.80974,13.56443],[103.78803,13.54985],[103.77717,13.53173],[103.78006,13.50624],[103.79827,13.50508],[103.81848,13.47711],[103.81271,13.46917],[103.88134,13.46784],[103.91079,13.46889],[103.91248,13.45676],[103.92555,13.47137],[103.92253,13.49309],[103.91379,13.50888],[103.91909,13.53428],[103.91278,13.54878],[103.93255,13.56699],[103.93097,13.57979],[103.9198,13.59794],[103.92424,13.63402],[103.92074,13.6617],[103.92791,13.68127],[103.905,13.69547],[103.88458,13.68718],[103.85058,13.70197],[103.83726,13.68323],[103.78526,13.65436],[103.75276,13.60867]]]},"properties":{"shapeName":"Angkor Thum","shapeISO":"","shapeID":"14789045B45657319092410","shapeGroup":"KHM","shapeType":"ADM2"}},
{"type":"Feature","geometry":{"type":"Polygon","coordinates":[[[103.91248,13.45676],[103.92119,13.44749],[103.92257,13.42769],[103.99025,13.42443],[104.01655,13.42398],[104.02955,13.43257],[104.03572,13.44842],[104.05364,13.44706],[104.0756,13.45344],[104.08965,13.4447],[104.10482,13.45358],[104.10507,13.47781],[104.11942,13.50085],[104.0999,13.53942],[104.09272,13.5434],[104.07553,13.56868],[104.07998,13.60111],[104.10096,13.61093],[104.1032,13.63241],[104.09069,13.6496],[104.09011,13.6757],[104.10901,13.70332],[104.11318,13.72592],[104.09999,13.75117],[104.08533,13.75227],[104.07808,13.77023],[104.03815,13.73405],[104.02577,13.70823],[104.01295,13.71236],[103.99554,13.70304],[103.92791,13.68127],[103.92074,13.6617],[103.92424,13.63402],[103.9198,13.59794],[103.93097,13.57979],[103.93255,13.56699],[103.91278,13.54878],[103.91909,13.53428],[103.91379,13.50888],[103.92253,13.49309],[103.92555,13.47137],[103.91248,13.45676]]]},"properties":{"shapeName":"Banteay Srei","shapeISO":"","shapeID":"14789045B44101089408344","shapeGroup":"KHM","shapeType":"ADM2"}},
{"type":"Feature","geometry":{"type":"Polygon","coordinates":[[[104.56486,13.25135],[104.57177,13.27452],[104.56469,13.29721],[104.5723,13.31904],[104.56757,13.33106],[104.56678,13.35913],[104.57332,13.38306],[104.58596,13.39603],[104.5985,13.41775],[104.63386,13.44288],[104.64928,13.46741],[104.64894,13.49039],[104.68304,13.52811],[104.67578,13.53454],[104.65045,13.51658],[104.61649,13.5053],[104.59735,13.52388],[104.56987,13.5218],[104.5522,13.52575],[104.5328,13.54502],[104.5143,13.54498],[104.49079,13.55092],[104.45749,13.55293],[104.44822,13.53604],[104.42961,13.52886],[104.42636,13.51518],[104.40464,13.49622],[104.40115,13.47861],[104.40673,13.46445],[104.38995,13.4269],[104.368,13.41732],[104.34746,13.42612],[104.25572,13.42354],[104.2386,13.40541],[104.22445,13.40056],[104.21156,13.41251],[104.21154,13.33596],[104.20273,13.30336],[104.21058,13.28649],[104.22509,13.27288],[104.19553,13.25181],[104.17479,13.22436],[104.17594,12.84638],[104.19379,12.81498],[104.20396,12.78057],[104.21027,12.78314],[104.24665,12.83544],[104.27695,12.8647],[104.28138,12.87587],[104.30373,12.87782],[104.33552,12.89581],[104.36259,12.90401],[104.37348,12.93605],[104.39148,12.95493],[104.40202,12.95785],[104.42301,12.98605],[104.43681,12.98427],[104.46081,13.01472],[104.4526,13.02062],[104.45409,13.04358],[104.46592,13.04801],[104.47082,13.08761],[104.47153,13.15466],[104.47889,13.1762],[104.51012,13.19427],[104.54915,13.20702],[104.56486,13.25135]]]},"properties":{"shapeName":"Chi Kraeng","shapeISO":"","shapeID":"14789045B44896386917879","shapeGroup":"KHM","shapeType":"ADM2"}},
{"type":"Feature","geometry":{"type":"Polygon","coordinates":[[[103.40637,13.65945],[103.39623,13.64481],[103.39662,13.62427],[103.41481,13.59603],[103.40363,13.58876],[103.4132,13.57098],[103.40602,13.56337],[103.41817,13.54241],[103.41795,13.53013],[103.40568,13.51231],[103.39914,13.47599],[103.41419,13.46245],[103.40288,13.45276],[103.39382,13.41377],[103.41269,13.38578],[103.41555,13.36723],[103.43949,13.36023],[103.46763,13.34632],[103.47715,13.35399],[103.49889,13.34911],[103.49472,13.35141],[103.4881,13.38554],[103.48249,13.39191],[103.47888,13.43941],[103.47354,13.45276],[103.48522,13.46121],[103.49532,13.48031],[103.49919,13.49884],[103.51955,13.50739],[103.52713,13.52971],[103.55611,13.5682],[103.55723,13.5933],[103.58074,13.63069],[103.59306,13.68252],[103.61311,13.69316],[103.61336,13.73786],[103.58557,13.72452],[103.50343,13.75104],[103.48477,13.73757],[103.46724,13.70677],[103.43843,13.69258],[103.40637,13.65945]]]},"properties":{"shapeName":"Kralanh","shapeISO":"","shapeID":"14789045B14092242539630","shapeGroup":"KHM","shapeType":"ADM2"}},
{"type":"Feature","geometry":{"type":"Polygon","coordinates":[[[103.70635,13.26829],[103.73408,13.25975],[103.74406,13.2886],[103.75567,13.30603],[103.75363,13.3375],[103.74953,13.34628],[103.75824,13.37184],[103.77893,13.38415],[103.7826,13.42452],[103.7639,13.4256],[103.76277,13.44392],[103.79018,13.44454],[103.81271,13.46917],[103.81848,13.47711],[103.79827,13.50508],[103.78006,13.50624],[103.77717,13.53173],[103.78803,13.54985],[103.80974,13.56443],[103.78809,13.56854],[103.75276,13.60867],[103.73889,13.59496],[103.70321,13.59463],[103.68723,13.60043],[103.66544,13.6311],[103.58074,13.63069],[103.55723,13.5933],[103.55611,13.5682],[103.52713,13.52971],[103.51955,13.50739],[103.49919,13.49884],[103.49532,13.48031],[103.48522,13.46121],[103.47354,13.45276],[103.47888,13.43941],[103.48249,13.39191],[103.4881,13.38554],[103.49472,13.35141],[103.49889,13.34911],[103.52575,13.34911],[103.52807,13.34052],[103.55399,13.33086],[103.5566,13.31498],[103.57985,13.31277],[103.59459,13.29305],[103.62514,13.29833],[103.64705,13.29354],[103.66844,13.2744],[103.68235,13.28655],[103.70635,13.26829]]]},"properties":{"shapeName":"Puok","shapeISO":"","shapeID":"14789045B68660120235745","shapeGroup":"KHM","shapeType":"ADM2"}},
{"type":"Feature","geometry":{"type":"Polygon","coordinates":[[[103.99025,13.42443],[103.9873,13.38299],[103.95931,13.36563],[103.90673,13.36583],[103.90713,13.21145],[103.94173,13.2095],[103.97081,13.19451],[103.98359,13.19437],[104.02706,13.16539],[104.02674,13.25361],[104.04234,13.27871],[104.06321,13.28678],[104.07564,13.29829],[104.07617,13.3186],[104.06233,13.32252],[104.06119,13.36975],[104.05366,13.37744],[104.05364,13.44706],[104.03572,13.44842],[104.02955,13.43257],[104.01655,13.42398],[103.99025,13.42443]]]},"properties":{"shapeName":"Prasat Bakong","shapeISO":"","shapeID":"14789045B83000183450022","shapeGroup":"KHM","shapeType":"ADM2"}},
{"type":"Feature","geometry":{"type":"Polygon","coordinates":[[[103.81271,13.46917],[103.79018,13.44454],[103.76277,13.44392],[103.7639,13.4256],[103.7826,13.42452],[103.77893,13.38415],[103.75824,13.37184],[103.74953,13.34628],[103.75363,13.3375],[103.75567,13.30603],[103.74406,13.2886],[103.73408,13.25975],[103.77299,13.24662],[103.79726,13.24313],[103.80868,13.23604],[103.82853,13.23559],[103.84112,13.22741],[103.85966,13.23118],[103.88251,13.21924],[103.89458,13.22031],[103.90713,13.21145],[103.90673,13.36583],[103.95931,13.36563],[103.9873,13.38299],[103.99025,13.42443],[103.92257,13.42769],[103.92119,13.44749],[103.91248,13.45676],[103.91079,13.46889],[103.88134,13.46784],[103.81271,13.46917]]]},"properties":{"shapeName":"Siem Reap","shapeISO":"","shapeID":"14789045B16739970374251","shapeGroup":"KHM","shapeType":"ADM2"}},
{"type":"Feature","geometry":{"type":"Polygon","coordinates":[[[104.05364,13.44706],[104.05366,13.37744],[104.06119,13.36975],[104.06233,13.32252],[104.07617,13.3186],[104.07564,13.29829],[104.06321,13.28678],[104.04234,13.27871],[104.02674,13.25361],[104.02706,13.16539],[104.05515,13.13165],[104.07946,13.09322],[104.09529,13.06118],[104.11129,13.01445],[104.12548,12.96176],[104.14695,12.94766],[104.15862,12.9168],[104.15149,12.89837],[104.15834,12.87219],[104.17594,12.84638],[104.17479,13.22436],[104.19553,13.25181],[104.22509,13.27288],[104.21058,13.28649],[104.20273,13.30336],[104.21154,13.33596],[104.21156,13.41251],[104.17985,13.41223],[104.17493,13.4161],[104.17321,13.447],[104.19014,13.46581],[104.17156,13.48198],[104.1458,13.479],[104.12217,13.48807],[104.11942,13.50085],[104.10507,13.47781],[104.10482,13.45358],[104.08965,13.4447],[104.0756,13.45344],[104.05364,13.44706]]]},"properties":{"shapeName":"Soutr Nikom","shapeISO":"","shapeID":"14789045B2635302859589","shapeGroup":"KHM","shapeType":"ADM2"}},
{"type":"Feature","geometry":{"type":"Polygon","coordinates":[[[103.43843,13.69258],[103.46724,13.70677],[103.48477,13.73757],[103.50343,13.75104],[103.58557,13.72452],[103.61336,13.73786],[103.61243,13.7825],[103.63071,13.82477],[103.65687,13.83896],[103.70843,13.83957],[103.72835,13.84499],[103.72814,13.90155],[103.71214,13.91935],[103.69054,13.95395],[103.68104,13.96111],[103.63544,13.97178],[103.61449,13.94708],[103.58215,13.92848],[103.57057,13.90916],[103.54867,13.9058],[103.53661,13.89749],[103.50298,13.8981],[103.47866,13.90229],[103.47451,13.89227],[103.45873,13.89207],[103.44926,13.88197],[103.43534,13.87944],[103.42174,13.85797],[103.43048,13.81743],[103.42284,13.77395],[103.42588,13.75099],[103.42088,13.70976],[103.43843,13.69258]]]},"properties":{"shapeName":"Srei Snam","shapeISO":"","shapeID":"14789045B20836207890742","shapeGroup":"KHM","shapeType":"ADM2"}},
{"type":"Feature","geometry":{"type":"Polygon","coordinates":[[[104.42202,13.93901],[104.3909,13.96244],[104.36987,13.9599],[104.35966,13.96482],[104.34759,13.9534],[104.3339,13.95812],[104.31141,13.95486],[104.29139,13.96035],[104.27266,13.95246],[104.26161,13.95817],[104.21731,13.92816],[104.18732,13.93711],[104.17469,13.95159],[104.16283,13.95626],[104.14775,13.9596],[104.11086,13.95283],[104.11101,13.91256],[104.09708,13.88982],[104.09922,13.87035],[104.10752,13.8579],[104.1029,13.83667],[104.1156,13.78817],[104.07808,13.77023],[104.08533,13.75227],[104.09999,13.75117],[104.11318,13.72592],[104.10901,13.70332],[104.09011,13.6757],[104.09069,13.6496],[104.1032,13.63241],[104.10096,13.61093],[104.07998,13.60111],[104.07553,13.56868],[104.09272,13.5434],[104.0999,13.53942],[104.11942,13.50085],[104.12217,13.48807],[104.1458,13.479],[104.17156,13.48198],[104.19014,13.46581],[104.17321,13.447],[104.17493,13.4161],[104.17985,13.41223],[104.21156,13.41251],[104.22445,13.40056],[104.2386,13.40541],[104.25572,13.42354],[104.34746,13.42612],[104.368,13.41732],[104.38995,13.4269],[104.40673,13.46445],[104.40115,13.47861],[104.40464,13.49622],[104.42636,13.51518],[104.42961,13.52886],[104.44822,13.53604],[104.45749,13.55293],[104.41016,13.55578],[104.41131,13.56882],[104.40213,13.5916],[104.40969,13.60741],[104.4244,13.61362],[104.42869,13.63433],[104.44038,13.65415],[104.44046,13.66885],[104.42796,13.68776],[104.4322,13.6994],[104.42836,13.72105],[104.40807,13.75144],[104.41413,13.76751],[104.39414,13.78068],[104.38371,13.80943],[104.36355,13.80707],[104.358,13.8144],[104.37866,13.83788],[104.38251,13.85217],[104.40915,13.91116],[104.42244,13.92118],[104.42202,13.93901]]]},"properties":{"shapeName":"Svay Leu","shapeISO":"","shapeID":"14789045B56730119052608","shapeGroup":"KHM","shapeType":"ADM2"}},
{"type":"Feature","geometry":{"type":"Polygon","coordinates":[[[103.85058,13.70197],[103.88458,13.68718],[103.905,13.69547],[103.92791,13.68127],[103.99554,13.70304],[104.01295,13.71236],[104.02577,13.70823],[104.03815,13.73405],[104.07808,13.77023],[104.1156,13.78817],[104.1029,13.83667],[104.10752,13.8579],[104.09922,13.87035],[104.09708,13.88982],[104.11101,13.91256],[104.11086,13.95283],[104.11261,13.96759],[103.82957,13.96619],[103.69013,13.96573],[103.68104,13.96111],[103.69054,13.95395],[103.71214,13.91935],[103.72814,13.90155],[103.72835,13.84499],[103.74219,13.8279],[103.7337,13.7951],[103.71972,13.79409],[103.68134,13.76934],[103.7049,13.75791],[103.81205,13.75815],[103.86103,13.74472],[103.88501,13.72705],[103.88036,13.72007],[103.85826,13.71201],[103.85058,13.70197]]]},"properties":{"shapeName":"Varin","shapeISO":"","shapeID":"14789045B34127084332177","shapeGroup":"KHM","shapeType":"ADM2"}},
{"type":"Feature","geometry":{"type":"MultiPolygon","coordinates":[[[[103.31601,10.62273],[103.27886,10.60818],[103.2836,10.58645],[103.309,10.56024],[103.31441,10.54281],[103.32423,10.54261],[103.32466,10.57184],[103.30552,10.58217],[103.30271,10.60418],[103.31864,10.60687],[103.31601,10.62273]]],[[[103.57693,10.65664],[103.56702,10.67176],[103.56742,10.69289],[103.54452,10.69521],[103.53352,10.68196],[103.51915,10.65479],[103.49979,10.64637],[103.48959,10.62276],[103.50207,10.60974],[103.52543,10.60432],[103.54154,10.58626],[103.56093,10.55614],[103.56899,10.57453],[103.56454,10.59206],[103.57872,10.59562],[103.5867,10.60752],[103.58595,10.63756],[103.57693,10.65664]]],[[[103.23272,10.77969],[103.21609,10.76438],[103.19397,10.77078],[103.18184,10.7371],[103.20185,10.73528],[103.20132,10.7162],[103.21002,10.7057],[103.22647,10.70185],[103.23284,10.71034],[103.25077,10.69682],[103.25863,10.67412],[103.25936,10.65614],[103.26908,10.65345],[103.2798,10.67959],[103.29513,10.67917],[103.31536,10.6981],[103.30888,10.71245],[103.29608,10.7113],[103.28296,10.72574],[103.26054,10.72108],[103.25293,10.73619],[103.25671,10.75447],[103.23272,10.77969]]]]},"properties":{"shapeName":"Preah Sihanouk","shapeISO":"","shapeID":"14789045B14640150427480","shapeGroup":"KHM","shapeType":"ADM2"}},
{"type":"Feature","geometry":{"type":"MultiPolygon","coordinates":[[[[103.79233,10.43815],[103.78219,10.42273],[103.78763,10.41448],[103.80533,10.41668],[103.80418,10.4293],[103.79233,10.43815]]],[[[103.58915,10.50537],[103.58734,10.47884],[103.60794,10.48307],[103.59907,10.50623],[103.58915,10.50537]]],[[[103.75344,10.51967],[103.74516,10.50734],[103.74732,10.48321],[103.73842,10.47227],[103.77002,10.44104],[103.78083,10.45218],[103.7972,10.45732],[103.79583,10.50204],[103.77139,10.51768],[103.75344,10.51967]]],[[[103.91611,10.95318],[103.81692,10.90192],[103.81477,10.9028],[103.78757,10.91657],[103.77338,10.87664],[103.76578,10.83434],[103.75694,10.81864],[103.72262,10.77887],[103.68962,10.74457],[103.67508,10.74358],[103.67964,10.72575],[103.7194,10.70496],[103.73317,10.69066],[103.67885,10.6638],[103.64328,10.65139],[103.60943,10.67459],[103.57693,10.65664],[103.58595,10.63756],[103.5867,10.60752],[103.57872,10.59562],[103.56454,10.59206],[103.56899,10.57453],[103.56093,10.55614],[103.57202,10.54262],[103.58886,10.5615],[103.60286,10.55255],[103.6145,10.53171],[103.6075,10.50366],[103.62591,10.49625],[103.6314,10.48741],[103.64714,10.49895],[103.67177,10.50012],[103.67883,10.50953],[103.70264,10.50815],[103.7257,10.49769],[103.7351,10.50753],[103.73573,10.52986],[103.78128,10.53235],[103.79237,10.52046],[103.80303,10.52251],[103.82685,10.5671],[103.8682,10.6222],[103.86021,10.63033],[103.85269,10.65184],[103.87075,10.65284],[103.88049,10.66046],[103.90236,10.6517],[103.90254,10.63738],[103.92157,10.60828],[103.93915,10.62084],[103.95276,10.62351],[103.96751,10.67039],[103.95721,10.7077],[103.94564,10.71225],[103.92415,10.74918],[103.92184,10.76852],[103.93427,10.77949],[103.93331,10.80236],[103.94555,10.82153],[103.92644,10.84515],[103.92951,10.86752],[103.91778,10.87646],[103.92466,10.89692],[103.93201,10.89955],[103.93363,10.94171],[103.91611,10.95318]]]]},"properties":{"shapeName":"Prey Nob","shapeISO":"","shapeID":"14789045B88399484092706","shapeGroup":"KHM","shapeType":"ADM2"}},
{"type":"Feature","geometry":{"type":"Polygon","coordinates":[[[103.70585,10.90571],[103.71257,10.87462],[103.71311,10.85194],[103.70004,10.82416],[103.68535,10.82013],[103.66976,10.79882],[103.67188,10.77987],[103.65816,10.76995],[103.66358,10.75411],[103.63189,10.73902],[103.59269,10.73535],[103.57971,10.74219],[103.56891,10.7289],[103.54289,10.72109],[103.54452,10.69521],[103.56742,10.69289],[103.56702,10.67176],[103.57693,10.65664],[103.60943,10.67459],[103.64328,10.65139],[103.67885,10.6638],[103.73317,10.69066],[103.7194,10.70496],[103.67964,10.72575],[103.67508,10.74358],[103.68962,10.74457],[103.72262,10.77887],[103.75694,10.81864],[103.76578,10.83434],[103.77338,10.87664],[103.78757,10.91657],[103.81477,10.9028],[103.81069,10.9225],[103.79586,10.94218],[103.76841,10.93107],[103.74582,10.9063],[103.71824,10.89569],[103.70585,10.90571]]]},"properties":{"shapeName":"Stueng Hav","shapeISO":"","shapeID":"14789045B13599773349639","shapeGroup":"KHM","shapeType":"ADM2"}},
{"type":"Feature","geometry":{"type":"Polygon","coordinates":[[[104.04176,11.43589],[103.97586,11.3889],[103.94904,11.35404],[103.90287,11.30171],[103.90087,11.2832],[103.88428,11.27326],[103.87359,11.24615],[103.86006,11.22536],[103.87757,11.17457],[103.88707,11.15717],[103.87101,11.14878],[103.8726,11.13639],[103.85908,11.11316],[103.84083,11.09816],[103.84575,11.07176],[103.83389,11.07203],[103.82239,11.05705],[103.79685,11.04755],[103.78563,11.02472],[103.79359,10.98028],[103.79075,10.95396],[103.79586,10.94218],[103.81069,10.9225],[103.81477,10.9028],[103.81692,10.90192],[103.91611,10.95318],[103.93828,10.97101],[103.97253,10.99368],[103.99581,11.02015],[104.01723,11.02022],[104.02202,11.00933],[104.04594,11.0134],[104.0698,11.0276],[104.07508,11.04217],[104.0592,11.06062],[104.07713,11.07322],[104.06944,11.10792],[104.07085,11.14591],[104.05307,11.17073],[104.04317,11.18667],[104.04005,11.20835],[104.02303,11.20491],[104.02832,11.23334],[104.05149,11.27048],[104.03998,11.32395],[104.04703,11.35105],[104.05993,11.3529],[104.06193,11.3694],[104.05013,11.38555],[104.05313,11.40133],[104.0439,11.41572],[104.04176,11.43589]]]},"properties":{"shapeName":"Kampong Seila","shapeISO":"","shapeID":"14789045B74772931755748","shapeGroup":"KHM","shapeType":"ADM2"}},
{"type":"Feature","geometry":{"type":"Polygon","coordinates":[[[106.34991,13.40047],[106.37728,13.40453],[106.41816,13.41751],[106.49728,13.3741],[106.51352,13.35408],[106.53277,13.34775],[106.55722,13.35095],[106.57405,13.33379],[106.60078,13.31911],[106.60811,13.32283],[106.61044,13.33927],[106.62498,13.34585],[106.6278,13.35712],[106.62062,13.386],[106.60684,13.39842],[106.61283,13.42773],[106.57444,13.49434],[106.57061,13.51805],[106.55239,13.54482],[106.53019,13.5531],[106.53086,13.67024],[106.55347,13.67291],[106.57281,13.68261],[106.58644,13.68286],[106.61758,13.70307],[106.63154,13.72041],[106.63663,13.74218],[106.65721,13.7647],[106.6632,13.7793],[106.6535,13.80633],[106.65773,13.82289],[106.6501,13.85203],[106.63401,13.86232],[106.63594,13.892],[106.53997,13.85674],[106.51247,13.84787],[106.49593,13.83793],[106.17594,13.83985],[106.19184,13.82973],[106.20658,13.81203],[106.19067,13.78496],[106.15811,13.74234],[106.12849,13.67444],[106.11917,13.65808],[106.1053,13.64622],[106.0957,13.62608],[106.07774,13.60457],[106.06706,13.58473],[106.05188,13.57296],[106.02411,13.56082],[106.02529,13.54922],[106.03677,13.53189],[106.04243,13.50197],[106.04949,13.48819],[106.0979,13.44166],[106.11261,13.39961],[106.12278,13.39424],[106.12301,13.3666],[106.14819,13.3645],[106.16508,13.36946],[106.18618,13.36789],[106.20272,13.3602],[106.22007,13.36051],[106.23817,13.36875],[106.23946,13.38362],[106.26567,13.40588],[106.29642,13.39888],[106.3164,13.40172],[106.34991,13.40047]]]},"properties":{"shapeName":"Sesan","shapeISO":"","shapeID":"14789045B73389269548404","shapeGroup":"KHM","shapeType":"ADM2"}},
{"type":"Feature","geometry":{"type":"Polygon","coordinates":[[[105.58902,13.23035],[105.60718,13.22958],[105.61985,13.21998],[105.66633,13.20527],[105.69499,13.20639],[105.75142,13.17685],[105.75419,13.16871],[105.81095,13.12722],[105.83596,13.12349],[105.85312,13.11453],[105.87346,13.1152],[105.89682,13.13146],[105.94552,13.15046],[105.94382,13.15945],[105.96518,13.1957],[105.96509,13.2252],[105.9832,13.22699],[106.00493,13.21464],[106.02579,13.23338],[106.02351,13.249],[106.03211,13.27122],[106.05849,13.29719],[106.05971,13.3093],[106.08702,13.34211],[106.08215,13.35138],[106.1095,13.36606],[106.12301,13.3666],[106.12278,13.39424],[106.11261,13.39961],[106.08899,13.39823],[106.06458,13.38883],[106.0008,13.45534],[105.9903,13.45799],[105.97274,13.45035],[105.93842,13.44608],[105.92704,13.47767],[105.92607,13.49937],[105.93055,13.51636],[105.89713,13.4773],[105.88609,13.43026],[105.86813,13.4108],[105.862,13.38577],[105.87149,13.37009],[105.90335,13.35696],[105.87891,13.35246],[105.85989,13.33176],[105.83933,13.32458],[105.82424,13.33036],[105.81369,13.34779],[105.78565,13.36747],[105.77762,13.37875],[105.73621,13.39293],[105.70701,13.42015],[105.6709,13.4283],[105.65786,13.45576],[105.62579,13.47665],[105.59941,13.4572],[105.54056,13.4437],[105.55153,13.409],[105.5514,13.38922],[105.54572,13.36853],[105.55016,13.34805],[105.5513,13.29633],[105.54889,13.27799],[105.56873,13.26993],[105.58714,13.25069],[105.58902,13.23035]]]},"properties":{"shapeName":"Siem Bouk","shapeISO":"","shapeID":"14789045B16861695729461","shapeGroup":"KHM","shapeType":"ADM2"}},
{"type":"Feature","geometry":{"type":"Polygon","coordinates":[[[106.75597,14.38653],[106.75681,14.40022],[106.74387,14.42628],[106.72531,14.43572],[106.71609,14.42221],[106.70326,14.42998],[106.66544,14.43896],[106.65805,14.44941],[106.63938,14.4486],[106.62075,14.46178],[106.61537,14.48636],[106.58818,14.50876],[106.56455,14.50063],[106.57065,14.52477],[106.56046,14.53801],[106.55805,14.56457],[106.54304,14.59337],[106.52229,14.59282],[106.50198,14.58326],[106.47718,14.56179],[106.4615,14.55391],[106.45965,14.54097],[106.47611,14.52335],[106.47163,14.51198],[106.44265,14.52474],[106.43012,14.51533],[106.43995,14.49393],[106.43636,14.48237],[106.42224,14.47363],[106.41078,14.45142],[106.37086,14.45455],[106.33151,14.43954],[106.31784,14.44058],[106.29863,14.4514],[106.29353,14.46848],[106.26642,14.47293],[106.25071,14.48407],[106.24226,14.4654],[106.25228,14.44367],[106.23766,14.42784],[106.23756,14.3987],[106.21275,14.36546],[106.20387,14.37178],[106.18654,14.35097],[106.1603,14.35366],[106.14501,14.37191],[106.12144,14.35882],[106.09549,14.37293],[106.08187,14.36485],[106.0856,14.35083],[106.0685,14.35095],[106.04309,14.34371],[106.0279,14.34527],[106.00912,14.3661],[105.99476,14.34906],[106.0008,14.34336],[105.99684,14.32406],[106.00373,14.31166],[106.01868,14.31476],[106.03498,14.26991],[106.0266,14.26174],[106.03574,14.22778],[106.04841,14.21583],[106.05162,14.20271],[106.08656,14.18967],[106.10997,14.1859],[106.11123,14.14615],[106.1214,14.10973],[106.14378,14.08901],[106.18772,14.06301],[106.17778,14.04561],[106.1752,14.02615],[106.14626,14.01433],[106.13727,14.01651],[106.11635,13.99284],[106.09951,13.98142],[106.10659,13.94518],[106.10608,13.91829],[106.12513,13.91992],[106.15021,13.90139],[106.15178,13.88605],[106.16525,13.86483],[106.17594,13.83985],[106.49593,13.83793],[106.51247,13.84787],[106.53997,13.85674],[106.63594,13.892],[106.62661,13.90075],[106.62678,13.93428],[106.61849,13.94225],[106.61304,13.97412],[106.61468,13.99269],[106.63064,13.9938],[106.65533,13.98618],[106.6682,13.99701],[106.69653,13.99488],[106.70698,14.00556],[106.75553,14.02554],[106.78846,14.07257],[106.78912,14.08285],[106.75871,14.16194],[106.75125,14.17244],[106.75271,14.21027],[106.75974,14.23462],[106.75471,14.24266],[106.74715,14.32206],[106.7473,14.36125],[106.75597,14.38653]]]},"properties":{"shapeName":"Siem Pang","shapeISO":"","shapeID":"14789045B29647510840066","shapeGroup":"KHM","shapeType":"ADM2"}},
{"type":"Feature","geometry":{"type":"Polygon","coordinates":[[[106.17594,13.83985],[106.16525,13.86483],[106.15178,13.88605],[106.15021,13.90139],[106.12513,13.91992],[106.10608,13.91829],[106.10535,13.90968],[106.06098,13.9183],[106.03867,13.91956],[106.01668,13.92695],[106.04205,13.89046],[106.03808,13.86423],[106.02042,13.83973],[106.01478,13.80259],[106.02289,13.76218],[106.04646,13.72847],[106.03155,13.70744],[106.03681,13.64778],[106.02536,13.64769],[106.01079,13.61473],[105.99902,13.59574],[105.97806,13.57457],[105.95477,13.54232],[105.93888,13.53042],[105.93055,13.51636],[105.92607,13.49937],[105.92704,13.47767],[105.93842,13.44608],[105.97274,13.45035],[105.9903,13.45799],[106.0008,13.45534],[106.06458,13.38883],[106.08899,13.39823],[106.11261,13.39961],[106.0979,13.44166],[106.04949,13.48819],[106.04243,13.50197],[106.03677,13.53189],[106.02529,13.54922],[106.02411,13.56082],[106.05188,13.57296],[106.06706,13.58473],[106.07774,13.60457],[106.0957,13.62608],[106.1053,13.64622],[106.11917,13.65808],[106.12849,13.67444],[106.15811,13.74234],[106.19067,13.78496],[106.20658,13.81203],[106.19184,13.82973],[106.17594,13.83985]]]},"properties":{"shapeName":"Stueng Traeng","shapeISO":"","shapeID":"14789045B25849746907404","shapeGroup":"KHM","shapeType":"ADM2"}},
{"type":"Feature","geometry":{"type":"Polygon","coordinates":[[[105.54056,13.4437],[105.59941,13.4572],[105.62579,13.47665],[105.65786,13.45576],[105.6709,13.4283],[105.70701,13.42015],[105.73621,13.39293],[105.77762,13.37875],[105.78565,13.36747],[105.81369,13.34779],[105.82424,13.33036],[105.83933,13.32458],[105.85989,13.33176],[105.87891,13.35246],[105.90335,13.35696],[105.87149,13.37009],[105.862,13.38577],[105.86813,13.4108],[105.88609,13.43026],[105.89713,13.4773],[105.93055,13.51636],[105.93888,13.53042],[105.95477,13.54232],[105.97806,13.57457],[105.99902,13.59574],[106.01079,13.61473],[106.02536,13.64769],[106.03681,13.64778],[106.03155,13.70744],[106.04646,13.72847],[106.02289,13.76218],[106.01478,13.80259],[106.02042,13.83973],[106.03808,13.86423],[106.04205,13.89046],[106.01668,13.92695],[105.996,13.93072],[105.99008,13.92377],[105.94651,13.93432],[105.91359,13.92994],[105.89925,13.93708],[105.86941,13.9217],[105.83004,13.92316],[105.77231,13.9216],[105.75775,13.92312],[105.71145,13.91682],[105.70174,13.90937],[105.7033,13.88938],[105.7147,13.88226],[105.71232,13.86772],[105.67972,13.86336],[105.66587,13.87525],[105.63421,13.86829],[105.61951,13.85697],[105.59996,13.87977],[105.581,13.888],[105.56799,13.87717],[105.52831,13.8529],[105.51947,13.82641],[105.52877,13.80584],[105.52946,13.78935],[105.52226,13.77901],[105.53368,13.74854],[105.54898,13.73918],[105.56474,13.70845],[105.57709,13.65338],[105.57125,13.63126],[105.57181,13.59543],[105.56253,13.54319],[105.56624,13.4901],[105.54386,13.463],[105.54123,13.45314],[105.53764,13.44956],[105.54056,13.4437]]]},"properties":{"shapeName":"Thala Barivat","shapeISO":"","shapeID":"14789045B9277653142269","shapeGroup":"KHM","shapeType":"ADM2"}},
{"type":"Feature","geometry":{"type":"Polygon","coordinates":[[[106.15397,10.98286],[106.14017,10.99047],[106.12498,10.98632],[106.10322,10.9997],[106.08886,11.02062],[106.07869,11.0433],[106.06047,11.04386],[106.05965,11.03171],[106.03335,11.00266],[106.04436,10.97743],[106.04206,10.94486],[106.03661,10.92496],[106.0479,10.91073],[106.06443,10.90013],[106.06369,10.87818],[106.03653,10.83441],[106.07265,10.8111],[106.10159,10.80808],[106.16542,10.81168],[106.18943,10.79057],[106.18756,10.84006],[106.16302,10.88654],[106.13766,10.91553],[106.15087,10.94106],[106.14514,10.94958],[106.14349,10.97685],[106.15397,10.98286]]]},"properties":{"shapeName":"Chantrea","shapeISO":"","shapeID":"14789045B26681024602209","shapeGroup":"KHM","shapeType":"ADM2"}},
{"type":"Feature","geometry":{"type":"Polygon","coordinates":[[[106.03335,11.00266],[106.0186,11.02091],[105.98471,11.02941],[105.96543,11.04302],[105.93877,11.03685],[105.93895,11.01509],[105.94995,10.99637],[105.95016,10.97536],[105.93557,10.96763],[105.91102,10.98328],[105.8941,11.02348],[105.89055,11.05118],[105.87248,11.03563],[105.86852,11.02538],[105.85321,11.02829],[105.8438,11.00789],[105.85115,10.9994],[105.82423,10.98336],[105.79687,10.9931],[105.80707,10.97347],[105.83967,10.93475],[105.86428,10.89934],[105.84845,10.86386],[105.89842,10.8442],[105.93596,10.83917],[105.93008,10.86309],[105.95623,10.8837],[105.94424,10.90993],[105.9769,10.88976],[106.01066,10.85427],[106.03653,10.83441],[106.06369,10.87818],[106.06443,10.90013],[106.0479,10.91073],[106.03661,10.92496],[106.04206,10.94486],[106.04436,10.97743],[106.03335,11.00266]]]},"properties":{"shapeName":"Kampong Rou","shapeISO":"","shapeID":"14789045B79980971591511","shapeGroup":"KHM","shapeType":"ADM2"}},
{"type":"Feature","geometry":{"type":"Polygon","coordinates":[[[105.86485,11.28984],[105.84396,11.29113],[105.81366,11.29819],[105.80702,11.28965],[105.78231,11.28281],[105.74261,11.27885],[105.71812,11.27332],[105.72993,11.25864],[105.73528,11.24225],[105.73045,11.21634],[105.74767,11.19694],[105.76549,11.17059],[105.79268,11.1395],[105.81606,11.15533],[105.8293,11.15577],[105.87577,11.15857],[105.89663,11.16778],[105.91437,11.19367],[105.93481,11.2128],[105.91078,11.24058],[105.91227,11.26768],[105.90897,11.2834],[105.8984,11.28945],[105.86485,11.28984]]]},"properties":{"shapeName":"Rumduol","shapeISO":"","shapeID":"14789045B51142255514393","shapeGroup":"KHM","shapeType":"ADM2"}},
{"type":"Feature","geometry":{"type":"Polygon","coordinates":[[[105.656,11.42509],[105.6518,11.40011],[105.65441,11.34331],[105.65202,11.32459],[105.66879,11.26448],[105.69761,11.26689],[105.71812,11.27332],[105.74261,11.27885],[105.78231,11.28281],[105.80702,11.28965],[105.81366,11.29819],[105.84396,11.29113],[105.86485,11.28984],[105.87155,11.30125],[105.86954,11.32198],[105.87759,11.33131],[105.88353,11.36775],[105.87054,11.37421],[105.87877,11.39031],[105.87407,11.40552],[105.88569,11.41197],[105.90381,11.44035],[105.87469,11.46195],[105.88478,11.48426],[105.8793,11.50971],[105.88529,11.51994],[105.88068,11.54575],[105.8588,11.56453],[105.82679,11.56483],[105.81481,11.57513],[105.81037,11.5985],[105.78339,11.58781],[105.74585,11.58805],[105.7297,11.57644],[105.69308,11.56461],[105.69001,11.54633],[105.67694,11.53388],[105.68485,11.50898],[105.66412,11.47988],[105.66899,11.45465],[105.656,11.42509]]]},"properties":{"shapeName":"Romeas Haek","shapeISO":"","shapeID":"14789045B82732978056422","shapeGroup":"KHM","shapeType":"ADM2"}},
{"type":"Feature","geometry":{"type":"Polygon","coordinates":[[[105.61322,10.97379],[105.66715,10.9875],[105.69544,11.00212],[105.72578,11.02413],[105.75245,11.02546],[105.77888,11.03168],[105.79687,10.9931],[105.82423,10.98336],[105.85115,10.9994],[105.8438,11.00789],[105.85321,11.02829],[105.8459,11.05268],[105.79559,11.05412],[105.78336,11.07342],[105.77072,11.07757],[105.76154,11.10056],[105.74604,11.10639],[105.73697,11.11946],[105.74088,11.13403],[105.75608,11.1399],[105.7698,11.13524],[105.79268,11.1395],[105.76549,11.17059],[105.74767,11.19694],[105.73045,11.21634],[105.73528,11.24225],[105.72993,11.25864],[105.71812,11.27332],[105.69761,11.26689],[105.66879,11.26448],[105.65205,11.26464],[105.64337,11.2732],[105.62426,11.2499],[105.6246,11.23771],[105.6089,11.20313],[105.61304,11.15418],[105.61958,11.13567],[105.63574,11.12129],[105.61338,11.10014],[105.6028,11.08066],[105.60368,11.05231],[105.57965,11.00833],[105.59298,10.99735],[105.60819,10.99563],[105.61322,10.97379]]]},"properties":{"shapeName":"Svay Chrum","shapeISO":"","shapeID":"14789045B97733863188211","shapeGroup":"KHM","shapeType":"ADM2"}},
{"type":"Feature","geometry":{"type":"Polygon","coordinates":[[[105.89055,11.05118],[105.84752,11.07766],[105.84164,11.11132],[105.8343,11.12794],[105.8293,11.15577],[105.81606,11.15533],[105.79268,11.1395],[105.7698,11.13524],[105.75608,11.1399],[105.74088,11.13403],[105.73697,11.11946],[105.74604,11.10639],[105.76154,11.10056],[105.77072,11.07757],[105.78336,11.07342],[105.79559,11.05412],[105.8459,11.05268],[105.85321,11.02829],[105.86852,11.02538],[105.87248,11.03563],[105.89055,11.05118]]]},"properties":{"shapeName":"Svay Rieng","shapeISO":"","shapeID":"14789045B88579584003183","shapeGroup":"KHM","shapeType":"ADM2"}},
{"type":"Feature","geometry":{"type":"Polygon","coordinates":[[[105.96543,11.04302],[105.94886,11.06244],[105.97979,11.06856],[106.02733,11.08204],[106.0577,11.08216],[106.08161,11.09367],[106.08592,11.10187],[106.07373,11.09932],[106.06256,11.11585],[106.0231,11.14039],[106.01779,11.1507],[106.01404,11.18472],[105.97523,11.19869],[105.96332,11.19616],[105.93481,11.2128],[105.91437,11.19367],[105.89663,11.16778],[105.87577,11.15857],[105.8293,11.15577],[105.8343,11.12794],[105.84164,11.11132],[105.84752,11.07766],[105.89055,11.05118],[105.8941,11.02348],[105.91102,10.98328],[105.93557,10.96763],[105.95016,10.97536],[105.94995,10.99637],[105.93895,11.01509],[105.93877,11.03685],[105.96543,11.04302]]]},"properties":{"shapeName":"Svay Teab","shapeISO":"","shapeID":"14789045B97672337588040","shapeGroup":"KHM","shapeType":"ADM2"}},
{"type":"Feature","geometry":{"type":"Polygon","coordinates":[[[106.15397,10.98286],[106.19058,10.97173],[106.2061,10.97775],[106.19642,10.99414],[106.19039,11.01943],[106.18678,11.05299],[106.15457,11.10102],[106.14577,11.1017],[106.12128,11.08869],[106.10867,11.07136],[106.08592,11.10187],[106.08161,11.09367],[106.0577,11.08216],[106.02733,11.08204],[105.97979,11.06856],[105.94886,11.06244],[105.96543,11.04302],[105.98471,11.02941],[106.0186,11.02091],[106.03335,11.00266],[106.05965,11.03171],[106.06047,11.04386],[106.07869,11.0433],[106.08886,11.02062],[106.10322,10.9997],[106.12498,10.98632],[106.14017,10.99047],[106.15397,10.98286]]]},"properties":{"shapeName":"Bavet","shapeISO":"","shapeID":"14789045B60097519425510","shapeGroup":"KHM","shapeType":"ADM2"}},
{"type":"Feature","geometry":{"type":"Polygon","coordinates":[[[105.00677,11.07809],[104.90806,11.07653],[104.90769,11.10063],[104.89488,11.10253],[104.88643,11.08231],[104.87226,11.07502],[104.84969,11.07537],[104.83686,11.06288],[104.83155,11.04657],[104.83738,11.03921],[104.84476,11.02458],[104.86164,11.01357],[104.86711,10.99418],[104.87769,10.98469],[104.87595,10.97004],[104.89847,10.96428],[104.93704,10.96914],[104.93881,10.94286],[104.96437,10.91227],[104.97012,10.90325],[105.0363,10.84379],[105.04945,10.83857],[105.03572,10.86749],[105.02943,10.89239],[105.0369,10.89693],[105.03225,10.90756],[105.04259,10.92715],[105.03107,10.96145],[105.02972,10.99164],[105.00532,10.9954],[104.99085,11.00518],[104.9979,11.02845],[104.9925,11.0362],[105.00677,11.07809]]]},"properties":{"shapeName":"Angkor Borei","shapeISO":"","shapeID":"14789045B52246577333094","shapeGroup":"KHM","shapeType":"ADM2"}},
{"type":"Feature","geometry":{"type":"Polygon","coordinates":[[[104.69258,11.20833],[104.71431,11.20681],[104.73315,11.19442],[104.74013,11.2031],[104.75976,11.20071],[104.78091,11.22292],[104.81115,11.20983],[104.82771,11.21469],[104.83391,11.2073],[104.84699,11.20496],[104.86639,11.21069],[104.89845,11.20873],[104.93137,11.21089],[104.92984,11.23116],[104.94457,11.23997],[104.93516,11.24806],[104.927,11.26882],[104.93947,11.29844],[104.93488,11.32909],[104.91918,11.32903],[104.9131,11.34051],[104.89379,11.34965],[104.86723,11.35133],[104.85299,11.34169],[104.83495,11.34198],[104.80053,11.35304],[104.77134,11.34581],[104.75629,11.33673],[104.73283,11.3508],[104.71097,11.32115],[104.70726,11.28368],[104.69258,11.20833]]]},"properties":{"shapeName":"Bati","shapeISO":"","shapeID":"14789045B57652846304947","shapeGroup":"KHM","shapeType":"ADM2"}},
{"type":"Feature","geometry":{"type":"Polygon","coordinates":[[[104.96437,10.91227],[104.88986,10.9126],[104.88055,10.88531],[104.85345,10.8853],[104.85283,10.84022],[104.85902,10.84032],[104.89554,10.84019],[104.90997,10.847],[104.9505,10.84018],[104.95043,10.8209],[104.96844,10.83114],[104.98708,10.83102],[105.01456,10.80392],[105.01429,10.6915],[104.99553,10.68901],[104.99354,10.6609],[105.0983,10.72101],[105.09203,10.75601],[105.07751,10.77504],[105.06428,10.78126],[105.05692,10.80164],[105.05857,10.81915],[105.04945,10.83857],[105.0363,10.84379],[104.97012,10.90325],[104.96437,10.91227]]]},"properties":{"shapeName":"Borei Cholsar","shapeISO":"","shapeID":"14789045B63484458501082","shapeGroup":"KHM","shapeType":"ADM2"}},
{"type":"Feature","geometry":{"type":"Polygon","coordinates":[[[104.67259,10.69199],[104.67692,10.63594],[104.67362,10.62133],[104.70753,10.61919],[104.71153,10.60537],[104.7069,10.58373],[104.71276,10.5793],[104.71334,10.53123],[104.75407,10.5176],[104.86907,10.5222],[104.8969,10.54707],[104.93407,10.61079],[104.95515,10.63575],[104.92988,10.65962],[104.93045,10.68152],[104.91401,10.68531],[104.89714,10.67721],[104.85676,10.67752],[104.83687,10.71171],[104.82531,10.75835],[104.8074,10.75763],[104.81727,10.78321],[104.76848,10.77756],[104.75399,10.76272],[104.74499,10.77864],[104.72708,10.78059],[104.70268,10.76286],[104.69731,10.73261],[104.67281,10.7002],[104.67259,10.69199]]]},"properties":{"shapeName":"Kiri Vong","shapeISO":"","shapeID":"14789045B7964460179399","shapeGroup":"KHM","shapeType":"ADM2"}},
{"type":"Feature","geometry":{"type":"Polygon","coordinates":[[[104.85902,10.84032],[104.86423,10.81893],[104.86229,10.79998],[104.84991,10.78594],[104.81727,10.78321],[104.8074,10.75763],[104.82531,10.75835],[104.83687,10.71171],[104.85676,10.67752],[104.89714,10.67721],[104.91401,10.68531],[104.93045,10.68152],[104.92988,10.65962],[104.95515,10.63575],[104.99354,10.6609],[104.99553,10.68901],[105.01429,10.6915],[105.01456,10.80392],[104.98708,10.83102],[104.96844,10.83114],[104.95043,10.8209],[104.9505,10.84018],[104.90997,10.847],[104.89554,10.84019],[104.85902,10.84032]]]},"properties":{"shapeName":"Kaoh Andaet","shapeISO":"","shapeID":"14789045B5776655612798","shapeGroup":"KHM","shapeType":"ADM2"}},
{"type":"Feature","geometry":{"type":"Polygon","coordinates":[[[105.01853,11.17254],[104.98656,11.17367],[104.97956,11.18316],[104.98523,11.20382],[104.98052,11.22104],[104.94457,11.23997],[104.92984,11.23116],[104.93137,11.21089],[104.89845,11.20873],[104.86639,11.21069],[104.84699,11.20496],[104.83391,11.2073],[104.8352,11.19239],[104.84993,11.16714],[104.85174,11.14747],[104.84669,11.13764],[104.84867,11.1182],[104.83866,11.08474],[104.84969,11.07537],[104.87226,11.07502],[104.88643,11.08231],[104.89488,11.10253],[104.90769,11.10063],[104.90806,11.07653],[105.00677,11.07809],[105.01786,11.10066],[105.01632,11.1362],[105.02122,11.14881],[105.01853,11.17254]]]},"properties":{"shapeName":"Prey Kabbas","shapeISO":"","shapeID":"14789045B29637734688493","shapeGroup":"KHM","shapeType":"ADM2"}},
{"type":"Feature","geometry":{"type":"Polygon","coordinates":[[[104.68503,11.0899],[104.70551,11.07918],[104.72995,11.08452],[104.73697,11.0808],[104.73158,11.04788],[104.754,11.03958],[104.78782,11.03859],[104.80313,11.04347],[104.83738,11.03921],[104.83155,11.04657],[104.83686,11.06288],[104.84969,11.07537],[104.83866,11.08474],[104.84867,11.1182],[104.84669,11.13764],[104.85174,11.14747],[104.84993,11.16714],[104.8352,11.19239],[104.83391,11.2073],[104.82771,11.21469],[104.81115,11.20983],[104.78091,11.22292],[104.75976,11.20071],[104.74013,11.2031],[104.73315,11.19442],[104.71431,11.20681],[104.69258,11.20833],[104.69034,11.18839],[104.68426,11.15592],[104.6873,11.12765],[104.68503,11.0899]]]},"properties":{"shapeName":"Samraong","shapeISO":"","shapeID":"14789045B98729141665077","shapeGroup":"KHM","shapeType":"ADM2"}},
{"type":"Feature","geometry":{"type":"Polygon","coordinates":[[[104.83738,11.03921],[104.80313,11.04347],[104.78782,11.03859],[104.754,11.03958],[104.74936,10.97879],[104.74254,10.96086],[104.77659,10.95495],[104.7798,10.9288],[104.80153,10.92873],[104.8083,10.93582],[104.81358,10.95938],[104.81006,10.99396],[104.86711,10.99418],[104.86164,11.01357],[104.84476,11.02458],[104.83738,11.03921]]]},"properties":{"shapeName":"Doun Kaev","shapeISO":"","shapeID":"14789045B36227834850403","shapeGroup":"KHM","shapeType":"ADM2"}},
{"type":"Feature","geometry":{"type":"Polygon","coordinates":[[[104.41028,11.13762],[104.41027,11.0775],[104.43056,11.08178],[104.45504,11.06988],[104.46841,11.05696],[104.49954,11.05835],[104.52152,11.02672],[104.53815,10.98727],[104.54152,10.96393],[104.5411,10.9305],[104.52228,10.89426],[104.53585,10.88699],[104.56199,10.88802],[104.58589,10.88633],[104.61815,10.90238],[104.65756,10.90645],[104.6728,10.89943],[104.70121,10.9101],[104.71286,10.94385],[104.72407,10.94803],[104.72618,10.96147],[104.74254,10.96086],[104.74936,10.97879],[104.754,11.03958],[104.73158,11.04788],[104.73697,11.0808],[104.72995,11.08452],[104.70551,11.07918],[104.68503,11.0899],[104.64722,11.083],[104.59607,11.08783],[104.57633,11.09709],[104.55735,11.09995],[104.52911,11.11237],[104.50831,11.13148],[104.48818,11.12372],[104.45996,11.12344],[104.44423,11.1321],[104.43378,11.12829],[104.41028,11.13762]]]},"properties":{"shapeName":"Tram Kak","shapeISO":"","shapeID":"14789045B29748003627155","shapeGroup":"KHM","shapeType":"ADM2"}},
{"type":"Feature","geometry":{"type":"Polygon","coordinates":[[[104.72708,10.78059],[104.74499,10.77864],[104.75399,10.76272],[104.76848,10.77756],[104.81727,10.78321],[104.84991,10.78594],[104.86229,10.79998],[104.86423,10.81893],[104.85902,10.84032],[104.85283,10.84022],[104.85345,10.8853],[104.88055,10.88531],[104.88986,10.9126],[104.96437,10.91227],[104.93881,10.94286],[104.93704,10.96914],[104.89847,10.96428],[104.87595,10.97004],[104.87769,10.98469],[104.86711,10.99418],[104.81006,10.99396],[104.81358,10.95938],[104.8083,10.93582],[104.80153,10.92873],[104.7798,10.9288],[104.77659,10.95495],[104.74254,10.96086],[104.72618,10.96147],[104.72407,10.94803],[104.71286,10.94385],[104.70121,10.9101],[104.6728,10.89943],[104.69816,10.85943],[104.70625,10.83414],[104.70594,10.80671],[104.72708,10.78059]]]},"properties":{"shapeName":"Treang","shapeISO":"","shapeID":"14789045B64200778269013","shapeGroup":"KHM","shapeType":"ADM2"}},
{"type":"Feature","geometry":{"type":"Polygon","coordinates":[[[104.16283,13.95626],[104.16106,14.35668],[104.13668,14.35903],[104.13805,14.37287],[104.10807,14.37844],[104.09185,14.35095],[104.06816,14.34225],[104.02798,14.34041],[104.01517,14.34275],[104.01028,14.35514],[103.99567,14.34539],[103.98284,14.35416],[103.94994,14.35041],[103.94218,14.33023],[103.92265,14.33646],[103.88171,14.33802],[103.86106,14.36663],[103.84217,14.37157],[103.82966,14.35322],[103.82836,14.25175],[103.82892,14.12898],[103.82957,13.96619],[104.11261,13.96759],[104.11086,13.95283],[104.14775,13.9596],[104.16283,13.95626]]]},"properties":{"shapeName":"Anlong Veaeng","shapeISO":"","shapeID":"14789045B31734581894199","shapeGroup":"KHM","shapeType":"ADM2"}},
{"type":"Feature","geometry":{"type":"Polygon","coordinates":[[[103.43936,13.9158],[103.44706,13.92273],[103.44345,13.94292],[103.43286,13.95742],[103.43047,13.98135],[103.43342,14.0054],[103.42519,14.03953],[103.39763,14.05502],[103.38513,14.0772],[103.39018,14.09881],[103.38357,14.12686],[103.38768,14.14714],[103.40023,14.16475],[103.40268,14.18861],[103.41566,14.20403],[103.41965,14.2261],[103.427,14.23615],[103.42967,14.26179],[103.44285,14.26837],[103.45321,14.29862],[103.42779,14.33545],[103.41978,14.38298],[103.40199,14.35779],[103.37991,14.35239],[103.33304,14.35136],[103.31571,14.35669],[103.28163,14.34831],[103.2618,14.35001],[103.21893,14.32359],[103.18998,14.33326],[103.16968,14.33515],[103.12861,14.31983],[103.13061,14.30663],[103.11528,14.29962],[103.07912,14.29388],[103.05729,14.28503],[103.05686,14.27432],[103.03187,14.25023],[103.07931,14.15661],[103.08228,14.14055],[103.12475,14.10919],[103.16426,14.1122],[103.18538,14.10547],[103.21062,14.10984],[103.20016,14.0838],[103.19959,14.06686],[103.1859,14.05288],[103.19561,14.03901],[103.18655,14.01051],[103.17115,13.99368],[103.20356,13.93842],[103.21893,13.95006],[103.26451,13.95501],[103.30071,13.99159],[103.32824,14.027],[103.36123,13.9692],[103.38631,13.93543],[103.41152,13.92839],[103.43936,13.9158]]]},"properties":{"shapeName":"Banteay Ampil","shapeISO":"","shapeID":"14789045B51919019110008","shapeGroup":"KHM","shapeType":"ADM2"}},
{"type":"Feature","geometry":{"type":"Polygon","coordinates":[[[103.43534,13.87944],[103.44926,13.88197],[103.45873,13.89207],[103.47451,13.89227],[103.47866,13.90229],[103.50298,13.8981],[103.53661,13.89749],[103.54867,13.9058],[103.57057,13.90916],[103.58215,13.92848],[103.61449,13.94708],[103.63544,13.97178],[103.68104,13.96111],[103.69013,13.96573],[103.82957,13.96619],[103.82892,14.12898],[103.80889,14.11967],[103.79284,14.10278],[103.76002,14.11522],[103.69867,14.11339],[103.66405,14.10112],[103.64792,14.10236],[103.61894,14.11504],[103.58665,14.11678],[103.54805,14.10638],[103.50367,14.10614],[103.47352,14.10895],[103.43483,14.10471],[103.40075,14.09698],[103.39018,14.09881],[103.38513,14.0772],[103.39763,14.05502],[103.42519,14.03953],[103.43342,14.0054],[103.43047,13.98135],[103.43286,13.95742],[103.44345,13.94292],[103.44706,13.92273],[103.43936,13.9158],[103.44273,13.89959],[103.43534,13.87944]]]},"properties":{"shapeName":"Chong Kal","shapeISO":"","shapeID":"14789045B71050789066686","shapeGroup":"KHM","shapeType":"ADM2"}},
{"type":"Feature","geometry":{"type":"Polygon","coordinates":[[[103.82966,14.35322],[103.80286,14.35669],[103.80232,14.36968],[103.76904,14.36709],[103.75115,14.37202],[103.73159,14.38573],[103.71062,14.37981],[103.70027,14.39188],[103.7082,14.43113],[103.6889,14.44037],[103.65951,14.43982],[103.64477,14.43366],[103.65684,14.42079],[103.62145,14.40405],[103.6063,14.42187],[103.57817,14.43351],[103.55757,14.43192],[103.52369,14.41774],[103.49817,14.41213],[103.49686,14.38988],[103.4828,14.38751],[103.46767,14.3647],[103.45115,14.36831],[103.43604,14.39089],[103.41978,14.38298],[103.42779,14.33545],[103.45321,14.29862],[103.44285,14.26837],[103.42967,14.26179],[103.427,14.23615],[103.41965,14.2261],[103.41566,14.20403],[103.40268,14.18861],[103.40023,14.16475],[103.38768,14.14714],[103.38357,14.12686],[103.39018,14.09881],[103.40075,14.09698],[103.43483,14.10471],[103.47352,14.10895],[103.50367,14.10614],[103.54805,14.10638],[103.58665,14.11678],[103.61894,14.11504],[103.64792,14.10236],[103.66405,14.10112],[103.69867,14.11339],[103.76002,14.11522],[103.79284,14.10278],[103.80889,14.11967],[103.82892,14.12898],[103.82836,14.25175],[103.82966,14.35322]]]},"properties":{"shapeName":"Samraong","shapeISO":"","shapeID":"14789045B40170771357914","shapeGroup":"KHM","shapeType":"ADM2"}},
{"type":"Feature","geometry":{"type":"Polygon","coordinates":[[[104.4672,14.34532],[104.46412,14.35599],[104.43258,14.35994],[104.41477,14.37187],[104.38577,14.37184],[104.37826,14.3779],[104.3551,14.36917],[104.32166,14.37392],[104.29157,14.39969],[104.27536,14.40853],[104.25209,14.39146],[104.24541,14.37603],[104.21887,14.36765],[104.18677,14.38476],[104.17355,14.37841],[104.17509,14.3605],[104.16106,14.35668],[104.16283,13.95626],[104.17469,13.95159],[104.18732,13.93711],[104.21731,13.92816],[104.26161,13.95817],[104.27266,13.95246],[104.29139,13.96035],[104.31141,13.95486],[104.3339,13.95812],[104.34759,13.9534],[104.35966,13.96482],[104.36987,13.9599],[104.3909,13.96244],[104.42202,13.93901],[104.42766,13.97238],[104.41752,13.99507],[104.42926,14.02573],[104.42969,14.04654],[104.43951,14.0727],[104.45495,14.0861],[104.47968,14.11692],[104.50603,14.13798],[104.50605,14.1489],[104.48774,14.15689],[104.46203,14.17802],[104.45197,14.19805],[104.44229,14.20515],[104.46388,14.2358],[104.4551,14.27136],[104.45826,14.30239],[104.46526,14.32024],[104.4672,14.34532]]]},"properties":{"shapeName":"Trapeang Prasat","shapeISO":"","shapeID":"14789045B58524041159765","shapeGroup":"KHM","shapeType":"ADM2"}},
{"type":"Feature","geometry":{"type":"Polygon","coordinates":[[[104.36195,10.57781],[104.36193,10.57776],[104.34318,10.56354],[104.34368,10.53164],[104.35039,10.52051],[104.34175,10.49544],[104.3599,10.48956],[104.38311,10.4577],[104.40065,10.44754],[104.4157,10.44557],[104.42327,10.4529],[104.41118,10.48724],[104.42106,10.49048],[104.41298,10.51979],[104.39769,10.52651],[104.38491,10.54249],[104.38453,10.5704],[104.36195,10.57781]]]},"properties":{"shapeName":"Damnak Chang'aeur","shapeISO":"","shapeID":"14789045B40625138600094","shapeGroup":"KHM","shapeType":"ADM2"}},
{"type":"Feature","geometry":{"type":"Polygon","coordinates":[[[104.26617,10.54971],[104.28696,10.51297],[104.28809,10.48216],[104.30136,10.47586],[104.31486,10.47959],[104.34175,10.49544],[104.35039,10.52051],[104.34368,10.53164],[104.34318,10.56354],[104.36193,10.57776],[104.31998,10.57297],[104.29291,10.57622],[104.27596,10.59089],[104.26617,10.54971]]]},"properties":{"shapeName":"Kaeb","shapeISO":"","shapeID":"14789045B37370397224280","shapeGroup":"KHM","shapeType":"ADM2"}},
{"type":"Feature","geometry":{"type":"Polygon","coordinates":[[[102.75207,12.89233],[102.50687,12.89024],[102.50775,12.86582],[102.50117,12.84985],[102.5148,12.84106],[102.51474,12.82334],[102.52935,12.81815],[102.53246,12.76756],[102.49977,12.73968],[102.50365,12.7142],[102.4971,12.70423],[102.50959,12.69161],[102.50493,12.68354],[102.51795,12.66388],[102.66655,12.68976],[102.73145,12.73362],[102.75319,12.74939],[102.75207,12.89233]]]},"properties":{"shapeName":"Pailin","shapeISO":"","shapeID":"14789045B44552774517246","shapeGroup":"KHM","shapeType":"ADM2"}},
{"type":"Feature","geometry":{"type":"Polygon","coordinates":[[[102.69594,13.10177],[102.68038,13.11108],[102.65043,13.11667],[102.63539,13.10617],[102.60773,13.09704],[102.57752,13.06129],[102.58673,13.02907],[102.57667,13.00222],[102.56243,12.98069],[102.48643,12.98075],[102.50067,12.96137],[102.48554,12.94798],[102.50159,12.91519],[102.50687,12.89024],[102.75207,12.89233],[102.75134,13.02672],[102.69594,13.10177]]]},"properties":{"shapeName":"Sala Krau","shapeISO":"","shapeID":"14789045B37468243401885","shapeGroup":"KHM","shapeType":"ADM2"}},
{"type":"Feature","geometry":{"type":"Polygon","coordinates":[[[105.84301,12.2054],[105.81165,12.18555],[105.80283,12.15064],[105.79455,12.13439],[105.79534,12.10558],[105.78846,12.08928],[105.81326,12.02842],[105.83379,12.01942],[105.84742,11.996],[105.79073,11.9461],[105.7905,11.93674],[105.80305,11.8972],[105.82946,11.89964],[105.84437,11.89435],[105.83497,11.88051],[105.84019,11.86995],[105.85668,11.87134],[105.87066,11.86202],[105.90316,11.87692],[105.91637,11.87024],[105.93873,11.87826],[105.9599,11.85827],[105.99581,11.85797],[106.02225,11.8259],[106.01139,11.86856],[105.99695,11.88524],[105.99578,11.97432],[105.97371,12.00914],[105.97175,12.02937],[105.96185,12.05046],[105.95837,12.08285],[105.96557,12.10682],[105.9796,12.11677],[105.99997,12.14193],[106.01653,12.14687],[106.01907,12.16159],[105.99423,12.19074],[105.99327,12.20204],[105.94719,12.19689],[105.94102,12.21206],[105.93085,12.21812],[105.89386,12.21038],[105.87058,12.21505],[105.85331,12.20254],[105.84301,12.2054]]]},"properties":{"shapeName":"Dambae","shapeISO":"","shapeID":"14789045B62933038539463","shapeGroup":"KHM","shapeType":"ADM2"}},
{"type":"Feature","geometry":{"type":"Polygon","coordinates":[[[105.53057,12.10148],[105.57032,12.11061],[105.57399,12.12477],[105.5859,12.12296],[105.59271,12.13487],[105.60929,12.13891],[105.63924,12.10673],[105.65751,12.10695],[105.67939,12.12436],[105.68502,12.13533],[105.70628,12.13528],[105.70587,12.1179],[105.73412,12.09244],[105.75274,12.08995],[105.76315,12.10449],[105.77657,12.0905],[105.78846,12.08928],[105.79534,12.10558],[105.79455,12.13439],[105.80283,12.15064],[105.81165,12.18555],[105.84301,12.2054],[105.83022,12.24133],[105.83025,12.25754],[105.81489,12.2601],[105.76341,12.25756],[105.74078,12.25991],[105.721,12.27708],[105.68133,12.28636],[105.64754,12.28587],[105.61065,12.30054],[105.58753,12.29897],[105.55679,12.27709],[105.54351,12.25363],[105.53511,12.20994],[105.53832,12.16597],[105.53057,12.10148]]]},"properties":{"shapeName":"Krouch Chhmar","shapeISO":"","shapeID":"14789045B551080395236","shapeGroup":"KHM","shapeType":"ADM2"}},
{"type":"Feature","geometry":{"type":"Polygon","coordinates":[[[106.01653,12.14687],[105.99997,12.14193],[105.9796,12.11677],[105.96557,12.10682],[105.95837,12.08285],[105.96185,12.05046],[105.97175,12.02937],[105.97371,12.00914],[105.99578,11.97432],[105.99695,11.88524],[106.01139,11.86856],[106.02225,11.8259],[106.02723,11.815],[106.0235,11.77405],[106.04209,11.77838],[106.06897,11.77619],[106.09058,11.765],[106.10301,11.74873],[106.11647,11.74267],[106.13017,11.7456],[106.15241,11.73683],[106.16641,11.74693],[106.18067,11.74759],[106.21246,11.72885],[106.22694,11.73165],[106.24972,11.72828],[106.26643,11.72051],[106.27018,11.70571],[106.29888,11.68124],[106.31729,11.67564],[106.33935,11.6814],[106.36704,11.69638],[106.39967,11.69139],[106.41571,11.67769],[106.4403,11.66918],[106.45079,11.67062],[106.45355,11.69044],[106.42756,11.72705],[106.41591,11.75949],[106.41943,11.7797],[106.43407,11.79957],[106.43403,11.80792],[106.4477,11.82701],[106.4379,11.84023],[106.4467,11.86617],[106.46668,11.86753],[106.41186,11.97356],[106.39996,11.97774],[106.38547,11.95958],[106.36724,11.95129],[106.3088,11.96484],[106.27982,11.95473],[106.22232,11.95653],[106.21906,11.96547],[106.20734,11.96725],[106.18042,11.95358],[106.17112,11.98079],[106.17124,11.9968],[106.18104,12.00582],[106.18103,12.02028],[106.1731,12.03482],[106.15682,12.04027],[106.147,12.05465],[106.12181,12.06156],[106.11066,12.0761],[106.08257,12.069],[106.07656,12.08151],[106.04387,12.08183],[106.04087,12.09632],[106.05913,12.11075],[106.06003,12.13099],[106.03968,12.15045],[106.01653,12.14687]]]},"properties":{"shapeName":"Memot","shapeISO":"","shapeID":"14789045B36806562781005","shapeGroup":"KHM","shapeType":"ADM2"}},
{"type":"Feature","geometry":{"type":"Polygon","coordinates":[[[105.41827,11.82689],[105.41313,11.79242],[105.41903,11.77445],[105.44475,11.7549],[105.4631,11.76559],[105.49775,11.76334],[105.51096,11.75723],[105.53546,11.75187],[105.57412,11.7496],[105.61744,11.74249],[105.64833,11.74349],[105.66574,11.73919],[105.66498,11.77705],[105.68189,11.78716],[105.67862,11.79815],[105.66745,11.82302],[105.6503,11.83118],[105.62815,11.82918],[105.60206,11.8351],[105.58105,11.82854],[105.57786,11.86985],[105.56126,11.87824],[105.54677,11.89263],[105.51978,11.90217],[105.50932,11.91403],[105.46592,11.90176],[105.45423,11.88907],[105.44652,11.83532],[105.41827,11.82689]]]},"properties":{"shapeName":"Ou Reang Ov","shapeISO":"","shapeID":"14789045B44533012408415","shapeGroup":"KHM","shapeType":"ADM2"}},
{"type":"Feature","geometry":{"type":"Polygon","coordinates":[[[105.80964,11.59994],[105.8122,11.61989],[105.8266,11.6194],[105.8421,11.64867],[105.85575,11.6646],[105.89072,11.67623],[105.92554,11.64921],[105.95175,11.64025],[105.98149,11.66761],[105.97757,11.68421],[106.00295,11.70405],[106.01575,11.73615],[106.01044,11.7509],[106.0235,11.77405],[106.02723,11.815],[106.02225,11.8259],[105.99581,11.85797],[105.9599,11.85827],[105.93873,11.87826],[105.91637,11.87024],[105.90316,11.87692],[105.87066,11.86202],[105.85668,11.87134],[105.84019,11.86995],[105.83497,11.88051],[105.84437,11.89435],[105.82946,11.89964],[105.80305,11.8972],[105.79412,11.88939],[105.79121,11.86766],[105.76448,11.84146],[105.76053,11.82046],[105.73193,11.80175],[105.70263,11.80452],[105.67862,11.79815],[105.68189,11.78716],[105.66498,11.77705],[105.66574,11.73919],[105.70041,11.74277],[105.72078,11.72442],[105.73231,11.69468],[105.75607,11.67882],[105.76447,11.66724],[105.76756,11.64303],[105.79913,11.6056],[105.80964,11.59994]]]},"properties":{"shapeName":"Ponhea Kraek","shapeISO":"","shapeID":"14789045B85253678396589","shapeGroup":"KHM","shapeType":"ADM2"}},
{"type":"Feature","geometry":{"type":"Polygon","coordinates":[[[105.70361,11.98673],[105.64937,11.98794],[105.64958,11.99681],[105.62683,11.99711],[105.62148,11.97049],[105.62225,11.91975],[105.655,11.89716],[105.66505,11.86501],[105.69463,11.86255],[105.70687,11.87003],[105.71131,11.88823],[105.70091,11.90426],[105.72139,11.92596],[105.71843,11.93931],[105.70344,11.95097],[105.70361,11.98673]]]},"properties":{"shapeName":"Suong","shapeISO":"","shapeID":"14789045B38579043699955","shapeGroup":"KHM","shapeType":"ADM2"}},
{"type":"Feature","geometry":{"type":"Polygon","coordinates":[[[105.47084,11.98011],[105.46963,11.94661],[105.45493,11.91421],[105.46592,11.90176],[105.50932,11.91403],[105.51978,11.90217],[105.54677,11.89263],[105.56126,11.87824],[105.57786,11.86985],[105.58105,11.82854],[105.60206,11.8351],[105.62815,11.82918],[105.6503,11.83118],[105.66745,11.82302],[105.67862,11.79815],[105.70263,11.80452],[105.73193,11.80175],[105.76053,11.82046],[105.76448,11.84146],[105.79121,11.86766],[105.79412,11.88939],[105.80305,11.8972],[105.7905,11.93674],[105.79073,11.9461],[105.84742,11.996],[105.83379,12.01942],[105.81326,12.02842],[105.78846,12.08928],[105.77657,12.0905],[105.76315,12.10449],[105.75274,12.08995],[105.73412,12.09244],[105.70587,12.1179],[105.70628,12.13528],[105.68502,12.13533],[105.67939,12.12436],[105.65751,12.10695],[105.63924,12.10673],[105.60929,12.13891],[105.59271,12.13487],[105.5859,12.12296],[105.57399,12.12477],[105.57032,12.11061],[105.53057,12.10148],[105.5481,12.05878],[105.53683,12.03381],[105.50373,12.03185],[105.4736,12.01796],[105.47084,11.98011]],[[105.70361,11.98673],[105.70344,11.95097],[105.71843,11.93931],[105.72139,11.92596],[105.70091,11.90426],[105.71131,11.88823],[105.70687,11.87003],[105.69463,11.86255],[105.66505,11.86501],[105.655,11.89716],[105.62225,11.91975],[105.62148,11.97049],[105.62683,11.99711],[105.64958,11.99681],[105.64937,11.98794],[105.70361,11.98673]]]},"properties":{"shapeName":"Tboung Khmum","shapeISO":"","shapeID":"14789045B3565316338498","shapeGroup":"KHM","shapeType":"ADM2"}}
]}