{"type":"FeatureCollection", "features": [
{"type":"Feature","geometry":{"type":"Polygon","coordinates":[[[107.1303,16.4481],[107.10853,16.44149],[107.08855,16.44887],[107.05985,16.44833],[107.04985,16.42538],[107.05881,16.41304],[107.06005,16.38761],[107.03021,16.3702],[107.02073,16.35568],[107.02778,16.31043],[107.03907,16.30303],[107.07153,16.30377],[107.08569,16.3122],[107.1448,16.27083],[107.15626,16.2564],[107.15447,16.23097],[107.14613,16.22105],[107.14838,16.19041],[107.15938,16.16792],[107.19363,16.14421],[107.2246,16.14135],[107.24205,16.14759],[107.254,16.13555],[107.26221,16.13691],[107.26665,16.11893],[107.28371,16.11864],[107.30728,16.08113],[107.32917,16.06059],[107.36544,16.06125],[107.3773,16.07411],[107.38815,16.06255],[107.39862,16.06244],[107.40303,16.07807],[107.41122,16.0844],[107.42679,16.07794],[107.44278,16.08289],[107.46062,16.07268],[107.44876,16.06176],[107.44631,16.03926],[107.46668,16.02503],[107.48688,16.0405],[107.50313,16.0317],[107.50962,16.01752],[107.51962,16.01476],[107.51633,16.02347],[107.52239,16.04101],[107.5127,16.07903],[107.50884,16.14031],[107.52038,16.15633],[107.52127,16.17524],[107.52876,16.21127],[107.51576,16.2434],[107.50148,16.2561],[107.49723,16.2688],[107.47125,16.26431],[107.45832,16.25426],[107.43811,16.25729],[107.42228,16.27765],[107.41232,16.27989],[107.41367,16.29973],[107.39851,16.31747],[107.40715,16.34252],[107.38637,16.34615],[107.37618,16.33737],[107.36665,16.3409],[107.34371,16.33753],[107.32982,16.34993],[107.30956,16.36864],[107.27611,16.38247],[107.23635,16.37623],[107.22199,16.36372],[107.21975,16.34819],[107.20042,16.34663],[107.1866,16.35568],[107.18072,16.36626],[107.16552,16.37759],[107.15283,16.37917],[107.15285,16.39051],[107.14125,16.40588],[107.14853,16.4353],[107.1303,16.4481]]]},"properties":{"shapeName":"A Luoi","shapeISO":"","shapeID":"81297802B94706269623038","shapeGroup":"VNM","shapeType":"ADM2"}},
{"type":"Feature","geometry":{"type":"Polygon","coordinates":[[[105.13699,9.82989],[105.1145,9.86434],[105.09762,9.90836],[105.09314,9.93755],[105.09284,9.94852],[105.08338,9.95973],[105.03234,9.93099],[104.98094,9.8812],[104.95839,9.85319],[104.94214,9.84661],[104.91589,9.84754],[104.91751,9.83334],[104.93178,9.80635],[104.94661,9.7906],[105.00099,9.75714],[105.06779,9.71099],[105.0929,9.69356],[105.10866,9.71351],[105.11122,9.73862],[105.12908,9.73872],[105.12701,9.76041],[105.14047,9.76101],[105.14742,9.76931],[105.147,9.80668],[105.13699,9.82989]]]},"properties":{"shapeName":"An Bien","shapeISO":"","shapeID":"81297802B3825263519858","shapeGroup":"VNM","shapeType":"ADM2"}},
{"type":"Feature","geometry":{"type":"Polygon","coordinates":[[[106.59151,20.94689],[106.55585,20.93329],[106.54621,20.94777],[106.5407,20.91854],[106.52845,20.90914],[106.5402,20.90029],[106.54827,20.8836],[106.54673,20.86854],[106.56436,20.84776],[106.58157,20.85054],[106.58496,20.82974],[106.59128,20.82321],[106.61735,20.81711],[106.62459,20.81739],[106.65768,20.84354],[106.66391,20.85288],[106.63274,20.8642],[106.62255,20.87997],[106.62059,20.89147],[106.62349,20.9103],[106.61592,20.92206],[106.60206,20.92381],[106.60241,20.93426],[106.59151,20.94689]]]},"properties":{"shapeName":"An Duong","shapeISO":"","shapeID":"81297802B31270346353021","shapeGroup":"VNM","shapeType":"ADM2"}},
{"type":"Feature","geometry":{"type":"Polygon","coordinates":[[[108.7545,14.04527],[108.73453,14.05244],[108.7225,14.06523],[108.71273,14.09625],[108.70061,14.10654],[108.68695,14.12861],[108.66116,14.10937],[108.65784,14.0892],[108.65141,14.0805],[108.65203,14.06021],[108.66187,14.03283],[108.64254,14.02933],[108.62186,14.0186],[108.6338,14.0177],[108.63781,13.98285],[108.6332,13.94697],[108.6599,13.93926],[108.6741,13.95208],[108.6965,13.9564],[108.71329,13.93714],[108.731,13.93154],[108.74578,13.91584],[108.74457,13.93327],[108.75727,13.9694],[108.75185,13.98091],[108.76409,13.99352],[108.7526,14.01965],[108.75765,14.02705],[108.7545,14.04527]]]},"properties":{"shapeName":"An Khe","shapeISO":"","shapeID":"81297802B94904539855050","shapeGroup":"VNM","shapeType":"ADM2"}},
{"type":"Feature","geometry":{"type":"Polygon","coordinates":[[[106.54673,20.86854],[106.52416,20.86218],[106.48418,20.86755],[106.47736,20.85861],[106.49705,20.83968],[106.4928,20.81937],[106.51097,20.82254],[106.51528,20.81265],[106.50844,20.80109],[106.51373,20.78948],[106.53746,20.79403],[106.54128,20.78117],[106.55222,20.77143],[106.54792,20.75854],[106.56771,20.74842],[106.60151,20.72562],[106.62105,20.74736],[106.6374,20.75189],[106.62095,20.77403],[106.60296,20.79963],[106.61735,20.81711],[106.59128,20.82321],[106.58496,20.82974],[106.58157,20.85054],[106.56436,20.84776],[106.54673,20.86854]]]},"properties":{"shapeName":"An Lao","shapeISO":"","shapeID":"81297802B65658789050233","shapeGroup":"VNM","shapeType":"ADM2"}},
{"type":"Feature","geometry":{"type":"Polygon","coordinates":[[[108.9741,14.6739],[108.9535,14.69156],[108.92398,14.69782],[108.90491,14.68725],[108.87864,14.68551],[108.86886,14.692],[108.83488,14.69066],[108.82728,14.67698],[108.81348,14.67049],[108.78216,14.67039],[108.76921,14.67813],[108.75937,14.66627],[108.7645,14.64993],[108.76351,14.59992],[108.7581,14.59402],[108.73674,14.58876],[108.70274,14.60605],[108.69747,14.59634],[108.64029,14.56558],[108.64173,14.54773],[108.62797,14.54446],[108.62957,14.51759],[108.63683,14.5062],[108.63154,14.49709],[108.63959,14.48662],[108.63855,14.45118],[108.64663,14.43955],[108.68185,14.44105],[108.69651,14.42765],[108.72013,14.42421],[108.72169,14.39565],[108.74254,14.39811],[108.75998,14.38787],[108.76075,14.37568],[108.77404,14.3654],[108.78597,14.39422],[108.7818,14.40181],[108.78681,14.42253],[108.77751,14.46215],[108.77608,14.48165],[108.81273,14.47539],[108.81674,14.48859],[108.83316,14.49384],[108.84126,14.48055],[108.86324,14.47148],[108.88612,14.47058],[108.89025,14.48828],[108.87245,14.50439],[108.89286,14.51967],[108.90716,14.5157],[108.92562,14.5191],[108.93552,14.53301],[108.94023,14.54919],[108.9427,14.58284],[108.95397,14.61714],[108.95094,14.64045],[108.9741,14.6739]]]},"properties":{"shapeName":"An Lao","shapeISO":"","shapeID":"81297802B61161719512326","shapeGroup":"VNM","shapeType":"ADM2"}},
{"type":"Feature","geometry":{"type":"Polygon","coordinates":[[[104.91589,9.84754],[104.90159,9.85044],[104.88553,9.82343],[104.87756,9.78441],[104.86039,9.73203],[104.8526,9.69659],[104.84168,9.61806],[104.83248,9.53103],[104.84537,9.52989],[104.85495,9.51764],[104.88127,9.49416],[104.91655,9.56202],[104.94587,9.53267],[104.95985,9.5517],[104.994,9.53991],[105.00336,9.55862],[105.03401,9.54022],[105.03115,9.54774],[105.03733,9.58658],[105.0322,9.58642],[105.04619,9.67701],[105.05124,9.69478],[105.06779,9.71099],[105.00099,9.75714],[104.94661,9.7906],[104.93178,9.80635],[104.91751,9.83334],[104.91589,9.84754]]]},"properties":{"shapeName":"An Minh","shapeISO":"","shapeID":"81297802B42244354568951","shapeGroup":"VNM","shapeType":"ADM2"}},
{"type":"Feature","geometry":{"type":"Polygon","coordinates":[[[109.17682,13.93818],[109.16289,13.95228],[109.14488,13.9414],[109.1341,13.94033],[109.10151,13.94672],[109.09014,13.96085],[109.06939,13.95236],[109.05131,13.93811],[109.0384,13.95867],[109.02019,13.96162],[109.0269,13.92029],[108.9993,13.9019],[109.01361,13.86897],[109.00833,13.8442],[108.9908,13.82781],[108.96336,13.81969],[108.95107,13.82853],[108.95987,13.80732],[108.99045,13.78136],[109.00939,13.75259],[109.02808,13.75826],[109.03296,13.77103],[109.032,13.7893],[109.04648,13.79287],[109.05544,13.78714],[109.0729,13.8127],[109.07412,13.8259],[109.08888,13.82398],[109.10552,13.82954],[109.13435,13.8706],[109.12131,13.89356],[109.14667,13.90758],[109.15415,13.91822],[109.17431,13.92811],[109.17682,13.93818]]]},"properties":{"shapeName":"An Nhon","shapeISO":"","shapeID":"81297802B14138193507010","shapeGroup":"VNM","shapeType":"ADM2"}},
{"type":"Feature","geometry":{"type":"Polygon","coordinates":[[[105.13225,10.9216],[105.10783,10.91757],[105.10109,10.92671],[105.1152,10.94046],[105.116,10.96039],[105.09638,10.95487],[105.08154,10.95616],[105.0768,10.94113],[105.05309,10.93012],[105.05326,10.91656],[105.04515,10.90215],[105.02843,10.89168],[105.03417,10.86974],[105.05881,10.81892],[105.05765,10.80646],[105.06556,10.78142],[105.07528,10.77736],[105.08791,10.76027],[105.09783,10.76552],[105.1013,10.74339],[105.11452,10.72016],[105.12452,10.71018],[105.13582,10.74773],[105.13499,10.76761],[105.16025,10.78151],[105.15106,10.89859],[105.12855,10.90529],[105.13225,10.9216]]]},"properties":{"shapeName":"An Phu","shapeISO":"","shapeID":"81297802B41294306698552","shapeGroup":"VNM","shapeType":"ADM2"}},
{"type":"Feature","geometry":{"type":"Polygon","coordinates":[[[106.1386,20.89379],[106.1254,20.89757],[106.09271,20.8736],[106.08505,20.88256],[106.07497,20.87689],[106.07544,20.85872],[106.06258,20.84403],[106.0388,20.83634],[106.03362,20.82227],[106.03834,20.80816],[106.05113,20.81468],[106.06686,20.77381],[106.0907,20.76296],[106.0993,20.74179],[106.09806,20.72751],[106.11798,20.73203],[106.14815,20.74175],[106.14984,20.78365],[106.1385,20.80065],[106.1401,20.81925],[106.12437,20.83008],[106.14155,20.858],[106.14507,20.89143],[106.1386,20.89379]]]},"properties":{"shapeName":"An Thi","shapeISO":"","shapeID":"81297802B29202402001629","shapeGroup":"VNM","shapeType":"ADM2"}},
{"type":"Feature","geometry":{"type":"Polygon","coordinates":[[[105.07662,19.17441],[105.04229,19.16889],[105.02673,19.15032],[105.024,19.12463],[105.00694,19.10538],[105.00945,19.09882],[105.00181,19.06872],[104.98886,19.07021],[104.97706,19.05201],[104.95013,19.04722],[104.93384,19.05799],[104.90557,19.0609],[104.90031,19.04343],[104.92726,19.04342],[104.92325,19.02528],[104.934,19.01012],[104.93459,18.98916],[104.94756,18.98037],[104.96559,18.98234],[104.97752,18.94909],[104.97165,18.94246],[104.9996,18.91474],[105.00805,18.91299],[105.0029,18.88589],[104.98002,18.87583],[104.96554,18.86463],[104.94586,18.87634],[104.93052,18.87371],[104.92184,18.85318],[104.9335,18.83976],[104.92207,18.82232],[104.92241,18.81158],[104.91268,18.78674],[104.93732,18.77166],[104.93782,18.75979],[104.96228,18.77867],[104.97294,18.79532],[104.98754,18.80479],[105.0085,18.83126],[105.02931,18.84985],[105.0455,18.84338],[105.06547,18.85883],[105.07679,18.87385],[105.09067,18.87566],[105.14331,18.87571],[105.15875,18.88287],[105.17768,18.87784],[105.20691,18.89224],[105.21977,18.89179],[105.24806,18.90289],[105.23638,18.92683],[105.24532,18.93573],[105.246,18.94991],[105.22781,18.97537],[105.22693,18.99792],[105.20222,18.98447],[105.16919,18.97713],[105.13462,18.98437],[105.11318,18.99833],[105.09099,18.9881],[105.09174,19.00636],[105.07036,19.01756],[105.07156,19.04392],[105.07656,19.05601],[105.05309,19.06292],[105.04495,19.08782],[105.05567,19.1162],[105.06849,19.12834],[105.05876,19.1502],[105.07662,19.17441]]]},"properties":{"shapeName":"Anh Son","shapeISO":"","shapeID":"81297802B23970425053168","shapeGroup":"VNM","shapeType":"ADM2"}},
{"type":"Feature","geometry":{"type":"Polygon","coordinates":[[[108.43105,13.44014],[108.41429,13.41964],[108.38305,13.41432],[108.37359,13.41598],[108.33684,13.41018],[108.32477,13.39395],[108.32045,13.37146],[108.32262,13.36043],[108.31151,13.34639],[108.32111,13.34545],[108.35333,13.32918],[108.37246,13.30253],[108.37694,13.26689],[108.38859,13.25696],[108.40543,13.26038],[108.4204,13.24202],[108.41628,13.22175],[108.42351,13.19802],[108.43688,13.18025],[108.45533,13.19321],[108.45939,13.21258],[108.45558,13.22058],[108.46797,13.23684],[108.46032,13.24763],[108.46354,13.26165],[108.45379,13.27692],[108.46654,13.29695],[108.48251,13.3002],[108.50041,13.34594],[108.52491,13.36239],[108.51348,13.36024],[108.50819,13.37213],[108.48353,13.36261],[108.46614,13.37138],[108.45688,13.38356],[108.45411,13.39881],[108.46087,13.40606],[108.45496,13.41819],[108.42979,13.43285],[108.43105,13.44014]]]},"properties":{"shapeName":"Ayun Pa","shapeISO":"","shapeID":"81297802B91685830390053","shapeGroup":"VNM","shapeType":"ADM2"}},
{"type":"Feature","geometry":{"type":"Polygon","coordinates":[[[105.9051,22.49405],[105.89861,22.50565],[105.87593,22.51303],[105.87021,22.5198],[105.83371,22.51488],[105.80474,22.52316],[105.79102,22.54597],[105.78024,22.54824],[105.77594,22.53997],[105.75844,22.52948],[105.76468,22.48671],[105.73631,22.47816],[105.71577,22.48907],[105.6909,22.48023],[105.68048,22.50465],[105.66105,22.49707],[105.65215,22.5016],[105.64133,22.4899],[105.6318,22.49596],[105.59766,22.48879],[105.55992,22.46252],[105.55435,22.42822],[105.55942,22.41019],[105.5712,22.41927],[105.57597,22.39845],[105.59334,22.38308],[105.60375,22.39284],[105.62307,22.3897],[105.6423,22.37839],[105.65362,22.34578],[105.62629,22.33235],[105.62324,22.31057],[105.64287,22.30621],[105.66084,22.28974],[105.70355,22.29899],[105.72189,22.27443],[105.73076,22.27213],[105.77163,22.27046],[105.78909,22.28623],[105.81158,22.28769],[105.8311,22.30432],[105.8743,22.30587],[105.88854,22.31595],[105.88486,22.33745],[105.85192,22.36384],[105.86138,22.37455],[105.85638,22.38858],[105.87144,22.40607],[105.87165,22.42685],[105.88402,22.4457],[105.88515,22.46295],[105.89823,22.47374],[105.9051,22.49405]]]},"properties":{"shapeName":"Ba Be","shapeISO":"","shapeID":"81297802B36883846114124","shapeGroup":"VNM","shapeType":"ADM2"}},
{"type":"Feature","geometry":{"type":"Polygon","coordinates":[[[107.25269,21.36643],[107.23552,21.37366],[107.21656,21.389],[107.19413,21.37908],[107.16816,21.36323],[107.1573,21.36842],[107.12688,21.36925],[107.11083,21.37607],[107.09695,21.3736],[107.09467,21.35915],[107.07881,21.34637],[107.06302,21.34828],[107.05186,21.32968],[107.03241,21.32525],[107.03343,21.3149],[107.02008,21.29926],[106.9878,21.29352],[106.97274,21.28429],[106.98541,21.25865],[106.97732,21.23941],[106.97856,21.22698],[107.01911,21.22642],[107.03752,21.2106],[107.0415,21.1883],[107.05914,21.20513],[107.07468,21.21346],[107.08454,21.22902],[107.09895,21.23669],[107.12515,21.23885],[107.1415,21.23118],[107.17128,21.2337],[107.18437,21.21753],[107.20958,21.20295],[107.18922,21.17298],[107.18029,21.16724],[107.17396,21.14452],[107.18779,21.13303],[107.20847,21.13018],[107.21732,21.13871],[107.23334,21.14256],[107.23931,21.16042],[107.27677,21.17901],[107.28716,21.17755],[107.30167,21.1867],[107.32319,21.17227],[107.33705,21.17894],[107.33507,21.18915],[107.34958,21.20306],[107.36015,21.22062],[107.35189,21.22452],[107.35321,21.24072],[107.34702,21.24843],[107.33816,21.2797],[107.34018,21.29317],[107.33218,21.30726],[107.29822,21.32144],[107.28715,21.32103],[107.25414,21.32991],[107.25265,21.34275],[107.26277,21.3531],[107.25269,21.36643]]]},"properties":{"shapeName":"Ba Che","shapeISO":"","shapeID":"81297802B18420716282175","shapeGroup":"VNM","shapeType":"ADM2"}},
{"type":"Feature","geometry":{"type":"Polygon","coordinates":[[[105.85701,21.04273],[105.84915,21.05357],[105.8285,21.03959],[105.80605,21.04761],[105.80128,21.03022],[105.81077,21.01862],[105.8294,21.03195],[105.84177,21.02813],[105.84527,21.03942],[105.85701,21.04273]]]},"properties":{"shapeName":"Ba Dinh","shapeISO":"","shapeID":"81297802B78295235973409","shapeGroup":"VNM","shapeType":"ADM2"}},
{"type":"Feature","geometry":{"type":"Polygon","coordinates":[[[106.45842,17.77375],[106.44009,17.76975],[106.4249,17.79688],[106.41754,17.79527],[106.41735,17.77541],[106.39435,17.76451],[106.38843,17.75625],[106.36284,17.76203],[106.34932,17.76034],[106.32368,17.7705],[106.30399,17.76077],[106.29848,17.74542],[106.28171,17.74895],[106.25469,17.73842],[106.25685,17.72415],[106.23529,17.7096],[106.27926,17.7028],[106.3111,17.69345],[106.33562,17.70072],[106.35234,17.69331],[106.35983,17.67572],[106.36822,17.68112],[106.3961,17.68693],[106.39012,17.70991],[106.4015,17.7201],[106.42035,17.72645],[106.4438,17.71214],[106.49003,17.70471],[106.46778,17.74964],[106.45842,17.77375]]]},"properties":{"shapeName":"Ba Don","shapeISO":"","shapeID":"81297802B46228878369339","shapeGroup":"VNM","shapeType":"ADM2"}},
{"type":"Feature","geometry":{"type":"Polygon","coordinates":[[[107.24787,10.5397],[107.22856,10.55035],[107.20479,10.55398],[107.19774,10.54349],[107.18455,10.54115],[107.17318,10.559],[107.17092,10.53503],[107.14936,10.53524],[107.13732,10.51439],[107.12566,10.50983],[107.1211,10.47449],[107.11441,10.47596],[107.1203,10.45794],[107.13836,10.45503],[107.1441,10.46674],[107.17634,10.46232],[107.20678,10.49627],[107.21562,10.49448],[107.24106,10.50935],[107.24843,10.52827],[107.24787,10.5397]]]},"properties":{"shapeName":"Ba Ria","shapeISO":"","shapeID":"81297802B66449035371360","shapeGroup":"VNM","shapeType":"ADM2"}},
{"type":"Feature","geometry":{"type":"Polygon","coordinates":[[[105.11897,20.56294],[105.10521,20.57306],[105.09412,20.56801],[105.10544,20.53826],[105.08693,20.51614],[105.06928,20.50235],[105.07978,20.48581],[105.09703,20.46933],[105.10484,20.45314],[105.11703,20.44262],[105.12504,20.42726],[105.14452,20.41072],[105.16365,20.40388],[105.17145,20.38194],[105.16314,20.36454],[105.18285,20.35353],[105.18307,20.33798],[105.16461,20.33103],[105.14194,20.33167],[105.12479,20.34438],[105.12686,20.32784],[105.10757,20.31126],[105.08652,20.30103],[105.08859,20.28301],[105.08283,20.27155],[105.08762,20.25312],[105.10823,20.24282],[105.11002,20.22949],[105.1261,20.23574],[105.13521,20.22522],[105.15739,20.21414],[105.16167,20.23883],[105.17738,20.24777],[105.19203,20.24082],[105.20313,20.21741],[105.24783,20.20872],[105.25187,20.21609],[105.28317,20.18525],[105.32054,20.18991],[105.32016,20.20008],[105.33867,20.22689],[105.31449,20.25463],[105.33875,20.26569],[105.33522,20.28754],[105.33801,20.30174],[105.34765,20.30412],[105.35567,20.29123],[105.36807,20.2846],[105.37528,20.27132],[105.39114,20.26186],[105.40464,20.27187],[105.40658,20.28112],[105.3969,20.29843],[105.41747,20.30282],[105.40512,20.31804],[105.41672,20.33662],[105.42922,20.34811],[105.40952,20.37359],[105.38576,20.37868],[105.35634,20.39219],[105.32355,20.404],[105.30725,20.41589],[105.2951,20.41703],[105.25815,20.43409],[105.26717,20.4552],[105.26133,20.46593],[105.24455,20.4733],[105.2444,20.48833],[105.20283,20.51826],[105.17019,20.51508],[105.16122,20.52257],[105.16035,20.53624],[105.13901,20.54546],[105.11897,20.56294]]]},"properties":{"shapeName":"Ba Thuoc","shapeISO":"","shapeID":"81297802B10763760406842","shapeGroup":"VNM","shapeType":"ADM2"}},
{"type":"Feature","geometry":{"type":"Polygon","coordinates":[[[108.9741,14.6739],[108.97516,14.67313],[108.97902,14.69082],[108.97076,14.70237],[108.97126,14.72532],[108.95701,14.73895],[108.93531,14.74988],[108.93566,14.77472],[108.87981,14.79145],[108.85489,14.80791],[108.84589,14.79713],[108.82523,14.80904],[108.83211,14.82424],[108.81817,14.83548],[108.81704,14.84954],[108.80731,14.84589],[108.78705,14.86019],[108.76303,14.87247],[108.7507,14.88568],[108.74321,14.87939],[108.71542,14.88676],[108.68545,14.88043],[108.66661,14.8966],[108.63928,14.88716],[108.61953,14.85987],[108.60458,14.84864],[108.58651,14.83372],[108.59639,14.80658],[108.55834,14.80269],[108.54463,14.81336],[108.52983,14.80636],[108.51152,14.80741],[108.49387,14.80062],[108.50292,14.77926],[108.51635,14.77376],[108.52875,14.74543],[108.52116,14.73927],[108.51603,14.72033],[108.49666,14.69775],[108.51262,14.6841],[108.48435,14.64407],[108.48467,14.6233],[108.50708,14.62059],[108.52612,14.6238],[108.5339,14.60469],[108.54689,14.58953],[108.56011,14.58619],[108.58357,14.56775],[108.59369,14.56517],[108.59603,14.54756],[108.60674,14.5345],[108.62797,14.54446],[108.64173,14.54773],[108.64029,14.56558],[108.69747,14.59634],[108.70274,14.60605],[108.73674,14.58876],[108.7581,14.59402],[108.76351,14.59992],[108.7645,14.64993],[108.75937,14.66627],[108.76921,14.67813],[108.78216,14.67039],[108.81348,14.67049],[108.82728,14.67698],[108.83488,14.69066],[108.86886,14.692],[108.87864,14.68551],[108.90491,14.68725],[108.92398,14.69782],[108.9535,14.69156],[108.9741,14.6739]]]},"properties":{"shapeName":"Ba To","shapeISO":"","shapeID":"81297802B2421652022296","shapeGroup":"VNM","shapeType":"ADM2"}},
{"type":"Feature","geometry":{"type":"Polygon","coordinates":[[[106.69953,10.02811],[106.68659,10.04205],[106.68475,10.05226],[106.69832,10.06953],[106.6648,10.12032],[106.65035,10.13547],[106.63399,10.14125],[106.62413,10.15182],[106.61561,10.17119],[106.60535,10.17965],[106.5782,10.18637],[106.57778,10.17487],[106.58576,10.16071],[106.56428,10.15822],[106.54244,10.14294],[106.54502,10.12702],[106.51674,10.08767],[106.51255,10.07763],[106.49015,10.07201],[106.47011,10.05987],[106.48903,10.03889],[106.48503,10.02532],[106.50445,10.00975],[106.52327,10.00159],[106.56166,9.99433],[106.60668,9.96742],[106.65077,9.95482],[106.65548,9.97345],[106.68568,10.00665],[106.69953,10.02811]]]},"properties":{"shapeName":"Ba Tri","shapeISO":"","shapeID":"81297802B69586170313052","shapeGroup":"VNM","shapeType":"ADM2"}},
{"type":"Feature","geometry":{"type":"Polygon","coordinates":[[[105.44352,21.2649],[105.43657,21.28655],[105.40043,21.30318],[105.38932,21.30221],[105.37001,21.29202],[105.35631,21.29152],[105.35618,21.26032],[105.3472,21.2261],[105.33902,21.20955],[105.30369,21.19158],[105.29082,21.16588],[105.2849,21.16295],[105.30852,21.13318],[105.31988,21.11361],[105.3168,21.09353],[105.30141,21.07115],[105.29416,21.05342],[105.30483,21.02207],[105.31748,21.01222],[105.33392,21.00797],[105.34795,21.01396],[105.3548,21.0075],[105.38003,21.01977],[105.39369,21.01417],[105.41047,21.01796],[105.41759,21.01147],[105.43519,21.01718],[105.45865,21.01337],[105.47139,21.02072],[105.45777,21.03215],[105.4591,21.07049],[105.44568,21.06201],[105.4397,21.06953],[105.44141,21.10274],[105.43007,21.10668],[105.43037,21.11929],[105.41467,21.13652],[105.43151,21.15201],[105.45162,21.14365],[105.47401,21.17267],[105.46956,21.17665],[105.46076,21.22117],[105.44601,21.24537],[105.44352,21.2649]]]},"properties":{"shapeName":"Ba Vi","shapeISO":"","shapeID":"81297802B94958861355476","shapeGroup":"VNM","shapeType":"ADM2"}},
{"type":"Feature","geometry":{"type":"Polygon","coordinates":[[[108.7933,12.15908],[108.77743,12.1643],[108.76995,12.15265],[108.73773,12.15708],[108.73195,12.16168],[108.70584,12.15405],[108.6936,12.14587],[108.68608,12.12955],[108.674,12.1187],[108.69334,12.10462],[108.71213,12.06144],[108.70316,12.04172],[108.6945,12.04076],[108.68044,12.01268],[108.68105,11.98597],[108.66489,11.96709],[108.66028,11.95101],[108.66569,11.93793],[108.66003,11.92701],[108.6642,11.91461],[108.68592,11.92076],[108.70969,11.91701],[108.74158,11.87489],[108.74587,11.86292],[108.76295,11.85435],[108.78773,11.83228],[108.79957,11.8055],[108.79745,11.78973],[108.81639,11.76552],[108.82211,11.75338],[108.83608,11.74038],[108.85263,11.737],[108.86666,11.73954],[108.88396,11.73512],[108.89043,11.72396],[108.90641,11.71292],[108.9137,11.67099],[108.92291,11.68231],[108.94746,11.67447],[108.96409,11.65822],[109.00025,11.68769],[108.99489,11.71852],[108.98942,11.72994],[108.96866,11.75279],[108.98082,11.76],[108.99143,11.77972],[108.99508,11.8038],[109.01693,11.821],[109.03813,11.83326],[109.05677,11.83904],[109.05999,11.86125],[109.049,11.89806],[109.03591,11.90978],[109.02103,11.91026],[109.0059,11.9233],[108.98218,11.91456],[108.95755,11.92467],[108.94801,11.93727],[108.93601,11.9362],[108.91665,11.95217],[108.89301,11.94684],[108.8672,11.96734],[108.85168,11.96525],[108.84941,11.98325],[108.85825,11.99097],[108.8571,12.01731],[108.83847,12.02151],[108.82123,12.03918],[108.80197,12.04411],[108.81065,12.05905],[108.80314,12.07035],[108.79947,12.09662],[108.78622,12.12372],[108.7933,12.15908]]]},"properties":{"shapeName":"Bac Ai","shapeISO":"","shapeID":"81297802B54055270393742","shapeGroup":"VNM","shapeType":"ADM2"}},
{"type":"Feature","geometry":{"type":"Polygon","coordinates":[[[108.56055,11.52444],[108.55639,11.51486],[108.53965,11.50596],[108.49487,11.52993],[108.45779,11.51879],[108.43151,11.51445],[108.41816,11.52705],[108.3959,11.5183],[108.38303,11.52532],[108.37361,11.50937],[108.35041,11.51041],[108.34412,11.5284],[108.33047,11.52281],[108.32254,11.53216],[108.30332,11.52035],[108.27871,11.51587],[108.26592,11.49819],[108.27084,11.48805],[108.25784,11.47542],[108.27482,11.43858],[108.28468,11.44742],[108.29376,11.44111],[108.30649,11.41306],[108.28925,11.39793],[108.25549,11.36086],[108.22813,11.34597],[108.21796,11.33123],[108.19643,11.32226],[108.18525,11.306],[108.15143,11.29964],[108.1296,11.29032],[108.11859,11.29199],[108.1064,11.26858],[108.16695,11.24094],[108.18521,11.22385],[108.19533,11.20023],[108.22104,11.19681],[108.26437,11.18432],[108.28286,11.1657],[108.30192,11.15436],[108.30687,11.14464],[108.29812,11.13423],[108.29993,11.09657],[108.2583,11.09416],[108.25409,11.03228],[108.24596,11.02833],[108.27557,11.02288],[108.29138,11.00896],[108.29916,10.99595],[108.31896,10.99702],[108.34966,11.00381],[108.35819,11.01934],[108.37619,11.03385],[108.41007,11.033],[108.43532,11.0478],[108.45903,11.04038],[108.47286,11.04877],[108.48902,11.09837],[108.50291,11.12732],[108.50077,11.15129],[108.50743,11.16419],[108.52764,11.16569],[108.55477,11.18021],[108.57592,11.21468],[108.60006,11.24082],[108.60579,11.2584],[108.60142,11.2845],[108.61617,11.3094],[108.61583,11.3367],[108.60693,11.35855],[108.59041,11.37248],[108.55941,11.38964],[108.56196,11.4192],[108.55977,11.47341],[108.56055,11.52444]]]},"properties":{"shapeName":"Bac Binh","shapeISO":"","shapeID":"81297802B84889732636102","shapeGroup":"VNM","shapeType":"ADM2"}},
{"type":"Feature","geometry":{"type":"Polygon","coordinates":[[[106.25659,21.27502],[106.25356,21.29503],[106.22523,21.30112],[106.21153,21.30017],[106.18232,21.32119],[106.17462,21.30893],[106.15399,21.31347],[106.16169,21.29914],[106.15746,21.28684],[106.14026,21.27945],[106.14176,21.27183],[106.1583,21.26471],[106.1671,21.252],[106.17746,21.24029],[106.19873,21.2454],[106.19068,21.22892],[106.20678,21.2164],[106.22699,21.23648],[106.23618,21.25309],[106.22666,21.26672],[106.24447,21.27845],[106.25659,21.27502]]]},"properties":{"shapeName":"Bac Giang","shapeISO":"","shapeID":"81297802B62924474209473","shapeGroup":"VNM","shapeType":"ADM2"}},
{"type":"Feature","geometry":{"type":"Polygon","coordinates":[[[104.44362,22.50297],[104.43378,22.5216],[104.41441,22.53029],[104.42217,22.54281],[104.42612,22.57338],[104.4651,22.57317],[104.46256,22.61237],[104.43626,22.61934],[104.42237,22.63023],[104.40979,22.65246],[104.40956,22.66394],[104.39781,22.67908],[104.36252,22.67266],[104.35657,22.64899],[104.36193,22.63831],[104.35179,22.62317],[104.34402,22.62321],[104.32626,22.6072],[104.31915,22.58962],[104.30699,22.59821],[104.30335,22.615],[104.28909,22.61823],[104.28123,22.61037],[104.27014,22.6181],[104.25032,22.61898],[104.23274,22.59052],[104.20761,22.5857],[104.19001,22.55876],[104.20082,22.54002],[104.18843,22.52611],[104.17292,22.52789],[104.16579,22.49558],[104.16831,22.4697],[104.18236,22.45271],[104.20801,22.44903],[104.22287,22.41832],[104.23074,22.41449],[104.2335,22.39179],[104.25996,22.38064],[104.26731,22.36991],[104.29149,22.36274],[104.32699,22.33985],[104.34214,22.351],[104.34989,22.3629],[104.37451,22.35201],[104.37955,22.34297],[104.39578,22.33761],[104.406,22.3418],[104.42537,22.33409],[104.43496,22.32502],[104.4511,22.34203],[104.46263,22.34737],[104.4545,22.36067],[104.43078,22.36385],[104.41869,22.37741],[104.41583,22.39175],[104.40326,22.38754],[104.3903,22.40148],[104.39678,22.43481],[104.40318,22.44556],[104.38921,22.4653],[104.41453,22.48019],[104.41327,22.48798],[104.44362,22.50297]]]},"properties":{"shapeName":"Bac Ha","shapeISO":"","shapeID":"81297802B71116262659242","shapeGroup":"VNM","shapeType":"ADM2"}},
{"type":"Feature","geometry":{"type":"Polygon","coordinates":[[[105.92434,22.12185],[105.90246,22.12676],[105.88579,22.12569],[105.88716,22.15371],[105.8676,22.17199],[105.8696,22.18467],[105.83368,22.1994],[105.81697,22.20996],[105.81163,22.19428],[105.78097,22.18502],[105.77708,22.15727],[105.79507,22.14317],[105.80031,22.12613],[105.79852,22.09968],[105.82426,22.08345],[105.84178,22.09204],[105.85581,22.08771],[105.86387,22.05492],[105.88431,22.07391],[105.89611,22.0665],[105.90284,22.08279],[105.9323,22.08855],[105.9221,22.09989],[105.92434,22.12185]]]},"properties":{"shapeName":"Bac Kan","shapeISO":"","shapeID":"81297802B17568713952999","shapeGroup":"VNM","shapeType":"ADM2"}},
{"type":"Feature","geometry":{"type":"Polygon","coordinates":[[[105.82776,9.2437],[105.81925,9.27293],[105.82596,9.27674],[105.81216,9.33931],[105.76704,9.31542],[105.74724,9.30061],[105.73067,9.32157],[105.72357,9.31414],[105.70631,9.31426],[105.68262,9.30634],[105.68997,9.27915],[105.69464,9.25758],[105.7099,9.26402],[105.72272,9.22454],[105.72956,9.1967],[105.76331,9.21046],[105.78851,9.2273],[105.82776,9.2437]]]},"properties":{"shapeName":"Bac Lieu","shapeISO":"","shapeID":"81297802B6284379291034","shapeGroup":"VNM","shapeType":"ADM2"}},
{"type":"Feature","geometry":{"type":"Polygon","coordinates":[[[105.27299,22.87654],[105.25962,22.88535],[105.22617,22.88297],[105.2066,22.90416],[105.17985,22.91093],[105.17629,22.92103],[105.14461,22.92076],[105.14101,22.90539],[105.14937,22.88821],[105.15304,22.86212],[105.13623,22.83777],[105.11825,22.84128],[105.10048,22.82998],[105.07676,22.83996],[105.05996,22.83361],[105.05144,22.81808],[105.06384,22.80718],[105.07644,22.78483],[105.10386,22.77093],[105.13605,22.73927],[105.1278,22.72813],[105.15404,22.71183],[105.14431,22.69153],[105.17024,22.6889],[105.17402,22.68338],[105.2055,22.67768],[105.21954,22.66116],[105.23078,22.66403],[105.24189,22.65627],[105.27291,22.64765],[105.28418,22.63856],[105.28944,22.61408],[105.31175,22.61308],[105.31833,22.60431],[105.31481,22.60955],[105.32509,22.63701],[105.36186,22.63931],[105.38522,22.62737],[105.3952,22.63026],[105.41007,22.61191],[105.45988,22.60906],[105.47674,22.62036],[105.4871,22.6182],[105.49885,22.63393],[105.49611,22.65728],[105.48682,22.67555],[105.48951,22.68731],[105.49994,22.69431],[105.48783,22.70656],[105.47852,22.72988],[105.47353,22.75488],[105.45216,22.75761],[105.44343,22.77157],[105.42601,22.77664],[105.42208,22.78397],[105.40078,22.79301],[105.38748,22.80991],[105.36199,22.8165],[105.34671,22.81568],[105.34336,22.82651],[105.31942,22.83803],[105.30909,22.85099],[105.28459,22.8547],[105.27154,22.86379],[105.27299,22.87654]]]},"properties":{"shapeName":"Bac Me","shapeISO":"","shapeID":"81297802B85329428934549","shapeGroup":"VNM","shapeType":"ADM2"}},
{"type":"Feature","geometry":{"type":"Polygon","coordinates":[[[106.12247,21.19817],[106.09059,21.20537],[106.05473,21.22793],[106.03626,21.20932],[106.03257,21.1871],[106.02137,21.18732],[106.0194,21.17464],[106.03924,21.14704],[106.04777,21.13019],[106.08709,21.12532],[106.10699,21.12617],[106.13457,21.13878],[106.10826,21.16831],[106.11056,21.18124],[106.12247,21.19817]]]},"properties":{"shapeName":"Bac Ninh","shapeISO":"","shapeID":"81297802B63234506717185","shapeGroup":"VNM","shapeType":"ADM2"}},
{"type":"Feature","geometry":{"type":"Polygon","coordinates":[[[105.10852,22.48951],[105.0893,22.48287],[105.08162,22.4986],[105.05787,22.51803],[105.05296,22.53883],[105.04195,22.5431],[105.03532,22.55886],[105.01979,22.55325],[105.02384,22.54165],[105.01053,22.52923],[104.99789,22.52866],[104.98444,22.51063],[104.97073,22.53031],[104.95542,22.53552],[104.95611,22.54706],[104.93785,22.55649],[104.92284,22.53747],[104.91652,22.55299],[104.92651,22.56064],[104.9413,22.58649],[104.90734,22.59774],[104.89882,22.58278],[104.88488,22.58312],[104.8751,22.59116],[104.85239,22.59176],[104.83472,22.60248],[104.81134,22.60767],[104.79505,22.62258],[104.78513,22.62025],[104.79825,22.59173],[104.81481,22.56807],[104.79331,22.55059],[104.78294,22.53852],[104.78623,22.52623],[104.77954,22.50858],[104.78403,22.48986],[104.79392,22.4822],[104.79281,22.47158],[104.78086,22.46158],[104.78369,22.44692],[104.76696,22.41975],[104.76765,22.40685],[104.78245,22.38985],[104.75735,22.37778],[104.76442,22.37228],[104.75474,22.358],[104.77215,22.35682],[104.78927,22.34146],[104.77818,22.32461],[104.78132,22.30967],[104.77189,22.27875],[104.75355,22.27841],[104.74224,22.27119],[104.76366,22.25235],[104.75704,22.24109],[104.76934,22.21929],[104.7556,22.19702],[104.73968,22.20692],[104.72409,22.20833],[104.72493,22.19847],[104.7409,22.18572],[104.75509,22.18547],[104.76398,22.16728],[104.78342,22.17255],[104.79972,22.17009],[104.81887,22.17989],[104.83936,22.17978],[104.84896,22.18515],[104.85704,22.19856],[104.87533,22.20113],[104.87917,22.18603],[104.89466,22.19],[104.90323,22.21118],[104.91396,22.21607],[104.91138,22.23188],[104.9159,22.24799],[104.89208,22.27246],[104.90587,22.27521],[104.91813,22.30367],[104.89742,22.31579],[104.90012,22.34933],[104.90757,22.35077],[104.9186,22.33385],[104.9387,22.33325],[104.95075,22.32088],[104.97104,22.31992],[104.98006,22.32525],[104.99353,22.31472],[104.99602,22.30234],[105.00851,22.29556],[105.01055,22.26744],[105.03391,22.28493],[105.04811,22.28871],[105.04552,22.31194],[105.05999,22.31276],[105.06096,22.33059],[105.05187,22.33586],[105.04143,22.35323],[105.05756,22.3575],[105.0806,22.35237],[105.08701,22.36063],[105.07266,22.38286],[105.07718,22.39569],[105.08978,22.39489],[105.10095,22.4146],[105.08696,22.43927],[105.11761,22.45605],[105.11136,22.46526],[105.10852,22.48951]]]},"properties":{"shapeName":"Bac Quang","shapeISO":"","shapeID":"81297802B46816941364430","shapeGroup":"VNM","shapeType":"ADM2"}},
{"type":"Feature","geometry":{"type":"Polygon","coordinates":[[[106.41809,21.8685],[106.40797,21.88597],[106.38834,21.88875],[106.39509,21.91283],[106.37998,21.93174],[106.35168,21.92771],[106.3372,21.94153],[106.33797,21.94986],[106.31637,21.96337],[106.30561,21.95741],[106.29393,21.93183],[106.26646,21.93243],[106.25762,21.94431],[106.24768,21.94173],[106.22109,21.94902],[106.18045,21.94403],[106.16544,21.91348],[106.1465,21.91539],[106.12973,21.90505],[106.1154,21.89447],[106.11541,21.87091],[106.1107,21.86029],[106.11423,21.84044],[106.09545,21.82073],[106.10747,21.80312],[106.11228,21.78142],[106.13724,21.7848],[106.13956,21.77751],[106.15995,21.75561],[106.17791,21.74402],[106.21818,21.72705],[106.22513,21.73315],[106.23789,21.71905],[106.23252,21.69879],[106.22418,21.69148],[106.21868,21.67175],[106.23991,21.6666],[106.25909,21.6809],[106.28173,21.68612],[106.30178,21.69754],[106.31577,21.69273],[106.33652,21.70047],[106.34882,21.71981],[106.39302,21.75207],[106.40554,21.75972],[106.40813,21.77975],[106.40319,21.79357],[106.4047,21.81426],[106.41118,21.83648],[106.40735,21.85442],[106.41809,21.8685]]]},"properties":{"shapeName":"Bac Son","shapeISO":"","shapeID":"81297802B43959874007568","shapeGroup":"VNM","shapeType":"ADM2"}},
{"type":"Feature","geometry":{"type":"Polygon","coordinates":[[[106.91335,11.23094],[106.90345,11.24231],[106.89101,11.23884],[106.87007,11.25152],[106.85453,11.25568],[106.85389,11.23787],[106.82745,11.2205],[106.81852,11.20881],[106.79367,11.18966],[106.75878,11.1915],[106.74631,11.20041],[106.7217,11.20353],[106.70419,11.2011],[106.68444,11.18287],[106.67925,11.16206],[106.68369,11.14958],[106.70095,11.15434],[106.71374,11.15176],[106.72462,11.13702],[106.73633,11.13253],[106.73546,11.1173],[106.76266,11.12632],[106.76482,11.14093],[106.78454,11.13451],[106.78319,11.11362],[106.81521,11.11427],[106.82324,11.09592],[106.81488,11.08849],[106.81926,11.07774],[106.81567,11.06333],[106.82712,11.06512],[106.83985,11.03985],[106.85837,11.03255],[106.87361,11.02008],[106.89456,11.02789],[106.91141,11.027],[106.91244,11.04091],[106.92333,11.04823],[106.93187,11.06481],[106.94782,11.05976],[106.95222,11.0721],[106.94662,11.08905],[106.95756,11.10702],[106.96576,11.10962],[106.95344,11.12922],[106.95615,11.15288],[106.95336,11.1641],[106.94127,11.16783],[106.93331,11.18975],[106.90542,11.19446],[106.90114,11.21043],[106.91605,11.21618],[106.91335,11.23094]]]},"properties":{"shapeName":"Bac Tan Uyen","shapeISO":"","shapeID":"81297802B7309999559024","shapeGroup":"VNM","shapeType":"ADM2"}},
{"type":"Feature","geometry":{"type":"Polygon","coordinates":[[[108.13553,15.43352],[108.12389,15.42812],[108.1157,15.43624],[108.09733,15.41898],[108.09913,15.40239],[108.08536,15.39199],[108.07026,15.39642],[108.05794,15.40672],[108.03295,15.40989],[108.02335,15.41848],[108.01773,15.41051],[108.02151,15.39738],[108.01238,15.38946],[108.0176,15.37393],[107.99133,15.36736],[107.95444,15.36618],[107.95332,15.34102],[107.96446,15.32372],[107.94527,15.30819],[107.94811,15.29783],[107.98382,15.30073],[108.00701,15.31242],[108.02528,15.30936],[108.0332,15.30017],[108.05959,15.31385],[108.07794,15.30867],[108.08361,15.29155],[108.10412,15.25741],[108.11258,15.25322],[108.11701,15.22928],[108.1299,15.21615],[108.1436,15.2145],[108.18903,15.17494],[108.20973,15.19251],[108.22145,15.1775],[108.2168,15.15044],[108.22912,15.13103],[108.26136,15.11821],[108.27556,15.1312],[108.28332,15.15318],[108.29785,15.1699],[108.30279,15.19214],[108.28912,15.20154],[108.30434,15.20899],[108.30675,15.22579],[108.29213,15.22858],[108.2815,15.2431],[108.30298,15.25783],[108.30618,15.26792],[108.30056,15.28364],[108.32075,15.30107],[108.36465,15.29415],[108.38021,15.30302],[108.39248,15.29779],[108.41667,15.30614],[108.42856,15.32496],[108.45434,15.33781],[108.46387,15.35062],[108.46913,15.36778],[108.46596,15.4007],[108.43786,15.39258],[108.38142,15.39411],[108.37489,15.38631],[108.35884,15.38239],[108.34783,15.39579],[108.3336,15.39977],[108.29426,15.40301],[108.21672,15.38682],[108.19554,15.39051],[108.18655,15.37887],[108.16969,15.38181],[108.15073,15.39618],[108.13553,15.43352]]]},"properties":{"shapeName":"Bac Tra My","shapeISO":"","shapeID":"81297802B65636962466894","shapeGroup":"VNM","shapeType":"ADM2"}},
{"type":"Feature","geometry":{"type":"Polygon","coordinates":[[[105.796,21.09792],[105.74874,21.09785],[105.73721,21.10487],[105.72495,21.09653],[105.72781,21.08183],[105.71718,21.07129],[105.72962,21.05652],[105.73725,21.04417],[105.7533,21.0381],[105.76781,21.03959],[105.795,21.05032],[105.80506,21.06589],[105.796,21.09792]]]},"properties":{"shapeName":"Bac Tu Liem","shapeISO":"","shapeID":"81297802B3906213091507","shapeGroup":"VNM","shapeType":"ADM2"}},
{"type":"Feature","geometry":{"type":"Polygon","coordinates":[[[104.55163,21.40931],[104.54,21.41386],[104.52289,21.40732],[104.50389,21.37653],[104.46888,21.35129],[104.44419,21.35771],[104.43139,21.35373],[104.41956,21.36284],[104.41773,21.38067],[104.38208,21.40254],[104.36173,21.40281],[104.3542,21.41467],[104.33125,21.40795],[104.31941,21.42855],[104.29968,21.43863],[104.27054,21.42285],[104.25367,21.40538],[104.24432,21.38721],[104.19914,21.37947],[104.17267,21.36161],[104.17673,21.35152],[104.16918,21.34183],[104.17182,21.32604],[104.18334,21.31517],[104.2057,21.30404],[104.24705,21.26297],[104.26551,21.2596],[104.29285,21.23917],[104.28009,21.22811],[104.27604,21.21363],[104.24439,21.2102],[104.22615,21.19664],[104.22793,21.18585],[104.24048,21.17061],[104.26451,21.15696],[104.27468,21.14484],[104.30901,21.12786],[104.32186,21.13164],[104.35047,21.11606],[104.38108,21.09185],[104.38174,21.0761],[104.40829,21.06853],[104.41874,21.05655],[104.45212,21.05204],[104.47707,21.03296],[104.51685,21.02159],[104.54106,21.00592],[104.5537,21.01765],[104.53993,21.03265],[104.54292,21.04996],[104.55812,21.06459],[104.57314,21.05273],[104.57112,21.0778],[104.55397,21.08014],[104.54426,21.07099],[104.52727,21.06896],[104.51967,21.07471],[104.51607,21.097],[104.52928,21.11133],[104.53644,21.13022],[104.5285,21.14759],[104.50804,21.16978],[104.51637,21.18497],[104.49101,21.20986],[104.49818,21.22804],[104.51159,21.23149],[104.52778,21.25536],[104.54328,21.25678],[104.55458,21.28532],[104.56788,21.3057],[104.5671,21.32083],[104.5584,21.34163],[104.56335,21.35057],[104.5654,21.3773],[104.54514,21.38475],[104.54164,21.39736],[104.55163,21.40931]]]},"properties":{"shapeName":"Bac Yen","shapeISO":"","shapeID":"81297802B44532488811780","shapeGroup":"VNM","shapeType":"ADM2"}},
{"type":"Feature","geometry":{"type":"Polygon","coordinates":[[[107.72398,20.12426],[107.73419,20.12398],[107.73738,20.14428],[107.71697,20.128],[107.72398,20.12426]]]},"properties":{"shapeName":"Bach Long Vi","shapeISO":"","shapeID":"81297802B40834484476285","shapeGroup":"VNM","shapeType":"ADM2"}},
{"type":"Feature","geometry":{"type":"Polygon","coordinates":[[[105.73076,22.27213],[105.70794,22.25853],[105.71418,22.23807],[105.71313,22.22621],[105.69738,22.22285],[105.70276,22.21025],[105.68989,22.20104],[105.69121,22.18369],[105.68532,22.17285],[105.6967,22.15456],[105.68845,22.14903],[105.68836,22.13245],[105.65337,22.11025],[105.65423,22.09987],[105.66487,22.08897],[105.6975,22.0854],[105.70778,22.09965],[105.7257,22.09797],[105.7378,22.09113],[105.77578,22.10055],[105.79852,22.09968],[105.80031,22.12613],[105.79507,22.14317],[105.77708,22.15727],[105.78097,22.18502],[105.81163,22.19428],[105.81697,22.20996],[105.83368,22.1994],[105.8696,22.18467],[105.8676,22.17199],[105.88716,22.15371],[105.88579,22.12569],[105.90246,22.12676],[105.92434,22.12185],[105.947,22.11888],[105.96546,22.12228],[105.97932,22.16419],[105.99795,22.15583],[106.01117,22.16002],[106.01318,22.17944],[106.02316,22.18906],[106.0413,22.19713],[106.0512,22.20973],[106.01513,22.23637],[106.00658,22.22974],[105.98187,22.25347],[105.98858,22.26726],[105.98401,22.28037],[105.97167,22.29264],[105.96191,22.28572],[105.9365,22.29927],[105.9258,22.28312],[105.89835,22.30069],[105.88854,22.31595],[105.8743,22.30587],[105.8311,22.30432],[105.81158,22.28769],[105.78909,22.28623],[105.77163,22.27046],[105.73076,22.27213]]]},"properties":{"shapeName":"Bach Thong","shapeISO":"","shapeID":"81297802B24696745321038","shapeGroup":"VNM","shapeType":"ADM2"}},
{"type":"Feature","geometry":{"type":"Polygon","coordinates":[[[105.87236,22.92486],[105.8635,22.93987],[105.85066,22.97698],[105.82565,22.99592],[105.80674,22.99403],[105.79264,23.00317],[105.78136,23.02222],[105.73353,23.03956],[105.73502,23.06129],[105.67708,23.06362],[105.64935,23.07962],[105.6334,23.0794],[105.6197,23.06773],[105.60788,23.07524],[105.59372,23.07511],[105.57825,23.06817],[105.56972,23.07881],[105.56047,23.0647],[105.56782,23.05228],[105.56612,23.03325],[105.58581,23.02008],[105.58475,23.009],[105.57292,22.99959],[105.57225,22.98453],[105.56173,22.98457],[105.54526,22.96969],[105.57146,22.95769],[105.5912,22.93558],[105.59869,22.91647],[105.6284,22.90356],[105.62418,22.88819],[105.63697,22.87059],[105.63606,22.8618],[105.62043,22.84416],[105.63263,22.82345],[105.61292,22.80799],[105.61491,22.79097],[105.64055,22.78466],[105.64773,22.76685],[105.63644,22.74292],[105.62536,22.74687],[105.59785,22.74437],[105.59243,22.72384],[105.57637,22.71658],[105.57487,22.70863],[105.59039,22.68782],[105.58733,22.67583],[105.60614,22.66973],[105.60326,22.68719],[105.62112,22.69848],[105.64912,22.69715],[105.66568,22.72261],[105.69304,22.71646],[105.71293,22.73081],[105.74092,22.7396],[105.74991,22.72798],[105.75606,22.73901],[105.79765,22.73871],[105.80923,22.73442],[105.84013,22.76017],[105.82714,22.78027],[105.8507,22.80062],[105.86161,22.81107],[105.88155,22.81373],[105.87291,22.82862],[105.862,22.86561],[105.86919,22.87202],[105.84816,22.9117],[105.87236,22.92486]]]},"properties":{"shapeName":"Bao Lac","shapeISO":"","shapeID":"81297802B7761745227660","shapeGroup":"VNM","shapeType":"ADM2"}},
{"type":"Feature","geometry":{"type":"Polygon","coordinates":[[[105.49885,22.63393],[105.53159,22.63321],[105.54112,22.63659],[105.54671,22.65698],[105.57403,22.66612],[105.58733,22.67583],[105.59039,22.68782],[105.57487,22.70863],[105.57637,22.71658],[105.59243,22.72384],[105.59785,22.74437],[105.62536,22.74687],[105.63644,22.74292],[105.64773,22.76685],[105.64055,22.78466],[105.61491,22.79097],[105.61292,22.80799],[105.63263,22.82345],[105.62043,22.84416],[105.63606,22.8618],[105.63697,22.87059],[105.62418,22.88819],[105.6284,22.90356],[105.59869,22.91647],[105.5912,22.93558],[105.57146,22.95769],[105.54526,22.96969],[105.56173,22.98457],[105.57225,22.98453],[105.57292,22.99959],[105.58475,23.009],[105.58581,23.02008],[105.56612,23.03325],[105.56782,23.05228],[105.56047,23.0647],[105.56972,23.07881],[105.57217,23.10401],[105.56665,23.11846],[105.55186,23.10916],[105.52902,23.1075],[105.51799,23.08302],[105.52026,23.07468],[105.50842,23.05926],[105.50858,23.05088],[105.4922,23.02565],[105.48877,23.00852],[105.46836,23.00633],[105.45021,22.99799],[105.43912,23.00118],[105.4,22.99007],[105.37601,22.9888],[105.36184,22.97655],[105.36698,22.96318],[105.35945,22.93501],[105.33704,22.93132],[105.32468,22.91436],[105.31231,22.91224],[105.30646,22.89818],[105.30722,22.87332],[105.27299,22.87654],[105.27154,22.86379],[105.28459,22.8547],[105.30909,22.85099],[105.31942,22.83803],[105.34336,22.82651],[105.34671,22.81568],[105.36199,22.8165],[105.38748,22.80991],[105.40078,22.79301],[105.42208,22.78397],[105.42601,22.77664],[105.44343,22.77157],[105.45216,22.75761],[105.47353,22.75488],[105.47852,22.72988],[105.48783,22.70656],[105.49994,22.69431],[105.48951,22.68731],[105.48682,22.67555],[105.49611,22.65728],[105.49885,22.63393]]]},"properties":{"shapeName":"Bao Lam","shapeISO":"","shapeID":"81297802B56496932739620","shapeGroup":"VNM","shapeType":"ADM2"}},
{"type":"Feature","geometry":{"type":"Polygon","coordinates":[[[107.72888,11.91501],[107.70939,11.92229],[107.67425,11.91383],[107.67378,11.8852],[107.66279,11.88658],[107.65943,11.87563],[107.62637,11.86076],[107.61848,11.83857],[107.60602,11.83838],[107.59249,11.82619],[107.57843,11.82155],[107.55299,11.79171],[107.54412,11.78941],[107.52833,11.79912],[107.51106,11.79776],[107.51928,11.7811],[107.51435,11.76882],[107.49088,11.73867],[107.49174,11.70706],[107.48411,11.7062],[107.49749,11.69253],[107.53552,11.69591],[107.58384,11.67854],[107.59687,11.67864],[107.6086,11.67011],[107.64109,11.6555],[107.63818,11.64722],[107.65624,11.63909],[107.65855,11.61399],[107.67339,11.59934],[107.66833,11.58079],[107.68086,11.5452],[107.69421,11.53144],[107.69679,11.50098],[107.72263,11.52346],[107.72838,11.53593],[107.751,11.54789],[107.76394,11.56089],[107.77967,11.5673],[107.77924,11.59059],[107.75888,11.59391],[107.73991,11.62146],[107.72533,11.62338],[107.73911,11.64476],[107.74895,11.64684],[107.76641,11.63581],[107.774,11.62266],[107.79419,11.60358],[107.80727,11.59806],[107.81509,11.60469],[107.84339,11.59575],[107.84488,11.60586],[107.89195,11.59991],[107.88914,11.58295],[107.87316,11.55094],[107.87388,11.53866],[107.88419,11.51866],[107.87326,11.50919],[107.85348,11.50339],[107.83029,11.50334],[107.8242,11.51615],[107.80621,11.51155],[107.80336,11.49525],[107.80393,11.46608],[107.79559,11.44724],[107.7857,11.43747],[107.77448,11.45045],[107.74135,11.4445],[107.76682,11.42525],[107.7812,11.39935],[107.79831,11.39641],[107.79677,11.37178],[107.82386,11.36961],[107.9079,11.36319],[107.93253,11.35801],[107.9111,11.38647],[107.90807,11.40968],[107.89691,11.41103],[107.87639,11.44954],[107.8747,11.47274],[107.88707,11.4842],[107.88874,11.50409],[107.91068,11.50574],[107.92064,11.52898],[107.93778,11.54794],[107.94299,11.5674],[107.93267,11.60058],[107.94002,11.60518],[107.93339,11.62454],[107.93433,11.63546],[107.94585,11.65244],[107.94512,11.66367],[107.96822,11.68387],[107.96188,11.70916],[107.94539,11.72995],[107.92079,11.7339],[107.91023,11.75473],[107.91059,11.76931],[107.90282,11.77628],[107.89735,11.79534],[107.89956,11.8079],[107.88816,11.82111],[107.89125,11.84422],[107.90152,11.85062],[107.89589,11.86963],[107.88866,11.87325],[107.85405,11.87447],[107.84159,11.869],[107.8272,11.87447],[107.82314,11.86303],[107.78814,11.85955],[107.7735,11.84894],[107.75211,11.86677],[107.73478,11.87495],[107.72336,11.89871],[107.73429,11.90365],[107.72888,11.91501]]]},"properties":{"shapeName":"Bao Lam","shapeISO":"","shapeID":"81297802B89982379831919","shapeGroup":"VNM","shapeType":"ADM2"}},
{"type":"Feature","geometry":{"type":"Polygon","coordinates":[[[107.69679,11.50098],[107.70422,11.49504],[107.72442,11.44763],[107.74135,11.4445],[107.77448,11.45045],[107.7857,11.43747],[107.79559,11.44724],[107.80393,11.46608],[107.80336,11.49525],[107.80621,11.51155],[107.8242,11.51615],[107.83029,11.50334],[107.85348,11.50339],[107.87326,11.50919],[107.88419,11.51866],[107.87388,11.53866],[107.87316,11.55094],[107.88914,11.58295],[107.89195,11.59991],[107.84488,11.60586],[107.84339,11.59575],[107.81509,11.60469],[107.80727,11.59806],[107.79419,11.60358],[107.774,11.62266],[107.76641,11.63581],[107.74895,11.64684],[107.73911,11.64476],[107.72533,11.62338],[107.73991,11.62146],[107.75888,11.59391],[107.77924,11.59059],[107.77967,11.5673],[107.76394,11.56089],[107.751,11.54789],[107.72838,11.53593],[107.72263,11.52346],[107.69679,11.50098]]]},"properties":{"shapeName":"Bao Loc","shapeISO":"","shapeID":"81297802B17535514855325","shapeGroup":"VNM","shapeType":"ADM2"}},
{"type":"Feature","geometry":{"type":"Polygon","coordinates":[[[104.17292,22.52789],[104.15295,22.53874],[104.13424,22.53338],[104.11682,22.54811],[104.07731,22.53531],[104.0595,22.52658],[104.04878,22.52965],[104.01238,22.56022],[104.00501,22.53835],[104.01255,22.52379],[104.00595,22.51722],[104.00227,22.50262],[104.02691,22.48539],[104.04764,22.484],[104.04097,22.46697],[104.03025,22.45672],[104.03976,22.4307],[104.0629,22.41079],[104.05088,22.39522],[104.03133,22.38044],[104.02976,22.36736],[104.0414,22.35558],[104.03774,22.33427],[104.02591,22.33379],[104.03114,22.31607],[104.04329,22.29748],[104.07201,22.26517],[104.08062,22.22682],[104.07547,22.20904],[104.07893,22.20017],[104.11778,22.2011],[104.13894,22.21284],[104.15045,22.2236],[104.17633,22.22318],[104.17953,22.23315],[104.19865,22.24913],[104.21379,22.25171],[104.20914,22.28056],[104.23079,22.28328],[104.24819,22.27667],[104.26729,22.29398],[104.27611,22.31626],[104.30003,22.3205],[104.31592,22.31794],[104.32857,22.32556],[104.32699,22.33985],[104.29149,22.36274],[104.26731,22.36991],[104.25996,22.38064],[104.2335,22.39179],[104.23074,22.41449],[104.22287,22.41832],[104.20801,22.44903],[104.18236,22.45271],[104.16831,22.4697],[104.16579,22.49558],[104.17292,22.52789]]]},"properties":{"shapeName":"Bao Thang","shapeISO":"","shapeID":"81297802B25560916681091","shapeGroup":"VNM","shapeType":"ADM2"}},
{"type":"Feature","geometry":{"type":"Polygon","coordinates":[[[104.32699,22.33985],[104.32857,22.32556],[104.31592,22.31794],[104.30003,22.3205],[104.27611,22.31626],[104.26729,22.29398],[104.24819,22.27667],[104.23079,22.28328],[104.20914,22.28056],[104.21379,22.25171],[104.22341,22.24338],[104.23327,22.25226],[104.25321,22.23266],[104.25399,22.21621],[104.26815,22.20302],[104.28268,22.18217],[104.31468,22.19752],[104.34327,22.1745],[104.36646,22.16854],[104.37551,22.1459],[104.39842,22.13608],[104.40225,22.14747],[104.38873,22.17078],[104.41567,22.20001],[104.45351,22.18575],[104.45717,22.17047],[104.47238,22.16205],[104.48519,22.14477],[104.52073,22.12321],[104.52796,22.11038],[104.56252,22.08635],[104.57922,22.11692],[104.58363,22.17697],[104.60345,22.17519],[104.62066,22.18467],[104.61402,22.22554],[104.59753,22.21789],[104.58606,22.22447],[104.58723,22.24947],[104.56371,22.24224],[104.54886,22.25048],[104.54402,22.27534],[104.56632,22.28875],[104.58008,22.30299],[104.57979,22.31597],[104.56615,22.33143],[104.58207,22.34843],[104.57077,22.35481],[104.55534,22.35371],[104.54825,22.36108],[104.55528,22.37251],[104.54869,22.38193],[104.52736,22.39144],[104.50836,22.40443],[104.4985,22.40389],[104.4922,22.41859],[104.46868,22.42366],[104.4539,22.44415],[104.44863,22.45878],[104.46637,22.47532],[104.4688,22.48987],[104.44362,22.50297],[104.41327,22.48798],[104.41453,22.48019],[104.38921,22.4653],[104.40318,22.44556],[104.39678,22.43481],[104.3903,22.40148],[104.40326,22.38754],[104.41583,22.39175],[104.41869,22.37741],[104.43078,22.36385],[104.4545,22.36067],[104.46263,22.34737],[104.4511,22.34203],[104.43496,22.32502],[104.42537,22.33409],[104.406,22.3418],[104.39578,22.33761],[104.37955,22.34297],[104.37451,22.35201],[104.34989,22.3629],[104.34214,22.351],[104.32699,22.33985]]]},"properties":{"shapeName":"Bao Yen","shapeISO":"","shapeID":"81297802B25948208667731","shapeGroup":"VNM","shapeType":"ADM2"}},
{"type":"Feature","geometry":{"type":"Polygon","coordinates":[[[103.93851,22.52617],[103.91467,22.54434],[103.88995,22.56958],[103.87404,22.56668],[103.8624,22.58515],[103.84766,22.5942],[103.84,22.60602],[103.82266,22.61866],[103.81183,22.64092],[103.79391,22.66156],[103.78226,22.66964],[103.76777,22.69078],[103.75011,22.68881],[103.73768,22.70254],[103.73959,22.71241],[103.7039,22.74444],[103.68503,22.753],[103.68016,22.76424],[103.66747,22.76969],[103.66023,22.78898],[103.63854,22.79626],[103.63802,22.7865],[103.61868,22.78543],[103.62065,22.77516],[103.60887,22.76391],[103.59165,22.7353],[103.57515,22.72252],[103.56258,22.69998],[103.56481,22.68806],[103.57976,22.66395],[103.56686,22.64245],[103.55231,22.63695],[103.54517,22.61254],[103.53041,22.5948],[103.5331,22.58416],[103.54832,22.58846],[103.57264,22.57847],[103.56636,22.56837],[103.58003,22.54553],[103.58452,22.53122],[103.59549,22.52586],[103.58786,22.50682],[103.57566,22.48967],[103.55602,22.47254],[103.55619,22.46277],[103.57187,22.44733],[103.603,22.42476],[103.60433,22.40923],[103.62617,22.39631],[103.646,22.40395],[103.66067,22.4031],[103.71138,22.40849],[103.72944,22.41628],[103.73578,22.42525],[103.73314,22.4407],[103.74916,22.46363],[103.77222,22.46377],[103.78217,22.49249],[103.7934,22.48404],[103.80732,22.46151],[103.82257,22.4562],[103.82673,22.44056],[103.86414,22.42011],[103.88287,22.43592],[103.90051,22.42503],[103.92213,22.42554],[103.93242,22.40611],[103.94183,22.4209],[103.96188,22.44064],[103.9617,22.45825],[103.9298,22.48391],[103.92517,22.50313],[103.93851,22.52617]]]},"properties":{"shapeName":"Bat Xat","shapeISO":"","shapeID":"81297802B11536853186467","shapeGroup":"VNM","shapeType":"ADM2"}},
{"type":"Feature","geometry":{"type":"Polygon","coordinates":[[[106.7217,11.20353],[106.71176,11.21129],[106.7043,11.23647],[106.7212,11.2522],[106.71174,11.25906],[106.70215,11.25132],[106.67938,11.24882],[106.67909,11.3089],[106.65757,11.31917],[106.64679,11.33067],[106.64414,11.34199],[106.65889,11.35601],[106.61624,11.36334],[106.61298,11.38722],[106.57627,11.3786],[106.56269,11.37006],[106.55309,11.37266],[106.53897,11.38742],[106.53035,11.37895],[106.5433,11.33497],[106.55019,11.32976],[106.53684,11.31614],[106.56822,11.29294],[106.57401,11.26626],[106.5579,11.25561],[106.54829,11.26151],[106.51295,11.24005],[106.51162,11.22529],[106.52166,11.21251],[106.52467,11.18461],[106.53418,11.16983],[106.54411,11.1655],[106.55625,11.16787],[106.56068,11.15625],[106.58579,11.16297],[106.59879,11.17311],[106.6172,11.161],[106.62181,11.16808],[106.65153,11.18933],[106.66075,11.21027],[106.6754,11.21532],[106.67927,11.18591],[106.68444,11.18287],[106.70419,11.2011],[106.7217,11.20353]]]},"properties":{"shapeName":"Bau Bang","shapeISO":"","shapeID":"81297802B44215588050468","shapeGroup":"VNM","shapeType":"ADM2"}},
{"type":"Feature","geometry":{"type":"Polygon","coordinates":[[[106.68444,11.18287],[106.67927,11.18591],[106.6754,11.21532],[106.66075,11.21027],[106.65153,11.18933],[106.62181,11.16808],[106.6172,11.161],[106.59879,11.17311],[106.58579,11.16297],[106.56068,11.15625],[106.55625,11.16787],[106.54411,11.1655],[106.54397,11.15267],[106.50769,11.14183],[106.5159,11.12542],[106.52685,11.12067],[106.52238,11.09005],[106.52375,11.07373],[106.5329,11.0591],[106.55032,11.04603],[106.56674,11.04504],[106.58364,11.03745],[106.60339,11.03957],[106.62413,11.05415],[106.64031,11.03407],[106.65336,11.05242],[106.66361,11.05702],[106.66362,11.07035],[106.6719,11.08406],[106.68982,11.08845],[106.69355,11.11848],[106.68338,11.14096],[106.68369,11.14958],[106.67925,11.16206],[106.68444,11.18287]]]},"properties":{"shapeName":"Ben Cat","shapeISO":"","shapeID":"81297802B37785439564270","shapeGroup":"VNM","shapeType":"ADM2"}},
{"type":"Feature","geometry":{"type":"Polygon","coordinates":[[[106.14859,11.20142],[106.09525,11.20687],[106.07502,11.17957],[106.04971,11.18079],[106.02865,11.19072],[106.01446,11.1832],[106.01647,11.15663],[106.02299,11.14023],[106.05502,11.12255],[106.07633,11.09658],[106.08647,11.10174],[106.10748,11.07146],[106.12333,11.08873],[106.14401,11.1008],[106.1543,11.10152],[106.18345,11.05651],[106.20181,11.06031],[106.23706,11.05226],[106.24612,11.06106],[106.26473,11.05822],[106.26932,11.06759],[106.25799,11.09148],[106.24502,11.08864],[106.22569,11.10351],[106.22279,11.12326],[106.23786,11.12969],[106.22986,11.1528],[106.21969,11.15675],[106.19356,11.15073],[106.18403,11.16483],[106.17358,11.16701],[106.1577,11.157],[106.14036,11.16902],[106.13994,11.18835],[106.14859,11.20142]]]},"properties":{"shapeName":"Ben Cau","shapeISO":"","shapeID":"81297802B61263365113672","shapeGroup":"VNM","shapeType":"ADM2"}},
{"type":"Feature","geometry":{"type":"Polygon","coordinates":[[[106.47222,10.74542],[106.46612,10.7409],[106.44892,10.76277],[106.42453,10.77553],[106.42854,10.79278],[106.413,10.78706],[106.3926,10.79805],[106.38975,10.78713],[106.36939,10.78068],[106.34958,10.76967],[106.32611,10.76439],[106.38089,10.7006],[106.37434,10.69505],[106.402,10.66145],[106.40928,10.64416],[106.4333,10.63094],[106.4293,10.62106],[106.44294,10.59641],[106.46026,10.5903],[106.48402,10.59697],[106.48418,10.61402],[106.49867,10.61866],[106.52488,10.61635],[106.53201,10.60794],[106.5462,10.6068],[106.56013,10.62114],[106.55643,10.62725],[106.54152,10.63832],[106.55526,10.65193],[106.55071,10.68533],[106.53549,10.68558],[106.52015,10.72365],[106.50908,10.71717],[106.48715,10.72994],[106.47222,10.74542]]]},"properties":{"shapeName":"Ben Luc","shapeISO":"","shapeID":"81297802B50864428315087","shapeGroup":"VNM","shapeType":"ADM2"}},
{"type":"Feature","geometry":{"type":"Polygon","coordinates":[[[106.43273,10.2456],[106.40596,10.25745],[106.36563,10.27131],[106.33152,10.27842],[106.31709,10.24921],[106.33218,10.23765],[106.35356,10.20851],[106.35724,10.19922],[106.38951,10.19363],[106.408,10.19948],[106.41416,10.22765],[106.42935,10.23556],[106.43273,10.2456]]]},"properties":{"shapeName":"Ben Tre","shapeISO":"","shapeID":"81297802B1495670326955","shapeGroup":"VNM","shapeType":"ADM2"}},
{"type":"Feature","geometry":{"type":"Polygon","coordinates":[[[106.90307,10.99456],[106.87763,11.00451],[106.86268,11.00494],[106.83246,10.99155],[106.81056,10.99159],[106.7964,10.97281],[106.7755,10.95969],[106.76352,10.96518],[106.76294,10.95344],[106.77091,10.9431],[106.7884,10.93316],[106.79443,10.92382],[106.80956,10.91982],[106.81647,10.9034],[106.83173,10.90692],[106.84038,10.89864],[106.85099,10.87602],[106.84683,10.8623],[106.85424,10.84467],[106.8721,10.82503],[106.88628,10.82997],[106.90204,10.82246],[106.93504,10.83434],[106.92862,10.8531],[106.96624,10.86337],[106.97706,10.87145],[106.971,10.87784],[106.98656,10.89168],[106.96949,10.89926],[106.97076,10.91994],[106.96514,10.9317],[106.94334,10.9349],[106.93468,10.95835],[106.91688,10.96785],[106.91324,10.98482],[106.90307,10.99456]]]},"properties":{"shapeName":"Bien Hoa","shapeISO":"","shapeID":"81297802B63438000976754","shapeGroup":"VNM","shapeType":"ADM2"}},
{"type":"Feature","geometry":{"type":"Polygon","coordinates":[[[105.92421,20.10218],[105.90762,20.10644],[105.89205,20.11949],[105.87387,20.12209],[105.86102,20.13187],[105.84944,20.12065],[105.84911,20.10651],[105.83384,20.10084],[105.83525,20.07233],[105.84053,20.06102],[105.8679,20.05245],[105.91009,20.05052],[105.91845,20.04781],[105.92688,20.06844],[105.92301,20.07928],[105.93008,20.09027],[105.92421,20.10218]]]},"properties":{"shapeName":"Bim Son","shapeISO":"","shapeID":"81297802B8967556658808","shapeGroup":"VNM","shapeType":"ADM2"}},
{"type":"Feature","geometry":{"type":"Polygon","coordinates":[[[106.55526,10.65193],[106.56625,10.65637],[106.59147,10.65012],[106.60497,10.65818],[106.62483,10.64748],[106.62978,10.62638],[106.64628,10.63473],[106.66964,10.63928],[106.68539,10.65657],[106.6788,10.66454],[106.68142,10.67783],[106.67312,10.6921],[106.67332,10.704],[106.69016,10.72517],[106.69223,10.74136],[106.64188,10.72723],[106.62538,10.69447],[106.62057,10.69969],[106.60132,10.69571],[106.60372,10.71101],[106.60082,10.72228],[106.55885,10.73636],[106.55952,10.74914],[106.56775,10.76293],[106.58845,10.77879],[106.58285,10.79733],[106.59356,10.8275],[106.57593,10.84248],[106.54523,10.84477],[106.55122,10.86941],[106.53474,10.87177],[106.51408,10.78974],[106.50425,10.78868],[106.46356,10.7565],[106.47222,10.74542],[106.48715,10.72994],[106.50908,10.71717],[106.52015,10.72365],[106.53549,10.68558],[106.55071,10.68533],[106.55526,10.65193]]]},"properties":{"shapeName":"Binh Chanh","shapeISO":"","shapeID":"81297802B93683261125538","shapeGroup":"VNM","shapeType":"ADM2"}},
{"type":"Feature","geometry":{"type":"Polygon","coordinates":[[[106.69953,10.02811],[106.71167,10.04075],[106.73623,10.04265],[106.74808,10.05135],[106.77908,10.08878],[106.79084,10.10825],[106.78331,10.12794],[106.79003,10.14662],[106.78853,10.1917],[106.75864,10.19041],[106.7464,10.19352],[106.69977,10.21699],[106.64791,10.23789],[106.61783,10.2468],[106.58722,10.25192],[106.54149,10.26602],[106.51897,10.28206],[106.49913,10.29085],[106.47445,10.30638],[106.44827,10.3065],[106.44787,10.29349],[106.43967,10.2651],[106.45125,10.25422],[106.48025,10.24331],[106.53097,10.2089],[106.56288,10.19853],[106.5782,10.18637],[106.60535,10.17965],[106.61561,10.17119],[106.62413,10.15182],[106.63399,10.14125],[106.65035,10.13547],[106.6648,10.12032],[106.69832,10.06953],[106.68475,10.05226],[106.68659,10.04205],[106.69953,10.02811]]]},"properties":{"shapeName":"Binh Dai","shapeISO":"","shapeID":"81297802B66163336026361","shapeGroup":"VNM","shapeType":"ADM2"}},
{"type":"Feature","geometry":{"type":"Polygon","coordinates":[[[106.41809,21.8685],[106.43657,21.86732],[106.48356,21.8976],[106.49511,21.91108],[106.54049,21.9229],[106.52786,21.94252],[106.51632,21.94775],[106.49445,21.94936],[106.49181,21.97277],[106.48321,21.97123],[106.46649,21.98192],[106.44911,21.97763],[106.44185,21.98902],[106.4495,22.01365],[106.43431,22.02624],[106.4466,22.04158],[106.43782,22.08485],[106.4439,22.098],[106.459,22.10408],[106.47278,22.11629],[106.4793,22.13556],[106.49132,22.139],[106.48506,22.15615],[106.47184,22.15133],[106.45748,22.155],[106.45672,22.16486],[106.44544,22.18032],[106.42042,22.1736],[106.40989,22.2044],[106.41204,22.21136],[106.39784,22.22526],[106.37993,22.22496],[106.36291,22.23052],[106.3368,22.22944],[106.31433,22.23917],[106.29426,22.25203],[106.27697,22.24959],[106.26318,22.25394],[106.24309,22.24847],[106.2378,22.22631],[106.22131,22.20731],[106.22122,22.19731],[106.23316,22.17651],[106.19149,22.1438],[106.18108,22.12898],[106.18522,22.11747],[106.16933,22.11143],[106.1571,22.08153],[106.12331,22.08519],[106.11427,22.0727],[106.10025,22.07159],[106.10273,22.04505],[106.09706,22.03004],[106.1081,22.02161],[106.1154,21.97799],[106.10927,21.94619],[106.09861,21.93758],[106.13006,21.92317],[106.12973,21.90505],[106.1465,21.91539],[106.16544,21.91348],[106.18045,21.94403],[106.22109,21.94902],[106.24768,21.94173],[106.25762,21.94431],[106.26646,21.93243],[106.29393,21.93183],[106.30561,21.95741],[106.31637,21.96337],[106.33797,21.94986],[106.3372,21.94153],[106.35168,21.92771],[106.37998,21.93174],[106.39509,21.91283],[106.38834,21.88875],[106.40797,21.88597],[106.41809,21.8685]]]},"properties":{"shapeName":"Binh Gia","shapeISO":"","shapeID":"81297802B86040607446214","shapeGroup":"VNM","shapeType":"ADM2"}},
{"type":"Feature","geometry":{"type":"Polygon","coordinates":[[[106.1401,20.81925],[106.16333,20.83039],[106.17645,20.84161],[106.18667,20.81826],[106.19814,20.81994],[106.20703,20.83758],[106.22724,20.8477],[106.24982,20.84069],[106.25873,20.8561],[106.2476,20.86508],[106.24818,20.88353],[106.24062,20.90016],[106.22239,20.90614],[106.21633,20.91482],[106.19254,20.92666],[106.17596,20.92053],[106.15297,20.93347],[106.15534,20.9173],[106.13652,20.90443],[106.1386,20.89379],[106.14507,20.89143],[106.14155,20.858],[106.12437,20.83008],[106.1401,20.81925]]]},"properties":{"shapeName":"Binh Giang","shapeISO":"","shapeID":"81297802B56696175700764","shapeGroup":"VNM","shapeType":"ADM2"}},
{"type":"Feature","geometry":{"type":"Polygon","coordinates":[[[107.60335,21.60586],[107.58944,21.60819],[107.58139,21.61732],[107.55808,21.61319],[107.54305,21.58958],[107.52433,21.59013],[107.51277,21.59773],[107.49588,21.59617],[107.49793,21.63544],[107.48942,21.64101],[107.47792,21.66212],[107.46663,21.66516],[107.41741,21.63987],[107.39797,21.6102],[107.38313,21.59603],[107.36226,21.59913],[107.33036,21.58725],[107.30978,21.59627],[107.29261,21.59164],[107.28305,21.56849],[107.27229,21.56249],[107.28357,21.54625],[107.28419,21.53032],[107.29673,21.51661],[107.31342,21.51639],[107.31609,21.50697],[107.33952,21.48996],[107.34002,21.46685],[107.36143,21.4608],[107.37023,21.43823],[107.38696,21.43759],[107.38082,21.45145],[107.39404,21.46869],[107.43794,21.46442],[107.44218,21.44765],[107.46964,21.44476],[107.48249,21.4602],[107.50188,21.46181],[107.50274,21.47154],[107.52382,21.48566],[107.53331,21.49718],[107.51785,21.50951],[107.52324,21.52731],[107.55317,21.52528],[107.57074,21.51606],[107.5839,21.51643],[107.59717,21.52593],[107.59366,21.53717],[107.60956,21.56018],[107.61158,21.58459],[107.60335,21.60586]]]},"properties":{"shapeName":"Binh Lieu","shapeISO":"","shapeID":"81297802B53696601888295","shapeGroup":"VNM","shapeType":"ADM2"}},
{"type":"Feature","geometry":{"type":"Polygon","coordinates":[[[106.61661,11.73588],[106.59674,11.73995],[106.57505,11.73041],[106.56624,11.73265],[106.55448,11.72383],[106.54359,11.72935],[106.51031,11.72283],[106.5031,11.71584],[106.49824,11.69834],[106.53003,11.69367],[106.55569,11.66824],[106.5694,11.64514],[106.57896,11.609],[106.59928,11.6014],[106.62023,11.60306],[106.62349,11.60991],[106.62769,11.65546],[106.63682,11.65779],[106.63168,11.68397],[106.64732,11.70353],[106.64241,11.7183],[106.62559,11.72347],[106.61661,11.73588]]]},"properties":{"shapeName":"Binh Long","shapeISO":"","shapeID":"81297802B43417057118199","shapeGroup":"VNM","shapeType":"ADM2"}},
{"type":"Feature","geometry":{"type":"Polygon","coordinates":[[[106.14056,20.49473],[106.14158,20.51478],[106.13424,20.52311],[106.11718,20.50977],[106.09717,20.51212],[106.097,20.52852],[106.08493,20.53385],[106.07094,20.52445],[106.04973,20.53257],[106.03496,20.53161],[106.02762,20.54523],[106.02836,20.57692],[106.00471,20.58219],[106.00213,20.57214],[105.97148,20.55807],[105.95821,20.54659],[105.98942,20.51769],[105.98113,20.48388],[105.98929,20.47332],[105.98384,20.45927],[105.99114,20.45159],[105.98159,20.44027],[105.99465,20.42831],[105.98966,20.40479],[106.01391,20.39934],[106.0281,20.40179],[106.01986,20.41655],[106.02457,20.43229],[106.04239,20.45049],[106.04288,20.4629],[106.05631,20.47325],[106.06516,20.46521],[106.08535,20.46545],[106.10048,20.45528],[106.10528,20.46704],[106.10084,20.48841],[106.12912,20.49917],[106.14056,20.49473]]]},"properties":{"shapeName":"Binh Luc","shapeISO":"","shapeID":"81297802B47692200365960","shapeGroup":"VNM","shapeType":"ADM2"}},
{"type":"Feature","geometry":{"type":"Polygon","coordinates":[[[105.85963,10.1015],[105.83934,10.09387],[105.79838,10.10559],[105.79638,10.05314],[105.80379,10.04301],[105.83001,10.00123],[105.83704,9.99348],[105.85112,9.99688],[105.88368,9.98297],[105.89532,10.01262],[105.89446,10.03835],[105.88775,10.05297],[105.87741,10.04912],[105.86678,10.0553],[105.85963,10.1015]]]},"properties":{"shapeName":"Binh Minh","shapeISO":"","shapeID":"81297802B92843974613199","shapeGroup":"VNM","shapeType":"ADM2"}},
{"type":"Feature","geometry":{"type":"Polygon","coordinates":[[[108.91479,15.21193],[108.92791,15.21025],[108.94175,15.22686],[108.93998,15.24251],[108.92607,15.24889],[108.90819,15.24973],[108.89508,15.26172],[108.87613,15.28781],[108.86955,15.3019],[108.88355,15.32797],[108.87021,15.33042],[108.86033,15.34583],[108.84353,15.35532],[108.82796,15.37711],[108.83235,15.39187],[108.81906,15.4178],[108.79517,15.39187],[108.76476,15.38734],[108.73904,15.39912],[108.7266,15.38125],[108.71121,15.37048],[108.7012,15.37265],[108.67159,15.36412],[108.64163,15.36785],[108.62955,15.35748],[108.60232,15.35229],[108.5869,15.34177],[108.57733,15.32329],[108.58906,15.29846],[108.60478,15.29334],[108.624,15.26764],[108.63663,15.26082],[108.63624,15.23849],[108.6542,15.23891],[108.66518,15.24464],[108.68669,15.24273],[108.69623,15.25626],[108.73852,15.24715],[108.74099,15.26202],[108.75031,15.26782],[108.76149,15.25079],[108.77017,15.22124],[108.80404,15.23909],[108.82449,15.23963],[108.82884,15.21813],[108.82012,15.2116],[108.84565,15.19956],[108.86641,15.2216],[108.88168,15.23162],[108.89351,15.22429],[108.91566,15.2243],[108.91479,15.21193]]]},"properties":{"shapeName":"Binh Son","shapeISO":"","shapeID":"81297802B82760747397164","shapeGroup":"VNM","shapeType":"ADM2"}},
{"type":"Feature","geometry":{"type":"Polygon","coordinates":[[[105.85963,10.1015],[105.85841,10.11368],[105.86716,10.12931],[105.86726,10.15381],[105.85146,10.16011],[105.84889,10.14997],[105.82849,10.14869],[105.80139,10.15529],[105.77519,10.18918],[105.7649,10.17808],[105.74784,10.19726],[105.72769,10.205],[105.68627,10.14466],[105.68282,10.13412],[105.70902,10.11837],[105.73165,10.09988],[105.75519,10.08809],[105.78107,10.07046],[105.79638,10.05314],[105.79838,10.10559],[105.83934,10.09387],[105.85963,10.1015]]]},"properties":{"shapeName":"Binh Tan","shapeISO":"","shapeID":"81297802B74288530741739","shapeGroup":"VNM","shapeType":"ADM2"}},
{"type":"Feature","geometry":{"type":"Polygon","coordinates":[[[106.60372,10.71101],[106.61906,10.7162],[106.62111,10.73412],[106.62409,10.76237],[106.60764,10.81307],[106.61605,10.81938],[106.60325,10.82617],[106.59356,10.8275],[106.58285,10.79733],[106.58845,10.77879],[106.56775,10.76293],[106.55952,10.74914],[106.55885,10.73636],[106.60082,10.72228],[106.60372,10.71101]]]},"properties":{"shapeName":"Binh Tan","shapeISO":"","shapeID":"81297802B42527210401893","shapeGroup":"VNM","shapeType":"ADM2"}},
{"type":"Feature","geometry":{"type":"Polygon","coordinates":[[[106.75113,10.81293],[106.75139,10.82775],[106.73821,10.83501],[106.72969,10.82419],[106.71034,10.82334],[106.70241,10.83902],[106.69518,10.83116],[106.70098,10.82693],[106.68397,10.80996],[106.69169,10.79543],[106.71556,10.78539],[106.72697,10.79944],[106.72675,10.81763],[106.75113,10.81293]]]},"properties":{"shapeName":"Binh Thanh","shapeISO":"","shapeID":"81297802B74412015974526","shapeGroup":"VNM","shapeType":"ADM2"}},
{"type":"Feature","geometry":{"type":"Polygon","coordinates":[[[105.70902,10.11837],[105.70186,10.10893],[105.7048,10.09755],[105.69313,10.08725],[105.67309,10.08062],[105.67402,10.0527],[105.68214,10.05717],[105.70862,10.05397],[105.71443,10.03769],[105.70333,10.01298],[105.71935,10.00355],[105.74054,10.02],[105.75254,10.04623],[105.76986,10.051],[105.77038,10.06145],[105.78107,10.07046],[105.75519,10.08809],[105.73165,10.09988],[105.70902,10.11837]]]},"properties":{"shapeName":"Binh Thuy","shapeISO":"","shapeID":"81297802B33814118608654","shapeGroup":"VNM","shapeType":"ADM2"}},
{"type":"Feature","geometry":{"type":"Polygon","coordinates":[[[105.71326,21.43025],[105.7045,21.44073],[105.68742,21.44283],[105.68632,21.42384],[105.66876,21.38669],[105.67297,21.37629],[105.65884,21.36108],[105.65809,21.34863],[105.63872,21.35262],[105.62358,21.36654],[105.61645,21.36165],[105.61729,21.34439],[105.63988,21.30121],[105.62554,21.29057],[105.62456,21.27483],[105.61095,21.26787],[105.60146,21.2276],[105.6112,21.22356],[105.63044,21.23419],[105.63556,21.21646],[105.65572,21.21882],[105.65118,21.23797],[105.67617,21.22694],[105.68864,21.23429],[105.6805,21.2421],[105.69278,21.26703],[105.68609,21.28324],[105.70239,21.31041],[105.69734,21.3209],[105.71229,21.35997],[105.70994,21.37342],[105.7167,21.39443],[105.72651,21.41131],[105.71326,21.43025]]]},"properties":{"shapeName":"Binh Xuyen","shapeISO":"","shapeID":"81297802B29926011513196","shapeGroup":"VNM","shapeType":"ADM2"}},
{"type":"Feature","geometry":{"type":"Polygon","coordinates":[[[106.23529,17.7096],[106.19594,17.71799],[106.16235,17.72227],[106.15193,17.72928],[106.11512,17.72203],[106.10844,17.7143],[106.08283,17.70947],[106.07968,17.6946],[106.10625,17.68237],[106.12133,17.66813],[106.10638,17.66217],[106.0878,17.64596],[106.06504,17.65202],[106.05324,17.63864],[106.04113,17.63527],[106.02144,17.62099],[106.01718,17.61243],[106.02854,17.59606],[106.02914,17.57988],[106.03833,17.57954],[106.04207,17.5603],[106.03506,17.54209],[106.01947,17.52972],[106.00381,17.5273],[106.00181,17.51374],[105.98698,17.50584],[105.96824,17.50441],[106.09149,17.36174],[106.11044,17.35317],[106.1346,17.33473],[106.14587,17.3091],[106.1627,17.3041],[106.20099,17.27321],[106.2357,17.2502],[106.26093,17.25346],[106.27531,17.26209],[106.28091,17.27412],[106.27537,17.29448],[106.3038,17.29525],[106.31176,17.29852],[106.30149,17.31666],[106.2911,17.32108],[106.28732,17.33524],[106.29225,17.34716],[106.31462,17.35203],[106.31723,17.36646],[106.33313,17.37389],[106.33585,17.39084],[106.35581,17.37966],[106.36552,17.38779],[106.36582,17.41401],[106.38491,17.43025],[106.40426,17.43487],[106.42215,17.41364],[106.42161,17.40573],[106.43312,17.38638],[106.45149,17.39279],[106.46203,17.38201],[106.49236,17.38512],[106.49775,17.40155],[106.51196,17.42155],[106.51824,17.44154],[106.52716,17.44294],[106.52408,17.46862],[106.54731,17.48824],[106.56251,17.49524],[106.58694,17.52401],[106.59952,17.5302],[106.56787,17.57873],[106.54998,17.61196],[106.5292,17.63751],[106.50443,17.6771],[106.49003,17.70471],[106.4438,17.71214],[106.42035,17.72645],[106.4015,17.7201],[106.39012,17.70991],[106.3961,17.68693],[106.36822,17.68112],[106.35983,17.67572],[106.35234,17.69331],[106.33562,17.70072],[106.3111,17.69345],[106.27926,17.7028],[106.23529,17.7096]]]},"properties":{"shapeName":"Bo Trach","shapeISO":"","shapeID":"81297802B63375818356773","shapeGroup":"VNM","shapeType":"ADM2"}},
{"type":"Feature","geometry":{"type":"Polygon","coordinates":[[[107.36715,11.93312],[107.35352,11.94287],[107.3515,11.96798],[107.33766,11.99147],[107.32484,12.00385],[107.29435,12.00937],[107.29633,12.01574],[107.25226,12.02115],[107.2426,12.03909],[107.23107,12.0285],[107.19887,12.02995],[107.18957,12.03418],[107.17912,12.00914],[107.14966,11.99352],[107.15065,11.98226],[107.1173,11.96838],[107.11919,11.96248],[107.09547,11.91198],[107.07171,11.90091],[107.07926,11.88388],[107.07265,11.87779],[107.07706,11.84531],[107.08127,11.83702],[107.0571,11.82712],[107.06018,11.81149],[107.07486,11.80774],[107.08421,11.78693],[107.07873,11.78407],[107.08287,11.77063],[107.07779,11.75558],[107.0606,11.73581],[107.07473,11.72868],[107.08225,11.71325],[107.07192,11.68327],[107.06059,11.6835],[107.04938,11.65198],[107.05588,11.64223],[107.06085,11.62488],[107.08364,11.6145],[107.08673,11.59058],[107.09412,11.58074],[107.11707,11.58235],[107.13074,11.5673],[107.14043,11.56601],[107.12405,11.53924],[107.135,11.50214],[107.178,11.51251],[107.25044,11.52705],[107.33593,11.54785],[107.33299,11.55393],[107.30947,11.55663],[107.29739,11.58496],[107.30673,11.59903],[107.30449,11.61765],[107.28768,11.63112],[107.27163,11.63656],[107.27339,11.64956],[107.26612,11.66107],[107.28415,11.6984],[107.28583,11.7248],[107.30147,11.73952],[107.31522,11.74076],[107.32641,11.74947],[107.35284,11.75272],[107.35638,11.76169],[107.38706,11.77265],[107.39102,11.76662],[107.39936,11.77708],[107.39356,11.79499],[107.40947,11.80634],[107.40521,11.81293],[107.42202,11.84448],[107.42641,11.85904],[107.40699,11.86632],[107.40109,11.89048],[107.36715,11.93312]]]},"properties":{"shapeName":"Bu Dang","shapeISO":"","shapeID":"81297802B33312647698223","shapeGroup":"VNM","shapeType":"ADM2"}},
{"type":"Feature","geometry":{"type":"Polygon","coordinates":[[[106.7496,11.87849],[106.76015,11.88961],[106.77006,11.88809],[106.78119,11.89822],[106.79964,11.89749],[106.80211,11.90692],[106.82041,11.90873],[106.842,11.92748],[106.83582,11.94177],[106.84289,11.94834],[106.84094,11.96208],[106.86413,11.97303],[106.87528,11.9855],[106.88291,11.97755],[106.90395,11.974],[106.91861,11.98758],[106.93183,11.98838],[106.94294,11.99766],[106.96444,12.00001],[106.97227,12.02311],[106.96245,12.02466],[106.96417,12.04375],[106.99095,12.06571],[106.99429,12.08985],[106.96718,12.08045],[106.94591,12.06412],[106.91799,12.06306],[106.89824,12.06665],[106.88668,12.07356],[106.85531,12.06916],[106.83587,12.07404],[106.8252,12.08517],[106.81231,12.08016],[106.7944,12.08441],[106.76124,12.04097],[106.73324,11.9878],[106.72103,11.97326],[106.69589,11.96558],[106.68453,11.9668],[106.67316,11.97867],[106.67185,11.96435],[106.68594,11.94607],[106.69463,11.91544],[106.7496,11.87849]]]},"properties":{"shapeName":"Bu Dop","shapeISO":"","shapeID":"81297802B5857215594058","shapeGroup":"VNM","shapeType":"ADM2"}},
{"type":"Feature","geometry":{"type":"Polygon","coordinates":[[[107.07873,11.78407],[107.073,11.79254],[107.05847,11.79187],[107.04834,11.78394],[107.03473,11.78351],[107.02875,11.79272],[107.01361,11.79053],[106.99799,11.7738],[106.9812,11.78812],[106.94688,11.78944],[106.93145,11.8176],[106.93012,11.82621],[106.94299,11.84381],[106.92643,11.86863],[106.95111,11.8739],[107.01345,11.86257],[107.03776,11.84524],[107.07706,11.84531],[107.07265,11.87779],[107.07926,11.88388],[107.07171,11.90091],[107.09547,11.91198],[107.11919,11.96248],[107.1173,11.96838],[107.15065,11.98226],[107.14966,11.99352],[107.17912,12.00914],[107.18957,12.03418],[107.19887,12.02995],[107.23107,12.0285],[107.23421,12.04397],[107.22961,12.08599],[107.24093,12.11434],[107.22877,12.11575],[107.22835,12.1539],[107.20644,12.296],[107.19284,12.29079],[107.17654,12.27456],[107.15996,12.27253],[107.14118,12.22415],[107.11352,12.20816],[107.10015,12.19178],[107.09397,12.17557],[107.0782,12.18287],[107.07165,12.17233],[107.08023,12.1606],[107.06149,12.15617],[107.05108,12.12942],[107.03095,12.1208],[107.02406,12.12273],[107.01012,12.1108],[107.01364,12.10381],[106.99429,12.08985],[106.99095,12.06571],[106.96417,12.04375],[106.96245,12.02466],[106.97227,12.02311],[106.96444,12.00001],[106.94294,11.99766],[106.93183,11.98838],[106.91861,11.98758],[106.90395,11.974],[106.88291,11.97755],[106.87528,11.9855],[106.86413,11.97303],[106.84094,11.96208],[106.84289,11.94834],[106.83582,11.94177],[106.842,11.92748],[106.82041,11.90873],[106.80211,11.90692],[106.79964,11.89749],[106.78119,11.89822],[106.77006,11.88809],[106.76015,11.88961],[106.7496,11.87849],[106.75614,11.8661],[106.7642,11.81884],[106.75947,11.81387],[106.75809,11.78567],[106.75364,11.77729],[106.75852,11.75373],[106.77028,11.73435],[106.76758,11.72546],[106.74221,11.69578],[106.74684,11.68804],[106.76447,11.6804],[106.76503,11.66778],[106.77756,11.65787],[106.78258,11.64641],[106.7732,11.62904],[106.77692,11.60222],[106.7897,11.6072],[106.79211,11.61774],[106.81273,11.62913],[106.82805,11.62845],[106.83495,11.64612],[106.84796,11.65076],[106.86967,11.6482],[106.8793,11.63486],[106.88696,11.64677],[106.92012,11.65257],[106.93153,11.64212],[106.95143,11.65573],[106.96829,11.63804],[106.98116,11.63608],[107.00302,11.64667],[107.02315,11.62833],[107.05588,11.64223],[107.04938,11.65198],[107.06059,11.6835],[107.07192,11.68327],[107.08225,11.71325],[107.07473,11.72868],[107.0606,11.73581],[107.07779,11.75558],[107.08287,11.77063],[107.07873,11.78407]]]},"properties":{"shapeName":"Bu Gia Map","shapeISO":"","shapeID":"81297802B78542366840504","shapeGroup":"VNM","shapeType":"ADM2"}},
{"type":"Feature","geometry":{"type":"Polygon","coordinates":[[[107.96108,13.00942],[107.94651,12.98772],[107.91809,12.97816],[107.91032,12.96208],[107.8851,12.97168],[107.87567,12.98398],[107.85392,12.98495],[107.84576,12.99533],[107.80083,13.00047],[107.76977,12.9916],[107.74239,13.01934],[107.72497,13.03061],[107.7163,13.04441],[107.68723,13.07139],[107.65993,13.0694],[107.63432,13.07478],[107.62123,13.07371],[107.56052,13.08793],[107.52336,13.08374],[107.51197,13.08568],[107.49036,13.03376],[107.49545,13.02232],[107.49286,13.00191],[107.49734,12.98146],[107.4856,12.95916],[107.48415,12.94309],[107.49202,12.93771],[107.49205,12.9238],[107.49881,12.877],[107.51234,12.86678],[107.52713,12.83929],[107.55116,12.82271],[107.55249,12.80544],[107.5595,12.79634],[107.60727,12.79608],[107.63559,12.80419],[107.64147,12.79466],[107.66259,12.7986],[107.68837,12.78919],[107.72493,12.78566],[107.73355,12.78207],[107.78097,12.77814],[107.80314,12.77998],[107.81824,12.78979],[107.82451,12.80154],[107.84483,12.81152],[107.86353,12.79824],[107.85346,12.78017],[107.85624,12.76288],[107.87084,12.75237],[107.90981,12.74301],[107.90713,12.72955],[107.89572,12.71205],[107.91174,12.69017],[107.92861,12.68951],[107.94699,12.67672],[107.98466,12.6745],[107.98798,12.69791],[107.98313,12.70096],[107.96812,12.73276],[107.99593,12.74107],[108.01289,12.73519],[108.02982,12.74465],[108.01038,12.75346],[108.00446,12.76491],[108.0039,12.80674],[107.97861,12.80975],[107.96871,12.80214],[107.94466,12.80144],[107.9366,12.81952],[107.91924,12.8234],[107.93476,12.87428],[107.92579,12.87948],[107.92386,12.90913],[107.94532,12.93592],[107.97234,12.97702],[107.96108,13.00942]]]},"properties":{"shapeName":"Buon Don","shapeISO":"","shapeID":"81297802B42534502413482","shapeGroup":"VNM","shapeType":"ADM2"}},
{"type":"Feature","geometry":{"type":"Polygon","coordinates":[[[108.3002,12.92962],[108.28214,12.92843],[108.27098,12.94241],[108.25535,12.94167],[108.24787,12.94907],[108.23093,12.93477],[108.22503,12.9244],[108.23348,12.91279],[108.22642,12.90309],[108.21364,12.9009],[108.21336,12.88139],[108.22165,12.8671],[108.20797,12.86265],[108.19017,12.84267],[108.18708,12.83015],[108.20514,12.82326],[108.20632,12.81143],[108.19793,12.79373],[108.21657,12.78634],[108.22673,12.75762],[108.27589,12.75459],[108.29386,12.75887],[108.30679,12.75247],[108.30965,12.78159],[108.31575,12.79329],[108.3405,12.80589],[108.35175,12.81758],[108.35074,12.83243],[108.37086,12.83847],[108.36932,12.87921],[108.3609,12.90351],[108.34271,12.91331],[108.3328,12.92457],[108.3146,12.92433],[108.3002,12.92962]]]},"properties":{"shapeName":"Buon Ho","shapeISO":"","shapeID":"81297802B72254139131894","shapeGroup":"VNM","shapeType":"ADM2"}},
{"type":"Feature","geometry":{"type":"Polygon","coordinates":[[[107.91174,12.69017],[107.90498,12.67346],[107.9151,12.65842],[107.92315,12.62911],[107.93531,12.59729],[107.93123,12.58174],[107.9135,12.5778],[107.894,12.56517],[107.89679,12.55539],[107.95008,12.55496],[107.95541,12.576],[107.9684,12.59177],[107.98263,12.57851],[108.01814,12.56579],[108.05706,12.55604],[108.07699,12.5535],[108.08057,12.59104],[108.0606,12.60505],[108.0726,12.60998],[108.06959,12.62828],[108.08803,12.62536],[108.11244,12.647],[108.14192,12.6509],[108.14582,12.65491],[108.1385,12.66196],[108.13634,12.6936],[108.15281,12.69628],[108.14873,12.70989],[108.16508,12.7145],[108.14835,12.7244],[108.14436,12.74033],[108.13331,12.7364],[108.11936,12.74291],[108.11738,12.76179],[108.08654,12.76861],[108.08056,12.74177],[108.02982,12.74465],[108.01289,12.73519],[107.99593,12.74107],[107.96812,12.73276],[107.98313,12.70096],[107.98798,12.69791],[107.98466,12.6745],[107.94699,12.67672],[107.92861,12.68951],[107.91174,12.69017]]]},"properties":{"shapeName":"Buon Ma Thuot","shapeISO":"","shapeID":"81297802B34862108658790","shapeGroup":"VNM","shapeType":"ADM2"}},
{"type":"Feature","geometry":{"type":"Polygon","coordinates":[[[105.25524,9.24306],[105.24583,9.25016],[105.22287,9.24696],[105.20656,9.24873],[105.20325,9.26765],[105.17199,9.26563],[105.16536,9.25294],[105.1388,9.23324],[105.11943,9.2084],[105.11395,9.17478],[105.10138,9.1725],[105.09601,9.16265],[105.11232,9.14794],[105.15713,9.11364],[105.1578,9.10156],[105.1652,9.09123],[105.19588,9.08219],[105.20494,9.08599],[105.22464,9.08342],[105.25337,9.09141],[105.24507,9.10046],[105.25259,9.1353],[105.26198,9.14155],[105.26663,9.15947],[105.28042,9.16272],[105.27891,9.17408],[105.26136,9.1783],[105.25285,9.19847],[105.23251,9.21379],[105.25524,9.24306]]]},"properties":{"shapeName":"Ca Mau","shapeISO":"","shapeID":"81297802B56186863938752","shapeGroup":"VNM","shapeType":"ADM2"}},
{"type":"Feature","geometry":{"type":"Polygon","coordinates":[[[106.01191,10.31629],[106.03406,10.32562],[106.05172,10.32064],[106.05434,10.33388],[106.03613,10.3507],[106.04696,10.39583],[106.0319,10.41088],[106.03737,10.41822],[106.00084,10.47093],[106.00157,10.53233],[105.94198,10.53637],[105.94181,10.49448],[105.85947,10.40767],[105.84426,10.36569],[105.81573,10.37018],[105.81927,10.3423],[105.81679,10.32236],[105.82139,10.30928],[105.83836,10.29795],[105.87441,10.29163],[105.89409,10.27581],[105.9033,10.27458],[105.9273,10.28415],[105.97609,10.32712],[105.99255,10.33017],[106.01191,10.31629]]]},"properties":{"shapeName":"Cai Be","shapeISO":"","shapeID":"81297802B56348725354679","shapeGroup":"VNM","shapeType":"ADM2"}},
{"type":"Feature","geometry":{"type":"Polygon","coordinates":[[[105.09601,9.16265],[105.09459,9.15106],[105.0823,9.13753],[105.06109,9.12553],[105.03722,9.09779],[105.02025,9.06797],[105.0044,9.06055],[104.98751,9.05839],[104.97534,9.05068],[104.96129,9.03145],[104.96023,9.02024],[104.96965,9.01359],[104.96802,8.99801],[104.97628,8.99392],[104.97127,8.96278],[104.9595,8.94371],[104.95968,8.93122],[104.96817,8.92277],[104.98205,8.89683],[104.98337,8.88083],[105.00746,8.87522],[105.01334,8.85375],[105.04916,8.87248],[105.0657,8.8816],[105.09056,8.90713],[105.10289,8.95736],[105.10934,8.9678],[105.12173,9.02115],[105.1578,9.10156],[105.15713,9.11364],[105.11232,9.14794],[105.09601,9.16265]]]},"properties":{"shapeName":"Cai Nuoc","shapeISO":"","shapeID":"81297802B26446696948049","shapeGroup":"VNM","shapeType":"ADM2"}},
{"type":"Feature","geometry":{"type":"Polygon","coordinates":[[[105.80379,10.04301],[105.79161,10.03669],[105.78728,10.02642],[105.77499,10.02306],[105.76358,10.00631],[105.74742,10.00599],[105.73963,9.99434],[105.72363,9.97544],[105.74177,9.96696],[105.75954,9.95758],[105.77803,9.95769],[105.81874,9.96498],[105.84547,9.98262],[105.83704,9.99348],[105.83001,10.00123],[105.80379,10.04301]]]},"properties":{"shapeName":"Cai Rang","shapeISO":"","shapeID":"81297802B53183498164333","shapeGroup":"VNM","shapeType":"ADM2"}},
{"type":"Feature","geometry":{"type":"Polygon","coordinates":[[[106.24062,20.90016],[106.26078,20.90846],[106.26804,20.91773],[106.27931,20.95746],[106.28473,20.96092],[106.29346,20.97566],[106.27851,20.98182],[106.27282,20.99189],[106.25301,20.99641],[106.24486,20.99076],[106.22553,20.99417],[106.20978,20.98481],[106.18753,20.98093],[106.168,20.96912],[106.16953,20.98487],[106.15067,20.98888],[106.13786,21.00124],[106.12735,20.98375],[106.13806,20.97457],[106.13558,20.96005],[106.1582,20.95093],[106.15297,20.93347],[106.17596,20.92053],[106.19254,20.92666],[106.21633,20.91482],[106.22239,20.90614],[106.24062,20.90016]]]},"properties":{"shapeName":"Cam Giang","shapeISO":"","shapeID":"81297802B85581314164043","shapeGroup":"VNM","shapeType":"ADM2"}},
{"type":"Feature","geometry":{"type":"Polygon","coordinates":[[[105.07914,21.48104],[105.05317,21.49567],[105.04877,21.488],[105.00176,21.49332],[104.98511,21.49988],[104.98016,21.48613],[104.9839,21.47362],[104.99713,21.46642],[104.99592,21.43623],[105.02152,21.41579],[105.08469,21.35347],[105.1007,21.35883],[105.13221,21.32159],[105.13457,21.29591],[105.14956,21.28936],[105.14892,21.26756],[105.1648,21.27242],[105.17165,21.28836],[105.18552,21.29306],[105.1877,21.31601],[105.20013,21.31051],[105.20533,21.32462],[105.18875,21.33012],[105.18527,21.361],[105.16644,21.37674],[105.15694,21.39309],[105.15235,21.42752],[105.13694,21.4312],[105.12845,21.44251],[105.1018,21.45678],[105.07914,21.48104]]]},"properties":{"shapeName":"Cam Khe","shapeISO":"","shapeID":"81297802B31371166923700","shapeGroup":"VNM","shapeType":"ADM2"}},
{"type":"Feature","geometry":{"type":"Polygon","coordinates":[[[109.22365,12.14194],[109.21541,12.14731],[109.18562,12.14533],[109.15479,12.15403],[109.14462,12.16354],[109.13661,12.18126],[109.11708,12.20322],[109.12052,12.21306],[109.09569,12.20325],[109.0891,12.19537],[109.07057,12.20686],[109.05554,12.20137],[109.05547,12.18944],[109.02041,12.18083],[109.00152,12.18105],[108.99538,12.16599],[108.9768,12.17582],[108.97427,12.1619],[108.9636,12.14187],[108.96089,12.12437],[108.94901,12.11827],[108.94182,12.10139],[108.94616,12.07524],[108.96245,12.06984],[108.97952,12.07106],[108.99936,12.05583],[109.00905,12.04256],[109.0034,12.02734],[109.00852,12.00509],[109.00678,11.96132],[109.0195,11.95961],[109.05693,11.94676],[109.07079,11.94683],[109.08265,11.95469],[109.10643,11.96137],[109.11281,11.97234],[109.13796,11.96368],[109.14832,11.98868],[109.15126,12.00906],[109.17588,12.01277],[109.21929,12.02774],[109.20464,12.0575],[109.19516,12.09061],[109.19691,12.11751],[109.21185,12.12336],[109.2146,12.13758],[109.22365,12.14194]]]},"properties":{"shapeName":"Cam Lam","shapeISO":"","shapeID":"81297802B15274858883665","shapeGroup":"VNM","shapeType":"ADM2"}},
{"type":"Feature","geometry":{"type":"Polygon","coordinates":[[[108.18863,16.03257],[108.17758,16.06103],[108.16219,16.03472],[108.17057,16.01578],[108.15919,16.009],[108.15849,15.9945],[108.18422,15.99359],[108.21095,16.01138],[108.21043,15.97671],[108.21686,15.97167],[108.22918,15.99195],[108.23352,16.02785],[108.21816,16.02805],[108.19539,16.02176],[108.18863,16.03257]]]},"properties":{"shapeName":"Cam Le","shapeISO":"","shapeID":"81297802B37110717960369","shapeGroup":"VNM","shapeType":"ADM2"}},
{"type":"Feature","geometry":{"type":"Polygon","coordinates":[[[107.10307,16.85999],[107.09768,16.86891],[107.07428,16.86953],[107.05152,16.88344],[107.04201,16.88479],[107.01854,16.86764],[107.01678,16.8609],[106.97576,16.85246],[106.9394,16.85559],[106.93892,16.88157],[106.92731,16.88121],[106.92572,16.86711],[106.8968,16.85095],[106.8884,16.82471],[106.85418,16.81539],[106.83726,16.81849],[106.83135,16.81074],[106.84318,16.78257],[106.85755,16.76911],[106.86834,16.76622],[106.86959,16.75431],[106.88563,16.73805],[106.89864,16.71799],[106.89843,16.70723],[106.91528,16.68683],[106.92921,16.68468],[106.97138,16.69509],[106.97626,16.69069],[107.00068,16.69918],[107.00545,16.71112],[107.00327,16.73214],[107.01394,16.73897],[107.01106,16.75081],[107.02976,16.75151],[107.03601,16.77458],[107.05568,16.78541],[107.04823,16.80074],[107.06103,16.81479],[107.06443,16.83156],[107.0871,16.83672],[107.10363,16.84998],[107.10307,16.85999]]]},"properties":{"shapeName":"Cam Lo","shapeISO":"","shapeID":"81297802B81560237884054","shapeGroup":"VNM","shapeType":"ADM2"}},
{"type":"Feature","geometry":{"type":"Polygon","coordinates":[[[107.15914,10.89542],[107.12703,10.89543],[107.11412,10.85933],[107.08148,10.84875],[107.07282,10.83636],[107.07181,10.81989],[107.0945,10.80272],[107.12181,10.80187],[107.13012,10.79146],[107.13277,10.77534],[107.12404,10.76722],[107.09754,10.77156],[107.08838,10.76649],[107.09583,10.74993],[107.10477,10.74369],[107.12823,10.747],[107.1386,10.74393],[107.1561,10.74369],[107.18368,10.76772],[107.20807,10.77407],[107.2079,10.75797],[107.22273,10.75632],[107.23264,10.7632],[107.24592,10.75607],[107.30196,10.75438],[107.30727,10.71393],[107.30263,10.70124],[107.30916,10.6934],[107.3013,10.68324],[107.31916,10.66815],[107.32962,10.676],[107.35347,10.67799],[107.35125,10.70642],[107.36226,10.7274],[107.37787,10.73697],[107.38183,10.74683],[107.40016,10.76534],[107.39637,10.77181],[107.40557,10.79124],[107.40603,10.81041],[107.41649,10.82322],[107.41889,10.84726],[107.35601,10.84879],[107.33499,10.8508],[107.33052,10.86712],[107.31421,10.87415],[107.30776,10.8671],[107.28098,10.87626],[107.26151,10.86275],[107.22859,10.85782],[107.20265,10.84561],[107.18508,10.8509],[107.18834,10.87319],[107.17581,10.88021],[107.16244,10.88004],[107.15914,10.89542]]]},"properties":{"shapeName":"Cam My","shapeISO":"","shapeID":"81297802B33413589576034","shapeGroup":"VNM","shapeType":"ADM2"}},
{"type":"Feature","geometry":{"type":"Polygon","coordinates":[[[107.23334,21.14256],[107.24435,21.14021],[107.24347,21.12375],[107.26921,21.10643],[107.26524,21.09586],[107.23195,21.09445],[107.21751,21.08402],[107.20348,21.05709],[107.20726,21.04744],[107.19985,21.03497],[107.17797,21.0267],[107.17301,21.01235],[107.17979,20.99023],[107.16744,20.97277],[107.16586,20.95884],[107.1769,20.9504],[107.18962,20.95045],[107.203,20.9664],[107.22804,20.97919],[107.22276,20.98873],[107.24967,20.9979],[107.27178,21.00098],[107.32623,20.99029],[107.35679,21.00141],[107.37151,21.02426],[107.36916,21.03646],[107.37201,21.05811],[107.36532,21.07503],[107.39253,21.11731],[107.41413,21.13987],[107.41232,21.18285],[107.38639,21.18241],[107.37236,21.18458],[107.36635,21.19459],[107.37181,21.21637],[107.36015,21.22062],[107.34958,21.20306],[107.33507,21.18915],[107.33705,21.17894],[107.32319,21.17227],[107.30167,21.1867],[107.28716,21.17755],[107.27677,21.17901],[107.23931,21.16042],[107.23334,21.14256]]]},"properties":{"shapeName":"Cam Pha","shapeISO":"","shapeID":"81297802B71504358310710","shapeGroup":"VNM","shapeType":"ADM2"}},
{"type":"Feature","geometry":{"type":"Polygon","coordinates":[[[109.05999,11.86125],[109.07689,11.83495],[109.09063,11.82587],[109.09463,11.81591],[109.11938,11.80504],[109.13502,11.80458],[109.17793,11.81131],[109.19501,11.81187],[109.18189,11.81651],[109.17751,11.84161],[109.17997,11.85634],[109.19233,11.87198],[109.2082,11.88163],[109.2317,11.88091],[109.24925,11.86334],[109.27118,11.86538],[109.28085,11.8802],[109.26703,11.89266],[109.25813,11.92272],[109.27381,11.93735],[109.27246,11.97004],[109.25424,11.97553],[109.24102,11.98929],[109.21929,12.02774],[109.17588,12.01277],[109.15126,12.00906],[109.14832,11.98868],[109.13796,11.96368],[109.11281,11.97234],[109.10643,11.96137],[109.08265,11.95469],[109.07079,11.94683],[109.05693,11.94676],[109.0195,11.95961],[109.00678,11.96132],[109.00256,11.94779],[109.0059,11.9233],[109.02103,11.91026],[109.03591,11.90978],[109.049,11.89806],[109.05999,11.86125]]]},"properties":{"shapeName":"Cam Ranh","shapeISO":"","shapeID":"81297802B88990967828920","shapeGroup":"VNM","shapeType":"ADM2"}},
{"type":"Feature","geometry":{"type":"Polygon","coordinates":[[[105.32054,20.18991],[105.33359,20.18209],[105.35018,20.18607],[105.3615,20.17224],[105.37908,20.17574],[105.39661,20.16444],[105.4166,20.15701],[105.43635,20.13791],[105.45626,20.13278],[105.46906,20.11708],[105.48677,20.10736],[105.49879,20.0823],[105.52963,20.08545],[105.54419,20.07381],[105.56738,20.07257],[105.5547,20.09518],[105.57189,20.10374],[105.59528,20.12305],[105.60148,20.14323],[105.58676,20.15874],[105.5777,20.17989],[105.58134,20.19094],[105.57211,20.20365],[105.55984,20.20775],[105.55037,20.22076],[105.53408,20.22737],[105.51308,20.22815],[105.51778,20.25532],[105.47294,20.28452],[105.463,20.30129],[105.4284,20.32479],[105.41672,20.33662],[105.40512,20.31804],[105.41747,20.30282],[105.3969,20.29843],[105.40658,20.28112],[105.40464,20.27187],[105.39114,20.26186],[105.37528,20.27132],[105.36807,20.2846],[105.35567,20.29123],[105.34765,20.30412],[105.33801,20.30174],[105.33522,20.28754],[105.33875,20.26569],[105.31449,20.25463],[105.33867,20.22689],[105.32016,20.20008],[105.32054,20.18991]]]},"properties":{"shapeName":"Cam Thuy","shapeISO":"","shapeID":"81297802B68109668722051","shapeGroup":"VNM","shapeType":"ADM2"}},
{"type":"Feature","geometry":{"type":"Polygon","coordinates":[[[106.15157,18.26832],[106.12212,18.26602],[106.1001,18.27573],[106.07106,18.29973],[106.02545,18.34618],[106.00164,18.32602],[105.98352,18.30319],[105.96625,18.31579],[105.94183,18.31685],[105.93795,18.30918],[105.90519,18.30883],[105.91594,18.3024],[105.91961,18.29066],[105.91225,18.27271],[105.88695,18.24429],[105.89238,18.23007],[105.87789,18.21846],[105.87627,18.20526],[105.88355,18.18954],[105.8593,18.17122],[105.86461,18.15509],[105.85453,18.14742],[105.86758,18.13665],[105.87875,18.14063],[105.89389,18.12509],[105.91336,18.11444],[105.93183,18.08898],[105.94574,18.07375],[105.95107,18.0582],[105.96742,18.0556],[105.986,18.0642],[106.01606,18.03431],[106.02326,18.04663],[106.02889,18.07351],[106.04166,18.08979],[106.05313,18.09052],[106.07499,18.10654],[106.08622,18.12094],[106.12568,18.11721],[106.14303,18.14939],[106.13936,18.15993],[106.1383,18.19032],[106.12541,18.20905],[106.13284,18.21787],[106.12598,18.23006],[106.146,18.24409],[106.15157,18.26832]]]},"properties":{"shapeName":"Cam Xuyen","shapeISO":"","shapeID":"81297802B99684516055458","shapeGroup":"VNM","shapeType":"ADM2"}},
{"type":"Feature","geometry":{"type":"Polygon","coordinates":[[[106.48402,10.59697],[106.49662,10.57885],[106.53037,10.55203],[106.55314,10.55307],[106.56885,10.5441],[106.5594,10.50347],[106.58016,10.47734],[106.58545,10.46247],[106.58689,10.43759],[106.59733,10.43663],[106.62748,10.45218],[106.6392,10.47992],[106.65364,10.48254],[106.66054,10.46681],[106.65989,10.44972],[106.6686,10.43926],[106.6885,10.44496],[106.70598,10.47244],[106.73503,10.49731],[106.73952,10.50541],[106.72369,10.5147],[106.70659,10.5012],[106.69165,10.50224],[106.66867,10.49693],[106.66073,10.51236],[106.64825,10.51841],[106.64988,10.53986],[106.63421,10.54273],[106.63323,10.55222],[106.61296,10.55905],[106.61022,10.57008],[106.59647,10.57671],[106.59453,10.60692],[106.58861,10.61137],[106.59508,10.63674],[106.57055,10.63867],[106.55643,10.62725],[106.56013,10.62114],[106.5462,10.6068],[106.53201,10.60794],[106.52488,10.61635],[106.49867,10.61866],[106.48418,10.61402],[106.48402,10.59697]]]},"properties":{"shapeName":"Can Duoc","shapeISO":"","shapeID":"81297802B37514703849012","shapeGroup":"VNM","shapeType":"ADM2"}},
{"type":"Feature","geometry":{"type":"Polygon","coordinates":[[[106.73503,10.49731],[106.76116,10.45379],[106.78077,10.42959],[106.80269,10.40961],[106.81669,10.39258],[106.84278,10.36332],[106.86205,10.39366],[106.86395,10.40878],[106.8731,10.40882],[106.88244,10.37585],[106.90062,10.37728],[106.93555,10.39369],[106.97031,10.4063],[106.97976,10.43163],[106.98178,10.45709],[106.9897,10.47479],[107.00161,10.48028],[106.99704,10.49123],[106.99985,10.50507],[107.01367,10.52239],[107.00451,10.53031],[106.99323,10.52819],[106.98468,10.53979],[106.98818,10.55266],[106.9789,10.56447],[106.98373,10.57921],[106.96051,10.59358],[106.91128,10.60816],[106.90345,10.62467],[106.88284,10.64761],[106.87277,10.64799],[106.86034,10.63655],[106.84102,10.63648],[106.8367,10.62752],[106.8231,10.62983],[106.80824,10.6551],[106.77615,10.67519],[106.77064,10.66556],[106.75044,10.67225],[106.7384,10.66484],[106.74632,10.65071],[106.77083,10.63811],[106.77102,10.6175],[106.78336,10.59197],[106.78115,10.58052],[106.77081,10.57622],[106.75559,10.58142],[106.7457,10.57628],[106.7419,10.56392],[106.74836,10.52331],[106.73952,10.50541],[106.73503,10.49731]]]},"properties":{"shapeName":"Can Gio","shapeISO":"","shapeID":"81297802B7702852417854","shapeGroup":"VNM","shapeType":"ADM2"}},
{"type":"Feature","geometry":{"type":"Polygon","coordinates":[[[106.55643,10.62725],[106.57055,10.63867],[106.59508,10.63674],[106.58861,10.61137],[106.59453,10.60692],[106.59647,10.57671],[106.61022,10.57008],[106.61296,10.55905],[106.63323,10.55222],[106.63421,10.54273],[106.64988,10.53986],[106.64825,10.51841],[106.66073,10.51236],[106.66867,10.49693],[106.69165,10.50224],[106.70659,10.5012],[106.72369,10.5147],[106.73952,10.50541],[106.74836,10.52331],[106.7419,10.56392],[106.7457,10.57628],[106.73684,10.5864],[106.72324,10.58834],[106.71894,10.60592],[106.72913,10.61205],[106.73324,10.62888],[106.72202,10.64604],[106.68539,10.65657],[106.66964,10.63928],[106.64628,10.63473],[106.62978,10.62638],[106.62483,10.64748],[106.60497,10.65818],[106.59147,10.65012],[106.56625,10.65637],[106.55526,10.65193],[106.54152,10.63832],[106.55643,10.62725]]]},"properties":{"shapeName":"Can Giuoc","shapeISO":"","shapeID":"81297802B44556348511886","shapeGroup":"VNM","shapeType":"ADM2"}},
{"type":"Feature","geometry":{"type":"Polygon","coordinates":[[[105.81497,18.54178],[105.80366,18.54866],[105.78976,18.54473],[105.76562,18.54873],[105.74779,18.53327],[105.7489,18.51605],[105.74256,18.49867],[105.72696,18.49004],[105.7068,18.49665],[105.70055,18.48769],[105.67668,18.51161],[105.66117,18.49095],[105.64879,18.48281],[105.63772,18.45944],[105.63452,18.44164],[105.63852,18.42888],[105.63073,18.41857],[105.64519,18.41074],[105.63664,18.39337],[105.64958,18.38705],[105.66632,18.36836],[105.69168,18.35662],[105.72167,18.35012],[105.73644,18.33758],[105.7499,18.3466],[105.75363,18.35678],[105.7691,18.35328],[105.78695,18.38023],[105.795,18.38159],[105.78278,18.41685],[105.78438,18.43033],[105.80391,18.41748],[105.80617,18.43718],[105.82164,18.43748],[105.82017,18.45385],[105.82665,18.47068],[105.81108,18.48977],[105.81517,18.50122],[105.81497,18.54178]]]},"properties":{"shapeName":"Can Loc","shapeISO":"","shapeID":"81297802B44635779635670","shapeGroup":"VNM","shapeType":"ADM2"}},
{"type":"Feature","geometry":{"type":"Polygon","coordinates":[[[106.28964,10.04979],[106.26083,10.07313],[106.24121,10.08176],[106.2277,10.06979],[106.22476,10.05689],[106.23131,10.04212],[106.2322,10.02332],[106.21074,10.00835],[106.1901,10.02606],[106.15034,10.01737],[106.13498,10.02385],[106.13198,9.96199],[106.1127,9.93842],[106.14001,9.91996],[106.12815,9.90195],[106.13569,9.87851],[106.14536,9.86478],[106.16568,9.8615],[106.17196,9.86408],[106.1619,9.88897],[106.1946,9.89206],[106.20332,9.88448],[106.2196,9.88965],[106.23638,9.89825],[106.24515,9.91729],[106.25993,9.9142],[106.27112,9.93232],[106.29099,9.94313],[106.30611,9.96381],[106.31495,9.99705],[106.30552,10.01177],[106.31987,10.01669],[106.30726,10.02703],[106.28964,10.04979]]]},"properties":{"shapeName":"Cang Long","shapeISO":"","shapeID":"81297802B14177599577280","shapeGroup":"VNM","shapeType":"ADM2"}},
{"type":"Feature","geometry":{"type":"Polygon","coordinates":[[[106.34154,22.5781],[106.35303,22.596],[106.32377,22.61457],[106.31221,22.63918],[106.28368,22.65114],[106.28721,22.66452],[106.28106,22.68332],[106.26802,22.68046],[106.24748,22.70172],[106.24377,22.71406],[106.23097,22.71015],[106.22413,22.71897],[106.20196,22.72668],[106.19884,22.70924],[106.18593,22.70271],[106.18033,22.67508],[106.18081,22.6582],[106.1992,22.66259],[106.21761,22.63905],[106.23361,22.65027],[106.24501,22.63653],[106.26341,22.63752],[106.27816,22.60834],[106.29203,22.5955],[106.29735,22.57938],[106.31969,22.58486],[106.32732,22.57031],[106.34154,22.5781]]]},"properties":{"shapeName":"Cao Bang","shapeISO":"","shapeID":"81297802B72621516483988","shapeGroup":"VNM","shapeType":"ADM2"}},
{"type":"Feature","geometry":{"type":"MultiPolygon","coordinates":[[[[106.7124,21.83405],[106.67134,21.83497],[106.67339,21.82759],[106.65907,21.81381],[106.63388,21.80007],[106.63122,21.78905],[106.64333,21.77743],[106.63886,21.75713],[106.64026,21.74057],[106.65681,21.74472],[106.66164,21.73659],[106.68997,21.75217],[106.71899,21.78143],[106.69815,21.79476],[106.7058,21.80819],[106.7124,21.83405]]],[[[107.02515,21.86464],[107.03909,21.87828],[107.06244,21.89308],[107.06517,21.91174],[107.06128,21.92925],[107.0396,21.93049],[107.02409,21.94453],[107.00619,21.94635],[106.99476,21.95328],[106.97968,21.92709],[106.96055,21.91959],[106.95305,21.9332],[106.93354,21.93027],[106.92181,21.95356],[106.92361,21.96289],[106.91249,21.9758],[106.90326,21.97126],[106.87824,21.98156],[106.83992,21.9839],[106.82785,21.97538],[106.81222,21.97348],[106.80233,21.98903],[106.7887,21.99273],[106.76669,22.01326],[106.73749,22.00827],[106.71997,21.97477],[106.69924,21.96843],[106.69224,21.95853],[106.65944,21.93968],[106.66003,21.92361],[106.64802,21.91983],[106.63086,21.89918],[106.62638,21.88291],[106.65324,21.88201],[106.67613,21.86781],[106.68742,21.87482],[106.70197,21.86958],[106.71414,21.88168],[106.72392,21.88266],[106.73379,21.89531],[106.73449,21.91767],[106.74101,21.92788],[106.75487,21.91895],[106.76772,21.89706],[106.75309,21.87668],[106.76849,21.85712],[106.78937,21.85349],[106.79973,21.83681],[106.77606,21.81571],[106.74853,21.81795],[106.73684,21.80742],[106.72597,21.78876],[106.74752,21.77454],[106.75613,21.76088],[106.77708,21.76861],[106.81818,21.79753],[106.82565,21.78225],[106.84641,21.80321],[106.84527,21.81142],[106.87422,21.84773],[106.89517,21.84467],[106.90408,21.84952],[106.94086,21.84551],[106.95992,21.83607],[106.97601,21.84241],[107.00272,21.84344],[107.01813,21.86311],[107.02515,21.86464]]]]},"properties":{"shapeName":"Cao Loc","shapeISO":"","shapeID":"81297802B94679881937971","shapeGroup":"VNM","shapeType":"ADM2"}},
{"type":"Feature","geometry":{"type":"Polygon","coordinates":[[[105.26377,20.77651],[105.24132,20.77966],[105.23372,20.7858],[105.21477,20.77106],[105.19639,20.77146],[105.17795,20.76064],[105.18475,20.75133],[105.1999,20.74995],[105.2199,20.73476],[105.21509,20.72568],[105.2278,20.71627],[105.2457,20.7154],[105.25638,20.72324],[105.26585,20.71269],[105.28003,20.71213],[105.27003,20.67298],[105.27751,20.65603],[105.29695,20.65589],[105.30388,20.6371],[105.31697,20.61744],[105.33949,20.61157],[105.34799,20.59952],[105.36454,20.59295],[105.38495,20.59659],[105.40398,20.60812],[105.3984,20.62377],[105.40406,20.65626],[105.41986,20.66453],[105.41726,20.67997],[105.40414,20.688],[105.40688,20.70086],[105.39535,20.71391],[105.36946,20.73465],[105.37704,20.74231],[105.37437,20.76058],[105.35667,20.74683],[105.33716,20.74755],[105.32978,20.76316],[105.30362,20.76792],[105.29588,20.78415],[105.269,20.77084],[105.26377,20.77651]]]},"properties":{"shapeName":"Cao Phong","shapeISO":"","shapeID":"81297802B52142956360096","shapeGroup":"VNM","shapeType":"ADM2"}},
{"type":"Feature","geometry":{"type":"MultiPolygon","coordinates":[[[[107.1283,20.80735],[107.11845,20.7981],[107.11659,20.7849],[107.12783,20.78305],[107.1283,20.80735]]],[[[106.93499,20.81785],[106.9294,20.82647],[106.91424,20.81634],[106.9224,20.8011],[106.93499,20.81785]]],[[[106.82258,20.80003],[106.84793,20.79845],[106.85956,20.79025],[106.90288,20.80024],[106.87376,20.834],[106.83206,20.8122],[106.82258,20.80003]]],[[[106.89757,20.85945],[106.88377,20.86274],[106.87798,20.84861],[106.89951,20.84494],[106.89757,20.85945]]],[[[106.95296,20.87856],[106.94963,20.87504],[106.95126,20.84379],[106.94228,20.8314],[106.94867,20.82056],[106.93442,20.81591],[106.92902,20.79544],[106.95296,20.79297],[106.96775,20.77813],[106.97446,20.76458],[106.97297,20.75177],[106.99262,20.738],[107.01807,20.75149],[107.02441,20.73538],[107.03966,20.73158],[107.05292,20.71783],[107.06011,20.73723],[107.05856,20.75133],[107.04359,20.75892],[107.05267,20.7746],[107.06767,20.7798],[107.0727,20.78921],[107.09404,20.78039],[107.10407,20.80535],[107.07887,20.82293],[107.07345,20.81989],[107.0436,20.82526],[107.04642,20.84002],[107.0373,20.85937],[106.99416,20.86172],[106.98048,20.85496],[106.95485,20.85471],[106.95296,20.87856]]]]},"properties":{"shapeName":"Cat Hai","shapeISO":"","shapeID":"81297802B5756602808944","shapeGroup":"VNM","shapeType":"ADM2"}},
{"type":"Feature","geometry":{"type":"Polygon","coordinates":[[[107.51106,11.79776],[107.48197,11.79197],[107.47405,11.77097],[107.46478,11.76144],[107.44896,11.75817],[107.4335,11.76575],[107.41856,11.74963],[107.40239,11.75599],[107.39102,11.76662],[107.38706,11.77265],[107.35638,11.76169],[107.35284,11.75272],[107.32641,11.74947],[107.31522,11.74076],[107.30147,11.73952],[107.28583,11.7248],[107.28415,11.6984],[107.26612,11.66107],[107.27339,11.64956],[107.27163,11.63656],[107.28768,11.63112],[107.30449,11.61765],[107.30673,11.59903],[107.29739,11.58496],[107.30947,11.55663],[107.33299,11.55393],[107.33593,11.54785],[107.36107,11.55749],[107.37898,11.54278],[107.38663,11.52594],[107.40188,11.52977],[107.39928,11.54086],[107.40918,11.54878],[107.405,11.56275],[107.41759,11.58702],[107.42951,11.60094],[107.43722,11.63421],[107.45623,11.64893],[107.45897,11.68289],[107.46586,11.69967],[107.47663,11.69661],[107.48411,11.7062],[107.49174,11.70706],[107.49088,11.73867],[107.51435,11.76882],[107.51928,11.7811],[107.51106,11.79776]]]},"properties":{"shapeName":"Cat Tien","shapeISO":"","shapeID":"81297802B49537212124970","shapeGroup":"VNM","shapeType":"ADM2"}},
{"type":"Feature","geometry":{"type":"Polygon","coordinates":[[[105.80605,21.04761],[105.795,21.05032],[105.76781,21.03959],[105.78406,21.02928],[105.78328,21.0202],[105.79271,21.00106],[105.81354,21.00887],[105.79771,21.02417],[105.80128,21.03022],[105.80605,21.04761]]]},"properties":{"shapeName":"Cau Giay","shapeISO":"","shapeID":"81297802B81208073820584","shapeGroup":"VNM","shapeType":"ADM2"}},
{"type":"Feature","geometry":{"type":"Polygon","coordinates":[[[106.1127,9.93842],[106.08778,9.95889],[106.07668,9.94485],[106.06537,9.94768],[106.04599,9.93641],[106.03941,9.92685],[106.0215,9.93215],[106.01619,9.91591],[105.99833,9.90433],[105.98674,9.90234],[105.96563,9.92012],[105.95473,9.91968],[105.98237,9.88287],[105.99888,9.85586],[106.02502,9.82574],[106.05113,9.80241],[106.07357,9.77441],[106.09112,9.76605],[106.11141,9.75122],[106.11143,9.76349],[106.09952,9.7822],[106.11601,9.7958],[106.11768,9.80687],[106.16195,9.84317],[106.16568,9.8615],[106.14536,9.86478],[106.13569,9.87851],[106.12815,9.90195],[106.14001,9.91996],[106.1127,9.93842]]]},"properties":{"shapeName":"Cau Ke","shapeISO":"","shapeID":"81297802B65507223487475","shapeGroup":"VNM","shapeType":"ADM2"}},
{"type":"Feature","geometry":{"type":"Polygon","coordinates":[[[106.55631,9.78402],[106.49624,9.85173],[106.47938,9.86109],[106.44409,9.89592],[106.43665,9.88948],[106.44545,9.86801],[106.43257,9.85885],[106.42064,9.86369],[106.3803,9.84874],[106.37729,9.81495],[106.36951,9.81177],[106.35599,9.79362],[106.34295,9.79402],[106.3439,9.7793],[106.33061,9.77119],[106.32969,9.75653],[106.34163,9.75819],[106.35364,9.7338],[106.36454,9.72792],[106.38983,9.73715],[106.40358,9.73632],[106.41542,9.71195],[106.3957,9.70529],[106.40051,9.67893],[106.4261,9.6882],[106.44506,9.69892],[106.47736,9.70222],[106.49474,9.70084],[106.51987,9.71734],[106.538,9.74091],[106.55631,9.78402]]]},"properties":{"shapeName":"Cau Ngang","shapeISO":"","shapeID":"81297802B90196015208533","shapeGroup":"VNM","shapeType":"ADM2"}},
{"type":"Feature","geometry":{"type":"Polygon","coordinates":[[[105.08791,10.76027],[105.09693,10.72218],[105.0231,10.67932],[105.02489,10.66452],[105.06528,10.61056],[105.08178,10.61476],[105.15387,10.6881],[105.15563,10.70121],[105.14782,10.7041],[105.12452,10.71018],[105.11452,10.72016],[105.1013,10.74339],[105.09783,10.76552],[105.08791,10.76027]]]},"properties":{"shapeName":"Chau Doc","shapeISO":"","shapeID":"81297802B29469680325647","shapeGroup":"VNM","shapeType":"ADM2"}},
{"type":"Feature","geometry":{"type":"Polygon","coordinates":[[[107.24787,10.5397],[107.26106,10.5661],[107.27747,10.576],[107.30151,10.55924],[107.31685,10.55568],[107.3344,10.56567],[107.34899,10.56701],[107.36371,10.58253],[107.36423,10.59827],[107.35593,10.60519],[107.35421,10.62187],[107.36721,10.63975],[107.3705,10.65304],[107.35347,10.67799],[107.32962,10.676],[107.31916,10.66815],[107.3013,10.68324],[107.30916,10.6934],[107.30263,10.70124],[107.30727,10.71393],[107.30196,10.75438],[107.24592,10.75607],[107.23264,10.7632],[107.22273,10.75632],[107.2079,10.75797],[107.20807,10.77407],[107.18368,10.76772],[107.1561,10.74369],[107.1386,10.74393],[107.14107,10.70897],[107.16201,10.70962],[107.16808,10.68686],[107.16113,10.67694],[107.16906,10.65443],[107.16304,10.63436],[107.16393,10.61549],[107.17318,10.559],[107.18455,10.54115],[107.19774,10.54349],[107.20479,10.55398],[107.22856,10.55035],[107.24787,10.5397]]]},"properties":{"shapeName":"Chau Duc","shapeISO":"","shapeID":"81297802B77796697839152","shapeGroup":"VNM","shapeType":"ADM2"}},
{"type":"Feature","geometry":{"type":"Polygon","coordinates":[[[105.06528,10.61056],[105.09873,10.48667],[105.11499,10.43691],[105.17349,10.45769],[105.19029,10.46104],[105.29118,10.49645],[105.30626,10.50401],[105.32197,10.50236],[105.3373,10.48889],[105.34555,10.49207],[105.3288,10.53038],[105.32683,10.54238],[105.31175,10.554],[105.2687,10.55922],[105.23357,10.5888],[105.21572,10.61218],[105.21196,10.62592],[105.21624,10.65116],[105.21209,10.67116],[105.20283,10.68696],[105.17562,10.69969],[105.15563,10.70121],[105.15387,10.6881],[105.08178,10.61476],[105.06528,10.61056]]]},"properties":{"shapeName":"Chau Phu","shapeISO":"","shapeID":"81297802B67223328663780","shapeGroup":"VNM","shapeType":"ADM2"}},
{"type":"Feature","geometry":{"type":"Polygon","coordinates":[[[106.14859,11.20142],[106.14914,11.21284],[106.13505,11.23953],[106.11588,11.24824],[106.09372,11.24543],[106.09389,11.28379],[106.09659,11.2921],[106.08441,11.30555],[106.07589,11.30291],[106.0804,11.3514],[106.07262,11.359],[106.07717,11.37574],[106.07175,11.39458],[106.07609,11.40741],[106.06772,11.40935],[106.03531,11.40252],[106.03158,11.41379],[106.02076,11.41615],[105.98563,11.44699],[105.97316,11.45333],[105.90123,11.45188],[105.90204,11.42842],[105.89175,11.42425],[105.88637,11.41168],[105.87033,11.40363],[105.87886,11.3905],[105.87051,11.37307],[105.88238,11.36817],[105.88301,11.35785],[105.87393,11.32707],[105.86716,11.31796],[105.87085,11.30708],[105.86307,11.29053],[105.90891,11.28316],[105.91238,11.26644],[105.90748,11.25203],[105.91049,11.23981],[105.92668,11.21708],[105.94113,11.20579],[105.96612,11.19526],[105.97519,11.19822],[105.99094,11.1908],[106.01383,11.19077],[106.01446,11.1832],[106.02865,11.19072],[106.04971,11.18079],[106.07502,11.17957],[106.09525,11.20687],[106.14859,11.20142]]]},"properties":{"shapeName":"Chau Thanh","shapeISO":"","shapeID":"81297802B30323481145094","shapeGroup":"VNM","shapeType":"ADM2"}},
{"type":"Feature","geometry":{"type":"Polygon","coordinates":[[[106.5594,10.50347],[106.55174,10.48538],[106.56409,10.48008],[106.56014,10.46288],[106.54973,10.46088],[106.54209,10.47844],[106.52546,10.47548],[106.52318,10.4626],[106.50789,10.46986],[106.51651,10.48307],[106.50476,10.48778],[106.50623,10.50435],[106.49909,10.51487],[106.47743,10.50637],[106.46404,10.5286],[106.45661,10.52936],[106.43414,10.51777],[106.42895,10.50405],[106.41458,10.48891],[106.41681,10.48218],[106.44134,10.46674],[106.44697,10.45068],[106.42705,10.4341],[106.42171,10.41976],[106.43888,10.41211],[106.45223,10.41328],[106.46496,10.39947],[106.48155,10.40468],[106.49903,10.41546],[106.51017,10.42841],[106.51911,10.42473],[106.52923,10.4335],[106.55837,10.42399],[106.55849,10.41313],[106.58905,10.41854],[106.5869,10.42617],[106.58689,10.43759],[106.58545,10.46247],[106.58016,10.47734],[106.5594,10.50347]]]},"properties":{"shapeName":"Chau Thanh","shapeISO":"","shapeID":"81297802B81408558281677","shapeGroup":"VNM","shapeType":"ADM2"}},
{"type":"Feature","geometry":{"type":"Polygon","coordinates":[[[105.86726,10.15381],[105.87038,10.15441],[105.87006,10.16877],[105.8769,10.18273],[105.88907,10.18892],[105.91307,10.19266],[105.91965,10.21117],[105.9155,10.21909],[105.89057,10.244],[105.87777,10.26319],[105.89409,10.27581],[105.87441,10.29163],[105.83836,10.29795],[105.81504,10.2981],[105.78378,10.29444],[105.77099,10.27327],[105.75286,10.27197],[105.73102,10.26145],[105.71838,10.26507],[105.71183,10.2543],[105.72271,10.24616],[105.72461,10.23462],[105.70545,10.21907],[105.72769,10.205],[105.74784,10.19726],[105.7649,10.17808],[105.77519,10.18918],[105.80139,10.15529],[105.82849,10.14869],[105.84889,10.14997],[105.85146,10.16011],[105.86726,10.15381]]]},"properties":{"shapeName":"Chau Thanh","shapeISO":"","shapeID":"81297802B15585210216113","shapeGroup":"VNM","shapeType":"ADM2"}},
{"type":"Feature","geometry":{"type":"Polygon","coordinates":[[[105.11499,10.43691],[105.11378,10.43532],[105.11946,10.37285],[105.26054,10.36937],[105.28446,10.36449],[105.29273,10.35521],[105.31755,10.35505],[105.33571,10.34619],[105.3572,10.34877],[105.37507,10.36431],[105.36927,10.38693],[105.38278,10.41101],[105.40109,10.42867],[105.40614,10.44072],[105.38267,10.45272],[105.34555,10.49207],[105.3373,10.48889],[105.32197,10.50236],[105.30626,10.50401],[105.29118,10.49645],[105.19029,10.46104],[105.17349,10.45769],[105.11499,10.43691]]]},"properties":{"shapeName":"Chau Thanh","shapeISO":"","shapeID":"81297802B33105171569216","shapeGroup":"VNM","shapeType":"ADM2"}},
{"type":"Feature","geometry":{"type":"Polygon","coordinates":[[[106.38999,10.4774],[106.37055,10.48822],[106.36916,10.51753],[106.3479,10.52885],[106.34224,10.51595],[106.32927,10.51321],[106.32906,10.50097],[106.31407,10.49693],[106.32328,10.4794],[106.32628,10.45958],[106.30001,10.44166],[106.23927,10.43106],[106.23615,10.44175],[106.21411,10.45466],[106.19071,10.45402],[106.19868,10.43301],[106.19425,10.42153],[106.17922,10.41801],[106.19404,10.40019],[106.18973,10.37976],[106.19629,10.36089],[106.18833,10.33593],[106.20585,10.31416],[106.25046,10.32076],[106.28616,10.3282],[106.31393,10.3382],[106.30669,10.35377],[106.30524,10.39184],[106.32486,10.39823],[106.33812,10.39284],[106.34501,10.40259],[106.35142,10.41657],[106.34544,10.43583],[106.34658,10.45295],[106.36783,10.45973],[106.37168,10.47423],[106.38999,10.4774]]]},"properties":{"shapeName":"Chau Thanh","shapeISO":"","shapeID":"81297802B2434648618604","shapeGroup":"VNM","shapeType":"ADM2"}},
{"type":"Feature","geometry":{"type":"Polygon","coordinates":[[[106.43273,10.2456],[106.43967,10.2651],[106.44787,10.29349],[106.44827,10.3065],[106.3991,10.33545],[106.36911,10.33991],[106.34444,10.33011],[106.30335,10.31881],[106.28616,10.3282],[106.25046,10.32076],[106.20585,10.31416],[106.14304,10.28396],[106.14763,10.27647],[106.17634,10.2554],[106.19888,10.24436],[106.2205,10.24069],[106.24911,10.2505],[106.28162,10.26303],[106.29904,10.25898],[106.31709,10.24921],[106.33152,10.27842],[106.36563,10.27131],[106.40596,10.25745],[106.43273,10.2456]]]},"properties":{"shapeName":"Chau Thanh","shapeISO":"","shapeID":"81297802B56564979250046","shapeGroup":"VNM","shapeType":"ADM2"}},
{"type":"Feature","geometry":{"type":"Polygon","coordinates":[[[105.13699,9.82989],[105.16973,9.82974],[105.16882,9.83796],[105.19403,9.84371],[105.20135,9.83871],[105.20876,9.85452],[105.22463,9.86207],[105.23711,9.86207],[105.23983,9.87865],[105.22904,9.8932],[105.23642,9.91462],[105.22578,9.91708],[105.21004,9.93587],[105.22286,9.97175],[105.21269,9.99682],[105.22022,10.01237],[105.22286,10.04171],[105.16279,10.08328],[105.14911,10.08476],[105.16319,10.07508],[105.11099,10.01479],[105.1074,9.99944],[105.12112,9.9918],[105.13635,9.97584],[105.13114,9.96169],[105.14355,9.94986],[105.11834,9.93824],[105.09314,9.93755],[105.09762,9.90836],[105.1145,9.86434],[105.13699,9.82989]]]},"properties":{"shapeName":"Chau Thanh","shapeISO":"","shapeID":"81297802B94247950786042","shapeGroup":"VNM","shapeType":"ADM2"}},
{"type":"Feature","geometry":{"type":"Polygon","coordinates":[[[105.74177,9.96696],[105.74292,9.96032],[105.72992,9.94409],[105.754,9.92971],[105.75307,9.91013],[105.7595,9.89793],[105.77255,9.89249],[105.77547,9.86972],[105.78942,9.86025],[105.79595,9.86889],[105.8099,9.86285],[105.81614,9.88272],[105.85189,9.86821],[105.86711,9.87079],[105.87509,9.91446],[105.88337,9.92781],[105.89681,9.93807],[105.87319,9.95518],[105.84547,9.98262],[105.81874,9.96498],[105.77803,9.95769],[105.75954,9.95758],[105.74177,9.96696]]]},"properties":{"shapeName":"Chau Thanh","shapeISO":"","shapeID":"81297802B83209776142835","shapeGroup":"VNM","shapeType":"ADM2"}},
{"type":"Feature","geometry":{"type":"Polygon","coordinates":[[[106.2196,9.88965],[106.23247,9.86475],[106.23614,9.8448],[106.24895,9.84041],[106.27137,9.84956],[106.28542,9.81993],[106.28497,9.80696],[106.30286,9.80197],[106.30723,9.79535],[106.34295,9.79402],[106.35599,9.79362],[106.36951,9.81177],[106.37729,9.81495],[106.3803,9.84874],[106.42064,9.86369],[106.43257,9.85885],[106.44545,9.86801],[106.43665,9.88948],[106.44409,9.89592],[106.47938,9.86109],[106.49624,9.85173],[106.55631,9.78402],[106.59046,9.80722],[106.57372,9.83115],[106.52806,9.87184],[106.48713,9.91669],[106.46642,9.93104],[106.41885,9.95256],[106.39972,9.9664],[106.37804,9.97878],[106.39058,9.95105],[106.38023,9.95337],[106.3593,9.97591],[106.35222,9.96864],[106.34773,9.94838],[106.35372,9.9112],[106.36377,9.90268],[106.36552,9.89054],[106.34835,9.88658],[106.30864,9.91073],[106.30244,9.92479],[106.3192,9.92485],[106.32094,9.94773],[106.30611,9.96381],[106.29099,9.94313],[106.27112,9.93232],[106.25993,9.9142],[106.24515,9.91729],[106.23638,9.89825],[106.2196,9.88965]]]},"properties":{"shapeName":"Chau Thanh","shapeISO":"","shapeID":"81297802B55022771369511","shapeGroup":"VNM","shapeType":"ADM2"}},
{"type":"Feature","geometry":{"type":"Polygon","coordinates":[[[105.9961,9.71042],[105.99064,9.71718],[105.96797,9.71955],[105.97319,9.73693],[105.94968,9.74026],[105.94601,9.7363],[105.91432,9.737],[105.87561,9.75138],[105.8435,9.75222],[105.83348,9.74213],[105.80007,9.72197],[105.82934,9.70542],[105.83124,9.68941],[105.82702,9.66771],[105.84184,9.65397],[105.86772,9.65201],[105.8674,9.63283],[105.86064,9.62324],[105.86796,9.60855],[105.8907,9.59484],[105.89818,9.59958],[105.92631,9.58916],[105.94328,9.59897],[105.93993,9.60862],[105.95383,9.63186],[105.98178,9.64669],[105.98306,9.6564],[105.98675,9.68563],[105.9961,9.71042]]]},"properties":{"shapeName":"Chau Thanh","shapeISO":"","shapeID":"81297802B53741861263416","shapeGroup":"VNM","shapeType":"ADM2"}},
{"type":"Feature","geometry":{"type":"Polygon","coordinates":[[[105.72363,9.97544],[105.71359,9.95915],[105.67897,9.94759],[105.67054,9.93943],[105.65875,9.95021],[105.67379,9.96408],[105.64564,9.96478],[105.61922,9.94563],[105.58321,9.98365],[105.58593,9.9892],[105.57434,9.99412],[105.56293,9.98691],[105.53234,9.91961],[105.53953,9.91304],[105.59154,9.86527],[105.61893,9.89085],[105.64402,9.90787],[105.65063,9.8982],[105.66518,9.89546],[105.69807,9.91306],[105.72178,9.92268],[105.75307,9.91013],[105.754,9.92971],[105.72992,9.94409],[105.74292,9.96032],[105.74177,9.96696],[105.72363,9.97544]]]},"properties":{"shapeName":"Chau Thanh A","shapeISO":"","shapeID":"81297802B94036559538482","shapeGroup":"VNM","shapeType":"ADM2"}},
{"type":"Feature","geometry":{"type":"Polygon","coordinates":[[[106.63886,21.75713],[106.62341,21.7388],[106.60565,21.74044],[106.57165,21.76299],[106.55492,21.76545],[106.54423,21.75054],[106.52471,21.75289],[106.50727,21.74577],[106.48786,21.75983],[106.4745,21.74841],[106.45802,21.74554],[106.44823,21.72438],[106.45241,21.71204],[106.465,21.7004],[106.43733,21.68755],[106.42141,21.69592],[106.42661,21.67641],[106.42007,21.65139],[106.43778,21.61057],[106.44962,21.59732],[106.44702,21.56697],[106.46883,21.56521],[106.4823,21.55288],[106.49506,21.55903],[106.51179,21.55],[106.52192,21.53573],[106.52754,21.55785],[106.5402,21.5676],[106.55207,21.58933],[106.57115,21.60252],[106.59068,21.59852],[106.61544,21.60784],[106.63577,21.60073],[106.67024,21.60896],[106.7027,21.59304],[106.69893,21.57319],[106.71024,21.56073],[106.72639,21.55528],[106.7346,21.54433],[106.75188,21.54034],[106.76159,21.55395],[106.75581,21.56158],[106.77109,21.57181],[106.77022,21.59091],[106.77996,21.61202],[106.7764,21.63381],[106.75282,21.65537],[106.76467,21.66652],[106.75663,21.67665],[106.78384,21.70761],[106.78946,21.7178],[106.81678,21.73048],[106.81579,21.74071],[106.82817,21.75363],[106.82565,21.78225],[106.81818,21.79753],[106.77708,21.76861],[106.75613,21.76088],[106.74752,21.77454],[106.72597,21.78876],[106.71899,21.78143],[106.68997,21.75217],[106.66164,21.73659],[106.65681,21.74472],[106.64026,21.74057],[106.63886,21.75713]]]},"properties":{"shapeName":"Chi Lang","shapeISO":"","shapeID":"81297802B55451481919262","shapeGroup":"VNM","shapeType":"ADM2"}},
{"type":"Feature","geometry":{"type":"Polygon","coordinates":[[[106.50188,21.2244],[106.47428,21.23023],[106.46634,21.22614],[106.44652,21.23135],[106.42542,21.23123],[106.41275,21.20772],[106.39336,21.20301],[106.37354,21.18925],[106.36185,21.17163],[106.33243,21.17458],[106.32486,21.19204],[106.30937,21.18311],[106.32274,21.1548],[106.31385,21.13139],[106.29928,21.12195],[106.29525,21.10902],[106.30516,21.06984],[106.31193,21.05854],[106.32407,21.07391],[106.32388,21.08406],[106.33955,21.08615],[106.36482,21.06369],[106.36345,21.03639],[106.38148,21.0199],[106.39804,21.02424],[106.41051,21.02129],[106.40577,21.03492],[106.41211,21.04885],[106.42575,21.04834],[106.42752,21.06078],[106.45477,21.06564],[106.4405,21.07938],[106.45081,21.09461],[106.4392,21.10672],[106.44138,21.11734],[106.46146,21.11514],[106.48423,21.13149],[106.48268,21.15863],[106.48657,21.1733],[106.49607,21.18473],[106.49439,21.19901],[106.50188,21.2244]]]},"properties":{"shapeName":"Chi Linh","shapeISO":"","shapeID":"81297802B28152038240632","shapeGroup":"VNM","shapeType":"ADM2"}},
{"type":"Feature","geometry":{"type":"Polygon","coordinates":[[[105.01055,22.26744],[104.99455,22.25028],[105.00728,22.22175],[105.02222,22.2239],[105.03035,22.24072],[105.07472,22.22863],[105.08736,22.21714],[105.10742,22.18471],[105.12463,22.17568],[105.12171,22.16657],[105.12826,22.14723],[105.11978,22.13512],[105.14159,22.12063],[105.14466,22.11012],[105.15675,22.10681],[105.15901,22.0912],[105.14847,22.07378],[105.16227,22.05354],[105.14383,22.04546],[105.13771,22.0279],[105.14448,22.01983],[105.16048,22.01297],[105.17324,22.0192],[105.17496,22.03509],[105.19824,22.04878],[105.20784,22.06904],[105.23785,22.059],[105.24299,22.03671],[105.23846,22.0185],[105.27285,22.02363],[105.28805,22.01311],[105.29572,22.02217],[105.30798,22.02278],[105.32391,22.04118],[105.33637,22.03555],[105.35121,22.03672],[105.36803,22.01483],[105.36432,21.99427],[105.3721,21.98939],[105.37748,21.971],[105.37028,21.96205],[105.37795,21.94802],[105.39897,21.94099],[105.41769,21.94853],[105.44074,21.96596],[105.46234,21.967],[105.46394,21.99305],[105.48472,21.9981],[105.47796,22.02618],[105.48956,22.0299],[105.48752,22.04755],[105.46364,22.07655],[105.47219,22.09769],[105.46291,22.11434],[105.47468,22.13716],[105.49331,22.15762],[105.46242,22.16936],[105.46032,22.18595],[105.45021,22.19082],[105.43252,22.21163],[105.4413,22.23037],[105.43566,22.25878],[105.42068,22.26186],[105.41149,22.27216],[105.39409,22.26209],[105.37781,22.27058],[105.35772,22.26978],[105.31998,22.25524],[105.30307,22.25951],[105.27783,22.27702],[105.2676,22.28806],[105.26695,22.30426],[105.2802,22.31561],[105.27689,22.33438],[105.29205,22.34407],[105.29394,22.36805],[105.28002,22.38345],[105.28016,22.39577],[105.25854,22.3968],[105.25226,22.39686],[105.24545,22.36332],[105.22708,22.36429],[105.21991,22.34639],[105.20865,22.33368],[105.19125,22.33711],[105.17322,22.34911],[105.15225,22.38011],[105.13244,22.38584],[105.12024,22.36962],[105.121,22.34101],[105.12783,22.33545],[105.11383,22.32041],[105.09847,22.34583],[105.0806,22.35237],[105.05756,22.3575],[105.04143,22.35323],[105.05187,22.33586],[105.06096,22.33059],[105.05999,22.31276],[105.04552,22.31194],[105.04811,22.28871],[105.03391,22.28493],[105.01055,22.26744]]]},"properties":{"shapeName":"Chiem Hoa","shapeISO":"","shapeID":"81297802B40107493867560","shapeGroup":"VNM","shapeType":"ADM2"}},
{"type":"Feature","geometry":{"type":"Polygon","coordinates":[[[105.5712,22.41927],[105.56214,22.40302],[105.53565,22.4077],[105.51829,22.4004],[105.51357,22.37614],[105.51411,22.34866],[105.49628,22.3412],[105.49671,22.32324],[105.48265,22.31691],[105.47961,22.3041],[105.48789,22.29314],[105.47095,22.28515],[105.47283,22.27349],[105.43566,22.25878],[105.4413,22.23037],[105.43252,22.21163],[105.45021,22.19082],[105.46032,22.18595],[105.46242,22.16936],[105.49331,22.15762],[105.47468,22.13716],[105.46291,22.11434],[105.47219,22.09769],[105.46364,22.07655],[105.48752,22.04755],[105.48956,22.0299],[105.49476,22.01073],[105.50583,22.00772],[105.50504,21.99248],[105.52492,21.98148],[105.53224,21.96794],[105.55569,21.95748],[105.5724,21.96646],[105.5863,22.00133],[105.60223,22.01408],[105.63617,22.01906],[105.64054,22.02701],[105.66183,22.02937],[105.67359,22.04766],[105.6971,22.03342],[105.702,22.05385],[105.69467,22.068],[105.6975,22.0854],[105.66487,22.08897],[105.65423,22.09987],[105.65337,22.11025],[105.68836,22.13245],[105.68845,22.14903],[105.6967,22.15456],[105.68532,22.17285],[105.69121,22.18369],[105.68989,22.20104],[105.70276,22.21025],[105.69738,22.22285],[105.71313,22.22621],[105.71418,22.23807],[105.70794,22.25853],[105.73076,22.27213],[105.72189,22.27443],[105.70355,22.29899],[105.66084,22.28974],[105.64287,22.30621],[105.62324,22.31057],[105.62629,22.33235],[105.65362,22.34578],[105.6423,22.37839],[105.62307,22.3897],[105.60375,22.39284],[105.59334,22.38308],[105.57597,22.39845],[105.5712,22.41927]]]},"properties":{"shapeName":"Cho Don","shapeISO":"","shapeID":"81297802B41242908240864","shapeGroup":"VNM","shapeType":"ADM2"}},
{"type":"Feature","geometry":{"type":"Polygon","coordinates":[[[106.47445,10.30638],[106.48587,10.30839],[106.52039,10.30534],[106.54365,10.2977],[106.55418,10.32055],[106.55181,10.33482],[106.54148,10.33645],[106.52508,10.32763],[106.5211,10.33815],[106.52672,10.34957],[106.51468,10.36196],[106.53845,10.37545],[106.54686,10.41083],[106.53148,10.41059],[106.51911,10.42473],[106.51017,10.42841],[106.49903,10.41546],[106.48155,10.40468],[106.46496,10.39947],[106.45223,10.41328],[106.43888,10.41211],[106.42171,10.41976],[106.42705,10.4341],[106.44697,10.45068],[106.44134,10.46674],[106.41681,10.48218],[106.41458,10.48891],[106.40336,10.49219],[106.38999,10.4774],[106.37168,10.47423],[106.36783,10.45973],[106.34658,10.45295],[106.34544,10.43583],[106.35142,10.41657],[106.34501,10.40259],[106.35631,10.39577],[106.38052,10.40531],[106.40995,10.38756],[106.40481,10.37878],[106.41388,10.35053],[106.3991,10.33545],[106.44827,10.3065],[106.47445,10.30638]]]},"properties":{"shapeName":"Cho Gao","shapeISO":"","shapeID":"81297802B70172971551103","shapeGroup":"VNM","shapeType":"ADM2"}},
{"type":"Feature","geometry":{"type":"Polygon","coordinates":[[[106.14304,10.28396],[106.10492,10.28428],[106.07781,10.27827],[106.03461,10.29852],[106.02823,10.28309],[106.03502,10.2713],[106.03352,10.25678],[106.04694,10.24584],[106.09457,10.24185],[106.12113,10.23175],[106.14129,10.21498],[106.14413,10.2037],[106.16781,10.18768],[106.17761,10.17571],[106.18855,10.17736],[106.21842,10.14961],[106.23636,10.15128],[106.24489,10.19284],[106.25085,10.19997],[106.26709,10.19871],[106.26332,10.21708],[106.2509,10.22268],[106.25514,10.23316],[106.24911,10.2505],[106.2205,10.24069],[106.19888,10.24436],[106.17634,10.2554],[106.14763,10.27647],[106.14304,10.28396]]]},"properties":{"shapeName":"Cho Lach","shapeISO":"","shapeID":"81297802B13885304658875","shapeGroup":"VNM","shapeType":"ADM2"}},
{"type":"Feature","geometry":{"type":"Polygon","coordinates":[[[105.79852,22.09968],[105.77578,22.10055],[105.7378,22.09113],[105.7257,22.09797],[105.70778,22.09965],[105.6975,22.0854],[105.69467,22.068],[105.702,22.05385],[105.6971,22.03342],[105.70716,22.02297],[105.72186,22.02449],[105.75237,22.01202],[105.75596,21.99203],[105.76363,21.98563],[105.76066,21.96841],[105.77525,21.95299],[105.77709,21.93107],[105.76419,21.91469],[105.77132,21.90973],[105.77327,21.87574],[105.76932,21.857],[105.75832,21.83467],[105.76041,21.81905],[105.78622,21.80438],[105.79856,21.80493],[105.80479,21.83225],[105.81478,21.84376],[105.84781,21.84416],[105.8633,21.84979],[105.88162,21.85871],[105.89163,21.87484],[105.91045,21.89519],[105.93003,21.89587],[105.94654,21.90254],[105.97094,21.92476],[105.97023,21.93515],[106.01233,21.9375],[106.02613,21.96402],[105.99685,21.95655],[105.97429,21.97907],[105.94173,21.97764],[105.92859,21.98768],[105.93738,21.99967],[105.94167,22.01955],[105.96419,22.02583],[105.96821,22.05133],[105.97877,22.06342],[105.99807,22.07104],[106.00156,22.08877],[105.98822,22.08988],[105.97044,22.10113],[105.95186,22.10222],[105.947,22.11888],[105.92434,22.12185],[105.9221,22.09989],[105.9323,22.08855],[105.90284,22.08279],[105.89611,22.0665],[105.88431,22.07391],[105.86387,22.05492],[105.85581,22.08771],[105.84178,22.09204],[105.82426,22.08345],[105.79852,22.09968]]]},"properties":{"shapeName":"Cho Moi","shapeISO":"","shapeID":"81297802B24308322432437","shapeGroup":"VNM","shapeType":"ADM2"}},
{"type":"Feature","geometry":{"type":"Polygon","coordinates":[[[105.34555,10.49207],[105.38267,10.45272],[105.40614,10.44072],[105.44901,10.43826],[105.45605,10.42753],[105.44983,10.40859],[105.45014,10.38968],[105.45876,10.36821],[105.48768,10.33459],[105.49995,10.35442],[105.52085,10.36339],[105.52899,10.37703],[105.52386,10.40026],[105.54656,10.42076],[105.55483,10.43431],[105.57412,10.42945],[105.57559,10.44717],[105.57095,10.47751],[105.55777,10.50837],[105.55368,10.51571],[105.53884,10.53258],[105.51333,10.54709],[105.48613,10.54173],[105.47986,10.53561],[105.44465,10.55292],[105.41568,10.55038],[105.39166,10.569],[105.36818,10.57674],[105.35425,10.55965],[105.32683,10.54238],[105.3288,10.53038],[105.34555,10.49207]]]},"properties":{"shapeName":"Cho Moi","shapeISO":"","shapeID":"81297802B9073555262789","shapeGroup":"VNM","shapeType":"ADM2"}},
{"type":"Feature","geometry":{"type":"Polygon","coordinates":[[[106.65889,11.35601],[106.67591,11.35822],[106.67916,11.39775],[106.69722,11.40273],[106.7042,11.39628],[106.72636,11.42365],[106.75217,11.44563],[106.75009,11.46732],[106.75382,11.47652],[106.76742,11.47986],[106.75748,11.48852],[106.76747,11.54029],[106.77822,11.55334],[106.76643,11.59485],[106.74657,11.60119],[106.725,11.58345],[106.71001,11.58713],[106.6953,11.59914],[106.68856,11.5942],[106.685,11.55822],[106.68831,11.53571],[106.66432,11.51535],[106.64256,11.51542],[106.62948,11.5094],[106.60511,11.50701],[106.57554,11.50806],[106.57414,11.49071],[106.55805,11.48254],[106.57317,11.45505],[106.55895,11.43946],[106.54862,11.43598],[106.54104,11.42373],[106.5482,11.40657],[106.53897,11.38742],[106.55309,11.37266],[106.56269,11.37006],[106.57627,11.3786],[106.61298,11.38722],[106.61624,11.36334],[106.65889,11.35601]]]},"properties":{"shapeName":"Chon Thanh","shapeISO":"","shapeID":"81297802B36298380371063","shapeGroup":"VNM","shapeType":"ADM2"}},
{"type":"Feature","geometry":{"type":"Polygon","coordinates":[[[108.2325,14.38968],[108.21002,14.38717],[108.20362,14.37486],[108.18969,14.36873],[108.17014,14.368],[108.14609,14.34764],[108.1149,14.36348],[108.10427,14.33767],[108.0819,14.33419],[108.08817,14.31519],[108.07324,14.3061],[108.06291,14.27267],[108.05526,14.26696],[108.04317,14.27687],[108.01707,14.25079],[108.015,14.24047],[107.99488,14.23359],[107.97795,14.24046],[107.96574,14.2301],[107.95682,14.23156],[107.94853,14.24429],[107.93223,14.24075],[107.91895,14.26048],[107.89936,14.27693],[107.8766,14.28273],[107.8727,14.27568],[107.85,14.27585],[107.83543,14.26543],[107.8374,14.23362],[107.82833,14.2329],[107.817,14.21371],[107.80679,14.21259],[107.78353,14.22558],[107.77777,14.21592],[107.76303,14.21269],[107.75928,14.20214],[107.72585,14.21495],[107.69972,14.21547],[107.68818,14.22088],[107.67916,14.19244],[107.67014,14.17579],[107.65804,14.165],[107.66518,14.13799],[107.68609,14.13001],[107.72261,14.12707],[107.73606,14.12029],[107.73375,14.10991],[107.74911,14.10003],[107.74926,14.07653],[107.77537,14.08423],[107.79549,14.07459],[107.814,14.07827],[107.82791,14.07316],[107.86303,14.07837],[107.87447,14.0866],[107.88459,14.10359],[107.90518,14.10098],[107.9282,14.09089],[107.95453,14.07376],[107.96651,14.05377],[107.98385,14.05256],[107.98539,14.06228],[108.01524,14.05839],[108.03247,14.08021],[108.05057,14.087],[108.05782,14.10564],[108.07789,14.09909],[108.08914,14.10212],[108.09282,14.11538],[108.08451,14.14385],[108.09231,14.1524],[108.08564,14.16701],[108.09837,14.19557],[108.11685,14.21865],[108.12583,14.22504],[108.16269,14.23315],[108.1811,14.21529],[108.19284,14.21637],[108.19671,14.23647],[108.21117,14.2607],[108.21269,14.27245],[108.2054,14.28613],[108.20547,14.32661],[108.19456,14.33507],[108.20658,14.35313],[108.22367,14.36395],[108.2325,14.38968]]]},"properties":{"shapeName":"Chu Pah","shapeISO":"","shapeID":"81297802B21786246689715","shapeGroup":"VNM","shapeType":"ADM2"}},
{"type":"Feature","geometry":{"type":"Polygon","coordinates":[[[107.99844,13.85543],[107.99865,13.86634],[108.01261,13.88101],[107.99239,13.86799],[107.98428,13.85198],[107.96757,13.836],[107.96412,13.84628],[107.969,13.86684],[107.94824,13.86351],[107.94198,13.86979],[107.91773,13.86173],[107.91444,13.86835],[107.87348,13.87309],[107.86888,13.87833],[107.84046,13.87785],[107.83934,13.85911],[107.82485,13.85236],[107.82129,13.84047],[107.82711,13.81132],[107.8228,13.77212],[107.81226,13.76367],[107.80578,13.74372],[107.76634,13.71946],[107.75273,13.69173],[107.72793,13.69905],[107.70842,13.71125],[107.67662,13.68676],[107.66296,13.68094],[107.66306,13.67129],[107.63802,13.66039],[107.63058,13.64367],[107.61667,13.62778],[107.60033,13.62176],[107.57898,13.62596],[107.57365,13.61799],[107.61732,13.52854],[107.63124,13.36016],[107.60646,13.30519],[107.63062,13.32198],[107.64894,13.32706],[107.6501,13.3422],[107.70403,13.37467],[107.70998,13.36955],[107.74892,13.36298],[107.78611,13.37555],[107.80882,13.39487],[107.81686,13.39284],[107.83923,13.40051],[107.85168,13.3893],[107.87652,13.39361],[107.88697,13.38464],[107.90717,13.38889],[107.92072,13.37985],[107.9323,13.43181],[107.92295,13.45139],[107.94941,13.46625],[107.9485,13.48051],[107.93378,13.49561],[107.93772,13.50627],[107.9202,13.51047],[107.91925,13.53044],[107.94112,13.56917],[107.94527,13.59063],[107.96126,13.59119],[107.97342,13.59834],[107.97276,13.61156],[107.97727,13.62309],[107.99356,13.62533],[108.01281,13.63891],[108.01824,13.65983],[108.00757,13.68235],[108.0082,13.70229],[108.00286,13.71267],[108.00901,13.73582],[108.00798,13.74897],[107.99502,13.76379],[107.99877,13.77505],[108.01365,13.78189],[108.00373,13.79597],[108.019,13.79956],[108.00668,13.83162],[107.99895,13.82975],[107.99844,13.85543]]]},"properties":{"shapeName":"Chu Prong","shapeISO":"","shapeID":"81297802B50675624734559","shapeGroup":"VNM","shapeType":"ADM2"}},
{"type":"Feature","geometry":{"type":"Polygon","coordinates":[[[107.92072,13.37985],[107.93892,13.3758],[107.95518,13.3845],[107.96579,13.37995],[107.98161,13.38401],[107.98397,13.39288],[108.00929,13.38092],[108.0221,13.38737],[108.03569,13.40263],[108.04533,13.40094],[108.06875,13.40956],[108.0805,13.40309],[108.11229,13.41658],[108.12502,13.40956],[108.14473,13.40768],[108.17993,13.38406],[108.20915,13.3765],[108.22551,13.39812],[108.21611,13.44862],[108.20216,13.4518],[108.23194,13.47454],[108.23322,13.5354],[108.21573,13.53272],[108.18452,13.55556],[108.18173,13.57152],[108.1704,13.5921],[108.14158,13.63224],[108.14177,13.64369],[108.11016,13.63638],[108.10787,13.62214],[108.07257,13.62674],[108.06202,13.59581],[108.03921,13.5832],[108.02296,13.61128],[107.99532,13.59995],[107.97276,13.61156],[107.97342,13.59834],[107.96126,13.59119],[107.94527,13.59063],[107.94112,13.56917],[107.91925,13.53044],[107.9202,13.51047],[107.93772,13.50627],[107.93378,13.49561],[107.9485,13.48051],[107.94941,13.46625],[107.92295,13.45139],[107.9323,13.43181],[107.92072,13.37985]]]},"properties":{"shapeName":"Chu Puh","shapeISO":"","shapeID":"81297802B62904822955283","shapeGroup":"VNM","shapeType":"ADM2"}},
{"type":"Feature","geometry":{"type":"Polygon","coordinates":[[[107.97276,13.61156],[107.99532,13.59995],[108.02296,13.61128],[108.03921,13.5832],[108.06202,13.59581],[108.07257,13.62674],[108.10787,13.62214],[108.11016,13.63638],[108.14177,13.64369],[108.14158,13.63224],[108.1704,13.5921],[108.18173,13.57152],[108.18452,13.55556],[108.21573,13.53272],[108.23322,13.5354],[108.23761,13.56246],[108.23473,13.58153],[108.26204,13.61899],[108.26809,13.63577],[108.27727,13.64324],[108.28261,13.66132],[108.30106,13.66114],[108.31582,13.67611],[108.29524,13.67819],[108.26427,13.70518],[108.25276,13.70908],[108.23949,13.69726],[108.23329,13.68402],[108.21916,13.68621],[108.18278,13.68312],[108.1841,13.71638],[108.18962,13.74897],[108.17477,13.75096],[108.17324,13.786],[108.16267,13.81235],[108.17582,13.83463],[108.16688,13.83696],[108.15709,13.85071],[108.13542,13.84745],[108.12439,13.86146],[108.07737,13.86088],[108.04796,13.85226],[108.02818,13.85176],[108.01308,13.85812],[107.99844,13.85543],[107.99895,13.82975],[108.00668,13.83162],[108.019,13.79956],[108.00373,13.79597],[108.01365,13.78189],[107.99877,13.77505],[107.99502,13.76379],[108.00798,13.74897],[108.00901,13.73582],[108.00286,13.71267],[108.0082,13.70229],[108.00757,13.68235],[108.01824,13.65983],[108.01281,13.63891],[107.99356,13.62533],[107.97727,13.62309],[107.97276,13.61156]]]},"properties":{"shapeName":"Chu Se","shapeISO":"","shapeID":"81297802B12572198720361","shapeGroup":"VNM","shapeType":"ADM2"}},
{"type":"Feature","geometry":{"type":"Polygon","coordinates":[[[105.72505,20.95114],[105.70893,20.95789],[105.68314,20.95525],[105.66297,20.94897],[105.63372,20.95487],[105.6151,20.92589],[105.59769,20.91312],[105.57905,20.91601],[105.55515,20.88608],[105.58294,20.85951],[105.58529,20.83966],[105.57465,20.82234],[105.56173,20.82076],[105.56087,20.80177],[105.58847,20.79529],[105.58356,20.8158],[105.59695,20.83863],[105.62638,20.83226],[105.63301,20.82135],[105.63074,20.79364],[105.64835,20.79243],[105.65021,20.8095],[105.65734,20.81468],[105.70944,20.80959],[105.73532,20.80898],[105.75496,20.81349],[105.7595,20.83727],[105.75059,20.85626],[105.73626,20.86245],[105.73648,20.89209],[105.72726,20.90134],[105.73473,20.91086],[105.72709,20.92454],[105.70623,20.93353],[105.72505,20.95114]]]},"properties":{"shapeName":"Chuong My","shapeISO":"","shapeID":"81297802B99190294686821","shapeGroup":"VNM","shapeType":"ADM2"}},
{"type":"Feature","geometry":{"type":"Polygon","coordinates":[[[105.55658,10.15215],[105.53662,10.17185],[105.54608,10.20085],[105.54447,10.2228],[105.52307,10.21896],[105.49874,10.23474],[105.48941,10.23359],[105.47043,10.19411],[105.45667,10.18318],[105.44156,10.18535],[105.41432,10.16637],[105.37169,10.16173],[105.34585,10.13642],[105.3531,10.10068],[105.3566,10.08298],[105.36431,10.07323],[105.41811,10.02525],[105.4298,10.03168],[105.45234,10.06087],[105.49122,10.06425],[105.49435,10.05962],[105.52214,10.05646],[105.52303,10.08532],[105.58159,10.1286],[105.55658,10.15215]]]},"properties":{"shapeName":"Co Do","shapeISO":"","shapeID":"81297802B1021983329449","shapeGroup":"VNM","shapeType":"ADM2"}},
{"type":"Feature","geometry":{"type":"MultiPolygon","coordinates":[[[[107.75546,21.01279],[107.73897,21.01714],[107.73112,21.00495],[107.74042,20.991],[107.75424,20.98352],[107.76488,20.9611],[107.78079,20.97199],[107.77702,20.98403],[107.76262,20.98592],[107.76874,21.00276],[107.75546,21.01279]]],[[[107.86132,21.03892],[107.85459,21.04561],[107.83965,21.04383],[107.82454,21.02995],[107.80524,20.99243],[107.81269,20.98442],[107.83151,21.0002],[107.83763,21.01058],[107.86402,21.02975],[107.86132,21.03892]]],[[[107.9726,21.24779],[107.9476,21.23835],[107.95585,21.22972],[107.97802,21.22956],[107.9726,21.24779]]]]},"properties":{"shapeName":"Co To","shapeISO":"","shapeID":"81297802B76384767601248","shapeGroup":"VNM","shapeType":"ADM2"}},
{"type":"Feature","geometry":{"type":"Polygon","coordinates":[[[107.33708,17.166],[107.33156,17.15801],[107.34297,17.15044],[107.34801,17.15702],[107.33708,17.166]]]},"properties":{"shapeName":"Con Co","shapeISO":"","shapeID":"81297802B79612246152029","shapeGroup":"VNM","shapeType":"ADM2"}},
{"type":"Feature","geometry":{"type":"Polygon","coordinates":[[[105.04229,19.16889],[105.04703,19.18117],[105.02978,19.18424],[105.0192,19.19727],[104.99502,19.19215],[104.98607,19.2079],[104.97352,19.2128],[104.97375,19.22569],[104.98999,19.23713],[104.99308,19.24985],[104.9773,19.26499],[104.97956,19.28552],[104.99638,19.30564],[104.99557,19.31676],[104.98458,19.32764],[105,19.34179],[104.98204,19.35294],[104.96802,19.34876],[104.9531,19.33162],[104.93753,19.33006],[104.92862,19.32225],[104.92746,19.31718],[104.89664,19.30055],[104.90045,19.26165],[104.8845,19.25246],[104.87445,19.25708],[104.85855,19.24454],[104.84545,19.22246],[104.84555,19.21104],[104.81509,19.21614],[104.78792,19.20363],[104.77233,19.20251],[104.76132,19.21418],[104.75034,19.20182],[104.73122,19.1986],[104.71786,19.17771],[104.7213,19.16139],[104.7158,19.13618],[104.70722,19.11872],[104.69374,19.10221],[104.6803,19.09339],[104.66559,19.0769],[104.65962,19.06296],[104.64807,19.05724],[104.63827,19.03815],[104.62932,19.03862],[104.59471,19.02176],[104.56235,19.02556],[104.54532,19.00497],[104.54846,18.99677],[104.52999,18.98226],[104.54508,18.97014],[104.54861,18.95182],[104.56219,18.93806],[104.58116,18.90085],[104.62918,18.88644],[104.63941,18.86796],[104.65477,18.86363],[104.66947,18.85279],[104.67077,18.84235],[104.69266,18.83316],[104.71368,18.83517],[104.72187,18.8166],[104.73695,18.81368],[104.73993,18.80039],[104.7615,18.79188],[104.78344,18.80055],[104.79453,18.78298],[104.81002,18.78106],[104.84212,18.78394],[104.85901,18.77326],[104.87404,18.78452],[104.91268,18.78674],[104.92241,18.81158],[104.92207,18.82232],[104.9335,18.83976],[104.92184,18.85318],[104.93052,18.87371],[104.94586,18.87634],[104.96554,18.86463],[104.98002,18.87583],[105.0029,18.88589],[105.00805,18.91299],[104.9996,18.91474],[104.97165,18.94246],[104.97752,18.94909],[104.96559,18.98234],[104.94756,18.98037],[104.93459,18.98916],[104.934,19.01012],[104.92325,19.02528],[104.92726,19.04342],[104.90031,19.04343],[104.90557,19.0609],[104.93384,19.05799],[104.95013,19.04722],[104.97706,19.05201],[104.98886,19.07021],[105.00181,19.06872],[105.00945,19.09882],[105.00694,19.10538],[105.024,19.12463],[105.02673,19.15032],[105.04229,19.16889]]]},"properties":{"shapeName":"Con Cuong","shapeISO":"","shapeID":"81297802B27308287932068","shapeGroup":"VNM","shapeType":"ADM2"}},
{"type":"Feature","geometry":{"type":"MultiPolygon","coordinates":[[[[106.54867,8.64396],[106.56014,8.6342],[106.57628,8.64579],[106.54342,8.66169],[106.54867,8.64396]]],[[[106.6905,8.66246],[106.70589,8.6639],[106.70232,8.67695],[106.68112,8.66959],[106.67217,8.68135],[106.65961,8.67812],[106.67287,8.6579],[106.6905,8.66246]]],[[[106.62914,8.69146],[106.63606,8.70016],[106.65173,8.69103],[106.65954,8.69323],[106.63744,8.71795],[106.6432,8.73155],[106.66052,8.73041],[106.66539,8.74004],[106.64137,8.75346],[106.62265,8.74355],[106.62017,8.73191],[106.59301,8.72487],[106.58861,8.70869],[106.57901,8.70684],[106.56116,8.67673],[106.57164,8.6548],[106.58217,8.64477],[106.61362,8.64058],[106.5986,8.67162],[106.6185,8.68951],[106.62914,8.69146]]]]},"properties":{"shapeName":"Con Dao","shapeISO":"","shapeID":"81297802B83873736556753","shapeGroup":"VNM","shapeType":"ADM2"}},
{"type":"Feature","geometry":{"type":"Polygon","coordinates":[[[106.50769,11.14183],[106.47182,11.14255],[106.47068,11.1521],[106.45518,11.15938],[106.45696,11.1428],[106.44736,11.13487],[106.442,11.11439],[106.43065,11.09182],[106.42301,11.04108],[106.40855,11.02209],[106.4139,11.00849],[106.38829,10.99857],[106.37438,10.99922],[106.35677,10.99173],[106.37319,10.96962],[106.41208,10.97361],[106.45333,10.94205],[106.49624,10.92072],[106.5375,10.9158],[106.58578,10.91946],[106.62215,10.91438],[106.65357,10.91954],[106.65744,10.92579],[106.65159,10.94217],[106.65015,10.97444],[106.62695,10.97968],[106.61617,10.9898],[106.62111,11.00593],[106.59786,11.01598],[106.59538,11.02922],[106.60339,11.03957],[106.58364,11.03745],[106.56674,11.04504],[106.55032,11.04603],[106.5329,11.0591],[106.52375,11.07373],[106.52238,11.09005],[106.52685,11.12067],[106.5159,11.12542],[106.50769,11.14183]]]},"properties":{"shapeName":"Cu Chi","shapeISO":"","shapeID":"81297802B99873561685500","shapeGroup":"VNM","shapeType":"ADM2"}},
{"type":"Feature","geometry":{"type":"Polygon","coordinates":[[[107.5595,12.79634],[107.56245,12.77406],[107.55962,12.74645],[107.56702,12.72671],[107.55896,12.71471],[107.56953,12.69591],[107.57931,12.70099],[107.59439,12.69137],[107.62088,12.69616],[107.62985,12.68863],[107.64223,12.65823],[107.65038,12.64699],[107.68255,12.62921],[107.69821,12.62859],[107.7123,12.61701],[107.73553,12.61215],[107.75002,12.60073],[107.76826,12.59946],[107.78279,12.58044],[107.79245,12.57399],[107.81695,12.5741],[107.84275,12.56065],[107.85572,12.55865],[107.86864,12.54624],[107.89231,12.55141],[107.89679,12.55539],[107.894,12.56517],[107.9135,12.5778],[107.93123,12.58174],[107.93531,12.59729],[107.92315,12.62911],[107.9151,12.65842],[107.90498,12.67346],[107.91174,12.69017],[107.89572,12.71205],[107.90713,12.72955],[107.90981,12.74301],[107.87084,12.75237],[107.85624,12.76288],[107.85346,12.78017],[107.86353,12.79824],[107.84483,12.81152],[107.82451,12.80154],[107.81824,12.78979],[107.80314,12.77998],[107.78097,12.77814],[107.73355,12.78207],[107.72493,12.78566],[107.68837,12.78919],[107.66259,12.7986],[107.64147,12.79466],[107.63559,12.80419],[107.60727,12.79608],[107.5595,12.79634]]]},"properties":{"shapeName":"Cu Jut","shapeISO":"","shapeID":"81297802B43064907961903","shapeGroup":"VNM","shapeType":"ADM2"}},
{"type":"Feature","geometry":{"type":"Polygon","coordinates":[[[108.07699,12.5535],[108.08719,12.54405],[108.11535,12.54787],[108.11839,12.52481],[108.12738,12.52118],[108.16774,12.523],[108.1716,12.49586],[108.17769,12.4906],[108.1824,12.50774],[108.20783,12.51811],[108.21681,12.51493],[108.2444,12.51669],[108.25234,12.52531],[108.24932,12.5389],[108.2555,12.55365],[108.27904,12.57233],[108.28267,12.59461],[108.28102,12.62372],[108.28585,12.62572],[108.27018,12.64606],[108.22002,12.63011],[108.21473,12.65834],[108.20219,12.66368],[108.17259,12.66191],[108.15653,12.64997],[108.14582,12.65491],[108.14192,12.6509],[108.11244,12.647],[108.08803,12.62536],[108.06959,12.62828],[108.0726,12.60998],[108.0606,12.60505],[108.08057,12.59104],[108.07699,12.5535]]]},"properties":{"shapeName":"Cu Kuin","shapeISO":"","shapeID":"81297802B8003578408571","shapeGroup":"VNM","shapeType":"ADM2"}},
{"type":"Feature","geometry":{"type":"Polygon","coordinates":[[[106.07357,9.77441],[106.06894,9.75893],[106.09146,9.71985],[106.11729,9.66198],[106.1381,9.63931],[106.15371,9.61616],[106.18487,9.57815],[106.1948,9.56009],[106.21719,9.51054],[106.21986,9.48653],[106.2495,9.49436],[106.28397,9.52097],[106.30634,9.52573],[106.3351,9.5358],[106.30709,9.58128],[106.27234,9.60246],[106.24831,9.61703],[106.20853,9.65109],[106.17713,9.68057],[106.13293,9.72637],[106.11141,9.75122],[106.09112,9.76605],[106.07357,9.77441]]]},"properties":{"shapeName":"Cu Lao Dung","shapeISO":"","shapeID":"81297802B41374649859024","shapeGroup":"VNM","shapeType":"ADM2"}},
{"type":"Feature","geometry":{"type":"Polygon","coordinates":[[[108.02982,12.74465],[108.08056,12.74177],[108.08654,12.76861],[108.11738,12.76179],[108.11936,12.74291],[108.13331,12.7364],[108.14436,12.74033],[108.14835,12.7244],[108.16508,12.7145],[108.18524,12.7244],[108.18391,12.73506],[108.20336,12.73351],[108.20567,12.74823],[108.22162,12.74475],[108.22673,12.75762],[108.21657,12.78634],[108.19793,12.79373],[108.20632,12.81143],[108.20514,12.82326],[108.18708,12.83015],[108.19017,12.84267],[108.20797,12.86265],[108.22165,12.8671],[108.21336,12.88139],[108.21364,12.9009],[108.20052,12.90241],[108.2036,12.92522],[108.2018,12.94085],[108.17852,12.95495],[108.16859,12.96777],[108.15023,12.98036],[108.13333,12.96494],[108.10816,12.98294],[108.10649,13.00337],[108.10082,13.00911],[108.10469,13.02854],[108.10073,13.03903],[108.10805,13.04991],[108.09604,13.05803],[108.083,13.07052],[108.05656,13.05155],[108.03479,13.07421],[108.02006,13.07079],[107.99872,13.04923],[107.99451,13.02842],[107.98266,13.02033],[107.97292,13.02574],[107.96108,13.00942],[107.97234,12.97702],[107.94532,12.93592],[107.92386,12.90913],[107.92579,12.87948],[107.93476,12.87428],[107.91924,12.8234],[107.9366,12.81952],[107.94466,12.80144],[107.96871,12.80214],[107.97861,12.80975],[108.0039,12.80674],[108.00446,12.76491],[108.01038,12.75346],[108.02982,12.74465]]]},"properties":{"shapeName":"Cu Mgar","shapeISO":"","shapeID":"81297802B57943820891789","shapeGroup":"VNM","shapeType":"ADM2"}},
{"type":"Feature","geometry":{"type":"Polygon","coordinates":[[[105.76184,18.76396],[105.7337,18.79492],[105.71776,18.82262],[105.71818,18.833],[105.71336,18.81874],[105.70102,18.80432],[105.70145,18.79377],[105.71241,18.77757],[105.72291,18.77435],[105.72705,18.75986],[105.74185,18.74555],[105.76184,18.76396]]]},"properties":{"shapeName":"Cua Lo","shapeISO":"","shapeID":"81297802B13550924224659","shapeGroup":"VNM","shapeType":"ADM2"}},
{"type":"Feature","geometry":{"type":"Polygon","coordinates":[[[105.26377,20.77651],[105.27471,20.78484],[105.28591,20.80776],[105.30341,20.81789],[105.29178,20.84474],[105.30168,20.85846],[105.29464,20.88034],[105.30886,20.90316],[105.31266,20.92413],[105.29658,20.92419],[105.2894,20.93143],[105.27538,20.92475],[105.27079,20.93522],[105.25201,20.94228],[105.2225,20.93624],[105.20925,20.91797],[105.19383,20.92946],[105.20633,20.95078],[105.19211,20.95853],[105.17754,20.94507],[105.13161,20.93787],[105.10954,20.95534],[105.09145,20.96108],[105.0891,20.97071],[105.05521,21.01029],[105.03719,21.01437],[105.02137,21.02129],[105.01682,21.03129],[104.98951,21.04901],[104.95659,21.05666],[104.93844,21.05587],[104.93074,21.06489],[104.91552,21.06539],[104.9262,21.08433],[104.91506,21.09805],[104.91188,21.11133],[104.87656,21.09841],[104.86781,21.07559],[104.85353,21.06891],[104.86868,21.02963],[104.88184,21.0219],[104.89118,21.00689],[104.89523,20.98742],[104.92174,20.96495],[104.93958,20.93248],[104.95395,20.92509],[104.97844,20.90543],[104.97974,20.8922],[104.99138,20.87461],[105.01529,20.86683],[105.0391,20.84025],[105.09627,20.80558],[105.09987,20.79229],[105.07753,20.76692],[105.08432,20.76071],[105.10882,20.76327],[105.11537,20.75272],[105.14042,20.75133],[105.15102,20.76855],[105.17795,20.76064],[105.19639,20.77146],[105.21477,20.77106],[105.23372,20.7858],[105.24132,20.77966],[105.26377,20.77651]]]},"properties":{"shapeName":"Da Bac","shapeISO":"","shapeID":"81297802B60514422076531","shapeGroup":"VNM","shapeType":"ADM2"}},
{"type":"Feature","geometry":{"type":"Polygon","coordinates":[[[107.74135,11.4445],[107.72442,11.44763],[107.70422,11.49504],[107.69679,11.50098],[107.69421,11.53144],[107.68086,11.5452],[107.66833,11.58079],[107.66192,11.58047],[107.63986,11.54956],[107.62541,11.54253],[107.6173,11.52707],[107.58448,11.50675],[107.56012,11.48169],[107.53042,11.46718],[107.51472,11.47336],[107.49613,11.47194],[107.48011,11.45685],[107.47524,11.43597],[107.48884,11.42347],[107.48759,11.39597],[107.49782,11.39489],[107.50375,11.38279],[107.51326,11.38397],[107.51785,11.3704],[107.53671,11.35526],[107.54319,11.36207],[107.5673,11.3815],[107.57622,11.38135],[107.59396,11.35821],[107.60988,11.34386],[107.65655,11.33191],[107.66824,11.32431],[107.68735,11.32323],[107.7116,11.33467],[107.71883,11.34181],[107.72208,11.35948],[107.73822,11.36638],[107.79677,11.37178],[107.79831,11.39641],[107.7812,11.39935],[107.76682,11.42525],[107.74135,11.4445]]]},"properties":{"shapeName":"Da Huoai","shapeISO":"","shapeID":"81297802B42288402015377","shapeGroup":"VNM","shapeType":"ADM2"}},
{"type":"Feature","geometry":{"type":"Polygon","coordinates":[[[107.1303,16.4481],[107.13585,16.45643],[107.1251,16.48193],[107.09557,16.50465],[107.08353,16.50215],[107.0549,16.52109],[107.07439,16.54236],[107.10159,16.55257],[107.12171,16.55194],[107.12666,16.5646],[107.1407,16.57183],[107.11434,16.58523],[107.11099,16.60026],[107.09408,16.60795],[107.09155,16.61814],[107.07924,16.62817],[107.06718,16.64826],[107.05542,16.66017],[107.05992,16.67948],[107.04731,16.68946],[107.03538,16.68433],[107.02116,16.68705],[107.00068,16.69918],[106.97626,16.69069],[106.97138,16.69509],[106.92921,16.68468],[106.91528,16.68683],[106.89843,16.70723],[106.89864,16.71799],[106.88563,16.73805],[106.86959,16.75431],[106.86834,16.76622],[106.85755,16.76911],[106.84318,16.78257],[106.83135,16.81074],[106.80841,16.82396],[106.78155,16.82152],[106.77716,16.83635],[106.76223,16.82014],[106.75666,16.80697],[106.73473,16.79263],[106.71418,16.76653],[106.7266,16.75621],[106.74224,16.75718],[106.75299,16.74795],[106.76612,16.74567],[106.79588,16.73141],[106.8056,16.70705],[106.80153,16.67622],[106.77543,16.67198],[106.78555,16.64526],[106.77801,16.62465],[106.79194,16.62094],[106.80462,16.60842],[106.8189,16.60331],[106.82141,16.57415],[106.83077,16.54875],[106.86278,16.541],[106.8868,16.52155],[106.89043,16.51149],[106.88662,16.49094],[106.87785,16.48285],[106.87787,16.46876],[106.88715,16.46095],[106.88751,16.44931],[106.87156,16.43579],[106.87406,16.42599],[106.88674,16.42145],[106.89774,16.391],[106.92588,16.36765],[106.96488,16.35392],[106.96769,16.33422],[106.95992,16.31195],[106.96535,16.30158],[106.99536,16.30781],[107.00444,16.31326],[107.02009,16.30282],[107.02778,16.31043],[107.02073,16.35568],[107.03021,16.3702],[107.06005,16.38761],[107.05881,16.41304],[107.04985,16.42538],[107.05985,16.44833],[107.08855,16.44887],[107.10853,16.44149],[107.1303,16.4481]]]},"properties":{"shapeName":"Da Krong","shapeISO":"","shapeID":"81297802B86066179794931","shapeGroup":"VNM","shapeType":"ADM2"}},
{"type":"Feature","geometry":{"type":"Polygon","coordinates":[[[108.57084,11.963],[108.55701,11.9744],[108.53447,11.98396],[108.50587,11.98532],[108.49201,11.99254],[108.4741,11.98911],[108.45167,12.00599],[108.43833,11.99156],[108.42436,12.00069],[108.40726,12.00474],[108.37407,11.98628],[108.35742,11.99361],[108.33631,11.98086],[108.32405,11.96424],[108.31924,11.91515],[108.32509,11.90586],[108.35039,11.89004],[108.36661,11.89898],[108.37294,11.8897],[108.38408,11.89115],[108.3886,11.87911],[108.41372,11.8657],[108.4261,11.85396],[108.42966,11.86185],[108.44939,11.87983],[108.48563,11.87067],[108.4884,11.85585],[108.50098,11.84172],[108.48773,11.82507],[108.50572,11.81095],[108.52166,11.81453],[108.5354,11.80764],[108.54381,11.81496],[108.55134,11.83223],[108.58078,11.84777],[108.59269,11.85727],[108.58581,11.88808],[108.5916,11.90501],[108.57905,11.9072],[108.57389,11.92676],[108.56472,11.93894],[108.57084,11.963]]]},"properties":{"shapeName":"Da Lat","shapeISO":"","shapeID":"81297802B86448730167777","shapeGroup":"VNM","shapeType":"ADM2"}},
{"type":"Feature","geometry":{"type":"Polygon","coordinates":[[[107.48411,11.7062],[107.47663,11.69661],[107.46586,11.69967],[107.45897,11.68289],[107.45623,11.64893],[107.43722,11.63421],[107.42951,11.60094],[107.41759,11.58702],[107.405,11.56275],[107.40918,11.54878],[107.39928,11.54086],[107.40188,11.52977],[107.40991,11.52823],[107.42026,11.51111],[107.42958,11.51897],[107.45347,11.50148],[107.46574,11.47709],[107.46254,11.46275],[107.44701,11.44822],[107.43048,11.43988],[107.45403,11.42008],[107.45995,11.4308],[107.47524,11.43597],[107.48011,11.45685],[107.49613,11.47194],[107.51472,11.47336],[107.53042,11.46718],[107.56012,11.48169],[107.58448,11.50675],[107.6173,11.52707],[107.62541,11.54253],[107.63986,11.54956],[107.66192,11.58047],[107.66833,11.58079],[107.67339,11.59934],[107.65855,11.61399],[107.65624,11.63909],[107.63818,11.64722],[107.64109,11.6555],[107.6086,11.67011],[107.59687,11.67864],[107.58384,11.67854],[107.53552,11.69591],[107.49749,11.69253],[107.48411,11.7062]]]},"properties":{"shapeName":"Da Teh","shapeISO":"","shapeID":"81297802B88275273163475","shapeGroup":"VNM","shapeType":"ADM2"}},
{"type":"Feature","geometry":{"type":"Polygon","coordinates":[[[108.14695,15.93346],[108.13701,15.93086],[108.10958,15.94805],[108.08785,15.9341],[108.08092,15.92538],[108.04098,15.93495],[108.02005,15.93012],[108.00549,15.92141],[107.9858,15.91888],[107.96783,15.92621],[107.92842,15.91221],[107.91304,15.9106],[107.87965,15.93135],[107.85989,15.9378],[107.84892,15.93388],[107.84586,15.91622],[107.83619,15.90728],[107.83761,15.88354],[107.83017,15.86091],[107.81739,15.85331],[107.80116,15.8274],[107.82577,15.81976],[107.83261,15.80442],[107.84645,15.80067],[107.857,15.7905],[107.87804,15.74351],[107.8852,15.73973],[107.89741,15.74668],[107.91957,15.74167],[107.93738,15.72736],[107.95402,15.73033],[107.97002,15.72521],[108.00675,15.73189],[108.01809,15.74468],[108.02879,15.74396],[108.04635,15.76484],[108.04026,15.7772],[108.059,15.79032],[108.07029,15.8145],[108.0939,15.82438],[108.11666,15.84256],[108.13259,15.84221],[108.14471,15.85025],[108.14709,15.86326],[108.13469,15.88232],[108.13856,15.90376],[108.13351,15.91424],[108.14754,15.92029],[108.14695,15.93346]]]},"properties":{"shapeName":"Dai Loc","shapeISO":"","shapeID":"81297802B98438479076374","shapeGroup":"VNM","shapeType":"ADM2"}},
{"type":"Feature","geometry":{"type":"Polygon","coordinates":[[[105.71326,21.43025],[105.70547,21.44321],[105.71514,21.45673],[105.7204,21.47388],[105.73564,21.48298],[105.73774,21.491],[105.70947,21.51266],[105.71812,21.51786],[105.66675,21.55009],[105.6729,21.57107],[105.70266,21.57698],[105.71592,21.59189],[105.71223,21.60617],[105.75057,21.59854],[105.75995,21.59152],[105.77482,21.59549],[105.77577,21.6149],[105.76063,21.62302],[105.74111,21.64725],[105.73038,21.65223],[105.72759,21.66648],[105.68477,21.6807],[105.67552,21.6918],[105.67756,21.70398],[105.64432,21.72092],[105.64234,21.75248],[105.62585,21.77723],[105.6115,21.76687],[105.59168,21.76703],[105.58473,21.75217],[105.56481,21.74783],[105.54593,21.75321],[105.52486,21.7648],[105.50906,21.75037],[105.51597,21.73664],[105.50418,21.72977],[105.49146,21.70778],[105.47768,21.69758],[105.48794,21.68875],[105.48169,21.67874],[105.48355,21.65974],[105.50005,21.63206],[105.4966,21.61843],[105.50561,21.61236],[105.52364,21.5895],[105.54252,21.57384],[105.55684,21.57071],[105.56324,21.55845],[105.58398,21.53534],[105.60407,21.52877],[105.61205,21.50529],[105.63262,21.49497],[105.63171,21.47936],[105.65193,21.45776],[105.67577,21.4579],[105.68742,21.44283],[105.7045,21.44073],[105.71326,21.43025]]]},"properties":{"shapeName":"Dai Tu","shapeISO":"","shapeID":"81297802B22157258808987","shapeGroup":"VNM","shapeType":"ADM2"}},
{"type":"Feature","geometry":{"type":"Polygon","coordinates":[[[108.05057,14.087],[108.05142,14.07664],[108.03863,14.06594],[108.039,14.04138],[108.05413,14.03522],[108.05764,14.01104],[108.07402,14.00054],[108.0887,14.00389],[108.09928,13.98102],[108.09391,13.96784],[108.07223,13.94913],[108.04751,13.94264],[108.04821,13.92242],[108.02947,13.91077],[108.02924,13.89785],[108.01261,13.88101],[107.99865,13.86634],[107.99844,13.85543],[108.01308,13.85812],[108.02818,13.85176],[108.04796,13.85226],[108.07737,13.86088],[108.12439,13.86146],[108.13542,13.84745],[108.15709,13.85071],[108.16688,13.83696],[108.17582,13.83463],[108.18897,13.85114],[108.20493,13.85092],[108.2249,13.8652],[108.23326,13.88844],[108.24304,13.89929],[108.23248,13.90749],[108.23275,13.92807],[108.22545,13.95865],[108.2272,13.98354],[108.21802,14.00329],[108.22439,14.01441],[108.21242,14.02986],[108.21097,14.0542],[108.21604,14.07345],[108.2225,14.07937],[108.24095,14.06833],[108.26296,14.07541],[108.25446,14.08728],[108.26872,14.12007],[108.25638,14.15025],[108.26553,14.15751],[108.26647,14.17232],[108.25984,14.18049],[108.26977,14.23143],[108.28136,14.23865],[108.29616,14.2292],[108.30983,14.23927],[108.32398,14.23419],[108.31766,14.24507],[108.32283,14.27701],[108.31466,14.28956],[108.31163,14.30593],[108.31447,14.32479],[108.30842,14.334],[108.31181,14.35071],[108.30998,14.37116],[108.29651,14.39174],[108.27426,14.38637],[108.25217,14.39087],[108.24511,14.39655],[108.2325,14.38968],[108.22367,14.36395],[108.20658,14.35313],[108.19456,14.33507],[108.20547,14.32661],[108.2054,14.28613],[108.21269,14.27245],[108.21117,14.2607],[108.19671,14.23647],[108.19284,14.21637],[108.1811,14.21529],[108.16269,14.23315],[108.12583,14.22504],[108.11685,14.21865],[108.09837,14.19557],[108.08564,14.16701],[108.09231,14.1524],[108.08451,14.14385],[108.09282,14.11538],[108.08914,14.10212],[108.07789,14.09909],[108.05782,14.10564],[108.05057,14.087]]]},"properties":{"shapeName":"Dak Doa","shapeISO":"","shapeID":"81297802B36312306774318","shapeGroup":"VNM","shapeType":"ADM2"}},
{"type":"Feature","geometry":{"type":"Polygon","coordinates":[[[107.66054,15.38698],[107.63821,15.41531],[107.62451,15.41464],[107.61325,15.39388],[107.59635,15.38281],[107.60908,15.36731],[107.60499,15.35338],[107.6103,15.33459],[107.635,15.31944],[107.62417,15.31086],[107.61536,15.28714],[107.62091,15.26312],[107.61937,15.24595],[107.624,15.23429],[107.61999,15.21213],[107.58799,15.19694],[107.60114,15.18624],[107.61679,15.15461],[107.62675,15.14972],[107.62229,15.13507],[107.61069,15.12601],[107.62271,15.10616],[107.59787,15.08786],[107.62152,15.05089],[107.60565,15.04559],[107.59404,15.05124],[107.5876,15.03538],[107.57783,15.02918],[107.55494,15.04404],[107.54017,15.04948],[107.51838,15.03927],[107.5155,15.0303],[107.49606,15.01994],[107.47378,15.02048],[107.46777,15.00702],[107.46796,14.98741],[107.48233,14.97141],[107.47854,14.95853],[107.49017,14.94356],[107.49941,14.94273],[107.50601,14.92874],[107.5299,14.92806],[107.53904,14.90767],[107.56156,14.90263],[107.58398,14.88635],[107.58935,14.86398],[107.60431,14.87071],[107.62309,14.86257],[107.65199,14.86594],[107.68816,14.86015],[107.7012,14.86504],[107.71239,14.8895],[107.72523,14.93312],[107.71816,14.94972],[107.74075,14.94669],[107.76024,14.96367],[107.78109,14.9727],[107.78752,14.98467],[107.8026,14.99212],[107.80673,15.00725],[107.82638,15.00329],[107.84644,15.01779],[107.86801,15.01966],[107.88232,15.01354],[107.89513,15.02874],[107.90818,15.01256],[107.90643,14.99775],[107.92271,15.00425],[107.94314,15.00545],[107.94932,15.0338],[107.95875,15.03806],[107.95171,15.05401],[107.97617,15.06938],[107.99335,15.11051],[108.00073,15.11811],[108.00342,15.13832],[107.99958,15.15644],[107.98166,15.16666],[107.95042,15.17514],[107.9488,15.18628],[107.93706,15.19073],[107.92773,15.20971],[107.91444,15.21198],[107.90108,15.20585],[107.89136,15.19298],[107.87108,15.2106],[107.84782,15.20663],[107.82924,15.20903],[107.8189,15.21633],[107.80913,15.21207],[107.77893,15.21784],[107.77128,15.22974],[107.75555,15.23668],[107.73857,15.22927],[107.73008,15.26351],[107.73012,15.30825],[107.70764,15.30336],[107.69297,15.31749],[107.66293,15.35429],[107.66054,15.38698]]]},"properties":{"shapeName":"Dak Glei","shapeISO":"","shapeID":"81297802B20367953633835","shapeGroup":"VNM","shapeType":"ADM2"}},
{"type":"Feature","geometry":{"type":"Polygon","coordinates":[[[107.89956,11.8079],[107.91851,11.80092],[107.95644,11.81905],[107.97412,11.79029],[107.98556,11.79979],[108.00344,11.80664],[108.01775,11.80598],[108.02344,11.81774],[108.05914,11.83862],[108.06758,11.8336],[108.08771,11.86365],[108.10091,11.87751],[108.11186,11.89872],[108.10617,11.90673],[108.08805,11.91314],[108.08278,11.92934],[108.07266,11.93872],[108.05271,11.94477],[108.04523,11.97699],[108.02773,11.99024],[108.02173,12.01777],[108.00841,12.02208],[108.0127,12.04057],[108.00964,12.04928],[107.99066,12.05485],[107.97887,12.05312],[107.96277,12.0673],[107.97486,12.07512],[107.98461,12.09239],[107.98936,12.12166],[108.01836,12.12664],[108.02418,12.13612],[108.05449,12.14065],[108.07091,12.13217],[108.09951,12.13958],[108.1125,12.15228],[108.11305,12.18398],[108.11402,12.19304],[108.09672,12.21047],[108.07359,12.18711],[108.06267,12.18668],[108.04249,12.19841],[108.03074,12.19368],[108.01461,12.20894],[108.01217,12.21716],[107.99782,12.22485],[107.98965,12.21257],[107.97507,12.21055],[107.96834,12.22326],[107.97558,12.26054],[107.95328,12.25926],[107.94342,12.24782],[107.92348,12.24726],[107.93691,12.26567],[107.92155,12.26686],[107.89346,12.24698],[107.86704,12.24249],[107.83543,12.22936],[107.82061,12.23],[107.81319,12.22209],[107.79204,12.22677],[107.78064,12.25148],[107.78565,12.26759],[107.76618,12.26728],[107.75393,12.23857],[107.73224,12.2364],[107.71658,12.22658],[107.74051,12.20965],[107.7451,12.19254],[107.73556,12.1811],[107.74209,12.16429],[107.73404,12.1393],[107.75161,12.13956],[107.76581,12.1101],[107.76697,12.08024],[107.75742,12.0742],[107.74409,12.04365],[107.72429,12.02949],[107.75139,12.01394],[107.76109,11.98876],[107.77632,11.98109],[107.78782,11.95499],[107.76243,11.93605],[107.74354,11.91817],[107.72888,11.91501],[107.73429,11.90365],[107.72336,11.89871],[107.73478,11.87495],[107.75211,11.86677],[107.7735,11.84894],[107.78814,11.85955],[107.82314,11.86303],[107.8272,11.87447],[107.84159,11.869],[107.85405,11.87447],[107.88866,11.87325],[107.89589,11.86963],[107.90152,11.85062],[107.89125,11.84422],[107.88816,11.82111],[107.89956,11.8079]]]},"properties":{"shapeName":"Dak Glong","shapeISO":"","shapeID":"81297802B52664178073196","shapeGroup":"VNM","shapeType":"ADM2"}},
{"type":"Feature","geometry":{"type":"Polygon","coordinates":[[[108.14087,14.79405],[108.1265,14.80024],[108.11415,14.79645],[108.09315,14.82357],[108.06345,14.81137],[108.04701,14.82799],[108.03517,14.81728],[108.01952,14.81228],[108.01523,14.802],[107.99995,14.79541],[108.00337,14.76032],[107.99971,14.75435],[107.97165,14.7465],[107.94815,14.74777],[107.93513,14.73796],[107.9131,14.72836],[107.9077,14.71042],[107.89338,14.69924],[107.88729,14.68235],[107.87384,14.68199],[107.88324,14.65898],[107.88648,14.63361],[107.90323,14.63272],[107.91082,14.62365],[107.90945,14.60046],[107.89782,14.585],[107.8873,14.58849],[107.87575,14.57672],[107.87894,14.56343],[107.86292,14.54742],[107.86299,14.52145],[107.86242,14.50135],[107.86999,14.49106],[107.88671,14.48648],[107.88887,14.46953],[107.88013,14.46245],[107.87976,14.43676],[107.89368,14.42883],[107.91441,14.42504],[107.92462,14.40474],[107.94643,14.39695],[107.9721,14.42828],[107.99826,14.44641],[108.0187,14.45381],[108.03152,14.43512],[108.0563,14.42974],[108.06884,14.41592],[108.081,14.42373],[108.08966,14.44484],[108.08377,14.47987],[108.10953,14.49733],[108.10645,14.50865],[108.11107,14.53317],[108.0592,14.56397],[108.0661,14.57501],[108.07001,14.59894],[108.06295,14.62817],[108.07507,14.63601],[108.07228,14.6654],[108.06231,14.67328],[108.07522,14.70162],[108.07296,14.71194],[108.08886,14.71982],[108.09298,14.73114],[108.1251,14.765],[108.12586,14.77985],[108.14087,14.79405]]]},"properties":{"shapeName":"Dak Ha","shapeISO":"","shapeID":"81297802B44208556699353","shapeGroup":"VNM","shapeType":"ADM2"}},
{"type":"Feature","geometry":{"type":"Polygon","coordinates":[[[107.56953,12.69591],[107.57627,12.67636],[107.56919,12.64791],[107.58575,12.5975],[107.57968,12.57539],[107.58972,12.55866],[107.57558,12.54158],[107.56263,12.51665],[107.57086,12.50146],[107.58032,12.49714],[107.57572,12.47799],[107.56556,12.47221],[107.56715,12.45448],[107.55291,12.42428],[107.54356,12.4159],[107.54529,12.39309],[107.55435,12.37966],[107.54568,12.37363],[107.54713,12.35974],[107.55823,12.34406],[107.56606,12.34625],[107.58639,12.33832],[107.61548,12.36477],[107.62494,12.36863],[107.62939,12.39174],[107.65072,12.42105],[107.67361,12.41596],[107.66915,12.39395],[107.68975,12.39706],[107.70008,12.37913],[107.71488,12.39612],[107.71514,12.40746],[107.73941,12.41599],[107.75239,12.42802],[107.7494,12.45712],[107.75334,12.49143],[107.76955,12.49366],[107.7757,12.50274],[107.79763,12.50254],[107.80423,12.49276],[107.81596,12.50192],[107.83667,12.49909],[107.85317,12.51825],[107.86864,12.54624],[107.85572,12.55865],[107.84275,12.56065],[107.81695,12.5741],[107.79245,12.57399],[107.78279,12.58044],[107.76826,12.59946],[107.75002,12.60073],[107.73553,12.61215],[107.7123,12.61701],[107.69821,12.62859],[107.68255,12.62921],[107.65038,12.64699],[107.64223,12.65823],[107.62985,12.68863],[107.62088,12.69616],[107.59439,12.69137],[107.57931,12.70099],[107.56953,12.69591]]]},"properties":{"shapeName":"Dak Mil","shapeISO":"","shapeID":"81297802B8433513238207","shapeGroup":"VNM","shapeType":"ADM2"}},
{"type":"Feature","geometry":{"type":"Polygon","coordinates":[[[108.62186,14.0186],[108.60507,14.01133],[108.59449,14.02025],[108.56873,14.0064],[108.54614,14.0126],[108.52038,14.0132],[108.51147,14.02573],[108.47881,14.04388],[108.46965,14.05795],[108.45649,14.05716],[108.44469,14.06812],[108.43434,14.05698],[108.43094,14.03866],[108.42379,14.02866],[108.41683,14.00018],[108.41668,13.96971],[108.43095,13.96083],[108.45262,13.96055],[108.47317,13.93009],[108.49328,13.92194],[108.51009,13.88566],[108.5219,13.89449],[108.52113,13.90669],[108.54728,13.90389],[108.54481,13.88776],[108.5599,13.89228],[108.57164,13.88412],[108.57877,13.89131],[108.59812,13.88848],[108.59871,13.87259],[108.61379,13.85947],[108.62395,13.86003],[108.62674,13.84642],[108.65911,13.83158],[108.66881,13.82172],[108.67671,13.8378],[108.69545,13.84462],[108.72021,13.83156],[108.73048,13.80566],[108.74399,13.80553],[108.7518,13.78965],[108.77456,13.79718],[108.79583,13.82209],[108.79278,13.84178],[108.77122,13.86722],[108.76429,13.89167],[108.75104,13.90065],[108.74578,13.91584],[108.731,13.93154],[108.71329,13.93714],[108.6965,13.9564],[108.6741,13.95208],[108.6599,13.93926],[108.6332,13.94697],[108.63781,13.98285],[108.6338,14.0177],[108.62186,14.0186]]]},"properties":{"shapeName":"Dak Po","shapeISO":"","shapeID":"81297802B45369844815447","shapeGroup":"VNM","shapeType":"ADM2"}},
{"type":"Feature","geometry":{"type":"Polygon","coordinates":[[[107.66279,11.88658],[107.6536,11.89386],[107.65788,11.90999],[107.64617,11.91531],[107.64985,11.93177],[107.6597,11.93821],[107.65255,11.95227],[107.64915,11.9749],[107.6403,11.97785],[107.63709,11.99852],[107.61803,11.99146],[107.58027,12.01453],[107.57661,12.03016],[107.58272,12.0459],[107.55688,12.04635],[107.54891,12.05005],[107.53255,12.03552],[107.50009,12.0155],[107.46773,12.01856],[107.4557,12.00406],[107.45448,11.99153],[107.44016,11.99522],[107.41691,11.98964],[107.40637,11.95229],[107.39098,11.94869],[107.38208,11.93453],[107.36715,11.93312],[107.40109,11.89048],[107.40699,11.86632],[107.42641,11.85904],[107.42202,11.84448],[107.40521,11.81293],[107.40947,11.80634],[107.39356,11.79499],[107.39936,11.77708],[107.39102,11.76662],[107.40239,11.75599],[107.41856,11.74963],[107.4335,11.76575],[107.44896,11.75817],[107.46478,11.76144],[107.47405,11.77097],[107.48197,11.79197],[107.51106,11.79776],[107.52833,11.79912],[107.54412,11.78941],[107.55299,11.79171],[107.57843,11.82155],[107.59249,11.82619],[107.60602,11.83838],[107.61848,11.83857],[107.62637,11.86076],[107.65943,11.87563],[107.66279,11.88658]]]},"properties":{"shapeName":"Dak Rlap","shapeISO":"","shapeID":"81297802B2917427008212","shapeGroup":"VNM","shapeType":"ADM2"}},
{"type":"Feature","geometry":{"type":"Polygon","coordinates":[[[107.78565,12.26759],[107.76945,12.28228],[107.7526,12.28605],[107.75561,12.308],[107.72719,12.3291],[107.72467,12.36729],[107.71313,12.36688],[107.70008,12.37913],[107.68975,12.39706],[107.66915,12.39395],[107.67361,12.41596],[107.65072,12.42105],[107.62939,12.39174],[107.62494,12.36863],[107.61548,12.36477],[107.58639,12.33832],[107.56606,12.34625],[107.55823,12.34406],[107.54713,12.35974],[107.51114,12.32843],[107.46754,12.30982],[107.46669,12.30132],[107.44515,12.29193],[107.44182,12.26414],[107.43478,12.25098],[107.45095,12.25884],[107.46327,12.24996],[107.4761,12.25163],[107.50261,12.24553],[107.51618,12.23222],[107.52464,12.20625],[107.53827,12.19008],[107.53634,12.17599],[107.55071,12.15526],[107.54897,12.14848],[107.56208,12.12799],[107.56092,12.12036],[107.58252,12.10126],[107.578,12.07255],[107.59181,12.06573],[107.58272,12.0459],[107.59287,12.04811],[107.63104,12.04548],[107.64912,12.05317],[107.67651,12.05539],[107.68812,12.07949],[107.69932,12.09153],[107.71916,12.10067],[107.73159,12.11183],[107.725,12.12534],[107.73404,12.1393],[107.74209,12.16429],[107.73556,12.1811],[107.7451,12.19254],[107.74051,12.20965],[107.71658,12.22658],[107.73224,12.2364],[107.75393,12.23857],[107.76618,12.26728],[107.78565,12.26759]]]},"properties":{"shapeName":"Dak Song","shapeISO":"","shapeID":"81297802B66581332316021","shapeGroup":"VNM","shapeType":"ADM2"}},
{"type":"Feature","geometry":{"type":"Polygon","coordinates":[[[107.93513,14.73796],[107.91721,14.7657],[107.90982,14.79474],[107.91393,14.81397],[107.8923,14.81084],[107.87733,14.79093],[107.86422,14.78149],[107.82719,14.79184],[107.81598,14.79812],[107.80878,14.82382],[107.8086,14.83999],[107.79339,14.8462],[107.77532,14.8379],[107.73754,14.81301],[107.74036,14.79354],[107.72384,14.76557],[107.70039,14.75186],[107.71034,14.7138],[107.71719,14.69933],[107.73158,14.68557],[107.74878,14.65552],[107.73964,14.64149],[107.75048,14.62039],[107.75956,14.61291],[107.77767,14.60308],[107.77206,14.59322],[107.79513,14.54073],[107.81723,14.54636],[107.84085,14.53735],[107.85066,14.52355],[107.86299,14.52145],[107.86292,14.54742],[107.87894,14.56343],[107.87575,14.57672],[107.8873,14.58849],[107.89782,14.585],[107.90945,14.60046],[107.91082,14.62365],[107.90323,14.63272],[107.88648,14.63361],[107.88324,14.65898],[107.87384,14.68199],[107.88729,14.68235],[107.89338,14.69924],[107.9077,14.71042],[107.9131,14.72836],[107.93513,14.73796]]]},"properties":{"shapeName":"Dak To","shapeISO":"","shapeID":"81297802B52627388081803","shapeGroup":"VNM","shapeType":"ADM2"}},
{"type":"Feature","geometry":{"type":"Polygon","coordinates":[[[105.1578,9.10156],[105.12173,9.02115],[105.10934,8.9678],[105.10289,8.95736],[105.09056,8.90713],[105.0657,8.8816],[105.04916,8.87248],[105.0575,8.8522],[105.06501,8.84747],[105.24626,8.85011],[105.24798,8.83401],[105.27082,8.83506],[105.28706,8.83184],[105.30045,8.82367],[105.32521,8.82872],[105.33671,8.84202],[105.3586,8.88361],[105.37245,8.92335],[105.38811,8.95709],[105.39596,8.99169],[105.41696,9.01473],[105.4186,9.03759],[105.41034,9.05147],[105.39276,9.06722],[105.37724,9.0575],[105.35726,9.06315],[105.34079,9.07239],[105.33526,9.06639],[105.31842,9.07169],[105.29613,9.09027],[105.27427,9.08471],[105.26287,9.09456],[105.25337,9.09141],[105.22464,9.08342],[105.20494,9.08599],[105.19588,9.08219],[105.1652,9.09123],[105.1578,9.10156]]]},"properties":{"shapeName":"Dam Doi","shapeISO":"","shapeID":"81297802B79677528710757","shapeGroup":"VNM","shapeType":"ADM2"}},
{"type":"Feature","geometry":{"type":"MultiPolygon","coordinates":[[[[107.64293,21.25947],[107.62324,21.2543],[107.59919,21.24323],[107.60847,21.23579],[107.63158,21.24796],[107.64293,21.25947]]],[[[107.57123,21.27604],[107.55117,21.27131],[107.56366,21.2567],[107.58234,21.26308],[107.57123,21.27604]]],[[[107.46964,21.44476],[107.4758,21.42588],[107.47315,21.3951],[107.48168,21.3924],[107.48813,21.37519],[107.50188,21.38069],[107.52171,21.35228],[107.52591,21.33981],[107.54365,21.32195],[107.56065,21.28592],[107.58094,21.28447],[107.6057,21.29164],[107.61605,21.30379],[107.63233,21.33311],[107.64713,21.34815],[107.6575,21.36641],[107.64369,21.37423],[107.62651,21.40005],[107.63206,21.41472],[107.62027,21.42038],[107.61141,21.43947],[107.61339,21.453],[107.58216,21.47406],[107.5739,21.48548],[107.56133,21.48483],[107.54224,21.49838],[107.53331,21.49718],[107.52382,21.48566],[107.50274,21.47154],[107.50188,21.46181],[107.48249,21.4602],[107.46964,21.44476]]]]},"properties":{"shapeName":"Dam Ha","shapeISO":"","shapeID":"81297802B85934029741785","shapeGroup":"VNM","shapeType":"ADM2"}},
{"type":"Feature","geometry":{"type":"Polygon","coordinates":[[[108.10091,11.87751],[108.13321,11.85261],[108.15612,11.86623],[108.15645,11.89227],[108.168,11.8948],[108.16865,11.91684],[108.17738,11.92689],[108.17693,11.94576],[108.19171,11.97719],[108.20064,11.98094],[108.20125,11.99432],[108.21634,12.00002],[108.21755,12.01214],[108.23256,12.01661],[108.25162,12.0333],[108.25172,12.04737],[108.27468,12.0608],[108.2819,12.07082],[108.30309,12.06378],[108.3082,12.04771],[108.33508,12.02011],[108.33388,12.04645],[108.34301,12.06599],[108.3524,12.06307],[108.37306,12.07431],[108.37885,12.08924],[108.362,12.10867],[108.36867,12.12335],[108.38244,12.12861],[108.39049,12.14502],[108.38128,12.1523],[108.34289,12.16748],[108.32079,12.18439],[108.34896,12.21437],[108.33894,12.2278],[108.33091,12.23042],[108.30037,12.20816],[108.27698,12.21389],[108.27207,12.20434],[108.24906,12.18053],[108.25228,12.17069],[108.21706,12.1838],[108.205,12.17122],[108.18492,12.17443],[108.18287,12.18326],[108.16782,12.18932],[108.15371,12.18847],[108.11948,12.17545],[108.11305,12.18398],[108.1125,12.15228],[108.09951,12.13958],[108.07091,12.13217],[108.05449,12.14065],[108.02418,12.13612],[108.01836,12.12664],[107.98936,12.12166],[107.98461,12.09239],[107.97486,12.07512],[107.96277,12.0673],[107.97887,12.05312],[107.99066,12.05485],[108.00964,12.04928],[108.0127,12.04057],[108.00841,12.02208],[108.02173,12.01777],[108.02773,11.99024],[108.04523,11.97699],[108.05271,11.94477],[108.07266,11.93872],[108.08278,11.92934],[108.08805,11.91314],[108.10617,11.90673],[108.11186,11.89872],[108.10091,11.87751]]]},"properties":{"shapeName":"Dam Rong","shapeISO":"","shapeID":"81297802B48811804766969","shapeGroup":"VNM","shapeType":"ADM2"}},
{"type":"Feature","geometry":{"type":"Polygon","coordinates":[[[105.73721,21.10487],[105.73332,21.12209],[105.7234,21.13317],[105.69404,21.14083],[105.67172,21.15645],[105.64888,21.15895],[105.62665,21.17528],[105.62826,21.14362],[105.6246,21.11815],[105.63961,21.10977],[105.63446,21.10133],[105.64698,21.09125],[105.64643,21.07002],[105.66413,21.06591],[105.68699,21.09024],[105.6992,21.07463],[105.71718,21.07129],[105.72781,21.08183],[105.72495,21.09653],[105.73721,21.10487]]]},"properties":{"shapeName":"Dan Phuong","shapeISO":"","shapeID":"81297802B64128830492510","shapeGroup":"VNM","shapeType":"ADM2"}},
{"type":"Feature","geometry":{"type":"Polygon","coordinates":[[[107.24106,10.50935],[107.25457,10.50596],[107.25894,10.46458],[107.25174,10.44459],[107.25762,10.42947],[107.24617,10.42528],[107.25547,10.41141],[107.25219,10.39345],[107.25678,10.38015],[107.29371,10.42295],[107.32907,10.45112],[107.34471,10.45518],[107.36838,10.47081],[107.37819,10.49208],[107.37451,10.52767],[107.35785,10.54962],[107.34227,10.56091],[107.34899,10.56701],[107.3344,10.56567],[107.31685,10.55568],[107.30151,10.55924],[107.27747,10.576],[107.26106,10.5661],[107.24787,10.5397],[107.24843,10.52827],[107.24106,10.50935]]]},"properties":{"shapeName":"Dat Do","shapeISO":"","shapeID":"81297802B14105634475822","shapeGroup":"VNM","shapeType":"ADM2"}},
{"type":"Feature","geometry":{"type":"Polygon","coordinates":[[[106.53897,11.38742],[106.5482,11.40657],[106.54104,11.42373],[106.54862,11.43598],[106.55895,11.43946],[106.57317,11.45505],[106.55805,11.48254],[106.54032,11.46751],[106.52484,11.47981],[106.51432,11.48221],[106.48916,11.49954],[106.47625,11.49593],[106.4355,11.50085],[106.42473,11.49417],[106.4048,11.46275],[106.3689,11.45068],[106.35984,11.42391],[106.35874,11.399],[106.34485,11.37708],[106.34533,11.36386],[106.33576,11.36032],[106.32637,11.3436],[106.34332,11.32916],[106.33822,11.30432],[106.34039,11.28673],[106.35619,11.28458],[106.35253,11.26679],[106.35886,11.26109],[106.35541,11.2468],[106.37099,11.24473],[106.38354,11.22837],[106.38919,11.21236],[106.38379,11.19395],[106.38783,11.18581],[106.4096,11.18073],[106.43269,11.1652],[106.42953,11.14884],[106.44736,11.13487],[106.45696,11.1428],[106.45518,11.15938],[106.47068,11.1521],[106.47182,11.14255],[106.50769,11.14183],[106.54397,11.15267],[106.54411,11.1655],[106.53418,11.16983],[106.52467,11.18461],[106.52166,11.21251],[106.51162,11.22529],[106.51295,11.24005],[106.54829,11.26151],[106.5579,11.25561],[106.57401,11.26626],[106.56822,11.29294],[106.53684,11.31614],[106.55019,11.32976],[106.5433,11.33497],[106.53035,11.37895],[106.53897,11.38742]]]},"properties":{"shapeName":"Dau Tieng","shapeISO":"","shapeID":"81297802B65073062645065","shapeGroup":"VNM","shapeType":"ADM2"}},
{"type":"Feature","geometry":{"type":"Polygon","coordinates":[[[106.76352,10.96518],[106.75316,10.96672],[106.74523,10.95367],[106.7503,10.93845],[106.74206,10.93133],[106.73967,10.88839],[106.73686,10.88477],[106.74673,10.87781],[106.74832,10.86624],[106.76221,10.86728],[106.76017,10.88213],[106.76841,10.89417],[106.78852,10.87215],[106.80859,10.87303],[106.82539,10.89514],[106.84038,10.89864],[106.83173,10.90692],[106.81647,10.9034],[106.80956,10.91982],[106.79443,10.92382],[106.7884,10.93316],[106.77091,10.9431],[106.76294,10.95344],[106.76352,10.96518]]]},"properties":{"shapeName":"Di An","shapeISO":"","shapeID":"81297802B25090486882402","shapeGroup":"VNM","shapeType":"ADM2"}},
{"type":"Feature","geometry":{"type":"Polygon","coordinates":[[[108.30332,11.52035],[108.29458,11.52941],[108.27673,11.5282],[108.26687,11.54096],[108.25498,11.54087],[108.23532,11.55245],[108.22998,11.56424],[108.2364,11.57383],[108.22296,11.60437],[108.22875,11.63388],[108.21499,11.64423],[108.21809,11.65933],[108.19669,11.66929],[108.18133,11.66268],[108.16969,11.65148],[108.15182,11.65216],[108.1376,11.66712],[108.11014,11.6606],[108.08496,11.68118],[108.08531,11.69717],[108.06806,11.71483],[108.03336,11.71061],[108.01838,11.72708],[107.99959,11.73684],[108.00958,11.75066],[107.98305,11.76525],[107.97412,11.79029],[107.95644,11.81905],[107.91851,11.80092],[107.89956,11.8079],[107.89735,11.79534],[107.90282,11.77628],[107.91059,11.76931],[107.91023,11.75473],[107.92079,11.7339],[107.94539,11.72995],[107.96188,11.70916],[107.96822,11.68387],[107.94512,11.66367],[107.94585,11.65244],[107.93433,11.63546],[107.93339,11.62454],[107.94002,11.60518],[107.93267,11.60058],[107.94299,11.5674],[107.93778,11.54794],[107.92064,11.52898],[107.91068,11.50574],[107.88874,11.50409],[107.88707,11.4842],[107.8747,11.47274],[107.87639,11.44954],[107.89691,11.41103],[107.90807,11.40968],[107.9111,11.38647],[107.93253,11.35801],[107.94064,11.34768],[107.96094,11.35116],[107.97618,11.34363],[107.99484,11.34073],[108.00383,11.33249],[108.02848,11.32652],[108.03067,11.29887],[108.04441,11.27633],[108.04203,11.25983],[108.05276,11.24018],[108.07756,11.25648],[108.08829,11.26808],[108.1064,11.26858],[108.11859,11.29199],[108.1296,11.29032],[108.15143,11.29964],[108.18525,11.306],[108.19643,11.32226],[108.21796,11.33123],[108.22813,11.34597],[108.25549,11.36086],[108.28925,11.39793],[108.30649,11.41306],[108.29376,11.44111],[108.28468,11.44742],[108.27482,11.43858],[108.25784,11.47542],[108.27084,11.48805],[108.26592,11.49819],[108.27871,11.51587],[108.30332,11.52035]]]},"properties":{"shapeName":"Di Linh","shapeISO":"","shapeID":"81297802B8144414429904","shapeGroup":"VNM","shapeType":"ADM2"}},
{"type":"Feature","geometry":{"type":"Polygon","coordinates":[[[108.14471,15.85025],[108.16136,15.84649],[108.16886,15.83332],[108.21048,15.83438],[108.23726,15.84734],[108.24787,15.83508],[108.25706,15.85492],[108.27911,15.86659],[108.3056,15.86684],[108.28934,15.88636],[108.2935,15.89978],[108.30838,15.91129],[108.32368,15.90644],[108.32974,15.92174],[108.30413,15.94568],[108.28924,15.96724],[108.26148,15.9658],[108.25544,15.97678],[108.24073,15.97233],[108.22478,15.95659],[108.21068,15.94279],[108.20267,15.96376],[108.18684,15.96277],[108.17892,15.93977],[108.16537,15.95145],[108.15389,15.9531],[108.14695,15.93346],[108.14754,15.92029],[108.13351,15.91424],[108.13856,15.90376],[108.13469,15.88232],[108.14709,15.86326],[108.14471,15.85025]]]},"properties":{"shapeName":"Dien Ban","shapeISO":"","shapeID":"81297802B70720207353538","shapeGroup":"VNM","shapeType":"ADM2"}},
{"type":"Feature","geometry":{"type":"Polygon","coordinates":[[[103.10467,21.6132],[103.09043,21.61431],[103.0765,21.59236],[103.06174,21.5864],[103.04862,21.60861],[103.01798,21.60384],[103.00988,21.58806],[102.99266,21.59091],[102.97894,21.57181],[102.95939,21.5545],[102.96125,21.54621],[102.93202,21.52421],[102.91328,21.503],[102.90737,21.47845],[102.88587,21.47624],[102.88637,21.45298],[102.86939,21.42872],[102.87983,21.42458],[102.89259,21.4329],[102.91363,21.4378],[102.92357,21.45591],[102.93735,21.45874],[102.91855,21.41759],[102.91993,21.40781],[102.90756,21.39241],[102.89619,21.38602],[102.89318,21.34139],[102.88931,21.33256],[102.89991,21.31718],[102.89695,21.30421],[102.85222,21.29971],[102.80798,21.26304],[102.82378,21.24561],[102.84267,21.24695],[102.85861,21.25717],[102.89212,21.24603],[102.91184,21.22973],[102.90359,21.1748],[102.9087,21.16259],[102.93678,21.1593],[102.94912,21.13826],[102.94082,21.13134],[102.96032,21.11421],[102.96733,21.09839],[102.96214,21.0775],[102.97455,21.06568],[103.01413,21.06501],[103.03427,21.05851],[103.04394,21.0357],[103.05829,21.01307],[103.06038,20.99904],[103.07088,20.98083],[103.08436,20.96975],[103.08359,20.9438],[103.10393,20.93445],[103.10976,20.90013],[103.11784,20.89536],[103.12743,20.90926],[103.14988,20.90387],[103.16789,20.91377],[103.19162,20.90158],[103.19758,20.90647],[103.21635,20.89546],[103.24563,20.89269],[103.26794,20.90315],[103.27643,20.89745],[103.28851,20.9087],[103.27458,20.92672],[103.27516,20.93894],[103.29532,20.95805],[103.29804,20.9755],[103.29198,20.99222],[103.28051,21.00077],[103.29226,21.01687],[103.28142,21.04141],[103.24019,21.03682],[103.21854,21.04586],[103.15811,21.02885],[103.14092,21.04091],[103.16167,21.06666],[103.17235,21.06867],[103.16111,21.08925],[103.16176,21.12011],[103.17685,21.1239],[103.18149,21.1374],[103.17552,21.14973],[103.16283,21.14844],[103.15373,21.16063],[103.12823,21.16078],[103.11766,21.17481],[103.10991,21.19434],[103.10083,21.2017],[103.09262,21.23764],[103.12109,21.25911],[103.1195,21.27543],[103.11089,21.28621],[103.09995,21.28543],[103.0941,21.29642],[103.07793,21.30236],[103.06993,21.31154],[103.07093,21.32733],[103.07931,21.33957],[103.06746,21.37174],[103.04258,21.37229],[103.02783,21.36711],[103.01555,21.36951],[103.00497,21.3929],[102.99367,21.39965],[102.99609,21.41422],[103.00445,21.42141],[103.02212,21.41013],[103.0264,21.44905],[103.04185,21.45722],[103.06099,21.43914],[103.08185,21.43698],[103.08823,21.41679],[103.08397,21.41078],[103.09079,21.38407],[103.10961,21.37874],[103.10863,21.39016],[103.14001,21.4085],[103.15385,21.40579],[103.17587,21.42031],[103.18748,21.43752],[103.17831,21.4572],[103.17799,21.48535],[103.17077,21.49251],[103.16754,21.52502],[103.1593,21.53109],[103.14151,21.55945],[103.1208,21.572],[103.11357,21.58362],[103.10467,21.6132]]]},"properties":{"shapeName":"Dien Bien","shapeISO":"","shapeID":"81297802B1284717956892","shapeGroup":"VNM","shapeType":"ADM2"}},
{"type":"Feature","geometry":{"type":"Polygon","coordinates":[[[103.09079,21.38407],[103.06746,21.37174],[103.07931,21.33957],[103.07093,21.32733],[103.06993,21.31154],[103.07793,21.30236],[103.0941,21.29642],[103.09995,21.28543],[103.11089,21.28621],[103.1195,21.27543],[103.12109,21.25911],[103.09262,21.23764],[103.10083,21.2017],[103.10991,21.19434],[103.11766,21.17481],[103.12823,21.16078],[103.15373,21.16063],[103.16283,21.14844],[103.17552,21.14973],[103.18149,21.1374],[103.17685,21.1239],[103.16176,21.12011],[103.16111,21.08925],[103.17235,21.06867],[103.16167,21.06666],[103.14092,21.04091],[103.15811,21.02885],[103.21854,21.04586],[103.24019,21.03682],[103.28142,21.04141],[103.27548,21.05693],[103.29582,21.06992],[103.28558,21.09325],[103.31602,21.09577],[103.33333,21.09105],[103.35811,21.07247],[103.39085,21.0636],[103.4242,21.06838],[103.42143,21.08146],[103.40411,21.11121],[103.40761,21.12465],[103.39758,21.14655],[103.41316,21.16551],[103.42226,21.15981],[103.43413,21.16927],[103.43802,21.18911],[103.43232,21.20787],[103.43451,21.21906],[103.43187,21.25529],[103.43931,21.2637],[103.4393,21.28826],[103.43083,21.31133],[103.41762,21.31856],[103.39762,21.31721],[103.38116,21.3287],[103.37208,21.34156],[103.38765,21.36048],[103.38403,21.36962],[103.3618,21.37173],[103.35742,21.39029],[103.33984,21.39979],[103.33033,21.41506],[103.29871,21.4081],[103.26578,21.4283],[103.26175,21.41567],[103.24653,21.42769],[103.23161,21.42309],[103.18748,21.43752],[103.17587,21.42031],[103.15385,21.40579],[103.14001,21.4085],[103.10863,21.39016],[103.10961,21.37874],[103.09079,21.38407]]]},"properties":{"shapeName":"Dien Bien Dong","shapeISO":"","shapeID":"81297802B35707987060986","shapeGroup":"VNM","shapeType":"ADM2"}},
{"type":"Feature","geometry":{"type":"Polygon","coordinates":[[[103.06746,21.37174],[103.09079,21.38407],[103.08397,21.41078],[103.08823,21.41679],[103.08185,21.43698],[103.06099,21.43914],[103.04185,21.45722],[103.0264,21.44905],[103.02212,21.41013],[103.00445,21.42141],[102.99609,21.41422],[102.99367,21.39965],[103.00497,21.3929],[103.01555,21.36951],[103.02783,21.36711],[103.04258,21.37229],[103.06746,21.37174]]]},"properties":{"shapeName":"Dien Bien Phu","shapeISO":"","shapeID":"81297802B75517223780643","shapeGroup":"VNM","shapeType":"ADM2"}},
{"type":"Feature","geometry":{"type":"Polygon","coordinates":[[[105.65678,19.08765],[105.64577,19.09548],[105.62832,19.09737],[105.60806,19.1158],[105.5823,19.13167],[105.55825,19.16078],[105.5495,19.16597],[105.54332,19.18276],[105.5307,19.17012],[105.50837,19.17013],[105.48808,19.15397],[105.49536,19.14322],[105.51284,19.14588],[105.52278,19.13641],[105.53295,19.11706],[105.54954,19.1147],[105.55119,19.10446],[105.56482,19.09583],[105.56184,19.08455],[105.58041,19.06981],[105.5723,19.04964],[105.54537,19.04474],[105.53408,19.02063],[105.51572,19.01988],[105.51485,18.99992],[105.52957,18.98972],[105.51829,18.96983],[105.51653,18.9559],[105.52554,18.93329],[105.51693,18.92606],[105.52215,18.90743],[105.51395,18.89784],[105.53282,18.89211],[105.54623,18.86233],[105.5701,18.86016],[105.59131,18.86826],[105.60739,18.86813],[105.61193,18.88051],[105.63033,18.88664],[105.6389,18.89564],[105.63512,18.90057],[105.62271,18.94409],[105.61819,18.9777],[105.62076,19.01804],[105.62529,19.03531],[105.64048,19.06681],[105.65678,19.08765]]]},"properties":{"shapeName":"Dien Chau","shapeISO":"","shapeID":"81297802B64936965881183","shapeGroup":"VNM","shapeType":"ADM2"}},
{"type":"Feature","geometry":{"type":"Polygon","coordinates":[[[109.12052,12.21306],[109.13183,12.22651],[109.12672,12.25522],[109.13703,12.26507],[109.12933,12.29902],[109.13131,12.31966],[109.11339,12.34287],[109.0673,12.38993],[109.05143,12.37295],[109.04722,12.36043],[109.03183,12.35613],[109.01707,12.34205],[108.98957,12.33513],[108.97786,12.33647],[108.97852,12.35134],[108.9655,12.35283],[108.95826,12.33831],[108.94325,12.33737],[108.93567,12.3282],[108.94602,12.30216],[108.95683,12.29163],[108.96487,12.26407],[108.96472,12.24192],[108.95423,12.22044],[108.9768,12.17582],[108.99538,12.16599],[109.00152,12.18105],[109.02041,12.18083],[109.05547,12.18944],[109.05554,12.20137],[109.07057,12.20686],[109.0891,12.19537],[109.09569,12.20325],[109.12052,12.21306]]]},"properties":{"shapeName":"Dien Khanh","shapeISO":"","shapeID":"81297802B57264474428475","shapeGroup":"VNM","shapeType":"ADM2"}},
{"type":"Feature","geometry":{"type":"Polygon","coordinates":[[[105.55569,21.95748],[105.55184,21.94355],[105.55294,21.90854],[105.54364,21.89133],[105.52457,21.88775],[105.5184,21.8765],[105.52857,21.85242],[105.52817,21.83532],[105.51459,21.82721],[105.49681,21.83191],[105.49311,21.80446],[105.49795,21.79309],[105.49338,21.7796],[105.50031,21.77051],[105.51597,21.77423],[105.52486,21.7648],[105.54593,21.75321],[105.56481,21.74783],[105.58473,21.75217],[105.59168,21.76703],[105.6115,21.76687],[105.62585,21.77723],[105.62805,21.79175],[105.64885,21.81325],[105.66164,21.7988],[105.67521,21.80078],[105.684,21.82114],[105.65543,21.84197],[105.65676,21.85673],[105.67178,21.87074],[105.68636,21.87165],[105.71547,21.90554],[105.725,21.90164],[105.76419,21.91469],[105.77709,21.93107],[105.77525,21.95299],[105.76066,21.96841],[105.76363,21.98563],[105.75596,21.99203],[105.75237,22.01202],[105.72186,22.02449],[105.70716,22.02297],[105.6971,22.03342],[105.67359,22.04766],[105.66183,22.02937],[105.64054,22.02701],[105.63617,22.01906],[105.60223,22.01408],[105.5863,22.00133],[105.5724,21.96646],[105.55569,21.95748]]]},"properties":{"shapeName":"Dinh Hoa","shapeISO":"","shapeID":"81297802B90284781247335","shapeGroup":"VNM","shapeType":"ADM2"}},
{"type":"Feature","geometry":{"type":"Polygon","coordinates":[[[107.25269,21.36643],[107.26103,21.39254],[107.25606,21.41857],[107.24181,21.43439],[107.23837,21.45931],[107.24639,21.48237],[107.23655,21.4961],[107.23844,21.5064],[107.23111,21.52204],[107.21142,21.53143],[107.20434,21.5421],[107.21589,21.55219],[107.23314,21.55493],[107.24632,21.54891],[107.25826,21.56291],[107.27229,21.56249],[107.28305,21.56849],[107.29261,21.59164],[107.30978,21.59627],[107.33036,21.58725],[107.36226,21.59913],[107.35426,21.63035],[107.36206,21.63474],[107.3578,21.66967],[107.33837,21.68754],[107.33485,21.69853],[107.3199,21.71487],[107.30284,21.74089],[107.29626,21.74215],[107.26433,21.72908],[107.24966,21.71617],[107.24867,21.70477],[107.20925,21.72157],[107.1921,21.7358],[107.17846,21.73088],[107.15941,21.7143],[107.15894,21.69884],[107.14166,21.70158],[107.10317,21.68847],[107.10106,21.67311],[107.09218,21.66308],[107.06205,21.6777],[107.06087,21.6601],[107.0526,21.65585],[107.05313,21.63697],[107.03544,21.6273],[107.02835,21.63927],[107.00386,21.63585],[107.01541,21.61868],[107.01002,21.60565],[107.02024,21.59259],[106.9956,21.55049],[106.98821,21.54792],[106.97504,21.52398],[106.95511,21.51616],[106.94241,21.52603],[106.92735,21.51903],[106.91408,21.52076],[106.90144,21.51116],[106.90344,21.49828],[106.89021,21.48915],[106.8917,21.47701],[106.90177,21.47039],[106.89112,21.45157],[106.91125,21.43033],[106.92991,21.43646],[106.94634,21.4333],[106.95886,21.42484],[106.96884,21.43609],[106.98604,21.4399],[107.0027,21.41945],[106.99039,21.41333],[106.98539,21.4011],[106.99308,21.37726],[106.98947,21.35691],[106.99908,21.35557],[107.03241,21.32525],[107.05186,21.32968],[107.06302,21.34828],[107.07881,21.34637],[107.09467,21.35915],[107.09695,21.3736],[107.11083,21.37607],[107.12688,21.36925],[107.1573,21.36842],[107.16816,21.36323],[107.19413,21.37908],[107.21656,21.389],[107.23552,21.37366],[107.25269,21.36643]]]},"properties":{"shapeName":"Dinh Lap","shapeISO":"","shapeID":"81297802B72919536287172","shapeGroup":"VNM","shapeType":"ADM2"}},
{"type":"Feature","geometry":{"type":"Polygon","coordinates":[[[107.46057,11.177],[107.43921,11.19071],[107.43474,11.21369],[107.42389,11.23553],[107.40845,11.25346],[107.39733,11.27536],[107.36415,11.30505],[107.34411,11.30545],[107.34124,11.31438],[107.35787,11.32926],[107.3507,11.34644],[107.34271,11.38046],[107.32023,11.38274],[107.29652,11.39517],[107.27829,11.38966],[107.26707,11.39177],[107.25258,11.36769],[107.23321,11.37369],[107.20875,11.36481],[107.19921,11.35379],[107.18654,11.34554],[107.17934,11.33428],[107.15882,11.30381],[107.16897,11.28481],[107.17598,11.25549],[107.19451,11.20883],[107.1388,11.18996],[107.12283,11.17121],[107.11766,11.14506],[107.12158,11.12962],[107.11241,11.10811],[107.10873,11.08556],[107.11674,11.08385],[107.13701,11.09968],[107.16775,11.09527],[107.16401,11.0808],[107.19111,11.07623],[107.20783,11.05057],[107.22061,11.05798],[107.24093,11.06204],[107.25921,11.03267],[107.26207,11.02399],[107.27277,11.02644],[107.283,11.04101],[107.29754,11.03861],[107.30878,11.05034],[107.3037,11.06303],[107.31067,11.0801],[107.32583,11.08251],[107.34344,11.06356],[107.36249,11.05195],[107.3942,11.04955],[107.41619,11.05041],[107.42528,11.06319],[107.42252,11.07573],[107.43048,11.08694],[107.44625,11.09163],[107.45375,11.11233],[107.43455,11.13724],[107.45773,11.15142],[107.46057,11.177]]]},"properties":{"shapeName":"Dinh Quan","shapeISO":"","shapeID":"81297802B49967994067833","shapeGroup":"VNM","shapeType":"ADM2"}},
{"type":"Feature","geometry":{"type":"Polygon","coordinates":[[[105.21977,18.89179],[105.23488,18.87549],[105.24689,18.87734],[105.25902,18.88981],[105.28835,18.88961],[105.29792,18.88457],[105.29245,18.87161],[105.29697,18.85934],[105.27791,18.85248],[105.28053,18.83531],[105.30228,18.82935],[105.30902,18.83735],[105.33868,18.83651],[105.35395,18.84984],[105.37537,18.81545],[105.38665,18.80826],[105.40522,18.78378],[105.4223,18.78441],[105.42899,18.79532],[105.45039,18.78279],[105.47358,18.77545],[105.48559,18.77628],[105.47383,18.78765],[105.46758,18.81311],[105.47002,18.83072],[105.48195,18.84906],[105.47299,18.85569],[105.4802,18.87767],[105.46467,18.88355],[105.44417,18.898],[105.42808,18.89285],[105.41232,18.8998],[105.39357,18.89686],[105.3831,18.91641],[105.37027,18.92226],[105.3591,18.93664],[105.35664,18.96231],[105.33347,18.96573],[105.31597,18.97581],[105.31302,18.98839],[105.29977,18.98779],[105.3128,19.00892],[105.31427,19.04757],[105.30902,19.05623],[105.27004,19.02207],[105.25198,19.02198],[105.24664,19.01188],[105.23041,19.00612],[105.22693,18.99792],[105.22781,18.97537],[105.246,18.94991],[105.24532,18.93573],[105.23638,18.92683],[105.24806,18.90289],[105.21977,18.89179]]]},"properties":{"shapeName":"Do Luong","shapeISO":"","shapeID":"81297802B2130126961507","shapeGroup":"VNM","shapeType":"ADM2"}},
{"type":"Feature","geometry":{"type":"Polygon","coordinates":[[[106.78335,20.74585],[106.75793,20.74097],[106.74539,20.75757],[106.70775,20.75045],[106.72572,20.74286],[106.74021,20.72081],[106.72956,20.7075],[106.73375,20.69827],[106.76713,20.71455],[106.7751,20.7029],[106.7915,20.70129],[106.80203,20.72119],[106.7907,20.72243],[106.78335,20.74585]]]},"properties":{"shapeName":"Do Son","shapeISO":"","shapeID":"81297802B95607767906649","shapeGroup":"VNM","shapeType":"ADM2"}},
{"type":"Feature","geometry":{"type":"Polygon","coordinates":[[[105.23546,21.65873],[105.20844,21.66114],[105.18546,21.67747],[105.17775,21.68721],[105.15653,21.68742],[105.15124,21.69778],[105.13303,21.69678],[105.10919,21.70609],[105.10176,21.71762],[105.08628,21.71828],[105.09642,21.70021],[105.09833,21.68151],[105.07254,21.68213],[105.04381,21.69065],[105.03064,21.7013],[105.01951,21.69031],[105.03582,21.68005],[105.02202,21.65937],[105.01741,21.64252],[105.03595,21.63555],[105.05036,21.61228],[105.06331,21.61679],[105.08802,21.59929],[105.102,21.59908],[105.11662,21.57222],[105.13176,21.58292],[105.14815,21.57623],[105.15671,21.56735],[105.15209,21.55777],[105.1594,21.54047],[105.16715,21.54278],[105.20857,21.52865],[105.19727,21.51695],[105.21369,21.50944],[105.24239,21.51204],[105.24962,21.52498],[105.26358,21.52902],[105.27261,21.54239],[105.27319,21.56294],[105.25044,21.58444],[105.25118,21.61117],[105.2343,21.61739],[105.22622,21.62962],[105.23936,21.64437],[105.23546,21.65873]]]},"properties":{"shapeName":"Doan Hung","shapeISO":"","shapeID":"81297802B97239523369157","shapeGroup":"VNM","shapeType":"ADM2"}},
{"type":"Feature","geometry":{"type":"Polygon","coordinates":[[[108.66489,11.96709],[108.65694,11.97204],[108.64009,11.95936],[108.61346,11.96544],[108.59098,11.9602],[108.57084,11.963],[108.56472,11.93894],[108.57389,11.92676],[108.57905,11.9072],[108.5916,11.90501],[108.58581,11.88808],[108.59269,11.85727],[108.58078,11.84777],[108.55134,11.83223],[108.54381,11.81496],[108.5354,11.80764],[108.52166,11.81453],[108.50572,11.81095],[108.48773,11.82507],[108.46841,11.80751],[108.46107,11.80813],[108.42698,11.77717],[108.42806,11.75813],[108.42255,11.74233],[108.40432,11.734],[108.39452,11.6882],[108.4175,11.68033],[108.42744,11.65893],[108.45006,11.66217],[108.4827,11.65232],[108.5062,11.66692],[108.51001,11.67325],[108.56075,11.6765],[108.56719,11.64983],[108.56297,11.64248],[108.57486,11.63904],[108.5958,11.64848],[108.61954,11.65058],[108.65995,11.66795],[108.66988,11.66357],[108.68332,11.67493],[108.69726,11.70578],[108.6907,11.73382],[108.66952,11.74552],[108.66404,11.76255],[108.67319,11.784],[108.65273,11.79283],[108.63743,11.79381],[108.61948,11.80519],[108.63009,11.82958],[108.64127,11.83137],[108.65336,11.84301],[108.65067,11.86375],[108.65417,11.89475],[108.6642,11.91461],[108.66003,11.92701],[108.66569,11.93793],[108.66028,11.95101],[108.66489,11.96709]]]},"properties":{"shapeName":"Don Duong","shapeISO":"","shapeID":"81297802B74216529473028","shapeGroup":"VNM","shapeType":"ADM2"}},
{"type":"Feature","geometry":{"type":"Polygon","coordinates":[[[105.796,21.09792],[105.82529,21.09251],[105.84208,21.08158],[105.86453,21.06682],[105.89343,21.07929],[105.90202,21.07891],[105.90574,21.08985],[105.89642,21.09847],[105.90549,21.11398],[105.91559,21.11999],[105.92655,21.14051],[105.92299,21.16274],[105.92355,21.18271],[105.9072,21.19229],[105.90554,21.18288],[105.88927,21.18532],[105.88792,21.2057],[105.86469,21.20055],[105.83499,21.18622],[105.81488,21.18427],[105.79006,21.19059],[105.79045,21.18009],[105.77187,21.17818],[105.77141,21.14773],[105.7637,21.13546],[105.74193,21.13291],[105.73332,21.12209],[105.73721,21.10487],[105.74874,21.09785],[105.796,21.09792]]]},"properties":{"shapeName":"Dong Anh","shapeISO":"","shapeID":"81297802B58266448529829","shapeGroup":"VNM","shapeType":"ADM2"}},
{"type":"Feature","geometry":{"type":"Polygon","coordinates":[[[105.80128,21.03022],[105.79771,21.02417],[105.81354,21.00887],[105.84271,20.99729],[105.84093,21.02159],[105.84177,21.02813],[105.8294,21.03195],[105.81077,21.01862],[105.80128,21.03022]]]},"properties":{"shapeName":"Dong Da","shapeISO":"","shapeID":"81297802B63935781650096","shapeGroup":"VNM","shapeType":"ADM2"}},
{"type":"Feature","geometry":{"type":"Polygon","coordinates":[[[107.9858,15.91888],[107.96353,15.93429],[107.94931,15.94901],[107.95658,15.96808],[107.98071,15.98829],[107.97981,16.01299],[107.95826,16.03661],[107.96174,16.06059],[107.95788,16.06466],[107.91682,16.04569],[107.90225,16.03391],[107.86271,16.06205],[107.81882,16.05733],[107.8094,16.05323],[107.78445,16.06602],[107.75754,16.04342],[107.73893,16.03889],[107.72672,16.02995],[107.72652,16.01192],[107.70611,15.9954],[107.67826,15.99843],[107.67163,16.01163],[107.65597,16.01897],[107.64537,15.99877],[107.62578,15.98756],[107.62599,15.97884],[107.61035,15.95069],[107.61662,15.9319],[107.60704,15.92243],[107.61141,15.90365],[107.59296,15.89356],[107.58752,15.88431],[107.59842,15.87622],[107.59631,15.86357],[107.61298,15.83742],[107.60699,15.82774],[107.60745,15.80651],[107.59408,15.79415],[107.60582,15.78388],[107.58864,15.76907],[107.6313,15.75747],[107.65591,15.76261],[107.66611,15.77755],[107.68729,15.77391],[107.71906,15.77829],[107.74147,15.80611],[107.75879,15.81468],[107.77762,15.81751],[107.79155,15.82746],[107.80116,15.8274],[107.81739,15.85331],[107.83017,15.86091],[107.83761,15.88354],[107.83619,15.90728],[107.84586,15.91622],[107.84892,15.93388],[107.85989,15.9378],[107.87965,15.93135],[107.91304,15.9106],[107.92842,15.91221],[107.96783,15.92621],[107.9858,15.91888]]]},"properties":{"shapeName":"Dong Giang","shapeISO":"","shapeID":"81297802B9107629386142","shapeGroup":"VNM","shapeType":"ADM2"}},
{"type":"Feature","geometry":{"type":"Polygon","coordinates":[[[107.02976,16.75151],[107.0458,16.74368],[107.06304,16.7619],[107.08651,16.77979],[107.10595,16.77671],[107.12192,16.77921],[107.13365,16.79802],[107.14362,16.80295],[107.13899,16.82079],[107.12955,16.82923],[107.12487,16.84688],[107.10307,16.85999],[107.10363,16.84998],[107.0871,16.83672],[107.06443,16.83156],[107.06103,16.81479],[107.04823,16.80074],[107.05568,16.78541],[107.03601,16.77458],[107.02976,16.75151]]]},"properties":{"shapeName":"Dong Ha","shapeISO":"","shapeID":"81297802B80628180194499","shapeGroup":"VNM","shapeType":"ADM2"}},
{"type":"Feature","geometry":{"type":"Polygon","coordinates":[[[105.25337,9.09141],[105.26287,9.09456],[105.27427,9.08471],[105.29613,9.09027],[105.31842,9.07169],[105.33526,9.06639],[105.34079,9.07239],[105.35726,9.06315],[105.37724,9.0575],[105.39276,9.06722],[105.41034,9.05147],[105.4186,9.03759],[105.41696,9.01473],[105.42737,9.02338],[105.4574,9.06136],[105.47591,9.0792],[105.54225,9.11969],[105.58213,9.13578],[105.54704,9.25922],[105.4861,9.24346],[105.47279,9.23654],[105.46424,9.21982],[105.44463,9.2249],[105.44064,9.20949],[105.42362,9.21583],[105.41007,9.21142],[105.40662,9.22314],[105.37909,9.21518],[105.32366,9.1929],[105.30094,9.18546],[105.27891,9.17408],[105.28042,9.16272],[105.26663,9.15947],[105.26198,9.14155],[105.25259,9.1353],[105.24507,9.10046],[105.25337,9.09141]]]},"properties":{"shapeName":"Dong Hai","shapeISO":"","shapeID":"81297802B21221579574343","shapeGroup":"VNM","shapeType":"ADM2"}},
{"type":"Feature","geometry":{"type":"Polygon","coordinates":[[[109.34905,13.05239],[109.33319,13.03066],[109.32981,13.01651],[109.3206,13.01435],[109.30629,13.04689],[109.3033,13.06341],[109.28241,13.04655],[109.2901,13.0316],[109.29342,13.00463],[109.27707,13.00174],[109.27961,12.99213],[109.27314,12.971],[109.27728,12.94586],[109.28377,12.93638],[109.30278,12.94612],[109.3098,12.94076],[109.30156,12.92742],[109.30764,12.9027],[109.31943,12.89475],[109.31966,12.88035],[109.32885,12.86987],[109.33093,12.84631],[109.3432,12.84733],[109.35082,12.85668],[109.37669,12.85573],[109.39041,12.84363],[109.40057,12.85423],[109.40077,12.8664],[109.43781,12.88027],[109.4383,12.85701],[109.45376,12.8625],[109.45164,12.87831],[109.45896,12.89517],[109.45602,12.91321],[109.4448,12.91659],[109.42877,12.93915],[109.43186,12.94648],[109.40733,12.96931],[109.37709,13.00686],[109.34905,13.05239]]]},"properties":{"shapeName":"Dong Hoa","shapeISO":"","shapeID":"81297802B45644811289425","shapeGroup":"VNM","shapeType":"ADM2"}},
{"type":"Feature","geometry":{"type":"Polygon","coordinates":[[[106.49236,17.38512],[106.51153,17.36557],[106.52666,17.37206],[106.53362,17.38342],[106.55192,17.39471],[106.56286,17.40777],[106.58307,17.40325],[106.59811,17.42468],[106.62194,17.42561],[106.63706,17.43572],[106.64722,17.41812],[106.66657,17.42097],[106.67442,17.41245],[106.68587,17.41561],[106.64579,17.46242],[106.62908,17.48608],[106.6223,17.50118],[106.59952,17.5302],[106.58694,17.52401],[106.56251,17.49524],[106.54731,17.48824],[106.52408,17.46862],[106.52716,17.44294],[106.51824,17.44154],[106.51196,17.42155],[106.49775,17.40155],[106.49236,17.38512]]]},"properties":{"shapeName":"Dong Hoi","shapeISO":"","shapeID":"81297802B5400707592531","shapeGroup":"VNM","shapeType":"ADM2"}},
{"type":"Feature","geometry":{"type":"Polygon","coordinates":[[[106.43801,20.56675],[106.43205,20.57901],[106.4177,20.58275],[106.39088,20.60159],[106.38217,20.59053],[106.36344,20.58932],[106.35448,20.60166],[106.33808,20.59097],[106.33566,20.60955],[106.31455,20.60948],[106.31806,20.60391],[106.29787,20.58469],[106.2859,20.58612],[106.27247,20.56673],[106.24648,20.553],[106.23642,20.51668],[106.25044,20.50657],[106.27236,20.50249],[106.28428,20.49226],[106.28778,20.51019],[106.31484,20.5062],[106.33547,20.50684],[106.33666,20.49999],[106.34404,20.4953],[106.37535,20.50083],[106.37764,20.48884],[106.38829,20.48666],[106.40376,20.48253],[106.42333,20.48591],[106.43582,20.49399],[106.43678,20.51366],[106.43056,20.52444],[106.44408,20.5301],[106.43343,20.55104],[106.43801,20.56675]]]},"properties":{"shapeName":"Dong Hung","shapeISO":"","shapeID":"81297802B28789600266311","shapeGroup":"VNM","shapeType":"ADM2"}},
{"type":"Feature","geometry":{"type":"Polygon","coordinates":[[[105.79856,21.80493],[105.7973,21.78743],[105.79004,21.77442],[105.80131,21.76849],[105.79665,21.75592],[105.82181,21.72736],[105.81468,21.70971],[105.79807,21.70493],[105.78629,21.69388],[105.79358,21.68572],[105.79133,21.66646],[105.80962,21.64821],[105.83672,21.6224],[105.85499,21.62104],[105.85639,21.59509],[105.87615,21.57432],[105.90209,21.57998],[105.91826,21.59075],[105.93506,21.5847],[105.93988,21.56784],[105.97156,21.56175],[105.98826,21.5627],[105.99906,21.55418],[106.00999,21.55766],[106.02932,21.54427],[106.04386,21.52069],[106.05381,21.53863],[106.04775,21.55882],[106.03092,21.5621],[106.03316,21.57136],[106.04907,21.58122],[106.05721,21.60281],[106.07432,21.61167],[106.05167,21.62379],[106.04355,21.64245],[106.03164,21.64493],[106.03022,21.65915],[106.01631,21.67508],[105.99984,21.67929],[105.99715,21.6988],[105.98119,21.70982],[105.96071,21.70936],[105.93343,21.69506],[105.89946,21.69129],[105.88967,21.71255],[105.89356,21.72769],[105.91249,21.7298],[105.92289,21.74995],[105.9169,21.77615],[105.88811,21.77093],[105.8593,21.78181],[105.84859,21.81305],[105.85653,21.81874],[105.85469,21.83583],[105.8633,21.84979],[105.84781,21.84416],[105.81478,21.84376],[105.80479,21.83225],[105.79856,21.80493]]]},"properties":{"shapeName":"Dong Hy","shapeISO":"","shapeID":"81297802B71869801036686","shapeGroup":"VNM","shapeType":"ADM2"}},
{"type":"Feature","geometry":{"type":"Polygon","coordinates":[[[107.05588,11.64223],[107.02315,11.62833],[107.00302,11.64667],[106.98116,11.63608],[106.96829,11.63804],[106.95143,11.65573],[106.93153,11.64212],[106.92012,11.65257],[106.88696,11.64677],[106.8793,11.63486],[106.86967,11.6482],[106.84796,11.65076],[106.83495,11.64612],[106.82805,11.62845],[106.81273,11.62913],[106.79211,11.61774],[106.7897,11.6072],[106.77692,11.60222],[106.76643,11.59485],[106.77822,11.55334],[106.79358,11.56424],[106.8167,11.55005],[106.83139,11.54826],[106.85412,11.56566],[106.89435,11.5653],[106.92289,11.57176],[106.91908,11.54158],[106.93362,11.52366],[106.91196,11.47159],[106.89933,11.46672],[106.88872,11.47835],[106.84223,11.46996],[106.82601,11.47022],[106.82253,11.4608],[106.80636,11.45783],[106.78918,11.43197],[106.76991,11.42611],[106.77364,11.39899],[106.78597,11.39908],[106.78498,11.38014],[106.81165,11.37568],[106.83429,11.38039],[106.85679,11.375],[106.85628,11.35261],[106.86358,11.33959],[106.85593,11.33009],[106.85717,11.31464],[106.86639,11.31484],[106.88572,11.34141],[106.90044,11.34078],[106.91626,11.35639],[106.94006,11.35185],[106.95089,11.33868],[106.95179,11.32223],[106.93821,11.30817],[106.95784,11.30975],[106.97297,11.31796],[106.97885,11.33249],[106.99878,11.33329],[107.01418,11.34086],[107.0356,11.37096],[107.06045,11.38474],[107.05859,11.40064],[107.06828,11.40373],[107.07647,11.41989],[107.06877,11.42961],[107.06878,11.45042],[107.0955,11.46924],[107.10141,11.48359],[107.11398,11.48105],[107.135,11.50214],[107.12405,11.53924],[107.14043,11.56601],[107.13074,11.5673],[107.11707,11.58235],[107.09412,11.58074],[107.08673,11.59058],[107.08364,11.6145],[107.06085,11.62488],[107.05588,11.64223]]]},"properties":{"shapeName":"Dong Phu","shapeISO":"","shapeID":"81297802B41717626545623","shapeGroup":"VNM","shapeType":"ADM2"}},
{"type":"Feature","geometry":{"type":"Polygon","coordinates":[[[105.72653,19.84409],[105.69932,19.86219],[105.69016,19.8488],[105.67655,19.83999],[105.66861,19.84781],[105.65047,19.84932],[105.64787,19.83502],[105.672,19.78849],[105.68651,19.78843],[105.70754,19.77253],[105.70074,19.75028],[105.68978,19.74439],[105.69807,19.73134],[105.71291,19.73124],[105.73142,19.73958],[105.74009,19.73595],[105.74029,19.75529],[105.75304,19.75517],[105.75237,19.7743],[105.73614,19.783],[105.73684,19.79987],[105.73118,19.80686],[105.73926,19.82227],[105.72791,19.82625],[105.72653,19.84409]]]},"properties":{"shapeName":"Dong Son","shapeISO":"","shapeID":"81297802B98540731986743","shapeGroup":"VNM","shapeType":"ADM2"}},
{"type":"Feature","geometry":{"type":"Polygon","coordinates":[[[106.45477,21.06564],[106.48856,21.06724],[106.50354,21.05682],[106.5193,21.05384],[106.52342,21.04612],[106.54473,21.05453],[106.57579,21.05741],[106.60388,21.03646],[106.61144,21.02122],[106.62618,21.01173],[106.64764,21.01946],[106.65853,21.0173],[106.67429,21.0241],[106.67492,21.03278],[106.7014,21.03115],[106.70859,21.03685],[106.70434,21.05624],[106.71873,21.08487],[106.70722,21.09215],[106.69424,21.11752],[106.69949,21.13506],[106.70132,21.16734],[106.67754,21.17063],[106.65291,21.17416],[106.6412,21.18075],[106.63189,21.1721],[106.61016,21.17097],[106.60574,21.17978],[106.5889,21.17843],[106.57884,21.19245],[106.54331,21.19196],[106.52872,21.2225],[106.50188,21.2244],[106.49439,21.19901],[106.49607,21.18473],[106.48657,21.1733],[106.48268,21.15863],[106.48423,21.13149],[106.46146,21.11514],[106.44138,21.11734],[106.4392,21.10672],[106.45081,21.09461],[106.4405,21.07938],[106.45477,21.06564]]]},"properties":{"shapeName":"Dong Trieu","shapeISO":"","shapeID":"81297802B3249391660958","shapeGroup":"VNM","shapeType":"ADM2"}},
{"type":"Feature","geometry":{"type":"Polygon","coordinates":[[[105.3809,23.31301],[105.35405,23.34245],[105.3489,23.36997],[105.32345,23.39174],[105.30014,23.37362],[105.28905,23.35799],[105.28502,23.34295],[105.26238,23.34283],[105.25162,23.33255],[105.25931,23.31933],[105.24751,23.29125],[105.23753,23.28745],[105.22739,23.2714],[105.21262,23.26593],[105.19877,23.2808],[105.18525,23.277],[105.16924,23.28206],[105.15653,23.26562],[105.12229,23.25092],[105.136,23.2241],[105.14324,23.22285],[105.14543,23.19095],[105.15734,23.19307],[105.17652,23.18423],[105.17355,23.17401],[105.17921,23.1435],[105.19792,23.12816],[105.23834,23.10437],[105.25278,23.10388],[105.27196,23.09215],[105.3058,23.11652],[105.3002,23.13128],[105.30695,23.1602],[105.30491,23.20192],[105.326,23.21868],[105.33265,23.2044],[105.34878,23.19744],[105.37178,23.19772],[105.37928,23.23036],[105.36406,23.24737],[105.36747,23.26502],[105.39984,23.26618],[105.402,23.27548],[105.39025,23.30223],[105.3809,23.31301]]]},"properties":{"shapeName":"Dong Van","shapeISO":"","shapeID":"81297802B35887218353447","shapeGroup":"VNM","shapeType":"ADM2"}},
{"type":"Feature","geometry":{"type":"Polygon","coordinates":[[[106.76742,11.47986],[106.79126,11.49186],[106.80274,11.48229],[106.80636,11.45783],[106.82253,11.4608],[106.82601,11.47022],[106.84223,11.46996],[106.88872,11.47835],[106.89933,11.46672],[106.91196,11.47159],[106.93362,11.52366],[106.91908,11.54158],[106.92289,11.57176],[106.89435,11.5653],[106.85412,11.56566],[106.83139,11.54826],[106.8167,11.55005],[106.79358,11.56424],[106.77822,11.55334],[106.76747,11.54029],[106.75748,11.48852],[106.76742,11.47986]]]},"properties":{"shapeName":"Dong Xoai","shapeISO":"","shapeID":"81297802B13642047560711","shapeGroup":"VNM","shapeType":"ADM2"}},
{"type":"Feature","geometry":{"type":"Polygon","coordinates":[[[109.1164,13.58482],[109.10759,13.58838],[109.09403,13.57291],[109.08317,13.56812],[109.053,13.56928],[109.0288,13.53152],[108.99864,13.5229],[108.99361,13.51652],[108.96272,13.51783],[108.92526,13.53632],[108.92116,13.54095],[108.86799,13.53522],[108.86981,13.54643],[108.85836,13.55216],[108.85033,13.56857],[108.82716,13.56486],[108.81428,13.57706],[108.78847,13.57802],[108.76848,13.56171],[108.74896,13.56647],[108.74219,13.55682],[108.73269,13.53986],[108.72778,13.51965],[108.71432,13.51829],[108.71363,13.50177],[108.70327,13.48638],[108.71518,13.47445],[108.71447,13.46406],[108.74339,13.45735],[108.75208,13.46391],[108.78886,13.46836],[108.80616,13.43631],[108.80716,13.40044],[108.82247,13.3827],[108.85511,13.36832],[108.87586,13.37366],[108.89168,13.35914],[108.89276,13.34357],[108.9281,13.31954],[108.94308,13.31309],[108.9637,13.32642],[108.98649,13.32847],[109.0202,13.26762],[109.02029,13.25565],[109.03627,13.24986],[109.04477,13.23886],[109.05633,13.23899],[109.06455,13.25021],[109.095,13.24606],[109.11021,13.25969],[109.10669,13.3097],[109.1146,13.32123],[109.14624,13.31775],[109.17803,13.33459],[109.19232,13.35057],[109.18915,13.36016],[109.18161,13.37239],[109.17065,13.37391],[109.17741,13.39094],[109.17298,13.4061],[109.15472,13.4147],[109.14015,13.41265],[109.12639,13.42729],[109.12281,13.44263],[109.09209,13.46462],[109.12088,13.48572],[109.1236,13.50499],[109.10267,13.5399],[109.11785,13.57001],[109.1164,13.58482]]]},"properties":{"shapeName":"Dong Xuan","shapeISO":"","shapeID":"81297802B78420794750623","shapeGroup":"VNM","shapeType":"ADM2"}},
{"type":"Feature","geometry":{"type":"Polygon","coordinates":[[[107.82485,13.85236],[107.81743,13.87962],[107.79783,13.87764],[107.77985,13.88586],[107.75108,13.88894],[107.73368,13.90367],[107.73633,13.91459],[107.7105,13.9224],[107.69968,13.91641],[107.67638,13.87992],[107.66522,13.86951],[107.66022,13.85206],[107.63474,13.85069],[107.59907,13.84144],[107.55451,13.85238],[107.53709,13.84921],[107.53018,13.84165],[107.49516,13.85222],[107.47528,13.85409],[107.46726,13.83619],[107.45786,13.82642],[107.46308,13.81506],[107.45265,13.79006],[107.47451,13.77426],[107.48882,13.77111],[107.53351,13.74377],[107.55027,13.68998],[107.56832,13.66286],[107.57365,13.61799],[107.57898,13.62596],[107.60033,13.62176],[107.61667,13.62778],[107.63058,13.64367],[107.63802,13.66039],[107.66306,13.67129],[107.66296,13.68094],[107.67662,13.68676],[107.70842,13.71125],[107.72793,13.69905],[107.75273,13.69173],[107.76634,13.71946],[107.80578,13.74372],[107.81226,13.76367],[107.8228,13.77212],[107.82711,13.81132],[107.82129,13.84047],[107.82485,13.85236]]]},"properties":{"shapeName":"Duc Co","shapeISO":"","shapeID":"81297802B6947069841891","shapeGroup":"VNM","shapeType":"ADM2"}},
{"type":"Feature","geometry":{"type":"Polygon","coordinates":[[[106.47222,10.74542],[106.46356,10.7565],[106.50425,10.78868],[106.51408,10.78974],[106.53474,10.87177],[106.52566,10.87378],[106.53323,10.9013],[106.49624,10.92072],[106.45333,10.94205],[106.41208,10.97361],[106.37319,10.96962],[106.35677,10.99173],[106.3254,11.0157],[106.30041,11.02634],[106.27841,11.01602],[106.28688,10.99355],[106.27297,10.98104],[106.29011,10.97158],[106.28409,10.95582],[106.30027,10.94086],[106.30451,10.90723],[106.32867,10.8988],[106.33943,10.88939],[106.3349,10.87386],[106.34246,10.86141],[106.34209,10.84347],[106.35894,10.84173],[106.36045,10.82297],[106.37859,10.82669],[106.3917,10.81704],[106.3926,10.79805],[106.413,10.78706],[106.42854,10.79278],[106.42453,10.77553],[106.44892,10.76277],[106.46612,10.7409],[106.47222,10.74542]]]},"properties":{"shapeName":"Duc Hoa","shapeISO":"","shapeID":"81297802B22890149890322","shapeGroup":"VNM","shapeType":"ADM2"}},
{"type":"Feature","geometry":{"type":"Polygon","coordinates":[[[106.3926,10.79805],[106.3917,10.81704],[106.37859,10.82669],[106.36045,10.82297],[106.35894,10.84173],[106.34209,10.84347],[106.34246,10.86141],[106.3349,10.87386],[106.33943,10.88939],[106.32867,10.8988],[106.30451,10.90723],[106.30027,10.94086],[106.28409,10.95582],[106.29011,10.97158],[106.27297,10.98104],[106.23955,10.98714],[106.22273,10.97855],[106.19443,10.97119],[106.18782,10.96482],[106.16813,10.96309],[106.16357,10.98041],[106.14505,10.97858],[106.14559,10.95623],[106.15117,10.94278],[106.13766,10.91401],[106.16287,10.8835],[106.18708,10.83748],[106.19051,10.78913],[106.24641,10.76442],[106.2664,10.77799],[106.29688,10.74294],[106.32611,10.76439],[106.34958,10.76967],[106.36939,10.78068],[106.38975,10.78713],[106.3926,10.79805]]]},"properties":{"shapeName":"Duc Hue","shapeISO":"","shapeID":"81297802B23772600550478","shapeGroup":"VNM","shapeType":"ADM2"}},
{"type":"Feature","geometry":{"type":"Polygon","coordinates":[[[107.54319,11.36207],[107.5354,11.32504],[107.51933,11.31402],[107.52401,11.29981],[107.51858,11.28484],[107.52524,11.26063],[107.50824,11.23739],[107.486,11.22188],[107.48325,11.20185],[107.47334,11.20059],[107.47183,11.18603],[107.46057,11.177],[107.45773,11.15142],[107.43455,11.13724],[107.45375,11.11233],[107.44625,11.09163],[107.43048,11.08694],[107.42252,11.07573],[107.42528,11.06319],[107.41619,11.05041],[107.3942,11.04955],[107.40578,11.04295],[107.42237,11.04155],[107.44392,11.03063],[107.44971,11.02095],[107.46496,11.01614],[107.47409,11.00708],[107.50007,11.01497],[107.508,11.01104],[107.52482,11.01751],[107.54823,11.01751],[107.56952,11.03695],[107.57248,11.05686],[107.58062,11.0658],[107.55658,11.08957],[107.56166,11.10391],[107.57855,11.11801],[107.58667,11.1407],[107.5949,11.15257],[107.59395,11.16852],[107.6007,11.17745],[107.59065,11.18879],[107.59923,11.19759],[107.61539,11.19614],[107.6417,11.22743],[107.63858,11.23161],[107.64596,11.2624],[107.64486,11.28312],[107.65914,11.30116],[107.66149,11.3194],[107.65655,11.33191],[107.60988,11.34386],[107.59396,11.35821],[107.57622,11.38135],[107.5673,11.3815],[107.54319,11.36207]]]},"properties":{"shapeName":"Duc Linh","shapeISO":"","shapeID":"81297802B10372149063277","shapeGroup":"VNM","shapeType":"ADM2"}},
{"type":"Feature","geometry":{"type":"Polygon","coordinates":[[[108.97516,14.67313],[108.99402,14.67402],[109.01692,14.66563],[109.04538,14.63071],[109.04412,14.61123],[109.06015,14.5915],[109.0825,14.57777],[109.07222,14.6026],[109.07196,14.61848],[109.0655,14.65349],[109.06782,14.66374],[109.08362,14.66984],[109.07422,14.69348],[109.07688,14.70523],[109.04863,14.74574],[109.00431,14.81765],[108.95599,14.91903],[108.93929,14.9087],[108.93834,14.89167],[108.91687,14.87829],[108.90594,14.88323],[108.89095,14.88063],[108.8849,14.88712],[108.83511,14.89168],[108.82076,14.88282],[108.82869,14.87488],[108.82864,14.86217],[108.81704,14.84954],[108.81817,14.83548],[108.83211,14.82424],[108.82523,14.80904],[108.84589,14.79713],[108.85489,14.80791],[108.87981,14.79145],[108.93566,14.77472],[108.93531,14.74988],[108.95701,14.73895],[108.97126,14.72532],[108.97076,14.70237],[108.97902,14.69082],[108.97516,14.67313]]]},"properties":{"shapeName":"Duc Pho","shapeISO":"","shapeID":"81297802B20968372540645","shapeGroup":"VNM","shapeType":"ADM2"}},
{"type":"Feature","geometry":{"type":"Polygon","coordinates":[[[105.67668,18.51161],[105.67892,18.53388],[105.66527,18.56071],[105.67072,18.57843],[105.65758,18.58248],[105.63666,18.56651],[105.62306,18.56549],[105.61638,18.57719],[105.58976,18.57271],[105.58365,18.55874],[105.55207,18.55707],[105.5462,18.55212],[105.55423,18.52625],[105.55346,18.51219],[105.54144,18.49427],[105.55311,18.48441],[105.54257,18.47323],[105.53921,18.4423],[105.54494,18.42465],[105.55705,18.42959],[105.57013,18.4254],[105.58626,18.40862],[105.60638,18.40866],[105.63664,18.39337],[105.64519,18.41074],[105.63073,18.41857],[105.63852,18.42888],[105.63452,18.44164],[105.63772,18.45944],[105.64879,18.48281],[105.66117,18.49095],[105.67668,18.51161]]]},"properties":{"shapeName":"Duc Tho","shapeISO":"","shapeID":"81297802B16083563480391","shapeGroup":"VNM","shapeType":"ADM2"}},
{"type":"Feature","geometry":{"type":"Polygon","coordinates":[[[108.56055,11.52444],[108.5658,11.5368],[108.58217,11.55554],[108.5737,11.57635],[108.55166,11.60182],[108.55333,11.63162],[108.56297,11.64248],[108.56719,11.64983],[108.56075,11.6765],[108.51001,11.67325],[108.5062,11.66692],[108.4827,11.65232],[108.45006,11.66217],[108.42744,11.65893],[108.4175,11.68033],[108.39452,11.6882],[108.40432,11.734],[108.42255,11.74233],[108.42806,11.75813],[108.42698,11.77717],[108.46107,11.80813],[108.46841,11.80751],[108.48773,11.82507],[108.50098,11.84172],[108.4884,11.85585],[108.48563,11.87067],[108.44939,11.87983],[108.42966,11.86185],[108.4261,11.85396],[108.41233,11.83156],[108.38874,11.82803],[108.35994,11.80274],[108.34751,11.7825],[108.32183,11.79158],[108.30327,11.81427],[108.29454,11.80801],[108.27476,11.77676],[108.27278,11.75096],[108.25873,11.75008],[108.2513,11.73657],[108.24232,11.70616],[108.24321,11.69293],[108.23292,11.68338],[108.23206,11.65989],[108.21809,11.65933],[108.21499,11.64423],[108.22875,11.63388],[108.22296,11.60437],[108.2364,11.57383],[108.22998,11.56424],[108.23532,11.55245],[108.25498,11.54087],[108.26687,11.54096],[108.27673,11.5282],[108.29458,11.52941],[108.30332,11.52035],[108.32254,11.53216],[108.33047,11.52281],[108.34412,11.5284],[108.35041,11.51041],[108.37361,11.50937],[108.38303,11.52532],[108.3959,11.5183],[108.41816,11.52705],[108.43151,11.51445],[108.45779,11.51879],[108.49487,11.52993],[108.53965,11.50596],[108.55639,11.51486],[108.56055,11.52444]]]},"properties":{"shapeName":"Duc Trong","shapeISO":"","shapeID":"81297802B43116981701202","shapeGroup":"VNM","shapeType":"ADM2"}},
{"type":"Feature","geometry":{"type":"Polygon","coordinates":[[[106.78335,20.74585],[106.75634,20.7748],[106.74192,20.77447],[106.73089,20.79644],[106.70381,20.81],[106.69956,20.82803],[106.6962,20.82753],[106.69171,20.81585],[106.67697,20.81676],[106.66551,20.81552],[106.64816,20.79622],[106.65773,20.78119],[106.68021,20.78968],[106.70801,20.78748],[106.69936,20.75852],[106.70775,20.75045],[106.74539,20.75757],[106.75793,20.74097],[106.78335,20.74585]]]},"properties":{"shapeName":"Duong Kinh","shapeISO":"","shapeID":"81297802B62167717430855","shapeGroup":"VNM","shapeType":"ADM2"}},
{"type":"Feature","geometry":{"type":"Polygon","coordinates":[[[106.35984,11.42391],[106.34505,11.42042],[106.27496,11.41948],[106.2502,11.45092],[106.21856,11.47136],[106.2144,11.45466],[106.19537,11.42992],[106.19199,11.41487],[106.1814,11.40775],[106.17923,11.39673],[106.19198,11.38689],[106.18662,11.36908],[106.17897,11.36497],[106.15871,11.34021],[106.1515,11.321],[106.13848,11.30524],[106.14176,11.29616],[106.16921,11.29892],[106.1789,11.29012],[106.19377,11.29112],[106.20366,11.26139],[106.22907,11.2314],[106.25533,11.2092],[106.26526,11.21149],[106.2881,11.18846],[106.31731,11.22059],[106.3314,11.22425],[106.33891,11.21335],[106.35299,11.21354],[106.35876,11.23747],[106.35541,11.2468],[106.35886,11.26109],[106.35253,11.26679],[106.35619,11.28458],[106.34039,11.28673],[106.33822,11.30432],[106.34332,11.32916],[106.32637,11.3436],[106.33576,11.36032],[106.34533,11.36386],[106.34485,11.37708],[106.35874,11.399],[106.35984,11.42391]]]},"properties":{"shapeName":"Duong Minh Chau","shapeISO":"","shapeID":"81297802B96522155706340","shapeGroup":"VNM","shapeType":"ADM2"}},
{"type":"Feature","geometry":{"type":"Polygon","coordinates":[[[106.00213,20.57214],[105.98664,20.58162],[105.98243,20.60512],[105.99539,20.62597],[106.01036,20.61474],[106.04683,20.61956],[106.03136,20.64621],[106.03512,20.681],[106.02028,20.69919],[106.00289,20.70436],[105.97726,20.66548],[105.94761,20.6538],[105.94314,20.68194],[105.90567,20.66836],[105.89614,20.66931],[105.89121,20.64812],[105.91239,20.61788],[105.92002,20.61314],[105.92499,20.59286],[105.91964,20.56729],[105.94014,20.57222],[105.94843,20.56494],[105.94548,20.55089],[105.95821,20.54659],[105.97148,20.55807],[106.00213,20.57214]]]},"properties":{"shapeName":"Duy Tien","shapeISO":"","shapeID":"81297802B7902592700170","shapeGroup":"VNM","shapeType":"ADM2"}},
{"type":"Feature","geometry":{"type":"Polygon","coordinates":[[[108.04635,15.76484],[108.06611,15.76321],[108.07095,15.74999],[108.08967,15.73248],[108.10634,15.7335],[108.11643,15.73991],[108.13851,15.73575],[108.15062,15.72168],[108.16852,15.71387],[108.17226,15.72578],[108.18788,15.73412],[108.19459,15.74645],[108.21843,15.73834],[108.25007,15.75499],[108.26651,15.76846],[108.26155,15.7936],[108.27118,15.80251],[108.27447,15.82202],[108.29211,15.82936],[108.32942,15.81662],[108.3387,15.8288],[108.35627,15.82593],[108.38785,15.82967],[108.39902,15.81036],[108.41243,15.81957],[108.4046,15.85158],[108.4044,15.86705],[108.39367,15.87623],[108.36742,15.85891],[108.3465,15.86241],[108.31371,15.85632],[108.3056,15.86684],[108.27911,15.86659],[108.25706,15.85492],[108.24787,15.83508],[108.23726,15.84734],[108.21048,15.83438],[108.16886,15.83332],[108.16136,15.84649],[108.14471,15.85025],[108.13259,15.84221],[108.11666,15.84256],[108.0939,15.82438],[108.07029,15.8145],[108.059,15.79032],[108.04026,15.7772],[108.04635,15.76484]]]},"properties":{"shapeName":"Duy Xuyen","shapeISO":"","shapeID":"81297802B11134761285152","shapeGroup":"VNM","shapeType":"ADM2"}},
{"type":"Feature","geometry":{"type":"Polygon","coordinates":[[[106.40051,9.67893],[106.40765,9.65563],[106.40704,9.63059],[106.39945,9.6317],[106.28445,9.61021],[106.27234,9.60246],[106.30709,9.58128],[106.3351,9.5358],[106.37795,9.52976],[106.40545,9.53785],[106.41487,9.52995],[106.44726,9.53764],[106.48624,9.55096],[106.50556,9.56055],[106.52622,9.57655],[106.55814,9.61664],[106.57025,9.63885],[106.5799,9.67083],[106.57838,9.70175],[106.58166,9.75634],[106.59194,9.77823],[106.60701,9.79044],[106.59046,9.80722],[106.55631,9.78402],[106.538,9.74091],[106.51987,9.71734],[106.49474,9.70084],[106.47736,9.70222],[106.44506,9.69892],[106.4261,9.6882],[106.40051,9.67893]]]},"properties":{"shapeName":"Duyen Hai","shapeISO":"","shapeID":"81297802B81116648730753","shapeGroup":"VNM","shapeType":"ADM2"}},
{"type":"Feature","geometry":{"type":"Polygon","coordinates":[[[108.31151,13.34639],[108.28854,13.35044],[108.28132,13.36124],[108.26385,13.37261],[108.25792,13.36861],[108.22755,13.37046],[108.20915,13.3765],[108.17993,13.38406],[108.14473,13.40768],[108.12502,13.40956],[108.11229,13.41658],[108.0805,13.40309],[108.06875,13.40956],[108.04533,13.40094],[108.03569,13.40263],[108.0221,13.38737],[108.00929,13.38092],[107.98397,13.39288],[107.98161,13.38401],[107.96579,13.37995],[107.95518,13.3845],[107.95917,13.36989],[107.9744,13.35806],[107.97296,13.34555],[107.98479,13.30793],[107.98363,13.30264],[108.00278,13.28931],[107.99722,13.27272],[107.99994,13.24969],[107.97801,13.23352],[107.98787,13.22084],[107.98661,13.20016],[107.99224,13.18321],[107.97539,13.1679],[107.98538,13.14235],[107.98891,13.11203],[108.00947,13.10219],[108.04797,13.1017],[108.05029,13.08929],[108.03479,13.07421],[108.05656,13.05155],[108.083,13.07052],[108.09604,13.05803],[108.10896,13.06571],[108.10996,13.07484],[108.129,13.08577],[108.14033,13.11313],[108.16249,13.12087],[108.19441,13.12243],[108.21846,13.10679],[108.2653,13.12187],[108.2788,13.12381],[108.30936,13.13586],[108.31921,13.14619],[108.33172,13.14141],[108.34371,13.14503],[108.35529,13.13481],[108.36518,13.13481],[108.37775,13.15068],[108.40602,13.15793],[108.43104,13.14073],[108.43832,13.14799],[108.46532,13.14839],[108.46376,13.16226],[108.43688,13.18025],[108.42351,13.19802],[108.41628,13.22175],[108.4204,13.24202],[108.40543,13.26038],[108.38859,13.25696],[108.37694,13.26689],[108.37246,13.30253],[108.35333,13.32918],[108.32111,13.34545],[108.31151,13.34639]]]},"properties":{"shapeName":"EA Hleo","shapeISO":"","shapeID":"81297802B9030212335391","shapeGroup":"VNM","shapeType":"ADM2"}},
{"type":"Feature","geometry":{"type":"Polygon","coordinates":[[[108.68192,12.99777],[108.66722,13.00428],[108.65748,12.99873],[108.64509,13.01049],[108.61858,13.01036],[108.60084,13.01759],[108.59166,13.02952],[108.57747,13.02813],[108.56797,13.01968],[108.53771,13.03225],[108.51266,13.03494],[108.49681,13.03352],[108.49213,13.02086],[108.47688,13.02126],[108.48177,13.00258],[108.48174,12.97849],[108.49636,12.96537],[108.50047,12.93461],[108.51909,12.92219],[108.51492,12.91314],[108.48952,12.90666],[108.45817,12.92855],[108.44317,12.91346],[108.44835,12.90092],[108.43492,12.87179],[108.38541,12.85774],[108.37086,12.83847],[108.38674,12.82161],[108.39791,12.82042],[108.41907,12.80736],[108.43147,12.77196],[108.44254,12.76139],[108.45108,12.74492],[108.44555,12.73803],[108.45123,12.72348],[108.46401,12.71765],[108.45977,12.69261],[108.48254,12.6878],[108.48479,12.67502],[108.49652,12.65563],[108.48401,12.63779],[108.48817,12.59804],[108.49833,12.60339],[108.52859,12.58795],[108.55486,12.58532],[108.57033,12.57864],[108.60944,12.57408],[108.63038,12.58701],[108.64726,12.58777],[108.67483,12.6086],[108.67551,12.61795],[108.67784,12.63039],[108.69387,12.63333],[108.69305,12.66153],[108.68013,12.67448],[108.67693,12.70679],[108.65474,12.713],[108.6675,12.72734],[108.67659,12.72583],[108.6876,12.73632],[108.68498,12.7601],[108.6742,12.76845],[108.60709,12.76919],[108.59095,12.78108],[108.58184,12.79803],[108.5971,12.82368],[108.58975,12.83526],[108.59454,12.85801],[108.6096,12.86512],[108.6131,12.89302],[108.63284,12.90174],[108.69862,12.91098],[108.72229,12.91759],[108.72452,12.92451],[108.7105,12.94253],[108.70093,12.94803],[108.70567,12.96429],[108.67986,12.9813],[108.68192,12.99777]]]},"properties":{"shapeName":"Ea Kar","shapeISO":"","shapeID":"81297802B96415917644052","shapeGroup":"VNM","shapeType":"ADM2"}},
{"type":"Feature","geometry":{"type":"Polygon","coordinates":[[[107.96108,13.00942],[107.97292,13.02574],[107.98266,13.02033],[107.99451,13.02842],[107.99872,13.04923],[108.02006,13.07079],[108.03479,13.07421],[108.05029,13.08929],[108.04797,13.1017],[108.00947,13.10219],[107.98891,13.11203],[107.98538,13.14235],[107.97539,13.1679],[107.99224,13.18321],[107.98661,13.20016],[107.98787,13.22084],[107.97801,13.23352],[107.99994,13.24969],[107.99722,13.27272],[108.00278,13.28931],[107.98363,13.30264],[107.98479,13.30793],[107.97296,13.34555],[107.9744,13.35806],[107.95917,13.36989],[107.95518,13.3845],[107.93892,13.3758],[107.92072,13.37985],[107.90717,13.38889],[107.88697,13.38464],[107.87652,13.39361],[107.85168,13.3893],[107.83923,13.40051],[107.81686,13.39284],[107.80882,13.39487],[107.78611,13.37555],[107.74892,13.36298],[107.70998,13.36955],[107.70403,13.37467],[107.6501,13.3422],[107.64894,13.32706],[107.63062,13.32198],[107.60646,13.30519],[107.51197,13.08568],[107.52336,13.08374],[107.56052,13.08793],[107.62123,13.07371],[107.63432,13.07478],[107.65993,13.0694],[107.68723,13.07139],[107.7163,13.04441],[107.72497,13.03061],[107.74239,13.01934],[107.76977,12.9916],[107.80083,13.00047],[107.84576,12.99533],[107.85392,12.98495],[107.87567,12.98398],[107.8851,12.97168],[107.91032,12.96208],[107.91809,12.97816],[107.94651,12.98772],[107.96108,13.00942]]]},"properties":{"shapeName":"Ea Sup","shapeISO":"","shapeID":"81297802B87471755079038","shapeGroup":"VNM","shapeType":"ADM2"}},
{"type":"Feature","geometry":{"type":"Polygon","coordinates":[[[106.29525,21.10902],[106.28387,21.10455],[106.25975,21.11526],[106.23889,21.11493],[106.19323,21.09615],[106.17045,21.10913],[106.15329,21.11005],[106.14697,21.10406],[106.14283,21.08219],[106.13353,21.07862],[106.13104,21.07261],[106.14335,21.0252],[106.15863,21.04406],[106.17662,21.03608],[106.20178,21.04075],[106.21077,21.03405],[106.21598,21.05546],[106.23016,21.06208],[106.26302,21.06119],[106.27723,21.07465],[106.30516,21.06984],[106.29525,21.10902]]]},"properties":{"shapeName":"Gia Binh","shapeISO":"","shapeID":"81297802B26729031323268","shapeGroup":"VNM","shapeType":"ADM2"}},
{"type":"Feature","geometry":{"type":"Polygon","coordinates":[[[105.90202,21.07891],[105.92588,21.07033],[105.93893,21.03996],[105.92717,21.0257],[105.92044,21.00441],[105.91004,21.00489],[105.90037,20.99433],[105.90872,20.98155],[105.88605,20.94561],[105.88737,20.92935],[105.90846,20.92633],[105.91508,20.93708],[105.90415,20.94665],[105.91573,20.9755],[105.93862,20.96784],[105.96463,20.96315],[105.9613,20.98824],[105.97752,20.99894],[106.00124,21.00003],[106.00646,21.02885],[106.02007,21.04121],[106.0019,21.06993],[105.98483,21.06996],[105.96792,21.07211],[105.95794,21.09139],[105.94028,21.08347],[105.93498,21.10494],[105.91559,21.11999],[105.90549,21.11398],[105.89642,21.09847],[105.90574,21.08985],[105.90202,21.07891]]]},"properties":{"shapeName":"Gia Lam","shapeISO":"","shapeID":"81297802B60728672974675","shapeGroup":"VNM","shapeType":"ADM2"}},
{"type":"Feature","geometry":{"type":"Polygon","coordinates":[[[106.24982,20.84069],[106.24275,20.82045],[106.24863,20.79566],[106.2604,20.78038],[106.28775,20.78026],[106.29943,20.77739],[106.29934,20.79527],[106.3161,20.79811],[106.32104,20.80736],[106.30955,20.81928],[106.31209,20.83422],[106.3428,20.84395],[106.35101,20.86782],[106.34698,20.88387],[106.33288,20.89295],[106.3118,20.90104],[106.29543,20.89854],[106.29561,20.91601],[106.26804,20.91773],[106.26078,20.90846],[106.24062,20.90016],[106.24818,20.88353],[106.2476,20.86508],[106.25873,20.8561],[106.24982,20.84069]]]},"properties":{"shapeName":"Gia Loc","shapeISO":"","shapeID":"81297802B14141540631295","shapeGroup":"VNM","shapeType":"ADM2"}},
{"type":"Feature","geometry":{"type":"Polygon","coordinates":[[[107.72888,11.91501],[107.74354,11.91817],[107.76243,11.93605],[107.78782,11.95499],[107.77632,11.98109],[107.76109,11.98876],[107.75139,12.01394],[107.72429,12.02949],[107.74409,12.04365],[107.75742,12.0742],[107.76697,12.08024],[107.76581,12.1101],[107.75161,12.13956],[107.73404,12.1393],[107.725,12.12534],[107.73159,12.11183],[107.71916,12.10067],[107.69932,12.09153],[107.68812,12.07949],[107.67651,12.05539],[107.64912,12.05317],[107.63104,12.04548],[107.59287,12.04811],[107.58272,12.0459],[107.57661,12.03016],[107.58027,12.01453],[107.61803,11.99146],[107.63709,11.99852],[107.6403,11.97785],[107.64915,11.9749],[107.65255,11.95227],[107.6597,11.93821],[107.64985,11.93177],[107.64617,11.91531],[107.65788,11.90999],[107.6536,11.89386],[107.66279,11.88658],[107.67378,11.8852],[107.67425,11.91383],[107.70939,11.92229],[107.72888,11.91501]]]},"properties":{"shapeName":"Gia Nghia","shapeISO":"","shapeID":"81297802B66925040014305","shapeGroup":"VNM","shapeType":"ADM2"}},
{"type":"Feature","geometry":{"type":"Polygon","coordinates":[[[105.27891,9.17408],[105.30094,9.18546],[105.32366,9.1929],[105.37909,9.21518],[105.40662,9.22314],[105.41007,9.21142],[105.42362,9.21583],[105.44064,9.20949],[105.44463,9.2249],[105.46424,9.21982],[105.47279,9.23654],[105.4861,9.24346],[105.54704,9.25922],[105.54524,9.28324],[105.53056,9.28833],[105.51427,9.28748],[105.51731,9.30133],[105.50775,9.3114],[105.51326,9.32462],[105.50864,9.33011],[105.4726,9.34221],[105.45326,9.34168],[105.44114,9.34744],[105.42137,9.34645],[105.4011,9.35271],[105.37958,9.33295],[105.33913,9.28734],[105.31886,9.30329],[105.29405,9.27974],[105.25804,9.25138],[105.25524,9.24306],[105.23251,9.21379],[105.25285,9.19847],[105.26136,9.1783],[105.27891,9.17408]]]},"properties":{"shapeName":"Gia Rai","shapeISO":"","shapeID":"81297802B74217032443586","shapeGroup":"VNM","shapeType":"ADM2"}},
{"type":"Feature","geometry":{"type":"Polygon","coordinates":[[[105.85722,20.42654],[105.84372,20.42078],[105.82076,20.42126],[105.81113,20.41925],[105.79901,20.4002],[105.80359,20.38474],[105.81442,20.36987],[105.79884,20.35265],[105.80897,20.3464],[105.81169,20.33143],[105.80062,20.31762],[105.81029,20.29664],[105.80968,20.28603],[105.83105,20.27249],[105.84785,20.27655],[105.86253,20.2562],[105.87402,20.24894],[105.87893,20.23282],[105.89399,20.23897],[105.88911,20.25688],[105.88098,20.26501],[105.88385,20.28921],[105.89725,20.29746],[105.90999,20.31814],[105.93618,20.32783],[105.94894,20.3388],[105.95197,20.35554],[105.93795,20.3562],[105.93469,20.3679],[105.92242,20.36294],[105.91675,20.373],[105.90217,20.37314],[105.89231,20.38775],[105.86872,20.40982],[105.85722,20.42654]]]},"properties":{"shapeName":"Gia Vien","shapeISO":"","shapeID":"81297802B79786453625721","shapeGroup":"VNM","shapeType":"ADM2"}},
{"type":"Feature","geometry":{"type":"Polygon","coordinates":[[[104.7785,10.51963],[104.75758,10.51886],[104.71023,10.53461],[104.68039,10.53997],[104.64555,10.54082],[104.64546,10.53095],[104.61689,10.52932],[104.59557,10.53488],[104.5866,10.52698],[104.58319,10.50461],[104.55938,10.4924],[104.55472,10.46305],[104.56807,10.46306],[104.57322,10.45445],[104.52642,10.37688],[104.57089,10.34605],[104.5814,10.36412],[104.61303,10.39383],[104.6189,10.4033],[104.63319,10.39381],[104.6513,10.42007],[104.70028,10.39657],[104.70854,10.41178],[104.74858,10.3886],[104.78184,10.3742],[104.80526,10.42415],[104.81017,10.439],[104.79732,10.46733],[104.77807,10.48706],[104.78276,10.50341],[104.7785,10.51963]]]},"properties":{"shapeName":"Giang Thanh","shapeISO":"","shapeID":"81297802B31774141557678","shapeGroup":"VNM","shapeType":"ADM2"}},
{"type":"Feature","geometry":{"type":"Polygon","coordinates":[[[106.59192,20.24405],[106.57605,20.268],[106.55225,20.29271],[106.52499,20.31641],[106.49184,20.30293],[106.48253,20.29376],[106.45137,20.29044],[106.43317,20.29934],[106.41014,20.28532],[106.38033,20.281],[106.37313,20.27371],[106.36541,20.23909],[106.354,20.22264],[106.35115,20.20518],[106.35589,20.1978],[106.35209,20.18127],[106.36249,20.17834],[106.41369,20.20589],[106.44293,20.2132],[106.48102,20.21688],[106.47963,20.19651],[106.49316,20.19094],[106.51211,20.19232],[106.5539,20.20201],[106.58443,20.2196],[106.59192,20.24405]]]},"properties":{"shapeName":"Giao Thuy","shapeISO":"","shapeID":"81297802B51483513425235","shapeGroup":"VNM","shapeType":"ADM2"}},
{"type":"Feature","geometry":{"type":"Polygon","coordinates":[[[107.10307,16.85999],[107.12487,16.84688],[107.13021,16.85903],[107.14777,16.86714],[107.15429,16.87893],[107.19317,16.90511],[107.14072,16.96603],[107.1213,16.9948],[107.11201,17.01542],[107.10451,17.00187],[107.08577,16.99108],[107.07299,17.00477],[107.06116,17.01005],[107.0504,17.00285],[107.05474,16.98162],[107.03041,16.9725],[107.01205,16.97975],[106.99004,16.97189],[106.97719,16.96271],[106.96103,16.9644],[106.94196,16.9451],[106.94974,16.93708],[106.93986,16.92371],[106.91622,16.92344],[106.89765,16.90744],[106.88251,16.9036],[106.87089,16.91468],[106.85078,16.90319],[106.82823,16.89561],[106.79473,16.89141],[106.75419,16.89997],[106.71536,16.8967],[106.68707,16.9016],[106.69629,16.88344],[106.70718,16.87972],[106.74314,16.87725],[106.76745,16.8636],[106.77716,16.83635],[106.78155,16.82152],[106.80841,16.82396],[106.83135,16.81074],[106.83726,16.81849],[106.85418,16.81539],[106.8884,16.82471],[106.8968,16.85095],[106.92572,16.86711],[106.92731,16.88121],[106.93892,16.88157],[106.9394,16.85559],[106.97576,16.85246],[107.01678,16.8609],[107.01854,16.86764],[107.04201,16.88479],[107.05152,16.88344],[107.07428,16.86953],[107.09768,16.86891],[107.10307,16.85999]]]},"properties":{"shapeName":"Gio Linh","shapeISO":"","shapeID":"81297802B57271723433997","shapeGroup":"VNM","shapeType":"ADM2"}},
{"type":"Feature","geometry":{"type":"Polygon","coordinates":[[[105.20135,9.83871],[105.20786,9.81445],[105.20681,9.79663],[105.22562,9.7956],[105.23837,9.83055],[105.27309,9.83089],[105.28335,9.82577],[105.28442,9.79916],[105.30781,9.79927],[105.33829,9.80673],[105.33855,9.8274],[105.35086,9.84006],[105.41146,9.81017],[105.43248,9.80758],[105.43094,9.81651],[105.4611,9.82657],[105.47682,9.83295],[105.5208,9.85916],[105.51681,9.86313],[105.53953,9.91304],[105.53234,9.91961],[105.41811,10.02525],[105.36431,10.07323],[105.3413,10.03198],[105.35147,10.02794],[105.3384,10.00042],[105.32408,9.99099],[105.29707,9.98218],[105.27687,9.95637],[105.26713,9.96744],[105.23709,9.97515],[105.22286,9.97175],[105.21004,9.93587],[105.22578,9.91708],[105.23642,9.91462],[105.22904,9.8932],[105.23983,9.87865],[105.23711,9.86207],[105.22463,9.86207],[105.20876,9.85452],[105.20135,9.83871]]]},"properties":{"shapeName":"Giong Rieng","shapeISO":"","shapeID":"81297802B19779239086561","shapeGroup":"VNM","shapeType":"ADM2"}},
{"type":"Feature","geometry":{"type":"Polygon","coordinates":[[[106.5782,10.18637],[106.56288,10.19853],[106.53097,10.2089],[106.48025,10.24331],[106.45125,10.25422],[106.43967,10.2651],[106.43273,10.2456],[106.42935,10.23556],[106.41416,10.22765],[106.408,10.19948],[106.38951,10.19363],[106.35724,10.19922],[106.36164,10.17587],[106.37671,10.14491],[106.39434,10.11859],[106.4407,10.07068],[106.48503,10.02532],[106.48903,10.03889],[106.47011,10.05987],[106.49015,10.07201],[106.51255,10.07763],[106.51674,10.08767],[106.54502,10.12702],[106.54244,10.14294],[106.56428,10.15822],[106.58576,10.16071],[106.57778,10.17487],[106.5782,10.18637]]]},"properties":{"shapeName":"Giong Trom","shapeISO":"","shapeID":"81297802B83890760772965","shapeGroup":"VNM","shapeType":"ADM2"}},
{"type":"Feature","geometry":{"type":"Polygon","coordinates":[[[106.58689,10.43759],[106.5869,10.42617],[106.6007,10.42621],[106.61485,10.41374],[106.63582,10.38864],[106.63323,10.38053],[106.64642,10.35833],[106.65154,10.3348],[106.67373,10.34088],[106.67841,10.33544],[106.7152,10.36024],[106.70302,10.37097],[106.68976,10.39262],[106.68883,10.40641],[106.69813,10.42328],[106.69014,10.42889],[106.6885,10.44496],[106.6686,10.43926],[106.65989,10.44972],[106.66054,10.46681],[106.65364,10.48254],[106.6392,10.47992],[106.62748,10.45218],[106.59733,10.43663],[106.58689,10.43759]]]},"properties":{"shapeName":"Go Cong","shapeISO":"","shapeID":"81297802B95868582932177","shapeGroup":"VNM","shapeType":"ADM2"}},
{"type":"Feature","geometry":{"type":"Polygon","coordinates":[[[106.6885,10.44496],[106.69014,10.42889],[106.69813,10.42328],[106.68883,10.40641],[106.68976,10.39262],[106.70302,10.37097],[106.7152,10.36024],[106.67841,10.33544],[106.68708,10.32108],[106.6606,10.31085],[106.66987,10.29008],[106.6836,10.29419],[106.6995,10.28236],[106.74415,10.2664],[106.75359,10.25785],[106.75703,10.26694],[106.78169,10.29252],[106.78063,10.31184],[106.78321,10.38192],[106.81669,10.39258],[106.80269,10.40961],[106.78077,10.42959],[106.76116,10.45379],[106.73503,10.49731],[106.70598,10.47244],[106.6885,10.44496]]]},"properties":{"shapeName":"Go Cong Dong","shapeISO":"","shapeID":"81297802B63663693246644","shapeGroup":"VNM","shapeType":"ADM2"}},
{"type":"Feature","geometry":{"type":"Polygon","coordinates":[[[106.51911,10.42473],[106.53148,10.41059],[106.54686,10.41083],[106.53845,10.37545],[106.51468,10.36196],[106.52672,10.34957],[106.5211,10.33815],[106.52508,10.32763],[106.54148,10.33645],[106.55181,10.33482],[106.55418,10.32055],[106.54365,10.2977],[106.57454,10.28826],[106.62145,10.28636],[106.64223,10.2775],[106.65671,10.27745],[106.66987,10.29008],[106.6606,10.31085],[106.68708,10.32108],[106.67841,10.33544],[106.67373,10.34088],[106.65154,10.3348],[106.64642,10.35833],[106.63323,10.38053],[106.63582,10.38864],[106.61485,10.41374],[106.6007,10.42621],[106.5869,10.42617],[106.58905,10.41854],[106.55849,10.41313],[106.55837,10.42399],[106.52923,10.4335],[106.51911,10.42473]]]},"properties":{"shapeName":"Go Cong Tay","shapeISO":"","shapeID":"81297802B95643835690721","shapeGroup":"VNM","shapeType":"ADM2"}},
{"type":"Feature","geometry":{"type":"Polygon","coordinates":[[[106.26473,11.05822],[106.27784,11.05466],[106.3032,11.06817],[106.31416,11.06222],[106.32905,11.07725],[106.33106,11.09302],[106.34005,11.09812],[106.34374,11.12378],[106.35533,11.13106],[106.32946,11.15831],[106.3387,11.17247],[106.32595,11.18609],[106.35299,11.21354],[106.33891,11.21335],[106.3314,11.22425],[106.31731,11.22059],[106.2881,11.18846],[106.26526,11.21149],[106.25533,11.2092],[106.22907,11.2314],[106.20366,11.26139],[106.18926,11.22954],[106.17429,11.22377],[106.16324,11.21109],[106.14914,11.21284],[106.14859,11.20142],[106.13994,11.18835],[106.14036,11.16902],[106.1577,11.157],[106.17358,11.16701],[106.18403,11.16483],[106.19356,11.15073],[106.21969,11.15675],[106.22986,11.1528],[106.23786,11.12969],[106.22279,11.12326],[106.22569,11.10351],[106.24502,11.08864],[106.25799,11.09148],[106.26932,11.06759],[106.26473,11.05822]]]},"properties":{"shapeName":"Go Dau","shapeISO":"","shapeID":"81297802B39580963826669","shapeGroup":"VNM","shapeType":"ADM2"}},
{"type":"Feature","geometry":{"type":"Polygon","coordinates":[[[105.14742,9.76931],[105.1602,9.7565],[105.21004,9.72181],[105.2355,9.72214],[105.24674,9.70543],[105.24691,9.68419],[105.27449,9.67975],[105.27547,9.66939],[105.28861,9.66258],[105.30453,9.64151],[105.29469,9.63716],[105.30925,9.60726],[105.3381,9.60573],[105.34494,9.59452],[105.36407,9.59234],[105.37345,9.59653],[105.37426,9.61063],[105.38149,9.61964],[105.39914,9.62255],[105.40674,9.65171],[105.35643,9.66899],[105.3387,9.68062],[105.32932,9.69771],[105.35702,9.71263],[105.37237,9.72986],[105.39084,9.73585],[105.3938,9.74475],[105.41486,9.75385],[105.40516,9.76959],[105.4337,9.79059],[105.43248,9.80758],[105.41146,9.81017],[105.35086,9.84006],[105.33855,9.8274],[105.33829,9.80673],[105.30781,9.79927],[105.28442,9.79916],[105.28335,9.82577],[105.27309,9.83089],[105.23837,9.83055],[105.22562,9.7956],[105.20681,9.79663],[105.20786,9.81445],[105.20135,9.83871],[105.19403,9.84371],[105.16882,9.83796],[105.16973,9.82974],[105.13699,9.82989],[105.147,9.80668],[105.14742,9.76931]]]},"properties":{"shapeName":"Go Quao","shapeISO":"","shapeID":"81297802B76509043653809","shapeGroup":"VNM","shapeType":"ADM2"}},
{"type":"Feature","geometry":{"type":"Polygon","coordinates":[[[106.69518,10.83116],[106.68872,10.84502],[106.66703,10.85603],[106.64736,10.85818],[106.63379,10.84501],[106.63244,10.83313],[106.65713,10.83515],[106.67333,10.82234],[106.6728,10.81431],[106.68397,10.80996],[106.70098,10.82693],[106.69518,10.83116]]]},"properties":{"shapeName":"Go Vap","shapeISO":"","shapeID":"81297802B93588362587103","shapeGroup":"VNM","shapeType":"ADM2"}},
{"type":"Feature","geometry":{"type":"Polygon","coordinates":[[[105.73473,20.91086],[105.75095,20.91655],[105.75228,20.93119],[105.767,20.92294],[105.78942,20.93931],[105.7964,20.9833],[105.79451,20.98547],[105.77131,20.98576],[105.73522,20.99686],[105.74153,20.98424],[105.73742,20.96332],[105.72493,20.95549],[105.72505,20.95114],[105.70623,20.93353],[105.72709,20.92454],[105.73473,20.91086]]]},"properties":{"shapeName":"Ha Dong","shapeISO":"","shapeID":"81297802B46977673973725","shapeGroup":"VNM","shapeType":"ADM2"}},
{"type":"Feature","geometry":{"type":"Polygon","coordinates":[[[105.07676,22.83996],[105.02599,22.87715],[105.01752,22.86797],[104.99288,22.8664],[104.96737,22.84505],[104.95509,22.83897],[104.93384,22.85387],[104.9144,22.83519],[104.8981,22.83792],[104.86796,22.81457],[104.86392,22.80188],[104.89045,22.78755],[104.90878,22.78791],[104.9121,22.7795],[104.93983,22.77003],[104.94113,22.76221],[104.95999,22.75199],[104.97959,22.7643],[104.98796,22.79218],[104.98183,22.80269],[105.03138,22.80699],[105.04101,22.82176],[105.05144,22.81808],[105.05996,22.83361],[105.07676,22.83996]]]},"properties":{"shapeName":"Ha Giang","shapeISO":"","shapeID":"81297802B3651989276752","shapeGroup":"VNM","shapeType":"ADM2"}},
{"type":"Feature","geometry":{"type":"Polygon","coordinates":[[[105.07914,21.48104],[105.0851,21.49252],[105.07736,21.50083],[105.0938,21.51926],[105.10266,21.54174],[105.12766,21.54848],[105.13578,21.56834],[105.14815,21.57623],[105.13176,21.58292],[105.11662,21.57222],[105.102,21.59908],[105.08802,21.59929],[105.06331,21.61679],[105.05036,21.61228],[105.03595,21.63555],[105.01741,21.64252],[105.02202,21.65937],[105.03582,21.68005],[105.01951,21.69031],[104.99956,21.68755],[104.9801,21.67248],[104.98566,21.66193],[104.96123,21.65308],[104.95498,21.66046],[104.93815,21.6519],[104.93105,21.64065],[104.918,21.63977],[104.9043,21.62398],[104.9062,21.60861],[104.89187,21.60888],[104.89871,21.56457],[104.87291,21.55609],[104.86847,21.5421],[104.87908,21.53438],[104.91459,21.54299],[104.93884,21.51059],[104.93727,21.49446],[104.9511,21.49873],[104.9682,21.4838],[104.98016,21.48613],[104.98511,21.49988],[105.00176,21.49332],[105.04877,21.488],[105.05317,21.49567],[105.07914,21.48104]]]},"properties":{"shapeName":"Ha Hoa","shapeISO":"","shapeID":"81297802B43584820413656","shapeGroup":"VNM","shapeType":"ADM2"}},
{"type":"Feature","geometry":{"type":"Polygon","coordinates":[[[106.6094,22.59987],[106.63071,22.60412],[106.63655,22.58963],[106.64981,22.57627],[106.66844,22.57734],[106.68425,22.57033],[106.6988,22.58208],[106.71067,22.57672],[106.73512,22.5898],[106.72662,22.61864],[106.73492,22.65224],[106.74393,22.66916],[106.75899,22.67279],[106.77052,22.71383],[106.76544,22.73079],[106.77016,22.74339],[106.78847,22.75158],[106.79698,22.76862],[106.8152,22.76945],[106.84126,22.79893],[106.82001,22.81846],[106.79471,22.81303],[106.77564,22.81585],[106.77046,22.82568],[106.75556,22.83126],[106.73719,22.84888],[106.7144,22.8255],[106.7022,22.80746],[106.65687,22.79367],[106.65645,22.78313],[106.61415,22.78368],[106.60635,22.77227],[106.59414,22.77105],[106.58482,22.75265],[106.56059,22.73677],[106.55517,22.71194],[106.57441,22.69325],[106.57074,22.68197],[106.58021,22.67401],[106.60665,22.66381],[106.60751,22.655],[106.58591,22.64112],[106.58529,22.62796],[106.59551,22.62005],[106.5901,22.60548],[106.6094,22.59987]]]},"properties":{"shapeName":"Ha Lang","shapeISO":"","shapeID":"81297802B75623207701482","shapeGroup":"VNM","shapeType":"ADM2"}},
{"type":"Feature","geometry":{"type":"MultiPolygon","coordinates":[[[[106.99218,20.94097],[106.97291,20.93565],[106.97824,20.91439],[106.98855,20.91429],[106.99712,20.93174],[106.99218,20.94097]]],[[[107.17797,21.0267],[107.15378,21.03357],[107.13275,21.03001],[107.12651,21.0163],[107.10506,21.01088],[107.09243,20.9959],[107.05908,20.97514],[107.02867,20.99095],[107.0081,20.99253],[106.99929,21.01218],[106.98317,21.01453],[106.96672,21.02498],[106.96009,21.01641],[106.93666,21.01323],[106.92376,21.01622],[106.88844,21.01332],[106.89358,20.99615],[106.88762,20.97968],[106.89282,20.97048],[106.91816,20.96477],[106.92164,20.95913],[106.94016,20.95027],[106.96702,20.95083],[106.98711,20.95704],[107.01461,20.95257],[107.03124,20.94627],[107.06378,20.96019],[107.07603,20.94542],[107.09757,20.94891],[107.11173,20.9385],[107.12785,20.93647],[107.1769,20.9504],[107.16586,20.95884],[107.16744,20.97277],[107.17979,20.99023],[107.17301,21.01235],[107.17797,21.0267]]]]},"properties":{"shapeName":"Ha Long","shapeISO":"","shapeID":"81297802B5641238333098","shapeGroup":"VNM","shapeType":"ADM2"}},
{"type":"Feature","geometry":{"type":"Polygon","coordinates":[[[106.26515,22.91174],[106.24961,22.92633],[106.23853,22.95159],[106.21277,22.97026],[106.19907,22.98933],[106.17572,22.98157],[106.1453,22.99543],[106.11934,22.9858],[106.10442,22.98628],[106.08721,22.99878],[106.05879,22.98952],[106.04917,22.9945],[106.01997,22.98997],[106.00374,22.99111],[106.00215,22.97732],[106.00938,22.96717],[106.00146,22.95919],[106.00092,22.94105],[105.95845,22.95057],[105.95728,22.93939],[105.96051,22.91783],[105.97275,22.9214],[105.97863,22.90005],[105.99872,22.86847],[106.0046,22.86577],[106.00659,22.83687],[106.0315,22.82312],[106.03268,22.83244],[106.0545,22.85888],[106.0773,22.85427],[106.07912,22.84051],[106.09546,22.82347],[106.11988,22.80768],[106.128,22.81583],[106.14705,22.81439],[106.1603,22.8225],[106.20296,22.78917],[106.21486,22.80088],[106.21154,22.8081],[106.21009,22.81901],[106.22136,22.84485],[106.21971,22.85538],[106.23026,22.87632],[106.23011,22.88771],[106.24779,22.88928],[106.26306,22.89625],[106.26515,22.91174]]]},"properties":{"shapeName":"Ha Quang","shapeISO":"","shapeID":"81297802B58374178577075","shapeGroup":"VNM","shapeType":"ADM2"}},
{"type":"Feature","geometry":{"type":"Polygon","coordinates":[[[104.55472,10.46305],[104.53936,10.44794],[104.51844,10.44066],[104.49841,10.40574],[104.47908,10.43128],[104.43842,10.4238],[104.45262,10.39996],[104.44598,10.39024],[104.4464,10.36449],[104.46484,10.37772],[104.47843,10.38226],[104.51225,10.34503],[104.52799,10.31865],[104.53672,10.3152],[104.55089,10.32752],[104.56202,10.32991],[104.57089,10.34605],[104.52642,10.37688],[104.57322,10.45445],[104.56807,10.46306],[104.55472,10.46305]]]},"properties":{"shapeName":"Ha Tien","shapeISO":"","shapeID":"81297802B34321495303848","shapeGroup":"VNM","shapeType":"ADM2"}},
{"type":"Feature","geometry":{"type":"Polygon","coordinates":[[[105.94183,18.31685],[105.94071,18.32657],[105.91914,18.34139],[105.93227,18.35083],[105.93507,18.36763],[105.93123,18.38934],[105.90277,18.40143],[105.87387,18.38946],[105.87563,18.37635],[105.86654,18.36902],[105.87191,18.35617],[105.86066,18.33985],[105.87224,18.32813],[105.88604,18.32943],[105.90639,18.31713],[105.90519,18.30883],[105.93795,18.30918],[105.94183,18.31685]]]},"properties":{"shapeName":"Ha Tinh","shapeISO":"","shapeID":"81297802B52387636717940","shapeGroup":"VNM","shapeType":"ADM2"}},
{"type":"Feature","geometry":{"type":"Polygon","coordinates":[[[105.86102,20.13187],[105.83552,20.14303],[105.83066,20.1514],[105.81565,20.15589],[105.79912,20.14969],[105.79097,20.13846],[105.79306,20.12588],[105.78136,20.11091],[105.77968,20.09559],[105.76081,20.07861],[105.75071,20.06328],[105.76594,20.0525],[105.76004,20.0331],[105.7643,20.0219],[105.75833,20.00694],[105.74479,19.99983],[105.74861,19.98817],[105.7645,19.97115],[105.7595,19.95787],[105.76071,19.95724],[105.77012,19.96138],[105.78314,19.9539],[105.81077,19.95744],[105.81342,19.96623],[105.82885,19.96967],[105.84263,19.97889],[105.86406,19.9779],[105.86938,19.98298],[105.89111,19.97474],[105.9026,19.97495],[105.90749,19.96101],[105.92397,19.97105],[105.92389,19.99101],[105.91367,19.99856],[105.91707,20.01599],[105.91024,20.02699],[105.91614,20.04564],[105.93484,20.0461],[105.94467,20.03939],[105.96206,20.04609],[105.97004,20.06588],[105.9469,20.07443],[105.93008,20.09027],[105.92301,20.07928],[105.92688,20.06844],[105.91845,20.04781],[105.91009,20.05052],[105.8679,20.05245],[105.84053,20.06102],[105.83525,20.07233],[105.83384,20.10084],[105.84911,20.10651],[105.84944,20.12065],[105.86102,20.13187]]]},"properties":{"shapeName":"Ha Trung","shapeISO":"","shapeID":"81297802B67206181597957","shapeGroup":"VNM","shapeType":"ADM2"}},
{"type":"Feature","geometry":{"type":"Polygon","coordinates":[[[106.83206,20.8122],[106.82094,20.82616],[106.78877,20.83197],[106.77282,20.84213],[106.76069,20.85575],[106.75372,20.87833],[106.73287,20.86564],[106.72303,20.86677],[106.70883,20.85426],[106.69956,20.82803],[106.70381,20.81],[106.73089,20.79644],[106.74192,20.77447],[106.75634,20.7748],[106.77086,20.80315],[106.82258,20.80003],[106.83206,20.8122]]]},"properties":{"shapeName":"Hai An","shapeISO":"","shapeID":"81297802B19362557849536","shapeGroup":"VNM","shapeType":"ADM2"}},
{"type":"Feature","geometry":{"type":"Polygon","coordinates":[[[105.84271,20.99729],[105.84116,20.99156],[105.8622,20.9965],[105.87577,20.99424],[105.88292,21.00233],[105.86776,21.02091],[105.84093,21.02159],[105.84271,20.99729]]]},"properties":{"shapeName":"Hai Ba Trung","shapeISO":"","shapeID":"81297802B70315889029707","shapeGroup":"VNM","shapeType":"ADM2"}},
{"type":"Feature","geometry":{"type":"Polygon","coordinates":[[[108.23352,16.02785],[108.23527,16.04069],[108.22915,16.0511],[108.22179,16.09616],[108.20653,16.07776],[108.20225,16.06448],[108.18781,16.05513],[108.19641,16.03563],[108.18863,16.03257],[108.19539,16.02176],[108.21816,16.02805],[108.23352,16.02785]]]},"properties":{"shapeName":"Hai Chau","shapeISO":"","shapeID":"81297802B10780873415993","shapeGroup":"VNM","shapeType":"ADM2"}},
{"type":"Feature","geometry":{"type":"Polygon","coordinates":[[[106.26804,20.91773],[106.29561,20.91601],[106.29543,20.89854],[106.3118,20.90104],[106.33288,20.89295],[106.34516,20.91322],[106.37024,20.93144],[106.37173,20.94397],[106.39279,20.95513],[106.38769,20.97414],[106.38807,20.98597],[106.37205,20.97987],[106.3665,20.96437],[106.34301,20.96387],[106.33837,20.98203],[106.32304,20.97999],[106.31048,20.97026],[106.308,20.95772],[106.28473,20.96092],[106.27931,20.95746],[106.26804,20.91773]]]},"properties":{"shapeName":"Hai Duong","shapeISO":"","shapeID":"81297802B68427461655945","shapeGroup":"VNM","shapeType":"ADM2"}},
{"type":"Feature","geometry":{"type":"MultiPolygon","coordinates":[[[[107.81704,21.35637],[107.7952,21.35106],[107.76678,21.33155],[107.74564,21.32602],[107.72569,21.31042],[107.74672,21.3032],[107.75086,21.31158],[107.76904,21.32267],[107.79662,21.33184],[107.81867,21.35041],[107.81704,21.35637]]],[[[107.53331,21.49718],[107.54224,21.49838],[107.56133,21.48483],[107.5739,21.48548],[107.58216,21.47406],[107.61339,21.453],[107.61141,21.43947],[107.62027,21.42038],[107.63206,21.41472],[107.62651,21.40005],[107.64369,21.37423],[107.6575,21.36641],[107.6994,21.39379],[107.70928,21.38707],[107.71954,21.39897],[107.73615,21.39726],[107.75437,21.40382],[107.76471,21.44003],[107.7803,21.44694],[107.79029,21.46857],[107.81071,21.48089],[107.7999,21.49631],[107.77292,21.51202],[107.75822,21.50942],[107.751,21.53836],[107.7349,21.55637],[107.73596,21.58887],[107.74115,21.59433],[107.74279,21.62216],[107.74718,21.64066],[107.71671,21.62306],[107.67864,21.60963],[107.66758,21.61346],[107.65464,21.60819],[107.60335,21.60586],[107.61158,21.58459],[107.60956,21.56018],[107.59366,21.53717],[107.59717,21.52593],[107.5839,21.51643],[107.57074,21.51606],[107.55317,21.52528],[107.52324,21.52731],[107.51785,21.50951],[107.53331,21.49718]]]]},"properties":{"shapeName":"Hai Ha","shapeISO":"","shapeID":"81297802B53592665760601","shapeGroup":"VNM","shapeType":"ADM2"}},
{"type":"Feature","geometry":{"type":"Polygon","coordinates":[[[106.36541,20.23909],[106.3459,20.23711],[106.32415,20.24336],[106.31234,20.23283],[106.29717,20.23136],[106.29432,20.24506],[106.27516,20.23871],[106.26408,20.24991],[106.25239,20.24835],[106.24253,20.23683],[106.24523,20.22076],[106.2539,20.21515],[106.24065,20.15967],[106.22587,20.162],[106.18683,20.15912],[106.17862,20.14211],[106.18156,20.13201],[106.19833,20.11254],[106.2096,20.0817],[106.20996,20.04617],[106.19021,19.99576],[106.19898,20.00033],[106.27094,20.08308],[106.31129,20.12396],[106.32443,20.14124],[106.36249,20.17834],[106.35209,20.18127],[106.35589,20.1978],[106.35115,20.20518],[106.354,20.22264],[106.36541,20.23909]]]},"properties":{"shapeName":"Hai Hau","shapeISO":"","shapeID":"81297802B21970288414729","shapeGroup":"VNM","shapeType":"ADM2"}},
{"type":"Feature","geometry":{"type":"Polygon","coordinates":[[[107.1407,16.57183],[107.17851,16.5766],[107.20104,16.58316],[107.21747,16.57742],[107.24539,16.58688],[107.25183,16.5768],[107.2711,16.56588],[107.3151,16.59462],[107.32842,16.60804],[107.31037,16.62497],[107.3065,16.64054],[107.31745,16.65195],[107.31825,16.66194],[107.33339,16.67545],[107.35204,16.69844],[107.37018,16.73423],[107.38929,16.74169],[107.34854,16.77051],[107.30895,16.80232],[107.28342,16.79538],[107.26861,16.77983],[107.24193,16.76146],[107.20936,16.76453],[107.19857,16.76201],[107.19444,16.75799],[107.19642,16.73973],[107.18955,16.71413],[107.17983,16.70399],[107.18543,16.68081],[107.1645,16.63905],[107.1433,16.63563],[107.09859,16.63548],[107.07924,16.62817],[107.09155,16.61814],[107.09408,16.60795],[107.11099,16.60026],[107.11434,16.58523],[107.1407,16.57183]]]},"properties":{"shapeName":"Hai Lang","shapeISO":"","shapeID":"81297802B74996211829814","shapeGroup":"VNM","shapeType":"ADM2"}},
{"type":"Feature","geometry":{"type":"Polygon","coordinates":[[[107.76295,10.91446],[107.73571,10.91811],[107.67604,10.91771],[107.58256,10.90786],[107.56047,10.90816],[107.55997,10.86887],[107.57376,10.84791],[107.57729,10.83405],[107.5713,10.81419],[107.5588,10.79926],[107.52359,10.77476],[107.50682,10.77197],[107.50721,10.74564],[107.53522,10.72213],[107.54782,10.69423],[107.5409,10.68102],[107.54683,10.66259],[107.56949,10.61844],[107.57327,10.60036],[107.56865,10.58613],[107.57138,10.5691],[107.61389,10.59114],[107.63763,10.59799],[107.66283,10.609],[107.67482,10.61974],[107.69954,10.63113],[107.71227,10.63242],[107.71221,10.67516],[107.6834,10.69866],[107.7122,10.69737],[107.73609,10.71145],[107.7565,10.73572],[107.75656,10.75857],[107.74409,10.78561],[107.77514,10.79156],[107.77613,10.82282],[107.7949,10.82493],[107.79069,10.846],[107.78217,10.84592],[107.75903,10.86973],[107.76727,10.89531],[107.76295,10.91446]]]},"properties":{"shapeName":"Ham Tan","shapeISO":"","shapeID":"81297802B21171501026834","shapeGroup":"VNM","shapeType":"ADM2"}},
{"type":"Feature","geometry":{"type":"Polygon","coordinates":[[[108.1064,11.26858],[108.08829,11.26808],[108.07756,11.25648],[108.05276,11.24018],[108.04203,11.25983],[108.04441,11.27633],[108.03067,11.29887],[108.02848,11.32652],[108.00383,11.33249],[107.99484,11.34073],[107.97618,11.34363],[107.96094,11.35116],[107.94064,11.34768],[107.93253,11.35801],[107.9079,11.36319],[107.82386,11.36961],[107.82943,11.35109],[107.81952,11.32636],[107.80424,11.31033],[107.80588,11.29617],[107.82383,11.28483],[107.85051,11.27667],[107.84905,11.2692],[107.85874,11.23921],[107.83964,11.22619],[107.83617,11.19401],[107.81043,11.17049],[107.82337,11.16548],[107.84524,11.16638],[107.86258,11.17614],[107.89102,11.17187],[107.89134,11.16204],[107.91385,11.13902],[107.96712,11.08933],[108.00536,11.0719],[108.01961,11.07147],[108.01691,11.02172],[108.00773,11.01741],[108.00716,11.00423],[108.01484,10.97015],[108.02725,10.95347],[108.06867,10.94073],[108.0775,10.95849],[108.10995,10.95457],[108.12391,10.94539],[108.14563,10.94378],[108.18256,10.96002],[108.18857,10.95721],[108.19791,10.99161],[108.19754,11.001],[108.21456,11.01491],[108.24596,11.02833],[108.25409,11.03228],[108.2583,11.09416],[108.29993,11.09657],[108.29812,11.13423],[108.30687,11.14464],[108.30192,11.15436],[108.28286,11.1657],[108.26437,11.18432],[108.22104,11.19681],[108.19533,11.20023],[108.18521,11.22385],[108.16695,11.24094],[108.1064,11.26858]]]},"properties":{"shapeName":"Ham Thuan Bac","shapeISO":"","shapeID":"81297802B59459676884366","shapeGroup":"VNM","shapeType":"ADM2"}},
{"type":"Feature","geometry":{"type":"Polygon","coordinates":[[[107.77514,10.79156],[107.82288,10.79677],[107.84205,10.77622],[107.8502,10.74978],[107.87489,10.74954],[107.88628,10.72983],[107.88672,10.72041],[107.92506,10.71855],[107.96885,10.70507],[107.99637,10.7095],[108.01487,10.73532],[108.02284,10.77693],[107.99328,10.80238],[107.99546,10.81948],[108.01276,10.85226],[108.00223,10.86456],[108.02516,10.88634],[108.04895,10.89802],[108.06234,10.91424],[108.06042,10.93799],[108.06867,10.94073],[108.02725,10.95347],[108.01484,10.97015],[108.00716,11.00423],[108.00773,11.01741],[108.01691,11.02172],[108.01961,11.07147],[108.00536,11.0719],[107.96712,11.08933],[107.91385,11.13902],[107.89134,11.16204],[107.89102,11.17187],[107.86258,11.17614],[107.84524,11.16638],[107.82337,11.16548],[107.81043,11.17049],[107.7997,11.1647],[107.7757,11.12842],[107.79094,11.11844],[107.77821,11.08842],[107.79031,11.07791],[107.78872,11.06447],[107.82198,11.05302],[107.82659,11.03923],[107.82118,11.01987],[107.83067,11.00823],[107.82541,11.00081],[107.8329,10.97431],[107.83658,10.94363],[107.84889,10.94324],[107.85899,10.92125],[107.81232,10.92072],[107.79222,10.91346],[107.76295,10.91446],[107.76727,10.89531],[107.75903,10.86973],[107.78217,10.84592],[107.79069,10.846],[107.7949,10.82493],[107.77613,10.82282],[107.77514,10.79156]]]},"properties":{"shapeName":"Ham Thuan Nam","shapeISO":"","shapeID":"81297802B68049284687871","shapeGroup":"VNM","shapeType":"ADM2"}},
{"type":"Feature","geometry":{"type":"Polygon","coordinates":[[[104.84896,22.18515],[104.85546,22.17022],[104.85403,22.15735],[104.86218,22.14772],[104.86059,22.12213],[104.86469,22.09714],[104.88196,22.07243],[104.8952,22.07183],[104.91812,22.05874],[104.9276,22.06179],[104.94159,22.05234],[104.94653,22.03565],[104.96236,22.02905],[104.97195,22.04016],[104.99712,22.04371],[104.98973,22.00221],[104.99984,21.98795],[104.99252,21.97203],[104.99533,21.96179],[104.98731,21.94287],[104.99755,21.92866],[105.01921,21.93572],[105.02209,21.91724],[105.01428,21.90719],[105.01846,21.89414],[105.0327,21.89255],[105.04242,21.88277],[105.0443,21.86471],[105.05875,21.85805],[105.06843,21.84043],[105.07938,21.84722],[105.07822,21.8572],[105.09672,21.8709],[105.09228,21.89184],[105.10389,21.89277],[105.11784,21.91336],[105.14751,21.92874],[105.15751,21.94761],[105.14646,21.95791],[105.15324,21.97002],[105.13987,21.97959],[105.14233,21.99729],[105.13414,22.00669],[105.14448,22.01983],[105.13771,22.0279],[105.14383,22.04546],[105.16227,22.05354],[105.14847,22.07378],[105.15901,22.0912],[105.15675,22.10681],[105.14466,22.11012],[105.14159,22.12063],[105.11978,22.13512],[105.12826,22.14723],[105.12171,22.16657],[105.12463,22.17568],[105.10742,22.18471],[105.08736,22.21714],[105.07472,22.22863],[105.03035,22.24072],[105.02222,22.2239],[105.00728,22.22175],[104.99455,22.25028],[105.01055,22.26744],[105.00851,22.29556],[104.99602,22.30234],[104.99353,22.31472],[104.98006,22.32525],[104.97104,22.31992],[104.95075,22.32088],[104.9387,22.33325],[104.9186,22.33385],[104.90757,22.35077],[104.90012,22.34933],[104.89742,22.31579],[104.91813,22.30367],[104.90587,22.27521],[104.89208,22.27246],[104.9159,22.24799],[104.91138,22.23188],[104.91396,22.21607],[104.90323,22.21118],[104.89466,22.19],[104.87917,22.18603],[104.87533,22.20113],[104.85704,22.19856],[104.84896,22.18515]]]},"properties":{"shapeName":"Ham Yen","shapeISO":"","shapeID":"81297802B77229581138550","shapeGroup":"VNM","shapeType":"ADM2"}},
{"type":"Feature","geometry":{"type":"Polygon","coordinates":[[[105.77012,19.96138],[105.78531,19.94307],[105.78859,19.92903],[105.81787,19.92636],[105.84665,19.92737],[105.84438,19.91627],[105.85733,19.90792],[105.84272,19.89294],[105.85879,19.88337],[105.87446,19.89867],[105.88922,19.89126],[105.89144,19.88287],[105.91528,19.88042],[105.92947,19.88809],[105.94947,19.88801],[105.9535,19.91858],[105.96843,19.93455],[106.00385,19.95312],[106.00361,19.96619],[105.98963,19.9682],[105.98186,19.96117],[105.96769,19.96261],[105.95839,19.95086],[105.94454,19.95138],[105.92397,19.97105],[105.90749,19.96101],[105.9026,19.97495],[105.89111,19.97474],[105.86938,19.98298],[105.86406,19.9779],[105.84263,19.97889],[105.82885,19.96967],[105.81342,19.96623],[105.81077,19.95744],[105.78314,19.9539],[105.77012,19.96138]]]},"properties":{"shapeName":"Hau Loc","shapeISO":"","shapeID":"81297802B47590181438391","shapeGroup":"VNM","shapeType":"ADM2"}},
{"type":"Feature","geometry":{"type":"Polygon","coordinates":[[[108.13553,15.43352],[108.14822,15.4503],[108.15069,15.47384],[108.12694,15.49028],[108.13178,15.50358],[108.14733,15.50663],[108.16368,15.49741],[108.17138,15.50782],[108.21158,15.49372],[108.21793,15.50254],[108.21274,15.52625],[108.20242,15.54385],[108.2266,15.5733],[108.25147,15.59045],[108.25038,15.60675],[108.23877,15.60876],[108.21807,15.62287],[108.18813,15.62304],[108.15866,15.6197],[108.11963,15.64456],[108.09526,15.64275],[108.08616,15.63521],[108.05816,15.62723],[108.006,15.60589],[107.98102,15.58554],[107.97381,15.57318],[107.95922,15.56344],[107.94739,15.56223],[107.96729,15.55161],[107.97559,15.53825],[107.99081,15.53204],[107.99121,15.51766],[108.00343,15.50007],[107.99103,15.48124],[107.99241,15.46906],[108.01514,15.4382],[108.02335,15.41848],[108.03295,15.40989],[108.05794,15.40672],[108.07026,15.39642],[108.08536,15.39199],[108.09913,15.40239],[108.09733,15.41898],[108.1157,15.43624],[108.12389,15.42812],[108.13553,15.43352]]]},"properties":{"shapeName":"Hiep Duc","shapeISO":"","shapeID":"81297802B47304896634130","shapeGroup":"VNM","shapeType":"ADM2"}},
{"type":"Feature","geometry":{"type":"Polygon","coordinates":[[[106.01254,21.40249],[105.99557,21.40457],[105.97242,21.42012],[105.96528,21.43572],[105.95315,21.4068],[105.94024,21.39893],[105.94548,21.39029],[105.93735,21.37129],[105.90786,21.37224],[105.90083,21.35651],[105.90838,21.34981],[105.8809,21.33877],[105.89239,21.32633],[105.89962,21.32482],[105.90097,21.3042],[105.92313,21.28718],[105.9224,21.27289],[105.93801,21.24337],[105.94099,21.23343],[105.97663,21.22313],[105.99167,21.23699],[105.98695,21.25421],[106.0031,21.25863],[106.00764,21.26785],[106.0224,21.26599],[106.04008,21.27969],[106.03018,21.2857],[106.02536,21.32464],[106.03524,21.33841],[106.03193,21.35437],[106.01591,21.3597],[106.00736,21.36965],[106.01254,21.40249]]]},"properties":{"shapeName":"Hiep Hoa","shapeISO":"","shapeID":"81297802B61782089337393","shapeGroup":"VNM","shapeType":"ADM2"}},
{"type":"Feature","geometry":{"type":"Polygon","coordinates":[[[106.34154,22.5781],[106.36137,22.55511],[106.36186,22.52429],[106.37719,22.51494],[106.40131,22.51319],[106.40465,22.53159],[106.39413,22.53696],[106.40067,22.55116],[106.39564,22.5682],[106.36859,22.59893],[106.37072,22.60654],[106.36419,22.63322],[106.36775,22.63949],[106.3476,22.68192],[106.34888,22.69845],[106.33534,22.71723],[106.33484,22.72789],[106.32123,22.73884],[106.29017,22.75519],[106.28815,22.7738],[106.26961,22.7814],[106.26786,22.78971],[106.25169,22.80361],[106.23413,22.8101],[106.22387,22.80087],[106.21154,22.8081],[106.21486,22.80088],[106.20296,22.78917],[106.1603,22.8225],[106.14705,22.81439],[106.128,22.81583],[106.11988,22.80768],[106.09546,22.82347],[106.07912,22.84051],[106.0773,22.85427],[106.0545,22.85888],[106.03268,22.83244],[106.0315,22.82312],[106.04536,22.81034],[106.03574,22.7951],[106.0628,22.76149],[106.03465,22.73599],[106.01647,22.72525],[106.01653,22.71445],[106.0237,22.70191],[106.02623,22.6829],[106.04356,22.67825],[106.05112,22.69419],[106.06524,22.6878],[106.07669,22.69769],[106.10077,22.70627],[106.12316,22.69866],[106.14816,22.65624],[106.12427,22.63636],[106.11746,22.62198],[106.11714,22.5829],[106.13451,22.59384],[106.15205,22.59198],[106.17247,22.57119],[106.175,22.55829],[106.15561,22.54839],[106.16227,22.53526],[106.18541,22.54433],[106.20236,22.54456],[106.20783,22.55765],[106.19842,22.5767],[106.21553,22.59142],[106.22104,22.60187],[106.24329,22.60145],[106.26193,22.57752],[106.28486,22.57212],[106.29735,22.57938],[106.29203,22.5955],[106.27816,22.60834],[106.26341,22.63752],[106.24501,22.63653],[106.23361,22.65027],[106.21761,22.63905],[106.1992,22.66259],[106.18081,22.6582],[106.18033,22.67508],[106.18593,22.70271],[106.19884,22.70924],[106.20196,22.72668],[106.22413,22.71897],[106.23097,22.71015],[106.24377,22.71406],[106.24748,22.70172],[106.26802,22.68046],[106.28106,22.68332],[106.28721,22.66452],[106.28368,22.65114],[106.31221,22.63918],[106.32377,22.61457],[106.35303,22.596],[106.34154,22.5781]]]},"properties":{"shapeName":"Hoa An","shapeISO":"","shapeID":"81297802B75378675708985","shapeGroup":"VNM","shapeType":"ADM2"}},
{"type":"Feature","geometry":{"type":"Polygon","coordinates":[[[105.68997,9.27915],[105.65891,9.26048],[105.64934,9.2944],[105.63778,9.31377],[105.6532,9.33014],[105.62409,9.36269],[105.57791,9.35953],[105.57467,9.34939],[105.54962,9.38054],[105.54235,9.35283],[105.52466,9.34216],[105.52597,9.32494],[105.51326,9.32462],[105.50775,9.3114],[105.51731,9.30133],[105.51427,9.28748],[105.53056,9.28833],[105.54524,9.28324],[105.54704,9.25922],[105.58213,9.13578],[105.64354,9.15752],[105.69412,9.18292],[105.72956,9.1967],[105.72272,9.22454],[105.7099,9.26402],[105.69464,9.25758],[105.68997,9.27915]]]},"properties":{"shapeName":"Hoa Binh","shapeISO":"","shapeID":"81297802B62740202990840","shapeGroup":"VNM","shapeType":"ADM2"}},
{"type":"Feature","geometry":{"type":"Polygon","coordinates":[[[105.37437,20.76058],[105.37426,20.77894],[105.37519,20.80158],[105.38399,20.81696],[105.37467,20.83743],[105.3785,20.86344],[105.37359,20.86983],[105.34152,20.88433],[105.34979,20.90722],[105.34478,20.9409],[105.31725,20.93496],[105.31266,20.92413],[105.30886,20.90316],[105.29464,20.88034],[105.30168,20.85846],[105.29178,20.84474],[105.30341,20.81789],[105.28591,20.80776],[105.27471,20.78484],[105.26377,20.77651],[105.269,20.77084],[105.29588,20.78415],[105.30362,20.76792],[105.32978,20.76316],[105.33716,20.74755],[105.35667,20.74683],[105.37437,20.76058]]]},"properties":{"shapeName":"Hoa Binh","shapeISO":"","shapeID":"81297802B29311833142389","shapeGroup":"VNM","shapeType":"ADM2"}},
{"type":"Feature","geometry":{"type":"Polygon","coordinates":[[[105.87893,20.23282],[105.88732,20.21897],[105.90518,20.20054],[105.94608,20.18004],[105.95486,20.1936],[105.9814,20.19272],[105.98849,20.19759],[105.98739,20.19992],[105.98729,20.20966],[105.9587,20.20942],[105.95454,20.22282],[105.94351,20.23226],[105.94437,20.25532],[105.92905,20.25764],[105.93896,20.28127],[105.97113,20.29026],[105.98334,20.27274],[105.9864,20.28592],[105.98062,20.29828],[105.96543,20.31379],[105.93618,20.32783],[105.90999,20.31814],[105.89725,20.29746],[105.88385,20.28921],[105.88098,20.26501],[105.88911,20.25688],[105.89399,20.23897],[105.87893,20.23282]]]},"properties":{"shapeName":"Hoa Lu","shapeISO":"","shapeID":"81297802B36566531846362","shapeGroup":"VNM","shapeType":"ADM2"}},
{"type":"Feature","geometry":{"type":"Polygon","coordinates":[[[106.14914,11.21284],[106.16324,11.21109],[106.17429,11.22377],[106.18926,11.22954],[106.20366,11.26139],[106.19377,11.29112],[106.1789,11.29012],[106.16921,11.29892],[106.14176,11.29616],[106.13848,11.30524],[106.11724,11.29588],[106.09659,11.2921],[106.09389,11.28379],[106.09372,11.24543],[106.11588,11.24824],[106.13505,11.23953],[106.14914,11.21284]]]},"properties":{"shapeName":"Hoa Thanh","shapeISO":"","shapeID":"81297802B16996300923424","shapeGroup":"VNM","shapeType":"ADM2"}},
{"type":"Feature","geometry":{"type":"Polygon","coordinates":[[[108.16219,16.03472],[108.14175,16.0338],[108.12836,16.04833],[108.13401,16.06362],[108.11745,16.06787],[108.11337,16.10057],[108.10285,16.10534],[108.09545,16.12362],[108.09246,16.18017],[108.06422,16.18411],[108.05788,16.17918],[108.03662,16.19138],[108.01503,16.19384],[108.0057,16.20517],[107.98846,16.21407],[107.96966,16.19409],[107.95601,16.18911],[107.9296,16.19768],[107.91449,16.21389],[107.90566,16.21426],[107.86719,16.1832],[107.87468,16.17297],[107.87383,16.15813],[107.85933,16.15295],[107.85608,16.1142],[107.83714,16.10119],[107.82177,16.078],[107.81882,16.05733],[107.86271,16.06205],[107.90225,16.03391],[107.91682,16.04569],[107.95788,16.06466],[107.96174,16.06059],[107.95826,16.03661],[107.97981,16.01299],[107.98071,15.98829],[107.95658,15.96808],[107.94931,15.94901],[107.96353,15.93429],[107.9858,15.91888],[108.00549,15.92141],[108.02005,15.93012],[108.04098,15.93495],[108.08092,15.92538],[108.08785,15.9341],[108.10958,15.94805],[108.13701,15.93086],[108.14695,15.93346],[108.15389,15.9531],[108.16537,15.95145],[108.17892,15.93977],[108.18684,15.96277],[108.20267,15.96376],[108.21068,15.94279],[108.22478,15.95659],[108.21686,15.97167],[108.21043,15.97671],[108.21095,16.01138],[108.18422,15.99359],[108.15849,15.9945],[108.15919,16.009],[108.17057,16.01578],[108.16219,16.03472]]]},"properties":{"shapeName":"Hoa Vang","shapeISO":"","shapeID":"81297802B86432819232797","shapeGroup":"VNM","shapeType":"ADM2"}},
{"type":"Feature","geometry":{"type":"Polygon","coordinates":[[[108.77404,14.3654],[108.77904,14.34847],[108.79258,14.34446],[108.8052,14.32438],[108.80103,14.30374],[108.80802,14.28546],[108.80471,14.27572],[108.81051,14.26008],[108.81416,14.22512],[108.82583,14.21332],[108.82411,14.19357],[108.83988,14.18289],[108.84082,14.1581],[108.86888,14.14323],[108.87526,14.16604],[108.88832,14.16198],[108.90055,14.1922],[108.93156,14.19693],[108.94621,14.21955],[108.97037,14.21673],[108.98015,14.23722],[109.00835,14.24316],[109.01409,14.25823],[109.02638,14.26978],[109.0155,14.28355],[109.01819,14.31168],[109.01424,14.32069],[109.03066,14.33264],[109.0268,14.35587],[109.00567,14.37579],[108.99764,14.37519],[108.98303,14.40285],[108.99276,14.4045],[108.99543,14.42197],[108.97004,14.43498],[108.97491,14.46066],[108.98306,14.46585],[108.97925,14.48151],[108.94663,14.50079],[108.95432,14.50933],[108.95771,14.53769],[108.94023,14.54919],[108.93552,14.53301],[108.92562,14.5191],[108.90716,14.5157],[108.89286,14.51967],[108.87245,14.50439],[108.89025,14.48828],[108.88612,14.47058],[108.86324,14.47148],[108.84126,14.48055],[108.83316,14.49384],[108.81674,14.48859],[108.81273,14.47539],[108.77608,14.48165],[108.77751,14.46215],[108.78681,14.42253],[108.7818,14.40181],[108.78597,14.39422],[108.77404,14.3654]]]},"properties":{"shapeName":"Hoai An","shapeISO":"","shapeID":"81297802B64656263356693","shapeGroup":"VNM","shapeType":"ADM2"}},
{"type":"Feature","geometry":{"type":"Polygon","coordinates":[[[105.71718,21.07129],[105.6992,21.07463],[105.68699,21.09024],[105.66413,21.06591],[105.64647,21.06445],[105.6508,21.04392],[105.67742,21.01871],[105.66716,20.9951],[105.68898,20.97403],[105.69941,20.97757],[105.72493,20.95549],[105.73742,20.96332],[105.74153,20.98424],[105.73522,20.99686],[105.73052,21.0175],[105.73864,21.02277],[105.72962,21.05652],[105.71718,21.07129]]]},"properties":{"shapeName":"Hoai Duc","shapeISO":"","shapeID":"81297802B48396752750587","shapeGroup":"VNM","shapeType":"ADM2"}},
{"type":"Feature","geometry":{"type":"Polygon","coordinates":[[[108.94023,14.54919],[108.95771,14.53769],[108.95432,14.50933],[108.94663,14.50079],[108.97925,14.48151],[108.98306,14.46585],[108.97491,14.46066],[108.97004,14.43498],[108.99543,14.42197],[108.99276,14.4045],[108.98303,14.40285],[108.99764,14.37519],[109.00567,14.37579],[109.0268,14.35587],[109.04242,14.35736],[109.04689,14.36537],[109.06111,14.36188],[109.07684,14.3722],[109.09588,14.39888],[109.10993,14.38912],[109.12811,14.39504],[109.11541,14.42334],[109.12229,14.44577],[109.09847,14.48801],[109.07986,14.5271],[109.06878,14.55733],[109.07156,14.57829],[109.0825,14.57777],[109.06015,14.5915],[109.04412,14.61123],[109.04538,14.63071],[109.01692,14.66563],[108.99402,14.67402],[108.97516,14.67313],[108.9741,14.6739],[108.95094,14.64045],[108.95397,14.61714],[108.9427,14.58284],[108.94023,14.54919]]]},"properties":{"shapeName":"Hoai Nhon","shapeISO":"","shapeID":"81297802B87599740731463","shapeGroup":"VNM","shapeType":"ADM2"}},
{"type":"Feature","geometry":{"type":"Polygon","coordinates":[[[105.84177,21.02813],[105.84093,21.02159],[105.86776,21.02091],[105.85701,21.04273],[105.84527,21.03942],[105.84177,21.02813]]]},"properties":{"shapeName":"Hoan Kiem","shapeISO":"","shapeID":"81297802B21956500009646","shapeGroup":"VNM","shapeType":"ADM2"}},
{"type":"Feature","geometry":{"type":"Polygon","coordinates":[[[105.76071,19.95724],[105.76495,19.95005],[105.76788,19.93614],[105.75739,19.92324],[105.7658,19.90447],[105.75977,19.8826],[105.77613,19.8769],[105.78793,19.86168],[105.8106,19.86409],[105.82451,19.85151],[105.82938,19.81662],[105.84224,19.80918],[105.8466,19.79449],[105.84315,19.78198],[105.86134,19.77034],[105.89406,19.77492],[105.93271,19.78457],[105.93263,19.82785],[105.94907,19.86985],[105.94947,19.88801],[105.92947,19.88809],[105.91528,19.88042],[105.89144,19.88287],[105.88922,19.89126],[105.87446,19.89867],[105.85879,19.88337],[105.84272,19.89294],[105.85733,19.90792],[105.84438,19.91627],[105.84665,19.92737],[105.81787,19.92636],[105.78859,19.92903],[105.78531,19.94307],[105.77012,19.96138],[105.76071,19.95724]]]},"properties":{"shapeName":"Hoang Hoa","shapeISO":"","shapeID":"81297802B91620400281223","shapeGroup":"VNM","shapeType":"ADM2"}},
{"type":"Feature","geometry":{"type":"Polygon","coordinates":[[[105.90037,20.99433],[105.88292,21.00233],[105.87577,20.99424],[105.8622,20.9965],[105.84116,20.99156],[105.83058,20.9927],[105.80879,20.984],[105.80737,20.9738],[105.82378,20.96819],[105.82006,20.95745],[105.84416,20.9512],[105.85854,20.95726],[105.8738,20.95476],[105.88605,20.94561],[105.90872,20.98155],[105.90037,20.99433]]]},"properties":{"shapeName":"Hoang Mai","shapeISO":"","shapeID":"81297802B90742047749751","shapeGroup":"VNM","shapeType":"ADM2"}},
{"type":"Feature","geometry":{"type":"Polygon","coordinates":[[[105.80563,19.28699],[105.80071,19.30094],[105.76733,19.29121],[105.75575,19.30702],[105.74279,19.31507],[105.71398,19.3031],[105.69368,19.30358],[105.67694,19.3136],[105.66505,19.33997],[105.65418,19.34621],[105.6344,19.33572],[105.62425,19.32395],[105.63674,19.29519],[105.64569,19.28629],[105.62646,19.27483],[105.64524,19.25958],[105.63539,19.24818],[105.63704,19.23737],[105.65126,19.23304],[105.67191,19.24596],[105.67931,19.24128],[105.66165,19.22342],[105.66238,19.21253],[105.67841,19.21101],[105.68908,19.19295],[105.6996,19.19435],[105.72198,19.18509],[105.73111,19.1856],[105.73867,19.22093],[105.75489,19.23211],[105.77139,19.23346],[105.77916,19.26867],[105.80188,19.27593],[105.80563,19.28699]]]},"properties":{"shapeName":"Hoang Mai","shapeISO":"","shapeID":"81297802B46675680885513","shapeGroup":"VNM","shapeType":"ADM2"}},
{"type":"Feature","geometry":{"type":"MultiPolygon","coordinates":[[[[112.20465,15.70213],[112.212,15.69478],[112.23312,15.69754],[112.25148,15.70947],[112.25883,15.72416],[112.25056,15.74161],[112.22577,15.73518],[112.20649,15.71682],[112.20465,15.70213]]],[[[111.17887,15.76833],[111.19576,15.76993],[111.19059,15.78473],[111.1658,15.78335],[111.16856,15.77027],[111.17887,15.76833]]],[[[112.44938,16.01039],[112.46972,16.00191],[112.52059,16.00361],[112.58162,16.01378],[112.61384,16.03582],[112.61723,16.05617],[112.60197,16.06973],[112.5884,16.07143],[112.55789,16.06634],[112.47481,16.04769],[112.45955,16.03921],[112.44768,16.02565],[112.44938,16.01039]]],[[[111.74745,16.05447],[111.74576,16.03413],[111.76271,16.03243],[111.82884,16.0426],[111.83223,16.05956],[111.82714,16.07482],[111.77797,16.0799],[111.75254,16.07312],[111.74745,16.05447]]],[[[111.61506,16.24777],[111.61003,16.26182],[111.5932,16.2645],[111.57507,16.25515],[111.56777,16.24054],[111.55629,16.23898],[111.54846,16.22489],[111.5182,16.19671],[111.52133,16.17324],[111.53229,16.16697],[111.57298,16.16071],[111.60951,16.16645],[111.6502,16.18524],[111.6716,16.18784],[111.69292,16.18334],[111.69798,16.20197],[111.65916,16.20734],[111.63236,16.20019],[111.58681,16.18143],[111.55733,16.18054],[111.54483,16.18947],[111.55287,16.20734],[111.61506,16.24777]]],[[[111.72499,16.18371],[111.77647,16.19776],[111.78586,16.19776],[111.80517,16.22437],[111.80308,16.24576],[111.78117,16.26141],[111.76604,16.27863],[111.73317,16.28333],[111.69299,16.28124],[111.67942,16.28802],[111.65199,16.28569],[111.65598,16.26072],[111.68774,16.2645],[111.70829,16.25914],[111.74669,16.25378],[111.76813,16.24753],[111.77974,16.2377],[111.77706,16.22341],[111.76367,16.21448],[111.71722,16.19304],[111.72499,16.18371]]],[[[112.318,16.27619],[112.35687,16.2936],[112.33226,16.2953],[112.31302,16.2881],[112.318,16.27619]]],[[[112.46362,16.28004],[112.47435,16.27758],[112.4928,16.28203],[112.50446,16.29687],[112.5034,16.30896],[112.46036,16.29179],[112.46362,16.28004]]],[[[112.47827,16.34166],[112.49672,16.34942],[112.49854,16.36072],[112.4677,16.3483],[112.47827,16.34166]]],[[[111.93961,16.32921],[111.95084,16.32417],[112.00311,16.32527],[112.03058,16.33015],[112.04254,16.32616],[112.06535,16.34853],[112.05273,16.36204],[112.02438,16.36802],[112.01109,16.37533],[111.99315,16.37577],[111.96701,16.37134],[111.94545,16.35715],[111.93961,16.32921]]],[[[112.46184,16.36128],[112.49477,16.37021],[112.49058,16.38067],[112.46672,16.37579],[112.46184,16.36128]]],[[[112.61127,16.40583],[112.60836,16.38378],[112.61922,16.36085],[112.63109,16.36668],[112.6345,16.40429],[112.61127,16.40583]]],[[[112.50056,16.41857],[112.51303,16.41535],[112.53938,16.43426],[112.54159,16.44773],[112.50016,16.42863],[112.50056,16.41857]]],[[[111.48128,16.45504],[111.5255,16.44493],[111.52032,16.4569],[111.48128,16.45504]]],[[[111.59341,16.44058],[111.60041,16.44315],[111.55058,16.47696],[111.55236,16.46159],[111.56498,16.44832],[111.58229,16.44881],[111.59341,16.44058]]],[[[111.59906,16.46019],[111.60106,16.47049],[111.59038,16.48699],[111.57727,16.48424],[111.59906,16.46019]]],[[[112.5438,16.48856],[112.55084,16.47709],[112.57216,16.48936],[112.56311,16.50384],[112.5438,16.48856]]],[[[112.51725,16.49861],[112.52329,16.51189],[112.51766,16.52395],[112.49815,16.52295],[112.51725,16.49861]]],[[[111.71123,16.55486],[111.72091,16.51818],[111.73196,16.49377],[111.72966,16.47949],[111.7034,16.44725],[111.71906,16.44403],[111.7361,16.46061],[111.74532,16.47719],[111.7513,16.51357],[111.75867,16.52785],[111.75315,16.54397],[111.72321,16.55733],[111.71123,16.55486]]],[[[111.64469,16.55897],[111.64957,16.58497],[111.63534,16.58672],[111.62161,16.57249],[111.63359,16.55576],[111.64469,16.55897]]],[[[111.67794,16.56042],[111.68952,16.56375],[111.69126,16.58647],[111.67978,16.58722],[111.67794,16.56042]]],[[[112.67529,16.61312],[112.67355,16.6042],[112.67899,16.56438],[112.69052,16.56025],[112.69422,16.58092],[112.68922,16.6166],[112.67529,16.61312]]],[[[112.65941,16.64707],[112.67551,16.64337],[112.69792,16.62835],[112.70728,16.63336],[112.6605,16.65838],[112.65941,16.64707]]],[[[112.67454,16.67651],[112.6864,16.65782],[112.69529,16.65922],[112.69529,16.67643],[112.67454,16.67651]]],[[[112.66768,16.69515],[112.71489,16.66969],[112.71402,16.67796],[112.69074,16.69037],[112.68465,16.69929],[112.66768,16.69515]]],[[[112.18516,16.7644],[112.18108,16.75001],[112.20811,16.74145],[112.18516,16.7644]]],[[[112.20386,16.78657],[112.2044,16.77562],[112.24181,16.75183],[112.25865,16.75584],[112.26159,16.77829],[112.22524,16.79593],[112.20947,16.79406],[112.20386,16.78657]]],[[[112.28636,16.815],[112.30044,16.84184],[112.31177,16.85478],[112.31015,16.86638],[112.291,16.87015],[112.27132,16.84534],[112.27752,16.8146],[112.28636,16.815]]],[[[112.33011,16.87648],[112.32965,16.86276],[112.34497,16.82801],[112.35069,16.83624],[112.33011,16.87648]]],[[[112.2177,16.88288],[112.19338,16.9009],[112.16884,16.91438],[112.16183,16.90117],[112.19042,16.88633],[112.19959,16.87824],[112.2177,16.88288]]],[[[112.27847,16.91574],[112.28965,16.90386],[112.30476,16.90683],[112.27914,16.92732],[112.27847,16.91574]]],[[[112.18907,16.93218],[112.21792,16.92732],[112.21954,16.93245],[112.18745,16.94054],[112.18907,16.93218]]],[[[112.31262,16.90992],[112.31824,16.92166],[112.31716,16.94054],[112.30071,16.93919],[112.30637,16.91735],[112.31262,16.90992]]],[[[112.16342,16.959],[112.20029,16.95142],[112.20947,16.9584],[112.2359,16.96281],[112.24177,16.99695],[112.21754,16.99475],[112.20947,17.00025],[112.18602,16.99896],[112.17078,16.99212],[112.15501,16.97267],[112.16342,16.959]]],[[[111.42709,17.07286],[111.43794,17.06696],[111.47449,17.10046],[111.46764,17.11378],[111.44879,17.10598],[111.43014,17.09037],[111.42709,17.07286]]],[[[111.48763,17.11131],[111.51694,17.11454],[111.51409,17.1214],[111.49581,17.11873],[111.48763,17.11131]]]]},"properties":{"shapeName":"Hoang Sa","shapeISO":"","shapeID":"81297802B51350923112403","shapeGroup":"VNM","shapeType":"ADM2"}},
{"type":"Feature","geometry":{"type":"Polygon","coordinates":[[[104.78513,22.62025],[104.77078,22.65104],[104.77882,22.66509],[104.7977,22.6744],[104.7985,22.68588],[104.78476,22.69803],[104.77736,22.71692],[104.80159,22.7298],[104.81258,22.74101],[104.80469,22.76011],[104.81388,22.77568],[104.80929,22.79726],[104.78732,22.80538],[104.7595,22.79243],[104.74005,22.80207],[104.73326,22.82226],[104.72536,22.81895],[104.7036,22.82607],[104.67247,22.81677],[104.65555,22.83303],[104.61918,22.83303],[104.60594,22.82881],[104.59956,22.84483],[104.57833,22.85255],[104.54712,22.83736],[104.52781,22.81451],[104.52574,22.80621],[104.54552,22.80084],[104.55545,22.78697],[104.5677,22.79034],[104.57205,22.77451],[104.59935,22.76571],[104.5944,22.74198],[104.58275,22.73611],[104.59343,22.70076],[104.59118,22.68777],[104.59977,22.68278],[104.60826,22.66397],[104.59477,22.65322],[104.59313,22.63096],[104.60569,22.60121],[104.62006,22.59802],[104.62079,22.57195],[104.66943,22.54613],[104.69101,22.54849],[104.71672,22.53293],[104.73387,22.54821],[104.76475,22.55972],[104.79331,22.55059],[104.81481,22.56807],[104.79825,22.59173],[104.78513,22.62025]]]},"properties":{"shapeName":"Hoang Su Phi","shapeISO":"","shapeID":"81297802B55460345655510","shapeGroup":"VNM","shapeType":"ADM2"}},
{"type":"Feature","geometry":{"type":"Polygon","coordinates":[[[106.97856,21.22698],[106.96913,21.22494],[106.93604,21.16896],[106.91638,21.18434],[106.89265,21.17921],[106.88039,21.18248],[106.87323,21.17388],[106.86128,21.17641],[106.85541,21.18868],[106.82647,21.18836],[106.82624,21.16421],[106.83362,21.15271],[106.84656,21.12951],[106.83352,21.10929],[106.83654,21.0905],[106.82891,21.07487],[106.84834,21.055],[106.83839,21.03304],[106.86365,21.03337],[106.87191,21.02354],[106.89454,21.03462],[106.89856,21.02508],[106.88844,21.01332],[106.92376,21.01622],[106.93666,21.01323],[106.96009,21.01641],[106.96672,21.02498],[106.98317,21.01453],[106.99929,21.01218],[107.0081,20.99253],[107.02867,20.99095],[107.05908,20.97514],[107.09243,20.9959],[107.10506,21.01088],[107.12651,21.0163],[107.13275,21.03001],[107.15378,21.03357],[107.17797,21.0267],[107.19985,21.03497],[107.20726,21.04744],[107.20348,21.05709],[107.21751,21.08402],[107.23195,21.09445],[107.26524,21.09586],[107.26921,21.10643],[107.24347,21.12375],[107.24435,21.14021],[107.23334,21.14256],[107.21732,21.13871],[107.20847,21.13018],[107.18779,21.13303],[107.17396,21.14452],[107.18029,21.16724],[107.18922,21.17298],[107.20958,21.20295],[107.18437,21.21753],[107.17128,21.2337],[107.1415,21.23118],[107.12515,21.23885],[107.09895,21.23669],[107.08454,21.22902],[107.07468,21.21346],[107.05914,21.20513],[107.0415,21.1883],[107.03752,21.2106],[107.01911,21.22642],[106.97856,21.22698]]]},"properties":{"shapeName":"Hoanh Bo","shapeISO":"","shapeID":"81297802B7752291855220","shapeGroup":"VNM","shapeType":"ADM2"}},
{"type":"Feature","geometry":{"type":"Polygon","coordinates":[[[106.59356,10.8275],[106.60325,10.82617],[106.61534,10.84248],[106.60726,10.85532],[106.62794,10.88129],[106.63143,10.89146],[106.64963,10.89534],[106.66908,10.89087],[106.69286,10.90424],[106.67951,10.92388],[106.65744,10.92579],[106.65357,10.91954],[106.62215,10.91438],[106.58578,10.91946],[106.5375,10.9158],[106.49624,10.92072],[106.53323,10.9013],[106.52566,10.87378],[106.53474,10.87177],[106.55122,10.86941],[106.54523,10.84477],[106.57593,10.84248],[106.59356,10.8275]]]},"properties":{"shapeName":"Hoc Mon","shapeISO":"","shapeID":"81297802B64363050509880","shapeGroup":"VNM","shapeType":"ADM2"}},
{"type":"Feature","geometry":{"type":"MultiPolygon","coordinates":[[[[108.3056,15.86684],[108.31371,15.85632],[108.3465,15.86241],[108.36742,15.85891],[108.39367,15.87623],[108.38023,15.88987],[108.32974,15.92174],[108.32368,15.90644],[108.30838,15.91129],[108.2935,15.89978],[108.28934,15.88636],[108.3056,15.86684]]],[[[108.503,15.97922],[108.49053,15.96778],[108.50667,15.95726],[108.50886,15.94628],[108.52939,15.93085],[108.54034,15.93687],[108.53867,15.95622],[108.5118,15.96507],[108.503,15.97922]]]]},"properties":{"shapeName":"Hoi An","shapeISO":"","shapeID":"81297802B62948768430814","shapeGroup":"VNM","shapeType":"ADM2"}},
{"type":"Feature","geometry":{"type":"Polygon","coordinates":[[[104.78184,10.3742],[104.75004,10.30633],[104.70412,10.21545],[104.704,10.21263],[104.73595,10.22788],[104.76393,10.221],[104.78096,10.21365],[104.81249,10.18762],[104.84422,10.1452],[104.86353,10.11036],[104.88999,10.08725],[104.91488,10.08781],[104.95728,10.09772],[104.99112,10.09872],[105.05197,10.03688],[105.07411,10.04781],[105.07954,10.07352],[105.0955,10.10507],[105.10806,10.10984],[105.12901,10.16029],[105.14476,10.19367],[105.16533,10.21847],[105.12562,10.25328],[105.09545,10.2707],[105.01791,10.31584],[105.01556,10.31927],[104.86878,10.35345],[104.86469,10.35565],[104.82595,10.40594],[104.81017,10.439],[104.80526,10.42415],[104.78184,10.3742]]]},"properties":{"shapeName":"Hon Dat","shapeISO":"","shapeID":"81297802B18356226761800","shapeGroup":"VNM","shapeType":"ADM2"}},
{"type":"Feature","geometry":{"type":"Polygon","coordinates":[[[106.49824,11.69834],[106.48649,11.69159],[106.46738,11.68849],[106.46707,11.67257],[106.45525,11.65714],[106.46456,11.63945],[106.46918,11.61405],[106.48663,11.60381],[106.4858,11.57805],[106.49241,11.56925],[106.47993,11.55041],[106.46819,11.54339],[106.44321,11.54637],[106.4328,11.53567],[106.42473,11.49417],[106.4355,11.50085],[106.47625,11.49593],[106.48916,11.49954],[106.51432,11.48221],[106.52484,11.47981],[106.54032,11.46751],[106.55805,11.48254],[106.57414,11.49071],[106.57554,11.50806],[106.60511,11.50701],[106.62948,11.5094],[106.64256,11.51542],[106.66432,11.51535],[106.68831,11.53571],[106.685,11.55822],[106.68856,11.5942],[106.6953,11.59914],[106.71001,11.58713],[106.725,11.58345],[106.74657,11.60119],[106.76643,11.59485],[106.77692,11.60222],[106.7732,11.62904],[106.78258,11.64641],[106.77756,11.65787],[106.76503,11.66778],[106.76447,11.6804],[106.74684,11.68804],[106.74221,11.69578],[106.76758,11.72546],[106.77028,11.73435],[106.75852,11.75373],[106.75364,11.77729],[106.75809,11.78567],[106.67476,11.76661],[106.65424,11.74663],[106.63275,11.74633],[106.61661,11.73588],[106.62559,11.72347],[106.64241,11.7183],[106.64732,11.70353],[106.63168,11.68397],[106.63682,11.65779],[106.62769,11.65546],[106.62349,11.60991],[106.62023,11.60306],[106.59928,11.6014],[106.57896,11.609],[106.5694,11.64514],[106.55569,11.66824],[106.53003,11.69367],[106.49824,11.69834]]]},"properties":{"shapeName":"Hon Quan","shapeISO":"","shapeID":"81297802B26799209243085","shapeGroup":"VNM","shapeType":"ADM2"}},
{"type":"Feature","geometry":{"type":"Polygon","coordinates":[[[106.66391,20.85288],[106.6819,20.85602],[106.67968,20.86755],[106.65879,20.87964],[106.6243,20.8813],[106.62059,20.89147],[106.62255,20.87997],[106.63274,20.8642],[106.66391,20.85288]]]},"properties":{"shapeName":"Hong Bang","shapeISO":"","shapeID":"81297802B63499365755438","shapeGroup":"VNM","shapeType":"ADM2"}},
{"type":"Feature","geometry":{"type":"Polygon","coordinates":[[[105.29469,9.63716],[105.28647,9.62487],[105.28628,9.60002],[105.29548,9.58404],[105.31267,9.57225],[105.30801,9.56295],[105.32391,9.55856],[105.32663,9.5393],[105.32358,9.51688],[105.29407,9.48993],[105.29128,9.45619],[105.29494,9.43338],[105.27817,9.43304],[105.2623,9.39932],[105.295,9.38787],[105.31876,9.38129],[105.41596,9.4721],[105.4254,9.48931],[105.44042,9.4927],[105.48181,9.47825],[105.49023,9.46464],[105.51004,9.48303],[105.51934,9.47912],[105.54512,9.45049],[105.54682,9.48178],[105.55446,9.57015],[105.54601,9.58616],[105.53661,9.59607],[105.52135,9.59467],[105.51248,9.58414],[105.50418,9.59131],[105.49312,9.58606],[105.47076,9.597],[105.46243,9.58684],[105.45019,9.58688],[105.44058,9.59481],[105.41649,9.59464],[105.3988,9.59821],[105.39562,9.58826],[105.38071,9.58552],[105.37345,9.59653],[105.36407,9.59234],[105.34494,9.59452],[105.3381,9.60573],[105.30925,9.60726],[105.29469,9.63716]]]},"properties":{"shapeName":"Hong Dan","shapeISO":"","shapeID":"81297802B80223312825495","shapeGroup":"VNM","shapeType":"ADM2"}},
{"type":"Feature","geometry":{"type":"Polygon","coordinates":[[[105.76562,18.54873],[105.74918,18.55648],[105.7302,18.54502],[105.72158,18.54607],[105.71114,18.56036],[105.69343,18.56885],[105.68068,18.56734],[105.67257,18.58024],[105.67072,18.57843],[105.66527,18.56071],[105.67892,18.53388],[105.67668,18.51161],[105.70055,18.48769],[105.7068,18.49665],[105.72696,18.49004],[105.74256,18.49867],[105.7489,18.51605],[105.74779,18.53327],[105.76562,18.54873]]]},"properties":{"shapeName":"Hong Linh","shapeISO":"","shapeID":"81297802B12079916150099","shapeGroup":"VNM","shapeType":"ADM2"}},
{"type":"Feature","geometry":{"type":"Polygon","coordinates":[[[107.57788,16.49494],[107.56409,16.50753],[107.5539,16.50813],[107.53532,16.49915],[107.54364,16.48741],[107.53967,16.47771],[107.52484,16.4689],[107.53729,16.45673],[107.52688,16.44338],[107.53619,16.43498],[107.56385,16.42521],[107.57975,16.42493],[107.589,16.40818],[107.61203,16.41025],[107.60935,16.44593],[107.62106,16.45391],[107.62687,16.47267],[107.60714,16.47395],[107.60567,16.48382],[107.57788,16.49494]]]},"properties":{"shapeName":"Hue","shapeISO":"","shapeID":"81297802B88130440660417","shapeGroup":"VNM","shapeType":"ADM2"}},
{"type":"Feature","geometry":{"type":"Polygon","coordinates":[[[106.31455,20.60948],[106.29654,20.61555],[106.2923,20.63432],[106.27846,20.63825],[106.27129,20.65184],[106.2523,20.65864],[106.24951,20.67406],[106.23253,20.65927],[106.21658,20.65463],[106.22413,20.64156],[106.20297,20.6437],[106.18938,20.65205],[106.17358,20.65802],[106.16365,20.64496],[106.14608,20.65882],[106.13626,20.65865],[106.12571,20.64774],[106.11344,20.64538],[106.1285,20.62844],[106.12085,20.61723],[106.13074,20.6068],[106.12933,20.58362],[106.13738,20.57068],[106.1597,20.56399],[106.17192,20.54649],[106.17958,20.5191],[106.19177,20.52172],[106.21805,20.51193],[106.23642,20.51668],[106.24648,20.553],[106.27247,20.56673],[106.2859,20.58612],[106.29787,20.58469],[106.31806,20.60391],[106.31455,20.60948]]]},"properties":{"shapeName":"Hung Ha","shapeISO":"","shapeID":"81297802B42785936874032","shapeGroup":"VNM","shapeType":"ADM2"}},
{"type":"Feature","geometry":{"type":"Polygon","coordinates":[[[105.67072,18.57843],[105.67257,18.58024],[105.68951,18.59595],[105.68857,18.61969],[105.69386,18.63155],[105.70662,18.64101],[105.68528,18.65396],[105.67455,18.64626],[105.64441,18.65918],[105.63997,18.68019],[105.64534,18.68853],[105.63652,18.72025],[105.63037,18.72171],[105.61327,18.75115],[105.61098,18.77164],[105.61501,18.79589],[105.58209,18.7945],[105.57787,18.76863],[105.55365,18.75403],[105.56268,18.74604],[105.57493,18.72247],[105.59938,18.71355],[105.60679,18.69917],[105.60944,18.68031],[105.59178,18.67231],[105.58602,18.66061],[105.60187,18.65542],[105.60736,18.63319],[105.5842,18.63769],[105.5794,18.66109],[105.5689,18.65216],[105.55676,18.62777],[105.58335,18.62486],[105.60098,18.60314],[105.61372,18.5996],[105.61638,18.57719],[105.62306,18.56549],[105.63666,18.56651],[105.65758,18.58248],[105.67072,18.57843]]]},"properties":{"shapeName":"Hung Nguyen","shapeISO":"","shapeID":"81297802B19242536298701","shapeGroup":"VNM","shapeType":"ADM2"}},
{"type":"Feature","geometry":{"type":"Polygon","coordinates":[[[106.04683,20.61956],[106.07041,20.60363],[106.07413,20.62496],[106.09053,20.65626],[106.09365,20.67982],[106.08003,20.69494],[106.05649,20.69552],[106.05463,20.68672],[106.03512,20.681],[106.03136,20.64621],[106.04683,20.61956]]]},"properties":{"shapeName":"Hung Yen","shapeISO":"","shapeID":"81297802B83594447255","shapeGroup":"VNM","shapeType":"ADM2"}},
{"type":"Feature","geometry":{"type":"Polygon","coordinates":[[[106.77716,16.83635],[106.76745,16.8636],[106.74314,16.87725],[106.70718,16.87972],[106.69629,16.88344],[106.68707,16.9016],[106.68142,16.90893],[106.6983,16.92962],[106.70201,16.94092],[106.68594,16.95619],[106.66751,16.94748],[106.66048,16.93657],[106.63003,16.94133],[106.60719,16.93924],[106.58666,16.97142],[106.59385,16.98153],[106.58462,16.98986],[106.56254,16.98735],[106.54931,16.99854],[106.54752,16.92577],[106.52652,16.9257],[106.51617,16.91017],[106.51922,16.88976],[106.53093,16.88635],[106.53867,16.8712],[106.55133,16.86516],[106.5513,16.69434],[106.56011,16.66875],[106.566,16.66705],[106.56605,16.63963],[106.5903,16.62344],[106.58204,16.60952],[106.58574,16.60121],[106.61005,16.60711],[106.62616,16.60168],[106.63223,16.59114],[106.64884,16.5933],[106.67245,16.56025],[106.65998,16.55421],[106.64744,16.53884],[106.64744,16.52168],[106.6652,16.50347],[106.66085,16.47293],[106.67398,16.47542],[106.67349,16.46141],[106.69287,16.44948],[106.68669,16.44342],[106.71544,16.43295],[106.73247,16.43964],[106.7341,16.42423],[106.76295,16.42493],[106.77202,16.43196],[106.77542,16.45905],[106.77047,16.46643],[106.8061,16.47728],[106.82021,16.49899],[106.82855,16.52192],[106.82413,16.5294],[106.83077,16.54875],[106.82141,16.57415],[106.8189,16.60331],[106.80462,16.60842],[106.79194,16.62094],[106.77801,16.62465],[106.78555,16.64526],[106.77543,16.67198],[106.80153,16.67622],[106.8056,16.70705],[106.79588,16.73141],[106.76612,16.74567],[106.75299,16.74795],[106.74224,16.75718],[106.7266,16.75621],[106.71418,16.76653],[106.73473,16.79263],[106.75666,16.80697],[106.76223,16.82014],[106.77716,16.83635]]]},"properties":{"shapeName":"Huong Hoa","shapeISO":"","shapeID":"81297802B55643895945103","shapeGroup":"VNM","shapeType":"ADM2"}},
{"type":"Feature","geometry":{"type":"Polygon","coordinates":[[[105.8593,18.17122],[105.86939,18.19462],[105.85994,18.21016],[105.84142,18.22102],[105.83232,18.23597],[105.83981,18.2516],[105.81556,18.26714],[105.79501,18.28596],[105.79055,18.29728],[105.7511,18.29752],[105.76099,18.31452],[105.73392,18.32811],[105.73644,18.33758],[105.72167,18.35012],[105.69168,18.35662],[105.66632,18.36836],[105.64958,18.38705],[105.63664,18.39337],[105.62539,18.38168],[105.61028,18.34758],[105.61931,18.33973],[105.59178,18.31423],[105.57389,18.3065],[105.56436,18.30815],[105.54926,18.29443],[105.5404,18.30339],[105.52065,18.30811],[105.49041,18.30269],[105.48582,18.27987],[105.46887,18.26304],[105.45232,18.20502],[105.48052,18.19595],[105.49403,18.18011],[105.50006,18.18966],[105.51254,18.14962],[105.50328,18.13384],[105.50577,18.12445],[105.5222,18.12583],[105.53524,18.11586],[105.53962,18.10514],[105.54013,18.08196],[105.55807,18.08056],[105.56875,18.08604],[105.57253,18.0666],[105.58045,18.06185],[105.58474,18.03776],[105.5811,18.01422],[105.59332,18.00897],[105.61322,18.01193],[105.63381,17.99187],[105.64347,17.99253],[105.70636,17.99282],[105.71974,18.00532],[105.7206,18.02136],[105.73089,18.03424],[105.75004,18.03394],[105.77741,18.01705],[105.78852,18.02532],[105.80999,18.02609],[105.81683,18.03801],[105.82858,18.03188],[105.83362,18.04511],[105.81299,18.05281],[105.81973,18.06085],[105.85138,18.06757],[105.87081,18.06638],[105.89539,18.08995],[105.91889,18.08073],[105.93183,18.08898],[105.91336,18.11444],[105.89389,18.12509],[105.87875,18.14063],[105.86758,18.13665],[105.85453,18.14742],[105.86461,18.15509],[105.8593,18.17122]]]},"properties":{"shapeName":"Huong Khe","shapeISO":"","shapeID":"81297802B53129181429645","shapeGroup":"VNM","shapeType":"ADM2"}},
{"type":"Feature","geometry":{"type":"Polygon","coordinates":[[[105.5462,18.55212],[105.53091,18.56092],[105.51818,18.58415],[105.51513,18.59921],[105.50185,18.6109],[105.47656,18.60764],[105.44085,18.59846],[105.43481,18.58754],[105.41811,18.5908],[105.39752,18.57983],[105.3605,18.58117],[105.33874,18.59045],[105.33024,18.60179],[105.30487,18.60727],[105.29441,18.62234],[105.28155,18.62371],[105.26281,18.61783],[105.24089,18.60446],[105.22884,18.58787],[105.21789,18.59756],[105.18739,18.60436],[105.18107,18.60251],[105.15987,18.61359],[105.13497,18.59179],[105.12873,18.5482],[105.11511,18.53882],[105.11553,18.51945],[105.11006,18.50246],[105.11362,18.49119],[105.10731,18.47638],[105.10825,18.4552],[105.10347,18.44735],[105.11861,18.43235],[105.12071,18.41919],[105.14044,18.41288],[105.15083,18.39183],[105.15797,18.38653],[105.17279,18.39214],[105.18462,18.38629],[105.17847,18.37118],[105.19027,18.34619],[105.18434,18.32479],[105.2085,18.3143],[105.21563,18.30736],[105.24307,18.29639],[105.25811,18.26775],[105.28266,18.27108],[105.29946,18.2791],[105.30799,18.29532],[105.30737,18.31301],[105.31874,18.32425],[105.33199,18.3509],[105.33287,18.36258],[105.34984,18.37959],[105.36947,18.36983],[105.38555,18.37365],[105.39552,18.40236],[105.38074,18.41126],[105.37907,18.42483],[105.39167,18.43918],[105.40938,18.43851],[105.41744,18.44534],[105.43629,18.42893],[105.45391,18.43255],[105.48215,18.40748],[105.48739,18.42175],[105.48058,18.43199],[105.50483,18.45328],[105.5042,18.47045],[105.54144,18.49427],[105.55346,18.51219],[105.55423,18.52625],[105.5462,18.55212]]]},"properties":{"shapeName":"Huong Son","shapeISO":"","shapeID":"81297802B24299836434530","shapeGroup":"VNM","shapeType":"ADM2"}},
{"type":"Feature","geometry":{"type":"Polygon","coordinates":[[[107.52038,16.15633],[107.56333,16.16152],[107.58389,16.17908],[107.62346,16.18824],[107.63098,16.19993],[107.64892,16.20053],[107.66293,16.2104],[107.6712,16.24325],[107.65832,16.25405],[107.64785,16.27279],[107.67941,16.28438],[107.70489,16.34776],[107.72749,16.37089],[107.73962,16.37697],[107.7575,16.36754],[107.75243,16.38478],[107.73728,16.39565],[107.73186,16.40978],[107.71507,16.41893],[107.7113,16.43068],[107.69894,16.43517],[107.68596,16.43137],[107.6753,16.44271],[107.666,16.44302],[107.6429,16.4667],[107.6509,16.48058],[107.62373,16.49146],[107.60567,16.48382],[107.60714,16.47395],[107.62687,16.47267],[107.62106,16.45391],[107.60935,16.44593],[107.61203,16.41025],[107.589,16.40818],[107.57975,16.42493],[107.56385,16.42521],[107.56468,16.41454],[107.57491,16.39946],[107.57729,16.38629],[107.60577,16.36994],[107.60804,16.35381],[107.59263,16.34681],[107.56918,16.34564],[107.55761,16.3374],[107.54983,16.32304],[107.53003,16.32011],[107.53351,16.29086],[107.52411,16.28132],[107.49723,16.2688],[107.50148,16.2561],[107.51576,16.2434],[107.52876,16.21127],[107.52127,16.17524],[107.52038,16.15633]]]},"properties":{"shapeName":"Huong Thuy","shapeISO":"","shapeID":"81297802B27432396017289","shapeGroup":"VNM","shapeType":"ADM2"}},
{"type":"Feature","geometry":{"type":"Polygon","coordinates":[[[107.49723,16.2688],[107.52411,16.28132],[107.53351,16.29086],[107.53003,16.32011],[107.54983,16.32304],[107.55761,16.3374],[107.56918,16.34564],[107.59263,16.34681],[107.60804,16.35381],[107.60577,16.36994],[107.57729,16.38629],[107.57491,16.39946],[107.56468,16.41454],[107.56385,16.42521],[107.53619,16.43498],[107.52688,16.44338],[107.53729,16.45673],[107.52484,16.4689],[107.53967,16.47771],[107.54364,16.48741],[107.53532,16.49915],[107.5539,16.50813],[107.56409,16.50753],[107.57788,16.49494],[107.57875,16.51346],[107.57403,16.52775],[107.59551,16.54996],[107.62649,16.5473],[107.6239,16.56794],[107.61144,16.58081],[107.57026,16.60402],[107.56304,16.58782],[107.58139,16.56697],[107.57961,16.55493],[107.56635,16.52843],[107.5565,16.52543],[107.53994,16.53296],[107.53055,16.52619],[107.50411,16.53446],[107.49751,16.5257],[107.48002,16.52566],[107.459,16.54603],[107.44212,16.53102],[107.4442,16.52021],[107.43648,16.50801],[107.43235,16.46919],[107.38945,16.4193],[107.36718,16.4026],[107.35736,16.38882],[107.33827,16.37942],[107.33778,16.35841],[107.32982,16.34993],[107.34371,16.33753],[107.36665,16.3409],[107.37618,16.33737],[107.38637,16.34615],[107.40715,16.34252],[107.39851,16.31747],[107.41367,16.29973],[107.41232,16.27989],[107.42228,16.27765],[107.43811,16.25729],[107.45832,16.25426],[107.47125,16.26431],[107.49723,16.2688]]]},"properties":{"shapeName":"Huong Tra","shapeISO":"","shapeID":"81297802B61752422174773","shapeGroup":"VNM","shapeType":"ADM2"}},
{"type":"Feature","geometry":{"type":"Polygon","coordinates":[[[106.21868,21.67175],[106.20592,21.66353],[106.19148,21.64592],[106.19751,21.62009],[106.18486,21.60404],[106.16917,21.59484],[106.16689,21.57727],[106.17006,21.5491],[106.16775,21.5132],[106.21025,21.49709],[106.23723,21.49494],[106.24146,21.48662],[106.25663,21.48697],[106.27401,21.49372],[106.28516,21.48791],[106.28391,21.45206],[106.29517,21.44319],[106.31049,21.45195],[106.32549,21.44829],[106.3325,21.43566],[106.32437,21.4102],[106.34049,21.39736],[106.35002,21.39665],[106.36675,21.39918],[106.37745,21.39371],[106.39539,21.40543],[106.41538,21.40904],[106.40491,21.42645],[106.4184,21.43747],[106.46059,21.43723],[106.48233,21.44856],[106.49465,21.48255],[106.50981,21.48683],[106.52152,21.49988],[106.50737,21.52261],[106.52192,21.53573],[106.51179,21.55],[106.49506,21.55903],[106.4823,21.55288],[106.46883,21.56521],[106.44702,21.56697],[106.44962,21.59732],[106.43778,21.61057],[106.42007,21.65139],[106.42661,21.67641],[106.42141,21.69592],[106.40899,21.69595],[106.39483,21.71033],[106.39105,21.73896],[106.39302,21.75207],[106.34882,21.71981],[106.33652,21.70047],[106.31577,21.69273],[106.30178,21.69754],[106.28173,21.68612],[106.25909,21.6809],[106.23991,21.6666],[106.21868,21.67175]]]},"properties":{"shapeName":"Huu Lung","shapeISO":"","shapeID":"81297802B35079403712963","shapeGroup":"VNM","shapeType":"ADM2"}},
{"type":"Feature","geometry":{"type":"Polygon","coordinates":[[[106.01191,10.31629],[106.03461,10.29852],[106.07781,10.27827],[106.10492,10.28428],[106.14304,10.28396],[106.20585,10.31416],[106.18833,10.33593],[106.19629,10.36089],[106.18973,10.37976],[106.17985,10.37328],[106.14249,10.37352],[106.13951,10.36034],[106.11157,10.35656],[106.08431,10.39259],[106.0963,10.40102],[106.09178,10.41054],[106.103,10.43432],[106.09188,10.43969],[106.09351,10.46085],[106.09162,10.49655],[106.09833,10.4991],[106.08992,10.52358],[106.00157,10.53233],[106.00084,10.47093],[106.03737,10.41822],[106.0319,10.41088],[106.04696,10.39583],[106.03613,10.3507],[106.05434,10.33388],[106.05172,10.32064],[106.03406,10.32562],[106.01191,10.31629]]]},"properties":{"shapeName":"Huyen Cai Lay","shapeISO":"","shapeID":"81297802B21182108853425","shapeGroup":"VNM","shapeType":"ADM2"}},
{"type":"Feature","geometry":{"type":"Polygon","coordinates":[[[105.81573,10.37018],[105.82281,10.47013],[105.76604,10.47043],[105.76784,10.48977],[105.73455,10.4957],[105.71883,10.50383],[105.73467,10.58301],[105.72496,10.60409],[105.71331,10.60378],[105.69841,10.61325],[105.69215,10.63972],[105.67875,10.65506],[105.66124,10.65767],[105.63579,10.67224],[105.63046,10.65293],[105.62383,10.64932],[105.61639,10.63251],[105.5626,10.52913],[105.55368,10.51571],[105.55777,10.50837],[105.58988,10.51303],[105.61925,10.4974],[105.63386,10.50698],[105.64917,10.50298],[105.65626,10.4906],[105.64812,10.47049],[105.65748,10.45105],[105.68431,10.43987],[105.6912,10.40602],[105.70605,10.39784],[105.71961,10.38227],[105.73494,10.37741],[105.74837,10.35628],[105.7687,10.30675],[105.78378,10.29444],[105.81504,10.2981],[105.83836,10.29795],[105.82139,10.30928],[105.81679,10.32236],[105.81927,10.3423],[105.81573,10.37018]]]},"properties":{"shapeName":"Huyen Cao Lanh","shapeISO":"","shapeID":"81297802B29684412204466","shapeGroup":"VNM","shapeType":"ADM2"}},
{"type":"Feature","geometry":{"type":"Polygon","coordinates":[[[105.33821,10.85977],[105.26442,10.89619],[105.23926,10.89252],[105.21656,10.90061],[105.19933,10.91107],[105.18739,10.91154],[105.18778,10.87326],[105.20351,10.8583],[105.21898,10.83413],[105.22916,10.80572],[105.2596,10.80234],[105.25939,10.77467],[105.26784,10.76672],[105.2986,10.76268],[105.30172,10.74899],[105.27709,10.7322],[105.27854,10.72304],[105.29695,10.71649],[105.32934,10.72289],[105.34921,10.71563],[105.34661,10.69419],[105.36082,10.69395],[105.37419,10.70344],[105.35906,10.73485],[105.35588,10.75127],[105.35235,10.76668],[105.33513,10.80643],[105.32537,10.81836],[105.31262,10.82084],[105.31898,10.83933],[105.32607,10.8435],[105.34228,10.83833],[105.33821,10.85977]]]},"properties":{"shapeName":"Huyen Hong Ngu","shapeISO":"","shapeID":"81297802B50587214410487","shapeGroup":"VNM","shapeType":"ADM2"}},
{"type":"Feature","geometry":{"type":"Polygon","coordinates":[[[107.66518,14.13799],[107.65767,14.10351],[107.6494,14.09628],[107.65758,14.08507],[107.65073,14.0679],[107.63516,14.0544],[107.61682,14.0631],[107.60128,14.04505],[107.60103,14.02933],[107.58939,14.01936],[107.57017,14.01791],[107.55193,14.02594],[107.54052,14.01079],[107.52065,14.01199],[107.5263,13.98573],[107.51167,13.98376],[107.49382,13.96368],[107.47068,13.95089],[107.47158,13.93204],[107.46038,13.91963],[107.47426,13.91727],[107.47264,13.89018],[107.45631,13.86818],[107.47528,13.85409],[107.49516,13.85222],[107.53018,13.84165],[107.53709,13.84921],[107.55451,13.85238],[107.59907,13.84144],[107.63474,13.85069],[107.66022,13.85206],[107.66522,13.86951],[107.67638,13.87992],[107.69968,13.91641],[107.7105,13.9224],[107.73633,13.91459],[107.73368,13.90367],[107.75108,13.88894],[107.77985,13.88586],[107.79783,13.87764],[107.81743,13.87962],[107.82485,13.85236],[107.83934,13.85911],[107.84046,13.87785],[107.84571,13.88762],[107.84209,13.90606],[107.86246,13.9074],[107.89299,13.90196],[107.9349,13.90121],[107.94677,13.91958],[107.94016,13.94034],[107.95753,13.95253],[107.95731,13.9633],[107.98096,13.96705],[107.98834,13.99185],[107.9821,14.01121],[107.96089,14.01017],[107.96266,14.03989],[107.97648,14.04265],[107.98385,14.05256],[107.96651,14.05377],[107.95453,14.07376],[107.9282,14.09089],[107.90518,14.10098],[107.88459,14.10359],[107.87447,14.0866],[107.86303,14.07837],[107.82791,14.07316],[107.814,14.07827],[107.79549,14.07459],[107.77537,14.08423],[107.74926,14.07653],[107.74911,14.10003],[107.73375,14.10991],[107.73606,14.12029],[107.72261,14.12707],[107.68609,14.13001],[107.66518,14.13799]]]},"properties":{"shapeName":"Ia Grai","shapeISO":"","shapeID":"81297802B6416238429405","shapeGroup":"VNM","shapeType":"ADM2"}},
{"type":"Feature","geometry":{"type":"Polygon","coordinates":[[[108.52491,13.36239],[108.55349,13.38237],[108.57664,13.40598],[108.57794,13.41736],[108.5948,13.42274],[108.60948,13.41787],[108.63129,13.41929],[108.64764,13.42577],[108.65689,13.44029],[108.6692,13.44329],[108.67607,13.45729],[108.69689,13.46825],[108.71447,13.46406],[108.71518,13.47445],[108.70327,13.48638],[108.71363,13.50177],[108.71432,13.51829],[108.72778,13.51965],[108.73269,13.53986],[108.74219,13.55682],[108.72567,13.57683],[108.69644,13.58292],[108.66351,13.58646],[108.63962,13.60866],[108.6291,13.60781],[108.57633,13.61538],[108.56734,13.62805],[108.55396,13.63058],[108.53775,13.6252],[108.52788,13.61496],[108.508,13.61162],[108.48013,13.61319],[108.4666,13.62909],[108.45903,13.65033],[108.46302,13.65827],[108.43344,13.67207],[108.39638,13.69329],[108.37878,13.69406],[108.35672,13.68974],[108.33601,13.6732],[108.31582,13.67611],[108.30106,13.66114],[108.28261,13.66132],[108.29196,13.64513],[108.30435,13.63963],[108.32432,13.61861],[108.34249,13.6087],[108.35903,13.60903],[108.38853,13.59748],[108.38772,13.57047],[108.39637,13.56329],[108.39199,13.54081],[108.41306,13.53389],[108.42546,13.51992],[108.41221,13.48602],[108.417,13.47797],[108.41379,13.46035],[108.42462,13.45795],[108.43105,13.44014],[108.42979,13.43285],[108.45496,13.41819],[108.46087,13.40606],[108.45411,13.39881],[108.45688,13.38356],[108.46614,13.37138],[108.48353,13.36261],[108.50819,13.37213],[108.51348,13.36024],[108.52491,13.36239]]]},"properties":{"shapeName":"Ia Pa","shapeISO":"","shapeID":"81297802B8571934498047","shapeGroup":"VNM","shapeType":"ADM2"}},
{"type":"Feature","geometry":{"type":"Polygon","coordinates":[[[108.68695,14.12861],[108.67696,14.14933],[108.67866,14.16084],[108.6662,14.16522],[108.67711,14.1782],[108.68133,14.19358],[108.67391,14.20756],[108.67615,14.2234],[108.66519,14.23357],[108.6682,14.24439],[108.6556,14.25962],[108.66046,14.28067],[108.64692,14.2974],[108.63384,14.34825],[108.62376,14.35572],[108.63428,14.3722],[108.6175,14.41044],[108.60398,14.45233],[108.61647,14.45696],[108.63161,14.44696],[108.63855,14.45118],[108.63959,14.48662],[108.63154,14.49709],[108.63683,14.5062],[108.62957,14.51759],[108.62797,14.54446],[108.60674,14.5345],[108.59603,14.54756],[108.59369,14.56517],[108.58357,14.56775],[108.56011,14.58619],[108.54689,14.58953],[108.5318,14.57864],[108.52819,14.55574],[108.4981,14.54384],[108.48113,14.54555],[108.43936,14.55589],[108.41677,14.5707],[108.40287,14.59804],[108.37483,14.60036],[108.36721,14.58461],[108.3573,14.57991],[108.3591,14.56601],[108.37367,14.54893],[108.36979,14.5319],[108.38341,14.52651],[108.36081,14.49215],[108.32407,14.45474],[108.32267,14.44242],[108.29151,14.40669],[108.29651,14.39174],[108.30998,14.37116],[108.31181,14.35071],[108.30842,14.334],[108.31447,14.32479],[108.31163,14.30593],[108.31466,14.28956],[108.32283,14.27701],[108.31766,14.24507],[108.32398,14.23419],[108.35324,14.20986],[108.3617,14.20791],[108.37008,14.17461],[108.37866,14.17221],[108.38734,14.15614],[108.40516,14.16796],[108.43552,14.16911],[108.44618,14.13743],[108.46159,14.11554],[108.46341,14.09133],[108.44469,14.06812],[108.45649,14.05716],[108.46965,14.05795],[108.47881,14.04388],[108.51147,14.02573],[108.52038,14.0132],[108.54614,14.0126],[108.56873,14.0064],[108.59449,14.02025],[108.60507,14.01133],[108.62186,14.0186],[108.64254,14.02933],[108.66187,14.03283],[108.65203,14.06021],[108.65141,14.0805],[108.65784,14.0892],[108.66116,14.10937],[108.68695,14.12861]]]},"properties":{"shapeName":"KBang","shapeISO":"","shapeID":"81297802B35293124334630","shapeGroup":"VNM","shapeType":"ADM2"}},
{"type":"Feature","geometry":{"type":"Polygon","coordinates":[[[105.98237,9.88287],[105.96203,9.90093],[105.92232,9.93002],[105.89681,9.93807],[105.88337,9.92781],[105.87509,9.91446],[105.86711,9.87079],[105.85604,9.84085],[105.8487,9.80706],[105.85525,9.80531],[105.84491,9.76419],[105.8435,9.75222],[105.87561,9.75138],[105.91432,9.737],[105.94601,9.7363],[105.94968,9.74026],[105.97319,9.73693],[105.96797,9.71955],[105.99064,9.71718],[105.9961,9.71042],[106.02204,9.71549],[106.03422,9.74082],[106.01986,9.75904],[106.03529,9.77783],[106.04668,9.78412],[106.06595,9.7717],[106.07357,9.77441],[106.05113,9.80241],[106.02502,9.82574],[105.99888,9.85586],[105.98237,9.88287]]]},"properties":{"shapeName":"Ke Sach","shapeISO":"","shapeID":"81297802B85563269288439","shapeGroup":"VNM","shapeType":"ADM2"}},
{"type":"Feature","geometry":{"type":"Polygon","coordinates":[[[109.0059,11.9233],[109.00256,11.94779],[109.00678,11.96132],[109.00852,12.00509],[109.0034,12.02734],[109.00905,12.04256],[108.99936,12.05583],[108.97952,12.07106],[108.96245,12.06984],[108.94616,12.07524],[108.94182,12.10139],[108.92906,12.08706],[108.89869,12.09785],[108.88804,12.09663],[108.86207,12.11153],[108.84349,12.11751],[108.8379,12.13862],[108.82006,12.13939],[108.81484,12.15304],[108.7933,12.15908],[108.78622,12.12372],[108.79947,12.09662],[108.80314,12.07035],[108.81065,12.05905],[108.80197,12.04411],[108.82123,12.03918],[108.83847,12.02151],[108.8571,12.01731],[108.85825,11.99097],[108.84941,11.98325],[108.85168,11.96525],[108.8672,11.96734],[108.89301,11.94684],[108.91665,11.95217],[108.93601,11.9362],[108.94801,11.93727],[108.95755,11.92467],[108.98218,11.91456],[109.0059,11.9233]]]},"properties":{"shapeName":"Khanh Son","shapeISO":"","shapeID":"81297802B29051358194838","shapeGroup":"VNM","shapeType":"ADM2"}},
{"type":"Feature","geometry":{"type":"Polygon","coordinates":[[[108.7933,12.15908],[108.81484,12.15304],[108.82006,12.13939],[108.8379,12.13862],[108.84349,12.11751],[108.86207,12.11153],[108.88804,12.09663],[108.89869,12.09785],[108.92906,12.08706],[108.94182,12.10139],[108.94901,12.11827],[108.96089,12.12437],[108.9636,12.14187],[108.97427,12.1619],[108.9768,12.17582],[108.95423,12.22044],[108.96472,12.24192],[108.96487,12.26407],[108.95683,12.29163],[108.94602,12.30216],[108.93567,12.3282],[108.94325,12.33737],[108.95826,12.33831],[108.9655,12.35283],[108.97852,12.35134],[108.97786,12.33647],[108.98957,12.33513],[109.01707,12.34205],[109.03183,12.35613],[109.04722,12.36043],[109.05143,12.37295],[109.0673,12.38993],[109.04569,12.40581],[109.02426,12.40332],[109.01251,12.40737],[109.00382,12.39622],[108.97311,12.42691],[108.94783,12.43948],[108.94606,12.46096],[108.91845,12.48662],[108.90174,12.48773],[108.87661,12.49748],[108.87353,12.50479],[108.86122,12.49342],[108.88009,12.47886],[108.86574,12.45261],[108.81108,12.48401],[108.80138,12.48011],[108.79323,12.49919],[108.78033,12.50483],[108.75296,12.49687],[108.75063,12.48178],[108.73629,12.47699],[108.71744,12.48346],[108.70295,12.47416],[108.69999,12.46052],[108.68958,12.45081],[108.67106,12.42491],[108.68037,12.40843],[108.67583,12.40137],[108.68805,12.38904],[108.68879,12.36249],[108.67958,12.34837],[108.68611,12.32291],[108.68172,12.3157],[108.70214,12.30836],[108.70851,12.29904],[108.70264,12.28696],[108.70798,12.25514],[108.70159,12.24478],[108.70679,12.23408],[108.72386,12.21773],[108.7121,12.1908],[108.73195,12.16168],[108.73773,12.15708],[108.76995,12.15265],[108.77743,12.1643],[108.7933,12.15908]]]},"properties":{"shapeName":"Khanh Vinh","shapeISO":"","shapeID":"81297802B87924827202169","shapeGroup":"VNM","shapeType":"ADM2"}},
{"type":"Feature","geometry":{"type":"Polygon","coordinates":[[[106.0388,20.83634],[106.02666,20.8406],[106.00718,20.86809],[105.97879,20.86478],[105.96341,20.87593],[105.96563,20.90275],[105.95013,20.90439],[105.91487,20.88395],[105.93131,20.87377],[105.93328,20.85154],[105.91685,20.84212],[105.91096,20.8203],[105.92355,20.79143],[105.93242,20.78534],[105.96321,20.77746],[105.96767,20.75943],[106.00843,20.75706],[106.01513,20.76124],[106.01316,20.79556],[106.03834,20.80816],[106.03362,20.82227],[106.0388,20.83634]]]},"properties":{"shapeName":"Khoai Chau","shapeISO":"","shapeID":"81297802B59998896925567","shapeGroup":"VNM","shapeType":"ADM2"}},
{"type":"Feature","geometry":{"type":"Polygon","coordinates":[[[106.61735,20.81711],[106.60296,20.79963],[106.62095,20.77403],[106.63416,20.78383],[106.64346,20.77],[106.65773,20.78119],[106.64816,20.79622],[106.66551,20.81552],[106.67697,20.81676],[106.65768,20.84354],[106.62459,20.81739],[106.61735,20.81711]]]},"properties":{"shapeName":"Kien An","shapeISO":"","shapeID":"81297802B17638458778811","shapeGroup":"VNM","shapeType":"ADM2"}},
{"type":"Feature","geometry":{"type":"MultiPolygon","coordinates":[[[[104.35886,9.69211],[104.34617,9.68569],[104.34774,9.66752],[104.36157,9.66072],[104.35886,9.69211]]],[[[104.63869,9.82174],[104.61894,9.81222],[104.61349,9.80151],[104.63655,9.79342],[104.64961,9.7964],[104.65649,9.81841],[104.63869,9.82174]]],[[[104.85579,9.97767],[104.82898,9.96803],[104.82748,9.95924],[104.84081,9.9521],[104.84555,9.96794],[104.85579,9.97767]]]]},"properties":{"shapeName":"Kien Hai","shapeISO":"","shapeID":"81297802B10550571931229","shapeGroup":"VNM","shapeType":"ADM2"}},
{"type":"Feature","geometry":{"type":"Polygon","coordinates":[[[104.57089,10.34605],[104.56202,10.32991],[104.55089,10.32752],[104.53672,10.3152],[104.52799,10.31865],[104.52762,10.30119],[104.5343,10.28912],[104.55616,10.28713],[104.56577,10.27813],[104.58662,10.2438],[104.59227,10.21342],[104.58689,10.20998],[104.59706,10.18187],[104.60991,10.16155],[104.60181,10.15028],[104.6344,10.14307],[104.63987,10.13639],[104.65779,10.16458],[104.68654,10.19931],[104.704,10.21263],[104.70412,10.21545],[104.75004,10.30633],[104.78184,10.3742],[104.74858,10.3886],[104.70854,10.41178],[104.70028,10.39657],[104.6513,10.42007],[104.63319,10.39381],[104.6189,10.4033],[104.61303,10.39383],[104.5814,10.36412],[104.57089,10.34605]]]},"properties":{"shapeName":"Kien Luong","shapeISO":"","shapeID":"81297802B41363610148385","shapeGroup":"VNM","shapeType":"ADM2"}},
{"type":"Feature","geometry":{"type":"Polygon","coordinates":[[[106.60151,20.72562],[106.61515,20.70432],[106.6259,20.70016],[106.63798,20.70814],[106.64966,20.70373],[106.65114,20.69208],[106.66237,20.68973],[106.67793,20.69685],[106.69178,20.69364],[106.7065,20.67818],[106.73375,20.69827],[106.72956,20.7075],[106.74021,20.72081],[106.72572,20.74286],[106.70775,20.75045],[106.69936,20.75852],[106.70801,20.78748],[106.68021,20.78968],[106.65773,20.78119],[106.64346,20.77],[106.63416,20.78383],[106.62095,20.77403],[106.6374,20.75189],[106.62105,20.74736],[106.60151,20.72562]]]},"properties":{"shapeName":"Kien Thuy","shapeISO":"","shapeID":"81297802B29420287983322","shapeGroup":"VNM","shapeType":"ADM2"}},
{"type":"Feature","geometry":{"type":"Polygon","coordinates":[[[106.00571,10.86089],[105.96914,10.8977],[105.94335,10.90967],[105.95534,10.88374],[105.92895,10.86399],[105.92586,10.84013],[105.90028,10.84418],[105.89613,10.83523],[105.87559,10.8216],[105.88245,10.81227],[105.87248,10.79117],[105.85237,10.78039],[105.81757,10.72949],[105.81927,10.70142],[105.85897,10.68822],[105.88645,10.68832],[105.89127,10.71076],[105.89995,10.70773],[105.91032,10.73259],[105.93441,10.72845],[105.95627,10.73619],[105.9713,10.75381],[105.94335,10.77895],[105.95523,10.81487],[105.96864,10.83858],[106.00465,10.83857],[105.99856,10.85384],[106.00571,10.86089]]]},"properties":{"shapeName":"Kien Tuong","shapeISO":"","shapeID":"81297802B15581259777878","shapeGroup":"VNM","shapeType":"ADM2"}},
{"type":"Feature","geometry":{"type":"Polygon","coordinates":[[[106.38829,20.48666],[106.38276,20.47126],[106.39653,20.43137],[106.37189,20.42577],[106.36311,20.42794],[106.3676,20.41576],[106.35726,20.40597],[106.35698,20.38357],[106.36245,20.37008],[106.38276,20.34471],[106.40759,20.33158],[106.43317,20.29934],[106.45137,20.29044],[106.48253,20.29376],[106.49184,20.30293],[106.47563,20.30921],[106.47822,20.32631],[106.46515,20.34412],[106.47419,20.39685],[106.46357,20.41311],[106.47555,20.42432],[106.48149,20.45151],[106.46866,20.45288],[106.47618,20.46769],[106.47853,20.48931],[106.46405,20.50262],[106.44909,20.48568],[106.43582,20.49399],[106.42333,20.48591],[106.40376,20.48253],[106.38829,20.48666]]]},"properties":{"shapeName":"Kien Xuong","shapeISO":"","shapeID":"81297802B82663613485319","shapeGroup":"VNM","shapeType":"ADM2"}},
{"type":"Feature","geometry":{"type":"Polygon","coordinates":[[[105.89121,20.64812],[105.87849,20.64302],[105.85793,20.64491],[105.82786,20.66378],[105.83151,20.64422],[105.8148,20.6343],[105.81298,20.61822],[105.81163,20.60444],[105.80128,20.59322],[105.79546,20.56793],[105.76858,20.56531],[105.77353,20.54964],[105.78384,20.53879],[105.79515,20.5117],[105.80513,20.50062],[105.82017,20.49448],[105.83817,20.48018],[105.85212,20.47788],[105.86216,20.49185],[105.86515,20.50919],[105.88406,20.51367],[105.89359,20.52756],[105.88828,20.54022],[105.90142,20.56798],[105.91964,20.56729],[105.92499,20.59286],[105.92002,20.61314],[105.91239,20.61788],[105.89121,20.64812]]]},"properties":{"shapeName":"Kim Bang","shapeISO":"","shapeID":"81297802B80649611591308","shapeGroup":"VNM","shapeType":"ADM2"}},
{"type":"Feature","geometry":{"type":"Polygon","coordinates":[[[105.40398,20.60812],[105.42829,20.60755],[105.43843,20.61989],[105.46603,20.62268],[105.47084,20.63176],[105.48861,20.63715],[105.49637,20.62862],[105.52186,20.62363],[105.51697,20.61265],[105.50489,20.60606],[105.52258,20.5855],[105.52396,20.57286],[105.55006,20.56015],[105.56071,20.54954],[105.58188,20.53405],[105.61171,20.52302],[105.64414,20.52575],[105.65906,20.54634],[105.67462,20.53066],[105.68455,20.54781],[105.68561,20.55908],[105.67451,20.56788],[105.66486,20.58693],[105.64396,20.60046],[105.62407,20.59576],[105.61468,20.61417],[105.63049,20.62434],[105.61183,20.65071],[105.60672,20.66323],[105.61367,20.67797],[105.60441,20.68839],[105.59772,20.71204],[105.58109,20.73119],[105.5812,20.74569],[105.56759,20.75096],[105.57081,20.77781],[105.55337,20.78522],[105.55139,20.79726],[105.53417,20.79712],[105.51926,20.80393],[105.47876,20.78801],[105.47688,20.80767],[105.4457,20.80843],[105.43831,20.82526],[105.42977,20.82845],[105.40729,20.80421],[105.39477,20.80369],[105.39089,20.78805],[105.37426,20.77894],[105.37437,20.76058],[105.37704,20.74231],[105.36946,20.73465],[105.39535,20.71391],[105.40688,20.70086],[105.40414,20.688],[105.41726,20.67997],[105.41986,20.66453],[105.40406,20.65626],[105.3984,20.62377],[105.40398,20.60812]]]},"properties":{"shapeName":"Kim Boi","shapeISO":"","shapeID":"81297802B6982011035243","shapeGroup":"VNM","shapeType":"ADM2"}},
{"type":"Feature","geometry":{"type":"Polygon","coordinates":[[[106.03834,20.80816],[106.01316,20.79556],[106.01513,20.76124],[106.00843,20.75706],[105.96767,20.75943],[105.96959,20.73429],[105.96433,20.72499],[105.97316,20.7005],[106.00289,20.70436],[106.02028,20.69919],[106.03512,20.681],[106.05463,20.68672],[106.05649,20.69552],[106.08003,20.69494],[106.07831,20.72174],[106.09806,20.72751],[106.0993,20.74179],[106.0907,20.76296],[106.06686,20.77381],[106.05113,20.81468],[106.03834,20.80816]]]},"properties":{"shapeName":"Kim Dong","shapeISO":"","shapeID":"81297802B31840185218616","shapeGroup":"VNM","shapeType":"ADM2"}},
{"type":"Feature","geometry":{"type":"Polygon","coordinates":[[[106.16227,20.12362],[106.14028,20.1562],[106.1242,20.13579],[106.11509,20.15255],[106.07436,20.13685],[106.06313,20.12873],[106.05938,20.11753],[106.04573,20.10415],[106.04083,20.0819],[106.02867,20.07162],[106.03215,20.06082],[106.07184,20.0668],[106.07336,20.05141],[106.06165,20.01926],[106.05368,20.0061],[106.03415,20.00003],[106.02379,19.98169],[106.0262,19.95559],[106.0675,19.91701],[106.09952,19.92092],[106.10237,19.93765],[106.09549,19.97085],[106.1118,20.01966],[106.11454,20.04663],[106.13432,20.05889],[106.14325,20.07118],[106.14517,20.09171],[106.16227,20.12362]]]},"properties":{"shapeName":"Kim Son","shapeISO":"","shapeID":"81297802B55928452292311","shapeGroup":"VNM","shapeType":"ADM2"}},
{"type":"Feature","geometry":{"type":"Polygon","coordinates":[[[106.54621,20.94777],[106.53525,20.96593],[106.52735,20.96289],[106.50841,20.98372],[106.49231,20.97696],[106.47338,20.97909],[106.47822,20.98997],[106.45487,20.99569],[106.41314,20.99807],[106.38807,20.98597],[106.38769,20.97414],[106.40924,20.97527],[106.4238,20.95825],[106.44361,20.96024],[106.44731,20.95334],[106.47466,20.95015],[106.48667,20.94012],[106.47777,20.9264],[106.47606,20.91198],[106.48401,20.89609],[106.47662,20.87605],[106.48418,20.86755],[106.52416,20.86218],[106.54673,20.86854],[106.54827,20.8836],[106.5402,20.90029],[106.52845,20.90914],[106.5407,20.91854],[106.54621,20.94777]]]},"properties":{"shapeName":"Kim Thanh","shapeISO":"","shapeID":"81297802B3696641207460","shapeGroup":"VNM","shapeType":"ADM2"}},
{"type":"Feature","geometry":{"type":"Polygon","coordinates":[[[106.59151,20.94689],[106.58508,20.97391],[106.56665,20.97988],[106.55467,20.99901],[106.56342,21.01161],[106.59022,21.01494],[106.61144,21.02122],[106.60388,21.03646],[106.57579,21.05741],[106.54473,21.05453],[106.52342,21.04612],[106.5193,21.05384],[106.50354,21.05682],[106.48856,21.06724],[106.45477,21.06564],[106.42752,21.06078],[106.42575,21.04834],[106.41211,21.04885],[106.40577,21.03492],[106.41051,21.02129],[106.41314,20.99807],[106.45487,20.99569],[106.47822,20.98997],[106.47338,20.97909],[106.49231,20.97696],[106.50841,20.98372],[106.52735,20.96289],[106.53525,20.96593],[106.54621,20.94777],[106.55585,20.93329],[106.59151,20.94689]]]},"properties":{"shapeName":"Kinh Mon","shapeISO":"","shapeID":"81297802B98282177960136","shapeGroup":"VNM","shapeType":"ADM2"}},
{"type":"Feature","geometry":{"type":"Polygon","coordinates":[[[108.49387,14.80062],[108.45719,14.79026],[108.452,14.80198],[108.44102,14.80277],[108.42923,14.81685],[108.40267,14.82152],[108.37673,14.84549],[108.36413,14.88148],[108.35,14.88284],[108.35096,14.89365],[108.33849,14.90808],[108.32125,14.91316],[108.31233,14.94619],[108.28361,14.965],[108.25424,15.00582],[108.25014,15.02625],[108.23945,15.03087],[108.22556,15.02945],[108.2084,15.0374],[108.18371,15.05617],[108.15996,15.05977],[108.14628,15.04565],[108.1517,15.03764],[108.14916,15.0222],[108.15933,14.97924],[108.14923,14.96243],[108.12521,14.96008],[108.14162,14.93823],[108.15697,14.92421],[108.15282,14.90682],[108.13988,14.90586],[108.12546,14.8854],[108.13932,14.87373],[108.1391,14.84328],[108.14388,14.82758],[108.13784,14.80267],[108.14087,14.79405],[108.12586,14.77985],[108.1251,14.765],[108.14697,14.75132],[108.16484,14.74602],[108.18243,14.75464],[108.21337,14.74556],[108.22605,14.7344],[108.23522,14.70539],[108.23038,14.68269],[108.2427,14.64713],[108.23757,14.62656],[108.24045,14.60908],[108.22653,14.60033],[108.22526,14.58692],[108.2108,14.56952],[108.21355,14.56003],[108.22795,14.55886],[108.24858,14.57212],[108.26412,14.56978],[108.29356,14.55545],[108.3591,14.56601],[108.3573,14.57991],[108.36721,14.58461],[108.37483,14.60036],[108.40287,14.59804],[108.41677,14.5707],[108.43936,14.55589],[108.48113,14.54555],[108.4981,14.54384],[108.52819,14.55574],[108.5318,14.57864],[108.54689,14.58953],[108.5339,14.60469],[108.52612,14.6238],[108.50708,14.62059],[108.48467,14.6233],[108.48435,14.64407],[108.51262,14.6841],[108.49666,14.69775],[108.51603,14.72033],[108.52116,14.73927],[108.52875,14.74543],[108.51635,14.77376],[108.50292,14.77926],[108.49387,14.80062]]]},"properties":{"shapeName":"Kon Plong","shapeISO":"","shapeID":"81297802B37970290892439","shapeGroup":"VNM","shapeType":"ADM2"}},
{"type":"Feature","geometry":{"type":"Polygon","coordinates":[[[108.2325,14.38968],[108.24511,14.39655],[108.25217,14.39087],[108.27426,14.38637],[108.29651,14.39174],[108.29151,14.40669],[108.32267,14.44242],[108.32407,14.45474],[108.36081,14.49215],[108.38341,14.52651],[108.36979,14.5319],[108.37367,14.54893],[108.3591,14.56601],[108.29356,14.55545],[108.26412,14.56978],[108.24858,14.57212],[108.22795,14.55886],[108.21355,14.56003],[108.2108,14.56952],[108.22526,14.58692],[108.22653,14.60033],[108.24045,14.60908],[108.23757,14.62656],[108.2427,14.64713],[108.23038,14.68269],[108.23522,14.70539],[108.22605,14.7344],[108.21337,14.74556],[108.18243,14.75464],[108.16484,14.74602],[108.14697,14.75132],[108.1251,14.765],[108.09298,14.73114],[108.08886,14.71982],[108.07296,14.71194],[108.07522,14.70162],[108.06231,14.67328],[108.07228,14.6654],[108.07507,14.63601],[108.06295,14.62817],[108.07001,14.59894],[108.0661,14.57501],[108.0592,14.56397],[108.11107,14.53317],[108.10645,14.50865],[108.10953,14.49733],[108.08377,14.47987],[108.08966,14.44484],[108.081,14.42373],[108.08267,14.40291],[108.0775,14.39013],[108.08693,14.37028],[108.08606,14.34088],[108.0819,14.33419],[108.10427,14.33767],[108.1149,14.36348],[108.14609,14.34764],[108.17014,14.368],[108.18969,14.36873],[108.20362,14.37486],[108.21002,14.38717],[108.2325,14.38968]]]},"properties":{"shapeName":"Kon Ray","shapeISO":"","shapeID":"81297802B49611781778497","shapeGroup":"VNM","shapeType":"ADM2"}},
{"type":"Feature","geometry":{"type":"Polygon","coordinates":[[[108.0819,14.33419],[108.08606,14.34088],[108.08693,14.37028],[108.0775,14.39013],[108.08267,14.40291],[108.081,14.42373],[108.06884,14.41592],[108.0563,14.42974],[108.03152,14.43512],[108.0187,14.45381],[107.99826,14.44641],[107.9721,14.42828],[107.94643,14.39695],[107.92462,14.40474],[107.91441,14.42504],[107.89368,14.42883],[107.87976,14.43676],[107.86857,14.42411],[107.8614,14.39712],[107.87124,14.39094],[107.87441,14.37095],[107.88357,14.35855],[107.87411,14.33642],[107.851,14.31249],[107.85714,14.30041],[107.85,14.27585],[107.8727,14.27568],[107.8766,14.28273],[107.89936,14.27693],[107.91895,14.26048],[107.93223,14.24075],[107.94853,14.24429],[107.95682,14.23156],[107.96574,14.2301],[107.97795,14.24046],[107.99488,14.23359],[108.015,14.24047],[108.01707,14.25079],[108.04317,14.27687],[108.05526,14.26696],[108.06291,14.27267],[108.07324,14.3061],[108.08817,14.31519],[108.0819,14.33419]]]},"properties":{"shapeName":"Kon Tum","shapeISO":"","shapeID":"81297802B636661033486","shapeGroup":"VNM","shapeType":"ADM2"}},
{"type":"Feature","geometry":{"type":"Polygon","coordinates":[[[108.41668,13.96971],[108.40404,13.95101],[108.39463,13.95048],[108.3889,13.93721],[108.37663,13.92536],[108.37303,13.9063],[108.36611,13.89773],[108.37207,13.85128],[108.36422,13.84777],[108.37118,13.81859],[108.3599,13.77804],[108.35075,13.77403],[108.36015,13.73958],[108.37798,13.70897],[108.37878,13.69406],[108.39638,13.69329],[108.43344,13.67207],[108.46302,13.65827],[108.45903,13.65033],[108.4666,13.62909],[108.48013,13.61319],[108.508,13.61162],[108.52788,13.61496],[108.53775,13.6252],[108.55396,13.63058],[108.56734,13.62805],[108.57633,13.61538],[108.6291,13.60781],[108.63962,13.60866],[108.66351,13.58646],[108.69644,13.58292],[108.72567,13.57683],[108.74219,13.55682],[108.74896,13.56647],[108.76848,13.56171],[108.78847,13.57802],[108.81428,13.57706],[108.82716,13.56486],[108.85033,13.56857],[108.85252,13.57548],[108.84169,13.6098],[108.8293,13.63051],[108.81987,13.65867],[108.82145,13.67386],[108.8138,13.6952],[108.83255,13.70655],[108.82652,13.72233],[108.83285,13.72772],[108.83403,13.75688],[108.82447,13.77486],[108.82768,13.79199],[108.81646,13.80321],[108.80115,13.80679],[108.79583,13.82209],[108.77456,13.79718],[108.7518,13.78965],[108.74399,13.80553],[108.73048,13.80566],[108.72021,13.83156],[108.69545,13.84462],[108.67671,13.8378],[108.66881,13.82172],[108.65911,13.83158],[108.62674,13.84642],[108.62395,13.86003],[108.61379,13.85947],[108.59871,13.87259],[108.59812,13.88848],[108.57877,13.89131],[108.57164,13.88412],[108.5599,13.89228],[108.54481,13.88776],[108.54728,13.90389],[108.52113,13.90669],[108.5219,13.89449],[108.51009,13.88566],[108.49328,13.92194],[108.47317,13.93009],[108.45262,13.96055],[108.43095,13.96083],[108.41668,13.96971]]]},"properties":{"shapeName":"Kong Chro","shapeISO":"","shapeID":"81297802B76302638024773","shapeGroup":"VNM","shapeType":"ADM2"}},
{"type":"Feature","geometry":{"type":"Polygon","coordinates":[[[107.89679,12.55539],[107.89231,12.55141],[107.88664,12.54499],[107.91099,12.5257],[107.94338,12.52745],[107.97574,12.50708],[107.98066,12.49563],[108.00171,12.47652],[107.99501,12.46997],[107.98493,12.44595],[107.96631,12.43653],[107.95506,12.4417],[107.93682,12.43127],[107.92359,12.41648],[107.93929,12.41673],[107.95032,12.39937],[107.97857,12.3957],[108.01157,12.40375],[108.01939,12.41625],[108.04826,12.41661],[108.05145,12.42616],[108.07495,12.4305],[108.09712,12.42621],[108.11395,12.41319],[108.12752,12.41834],[108.13531,12.43327],[108.154,12.42746],[108.16201,12.43044],[108.17134,12.45303],[108.16913,12.46251],[108.17985,12.48163],[108.17769,12.4906],[108.1716,12.49586],[108.16774,12.523],[108.12738,12.52118],[108.11839,12.52481],[108.11535,12.54787],[108.08719,12.54405],[108.07699,12.5535],[108.05706,12.55604],[108.01814,12.56579],[107.98263,12.57851],[107.9684,12.59177],[107.95541,12.576],[107.95008,12.55496],[107.89679,12.55539]]]},"properties":{"shapeName":"Krong A Na","shapeISO":"","shapeID":"81297802B38165084831058","shapeGroup":"VNM","shapeType":"ADM2"}},
{"type":"Feature","geometry":{"type":"Polygon","coordinates":[[[108.17769,12.4906],[108.17985,12.48163],[108.21722,12.47343],[108.22933,12.47531],[108.24094,12.46501],[108.2485,12.46868],[108.26996,12.4644],[108.27943,12.45383],[108.29908,12.44709],[108.29961,12.4308],[108.32043,12.43862],[108.34526,12.4314],[108.34791,12.42347],[108.38047,12.41902],[108.38955,12.40778],[108.41193,12.40193],[108.43219,12.40848],[108.45468,12.39202],[108.4678,12.37619],[108.47482,12.35581],[108.48845,12.33626],[108.50224,12.32445],[108.48384,12.30957],[108.49214,12.30526],[108.49902,12.2849],[108.5098,12.27705],[108.53815,12.28276],[108.53993,12.29636],[108.58061,12.28837],[108.59606,12.27619],[108.62527,12.28998],[108.66276,12.29758],[108.68172,12.3157],[108.68611,12.32291],[108.67958,12.34837],[108.68879,12.36249],[108.68805,12.38904],[108.67583,12.40137],[108.68037,12.40843],[108.67106,12.42491],[108.68958,12.45081],[108.69999,12.46052],[108.70295,12.47416],[108.72723,12.52079],[108.71182,12.57212],[108.69603,12.58537],[108.69421,12.59406],[108.67551,12.61795],[108.67483,12.6086],[108.64726,12.58777],[108.63038,12.58701],[108.60944,12.57408],[108.57033,12.57864],[108.55486,12.58532],[108.52859,12.58795],[108.49833,12.60339],[108.48817,12.59804],[108.47096,12.59338],[108.45072,12.57217],[108.44848,12.54614],[108.41649,12.53847],[108.40934,12.55266],[108.39373,12.55185],[108.37834,12.56027],[108.3706,12.57551],[108.37375,12.59254],[108.3536,12.59403],[108.35771,12.60698],[108.34198,12.62152],[108.30894,12.62689],[108.28585,12.62572],[108.28102,12.62372],[108.28267,12.59461],[108.27904,12.57233],[108.2555,12.55365],[108.24932,12.5389],[108.25234,12.52531],[108.2444,12.51669],[108.21681,12.51493],[108.20783,12.51811],[108.1824,12.50774],[108.17769,12.4906]]]},"properties":{"shapeName":"Krong Bong","shapeISO":"","shapeID":"81297802B29162792012865","shapeGroup":"VNM","shapeType":"ADM2"}},
{"type":"Feature","geometry":{"type":"Polygon","coordinates":[[[108.3002,12.92962],[108.29632,12.94165],[108.28542,12.94517],[108.28866,12.96489],[108.29576,12.97156],[108.27809,12.99429],[108.28625,12.99879],[108.2853,13.01321],[108.29838,13.03019],[108.29912,13.04504],[108.27431,13.06886],[108.28423,13.11166],[108.2788,13.12381],[108.2653,13.12187],[108.21846,13.10679],[108.19441,13.12243],[108.16249,13.12087],[108.14033,13.11313],[108.129,13.08577],[108.10996,13.07484],[108.10896,13.06571],[108.09604,13.05803],[108.10805,13.04991],[108.10073,13.03903],[108.10469,13.02854],[108.10082,13.00911],[108.10649,13.00337],[108.10816,12.98294],[108.13333,12.96494],[108.15023,12.98036],[108.16859,12.96777],[108.17852,12.95495],[108.2018,12.94085],[108.2036,12.92522],[108.20052,12.90241],[108.21364,12.9009],[108.22642,12.90309],[108.23348,12.91279],[108.22503,12.9244],[108.23093,12.93477],[108.24787,12.94907],[108.25535,12.94167],[108.27098,12.94241],[108.28214,12.92843],[108.3002,12.92962]]]},"properties":{"shapeName":"Krong Buk","shapeISO":"","shapeID":"81297802B2573632778711","shapeGroup":"VNM","shapeType":"ADM2"}},
{"type":"Feature","geometry":{"type":"Polygon","coordinates":[[[108.37086,12.83847],[108.38541,12.85774],[108.43492,12.87179],[108.44835,12.90092],[108.44317,12.91346],[108.45817,12.92855],[108.48952,12.90666],[108.51492,12.91314],[108.51909,12.92219],[108.50047,12.93461],[108.49636,12.96537],[108.48174,12.97849],[108.48177,13.00258],[108.47688,13.02126],[108.49213,13.02086],[108.49681,13.03352],[108.51266,13.03494],[108.51114,13.04618],[108.52136,13.06334],[108.50978,13.07964],[108.4999,13.08442],[108.4929,13.10552],[108.45702,13.12758],[108.46532,13.14839],[108.43832,13.14799],[108.43104,13.14073],[108.40602,13.15793],[108.37775,13.15068],[108.36518,13.13481],[108.35529,13.13481],[108.34371,13.14503],[108.33172,13.14141],[108.31921,13.14619],[108.30936,13.13586],[108.2788,13.12381],[108.28423,13.11166],[108.27431,13.06886],[108.29912,13.04504],[108.29838,13.03019],[108.2853,13.01321],[108.28625,12.99879],[108.27809,12.99429],[108.29576,12.97156],[108.28866,12.96489],[108.28542,12.94517],[108.29632,12.94165],[108.3002,12.92962],[108.3146,12.92433],[108.3328,12.92457],[108.34271,12.91331],[108.3609,12.90351],[108.36932,12.87921],[108.37086,12.83847]]]},"properties":{"shapeName":"Krong Nang","shapeISO":"","shapeID":"81297802B49219208970184","shapeGroup":"VNM","shapeType":"ADM2"}},
{"type":"Feature","geometry":{"type":"Polygon","coordinates":[[[107.86864,12.54624],[107.85317,12.51825],[107.83667,12.49909],[107.81596,12.50192],[107.80423,12.49276],[107.79763,12.50254],[107.7757,12.50274],[107.76955,12.49366],[107.75334,12.49143],[107.7494,12.45712],[107.75239,12.42802],[107.73941,12.41599],[107.71514,12.40746],[107.71488,12.39612],[107.70008,12.37913],[107.71313,12.36688],[107.72467,12.36729],[107.72719,12.3291],[107.75561,12.308],[107.7526,12.28605],[107.76945,12.28228],[107.78565,12.26759],[107.78064,12.25148],[107.79204,12.22677],[107.81319,12.22209],[107.82061,12.23],[107.83543,12.22936],[107.86704,12.24249],[107.89346,12.24698],[107.92155,12.26686],[107.93691,12.26567],[107.92348,12.24726],[107.94342,12.24782],[107.95328,12.25926],[107.97558,12.26054],[107.96834,12.22326],[107.97507,12.21055],[107.98965,12.21257],[107.99782,12.22485],[108.01217,12.21716],[108.01461,12.20894],[108.03074,12.19368],[108.04249,12.19841],[108.06267,12.18668],[108.07359,12.18711],[108.09672,12.21047],[108.08611,12.22577],[108.08603,12.2391],[108.06743,12.2659],[108.05165,12.26613],[108.0408,12.28905],[108.02041,12.29077],[108.0153,12.30283],[107.99875,12.3046],[107.9747,12.29706],[107.97178,12.31066],[107.95379,12.31829],[107.93573,12.341],[107.93503,12.3658],[107.92892,12.38061],[107.91287,12.39993],[107.92359,12.41648],[107.93682,12.43127],[107.95506,12.4417],[107.96631,12.43653],[107.98493,12.44595],[107.99501,12.46997],[108.00171,12.47652],[107.98066,12.49563],[107.97574,12.50708],[107.94338,12.52745],[107.91099,12.5257],[107.88664,12.54499],[107.89231,12.55141],[107.86864,12.54624]]]},"properties":{"shapeName":"Krong No","shapeISO":"","shapeID":"81297802B95536504011076","shapeGroup":"VNM","shapeType":"ADM2"}},
{"type":"Feature","geometry":{"type":"Polygon","coordinates":[[[108.43688,13.18025],[108.46376,13.16226],[108.46532,13.14839],[108.45702,13.12758],[108.4929,13.10552],[108.4999,13.08442],[108.50978,13.07964],[108.52136,13.06334],[108.51114,13.04618],[108.51266,13.03494],[108.53771,13.03225],[108.56797,13.01968],[108.57747,13.02813],[108.59166,13.02952],[108.60084,13.01759],[108.61858,13.01036],[108.64509,13.01049],[108.65748,12.99873],[108.66722,13.00428],[108.68192,12.99777],[108.69344,13.0164],[108.71463,13.01737],[108.7564,13.03264],[108.75034,13.08773],[108.75535,13.10293],[108.76397,13.13626],[108.78627,13.14139],[108.7971,13.15233],[108.82045,13.15708],[108.8494,13.17979],[108.84971,13.21696],[108.86352,13.22603],[108.87042,13.24635],[108.86822,13.26195],[108.87313,13.28017],[108.86027,13.28664],[108.84661,13.30724],[108.83974,13.32438],[108.81006,13.35465],[108.8043,13.39094],[108.80716,13.40044],[108.80616,13.43631],[108.78886,13.46836],[108.75208,13.46391],[108.74339,13.45735],[108.71447,13.46406],[108.69689,13.46825],[108.67607,13.45729],[108.6692,13.44329],[108.65689,13.44029],[108.64764,13.42577],[108.63129,13.41929],[108.60948,13.41787],[108.5948,13.42274],[108.57794,13.41736],[108.57664,13.40598],[108.55349,13.38237],[108.52491,13.36239],[108.50041,13.34594],[108.48251,13.3002],[108.46654,13.29695],[108.45379,13.27692],[108.46354,13.26165],[108.46032,13.24763],[108.46797,13.23684],[108.45558,13.22058],[108.45939,13.21258],[108.45533,13.19321],[108.43688,13.18025]]]},"properties":{"shapeName":"Krong Pa","shapeISO":"","shapeID":"81297802B51008955299030","shapeGroup":"VNM","shapeType":"ADM2"}},
{"type":"Feature","geometry":{"type":"Polygon","coordinates":[[[108.22673,12.75762],[108.22162,12.74475],[108.20567,12.74823],[108.20336,12.73351],[108.18391,12.73506],[108.18524,12.7244],[108.16508,12.7145],[108.14873,12.70989],[108.15281,12.69628],[108.13634,12.6936],[108.1385,12.66196],[108.14582,12.65491],[108.15653,12.64997],[108.17259,12.66191],[108.20219,12.66368],[108.21473,12.65834],[108.22002,12.63011],[108.27018,12.64606],[108.28585,12.62572],[108.30894,12.62689],[108.34198,12.62152],[108.35771,12.60698],[108.3536,12.59403],[108.37375,12.59254],[108.3706,12.57551],[108.37834,12.56027],[108.39373,12.55185],[108.40934,12.55266],[108.41649,12.53847],[108.44848,12.54614],[108.45072,12.57217],[108.47096,12.59338],[108.48817,12.59804],[108.48401,12.63779],[108.49652,12.65563],[108.48479,12.67502],[108.48254,12.6878],[108.45977,12.69261],[108.46401,12.71765],[108.45123,12.72348],[108.44555,12.73803],[108.45108,12.74492],[108.44254,12.76139],[108.43147,12.77196],[108.41907,12.80736],[108.39791,12.82042],[108.38674,12.82161],[108.37086,12.83847],[108.35074,12.83243],[108.35175,12.81758],[108.3405,12.80589],[108.31575,12.79329],[108.30965,12.78159],[108.30679,12.75247],[108.29386,12.75887],[108.27589,12.75459],[108.22673,12.75762]]]},"properties":{"shapeName":"Krong Pac","shapeISO":"","shapeID":"81297802B85821133415944","shapeGroup":"VNM","shapeType":"ADM2"}},
{"type":"Feature","geometry":{"type":"Polygon","coordinates":[[[106.01606,18.03431],[106.01998,18.0256],[106.04347,18.02476],[106.06035,18.01374],[106.07125,17.99525],[106.0585,17.97456],[106.04748,17.96378],[106.0455,17.94644],[106.07698,17.93326],[106.11871,17.92775],[106.13081,17.92083],[106.1731,17.91502],[106.19095,17.92325],[106.1998,17.91648],[106.20918,17.92596],[106.24071,17.93033],[106.26357,17.91419],[106.27084,17.91977],[106.28421,17.90839],[106.29124,17.92146],[106.2843,17.93483],[106.29614,17.94522],[106.30585,17.96291],[106.32484,17.96306],[106.32982,17.97976],[106.34009,17.99176],[106.39965,17.98155],[106.41017,17.97282],[106.44407,17.96897],[106.45035,17.94951],[106.46927,17.95622],[106.47934,17.95332],[106.49435,17.96056],[106.51062,17.95999],[106.49306,17.96696],[106.47327,17.9975],[106.45702,18.01593],[106.43822,18.05172],[106.42071,18.10267],[106.43333,18.11686],[106.4112,18.12069],[106.40153,18.09898],[106.38806,18.10002],[106.35574,18.11313],[106.30442,18.15803],[106.25292,18.2133],[106.23535,18.21637],[106.20887,18.23381],[106.18574,18.25313],[106.16078,18.26774],[106.15157,18.26832],[106.146,18.24409],[106.12598,18.23006],[106.13284,18.21787],[106.12541,18.20905],[106.1383,18.19032],[106.13936,18.15993],[106.14303,18.14939],[106.12568,18.11721],[106.08622,18.12094],[106.07499,18.10654],[106.05313,18.09052],[106.04166,18.08979],[106.02889,18.07351],[106.02326,18.04663],[106.01606,18.03431]]]},"properties":{"shapeName":"Ky Anh","shapeISO":"","shapeID":"81297802B12468750690576","shapeGroup":"VNM","shapeType":"ADM2"}},
{"type":"Feature","geometry":{"type":"Polygon","coordinates":[[[105.31748,21.01222],[105.31858,21.01059],[105.33029,20.98896],[105.34478,20.9409],[105.34979,20.90722],[105.34152,20.88433],[105.37359,20.86983],[105.3785,20.86344],[105.37467,20.83743],[105.38399,20.81696],[105.37519,20.80158],[105.37426,20.77894],[105.39089,20.78805],[105.39477,20.80369],[105.40729,20.80421],[105.42977,20.82845],[105.42582,20.84588],[105.44026,20.85956],[105.43829,20.86756],[105.4557,20.91165],[105.4635,20.94031],[105.46165,20.94672],[105.44419,20.95642],[105.43383,20.97718],[105.42192,20.9838],[105.4179,20.99764],[105.39345,21.00287],[105.39369,21.01417],[105.38003,21.01977],[105.3548,21.0075],[105.34795,21.01396],[105.33392,21.00797],[105.31748,21.01222]]]},"properties":{"shapeName":"Ky Son","shapeISO":"","shapeID":"81297802B6810559606516","shapeGroup":"VNM","shapeType":"ADM2"}},
{"type":"Feature","geometry":{"type":"Polygon","coordinates":[[[104.44831,19.6608],[104.44497,19.67334],[104.42769,19.67279],[104.42141,19.67934],[104.4232,19.7009],[104.41271,19.70493],[104.40107,19.69627],[104.38659,19.69839],[104.34943,19.69166],[104.33764,19.67781],[104.32086,19.66821],[104.31575,19.68872],[104.30275,19.69663],[104.28439,19.69385],[104.23239,19.70696],[104.20715,19.70273],[104.19209,19.69513],[104.16931,19.69349],[104.1579,19.69711],[104.14994,19.66729],[104.13094,19.66093],[104.10544,19.66198],[104.0836,19.67141],[104.07272,19.6817],[104.06575,19.66368],[104.05585,19.65258],[104.06577,19.63649],[104.05832,19.62013],[104.08399,19.58279],[104.10485,19.56972],[104.10621,19.53335],[104.10131,19.52219],[104.12005,19.50408],[104.10771,19.48998],[104.08958,19.48886],[104.08207,19.46916],[104.06298,19.45366],[104.07341,19.44959],[104.06971,19.41631],[104.05206,19.41924],[104.04761,19.42661],[104.02059,19.41723],[104.01064,19.40356],[103.99463,19.40656],[103.97538,19.3987],[103.95543,19.3832],[103.9585,19.36908],[103.93023,19.34479],[103.90801,19.33185],[103.89277,19.3318],[103.87454,19.32047],[103.87424,19.30786],[103.88882,19.30313],[103.89503,19.30956],[103.9153,19.30339],[103.9239,19.28542],[103.96747,19.24764],[103.98885,19.24201],[103.99956,19.23253],[104.06921,19.24802],[104.09198,19.22913],[104.10094,19.21521],[104.10929,19.22339],[104.12693,19.20506],[104.15135,19.19922],[104.17919,19.19767],[104.19049,19.18262],[104.20013,19.16119],[104.21666,19.16034],[104.2239,19.15093],[104.21229,19.12958],[104.22274,19.11645],[104.24815,19.11215],[104.272,19.12169],[104.29933,19.11304],[104.30289,19.12923],[104.32141,19.14822],[104.33365,19.1731],[104.32554,19.18727],[104.29403,19.20704],[104.26838,19.21769],[104.26495,19.24602],[104.2734,19.2461],[104.28684,19.28328],[104.30015,19.29692],[104.31992,19.30334],[104.32783,19.3216],[104.34614,19.32857],[104.35174,19.33708],[104.35919,19.38309],[104.35094,19.38579],[104.34907,19.40155],[104.36662,19.39614],[104.36849,19.37461],[104.38043,19.3692],[104.39582,19.37983],[104.40241,19.36836],[104.42165,19.37599],[104.43903,19.39214],[104.44586,19.4376],[104.45686,19.45098],[104.44492,19.46348],[104.43922,19.48693],[104.43186,19.5007],[104.39631,19.51167],[104.40061,19.5332],[104.42442,19.54346],[104.42754,19.55791],[104.40441,19.57994],[104.39238,19.58332],[104.39222,19.61319],[104.41019,19.61743],[104.43929,19.65995],[104.44831,19.6608]]]},"properties":{"shapeName":"Ky Son","shapeISO":"","shapeID":"81297802B2701886719052","shapeGroup":"VNM","shapeType":"ADM2"}},
{"type":"Feature","geometry":{"type":"Polygon","coordinates":[[[107.71227,10.63242],[107.72857,10.63161],[107.7556,10.64098],[107.77839,10.6544],[107.8111,10.69251],[107.83298,10.70576],[107.84627,10.70426],[107.88672,10.72041],[107.88628,10.72983],[107.87489,10.74954],[107.8502,10.74978],[107.84205,10.77622],[107.82288,10.79677],[107.77514,10.79156],[107.74409,10.78561],[107.75656,10.75857],[107.7565,10.73572],[107.73609,10.71145],[107.7122,10.69737],[107.6834,10.69866],[107.71221,10.67516],[107.71227,10.63242]]]},"properties":{"shapeName":"La Gi","shapeISO":"","shapeID":"81297802B85161602276488","shapeGroup":"VNM","shapeType":"ADM2"}},
{"type":"Feature","geometry":{"type":"Polygon","coordinates":[[[108.73195,12.16168],[108.7121,12.1908],[108.72386,12.21773],[108.70679,12.23408],[108.70159,12.24478],[108.70798,12.25514],[108.70264,12.28696],[108.70851,12.29904],[108.70214,12.30836],[108.68172,12.3157],[108.66276,12.29758],[108.62527,12.28998],[108.59606,12.27619],[108.58061,12.28837],[108.53993,12.29636],[108.53815,12.28276],[108.5098,12.27705],[108.49902,12.2849],[108.49214,12.30526],[108.48384,12.30957],[108.47203,12.2881],[108.46002,12.27571],[108.44587,12.27277],[108.43975,12.25871],[108.41315,12.24351],[108.38786,12.24077],[108.36981,12.25409],[108.35632,12.25469],[108.33503,12.24697],[108.33894,12.2278],[108.34896,12.21437],[108.32079,12.18439],[108.34289,12.16748],[108.38128,12.1523],[108.39049,12.14502],[108.38244,12.12861],[108.36867,12.12335],[108.362,12.10867],[108.37885,12.08924],[108.37306,12.07431],[108.3524,12.06307],[108.34301,12.06599],[108.33388,12.04645],[108.33508,12.02011],[108.346,12.00562],[108.33138,11.99158],[108.33631,11.98086],[108.35742,11.99361],[108.37407,11.98628],[108.40726,12.00474],[108.42436,12.00069],[108.43833,11.99156],[108.45167,12.00599],[108.4741,11.98911],[108.49201,11.99254],[108.50587,11.98532],[108.53447,11.98396],[108.55701,11.9744],[108.57084,11.963],[108.59098,11.9602],[108.61346,11.96544],[108.64009,11.95936],[108.65694,11.97204],[108.66489,11.96709],[108.68105,11.98597],[108.68044,12.01268],[108.6945,12.04076],[108.70316,12.04172],[108.71213,12.06144],[108.69334,12.10462],[108.674,12.1187],[108.68608,12.12955],[108.6936,12.14587],[108.70584,12.15405],[108.73195,12.16168]]]},"properties":{"shapeName":"Lac Duong","shapeISO":"","shapeID":"81297802B90979220295161","shapeGroup":"VNM","shapeType":"ADM2"}},
{"type":"Feature","geometry":{"type":"Polygon","coordinates":[[[105.40952,20.37359],[105.43468,20.3852],[105.46041,20.37516],[105.47663,20.3754],[105.50597,20.36016],[105.52217,20.36023],[105.53105,20.37178],[105.54276,20.36216],[105.55014,20.36979],[105.54169,20.38471],[105.54622,20.40019],[105.55704,20.41491],[105.56327,20.43435],[105.54736,20.4443],[105.55001,20.46869],[105.56644,20.46823],[105.57722,20.47877],[105.56233,20.50231],[105.54712,20.50646],[105.54061,20.51948],[105.54741,20.54103],[105.56071,20.54954],[105.55006,20.56015],[105.52396,20.57286],[105.52258,20.5855],[105.50489,20.60606],[105.51697,20.61265],[105.52186,20.62363],[105.49637,20.62862],[105.48861,20.63715],[105.47084,20.63176],[105.46603,20.62268],[105.43843,20.61989],[105.42829,20.60755],[105.40398,20.60812],[105.38495,20.59659],[105.3832,20.58539],[105.39464,20.57412],[105.38201,20.56573],[105.37666,20.5446],[105.36174,20.51303],[105.34554,20.5022],[105.32258,20.51802],[105.31009,20.51557],[105.30458,20.49155],[105.30812,20.47761],[105.30055,20.46499],[105.28075,20.45128],[105.26717,20.4552],[105.25815,20.43409],[105.2951,20.41703],[105.30725,20.41589],[105.32355,20.404],[105.35634,20.39219],[105.38576,20.37868],[105.40952,20.37359]]]},"properties":{"shapeName":"Lac Son","shapeISO":"","shapeID":"81297802B21968879828656","shapeGroup":"VNM","shapeType":"ADM2"}},
{"type":"Feature","geometry":{"type":"Polygon","coordinates":[[[105.85722,20.42654],[105.85407,20.43347],[105.85212,20.47788],[105.83817,20.48018],[105.82017,20.49448],[105.80513,20.50062],[105.79515,20.5117],[105.78384,20.53879],[105.77353,20.54964],[105.76858,20.56531],[105.76482,20.57588],[105.74312,20.59886],[105.70829,20.5987],[105.70123,20.62136],[105.68643,20.61599],[105.66619,20.61699],[105.65728,20.61495],[105.63049,20.62434],[105.61468,20.61417],[105.62407,20.59576],[105.64396,20.60046],[105.66486,20.58693],[105.67451,20.56788],[105.68561,20.55908],[105.68455,20.54781],[105.67462,20.53066],[105.65906,20.54634],[105.64414,20.52575],[105.61171,20.52302],[105.61153,20.50341],[105.63308,20.49046],[105.65067,20.49512],[105.66155,20.50659],[105.67649,20.51086],[105.68938,20.50198],[105.67845,20.49408],[105.68267,20.48364],[105.67203,20.47407],[105.67001,20.45856],[105.68319,20.43767],[105.70025,20.43169],[105.6975,20.41183],[105.71905,20.40801],[105.7318,20.39901],[105.73043,20.38615],[105.75986,20.37877],[105.75213,20.4068],[105.75714,20.41711],[105.75137,20.43892],[105.77285,20.44255],[105.78198,20.43659],[105.79376,20.44753],[105.80772,20.42953],[105.82076,20.42126],[105.84372,20.42078],[105.85722,20.42654]]]},"properties":{"shapeName":"Lac Thuy","shapeISO":"","shapeID":"81297802B25708049906691","shapeGroup":"VNM","shapeType":"ADM2"}},
{"type":"Feature","geometry":{"type":"Polygon","coordinates":[[[103.42608,22.42452],[103.41644,22.42632],[103.38208,22.41812],[103.36445,22.43105],[103.35419,22.43223],[103.36894,22.40388],[103.37889,22.39217],[103.40225,22.37671],[103.41659,22.36188],[103.4254,22.37806],[103.42577,22.39143],[103.44443,22.38555],[103.45258,22.3891],[103.4779,22.36966],[103.48503,22.34236],[103.52544,22.35606],[103.51831,22.36682],[103.5175,22.39376],[103.50814,22.3969],[103.4986,22.41354],[103.47371,22.40022],[103.45138,22.40822],[103.42608,22.42452]]]},"properties":{"shapeName":"Lai Chau","shapeISO":"","shapeID":"81297802B74546691476320","shapeGroup":"VNM","shapeType":"ADM2"}},
{"type":"Feature","geometry":{"type":"Polygon","coordinates":[[[105.72769,10.205],[105.70545,10.21907],[105.72461,10.23462],[105.72271,10.24616],[105.71183,10.2543],[105.71838,10.26507],[105.71676,10.27747],[105.73482,10.29141],[105.72253,10.29637],[105.71795,10.34124],[105.70418,10.35423],[105.68016,10.32379],[105.6861,10.31401],[105.66142,10.30104],[105.65061,10.30257],[105.6018,10.31986],[105.59506,10.31439],[105.57629,10.3133],[105.55822,10.27912],[105.60283,10.23542],[105.61928,10.20624],[105.62475,10.18634],[105.64784,10.1663],[105.6608,10.14847],[105.68282,10.13412],[105.68627,10.14466],[105.72769,10.205]]]},"properties":{"shapeName":"Lai Vung","shapeISO":"","shapeID":"81297802B97779454887068","shapeGroup":"VNM","shapeType":"ADM2"}},
{"type":"Feature","geometry":{"type":"Polygon","coordinates":[[[108.11305,12.18398],[108.11948,12.17545],[108.15371,12.18847],[108.16782,12.18932],[108.18287,12.18326],[108.18492,12.17443],[108.205,12.17122],[108.21706,12.1838],[108.25228,12.17069],[108.24906,12.18053],[108.27207,12.20434],[108.27698,12.21389],[108.30037,12.20816],[108.33091,12.23042],[108.33894,12.2278],[108.33503,12.24697],[108.35632,12.25469],[108.36981,12.25409],[108.38786,12.24077],[108.41315,12.24351],[108.43975,12.25871],[108.44587,12.27277],[108.46002,12.27571],[108.47203,12.2881],[108.48384,12.30957],[108.50224,12.32445],[108.48845,12.33626],[108.47482,12.35581],[108.4678,12.37619],[108.45468,12.39202],[108.43219,12.40848],[108.41193,12.40193],[108.38955,12.40778],[108.38047,12.41902],[108.34791,12.42347],[108.34526,12.4314],[108.32043,12.43862],[108.29961,12.4308],[108.29908,12.44709],[108.27943,12.45383],[108.26996,12.4644],[108.2485,12.46868],[108.24094,12.46501],[108.22933,12.47531],[108.21722,12.47343],[108.17985,12.48163],[108.16913,12.46251],[108.17134,12.45303],[108.16201,12.43044],[108.154,12.42746],[108.13531,12.43327],[108.12752,12.41834],[108.11395,12.41319],[108.09712,12.42621],[108.07495,12.4305],[108.05145,12.42616],[108.04826,12.41661],[108.01939,12.41625],[108.01157,12.40375],[107.97857,12.3957],[107.95032,12.39937],[107.93929,12.41673],[107.92359,12.41648],[107.91287,12.39993],[107.92892,12.38061],[107.93503,12.3658],[107.93573,12.341],[107.95379,12.31829],[107.97178,12.31066],[107.9747,12.29706],[107.99875,12.3046],[108.0153,12.30283],[108.02041,12.29077],[108.0408,12.28905],[108.05165,12.26613],[108.06743,12.2659],[108.08603,12.2391],[108.08611,12.22577],[108.09672,12.21047],[108.11402,12.19304],[108.11305,12.18398]]]},"properties":{"shapeName":"Lak","shapeISO":"","shapeID":"81297802B83612510149562","shapeGroup":"VNM","shapeType":"ADM2"}},
{"type":"Feature","geometry":{"type":"Polygon","coordinates":[[[105.14431,22.69153],[105.13047,22.66945],[105.15966,22.62224],[105.12681,22.60487],[105.1332,22.5889],[105.11388,22.57501],[105.12746,22.53558],[105.10852,22.48951],[105.11136,22.46526],[105.11761,22.45605],[105.08696,22.43927],[105.10095,22.4146],[105.08978,22.39489],[105.07718,22.39569],[105.07266,22.38286],[105.08701,22.36063],[105.0806,22.35237],[105.09847,22.34583],[105.11383,22.32041],[105.12783,22.33545],[105.121,22.34101],[105.12024,22.36962],[105.13244,22.38584],[105.15225,22.38011],[105.17322,22.34911],[105.19125,22.33711],[105.20865,22.33368],[105.21991,22.34639],[105.22708,22.36429],[105.24545,22.36332],[105.25226,22.39686],[105.25854,22.3968],[105.27117,22.40984],[105.27065,22.43257],[105.27827,22.43696],[105.2917,22.42267],[105.30806,22.41399],[105.31104,22.39718],[105.3436,22.41861],[105.38361,22.39934],[105.38088,22.43723],[105.38515,22.45515],[105.38099,22.46857],[105.38799,22.48586],[105.40199,22.49625],[105.38954,22.51472],[105.37789,22.51723],[105.37123,22.53297],[105.33492,22.59798],[105.31833,22.60431],[105.31175,22.61308],[105.28944,22.61408],[105.28418,22.63856],[105.27291,22.64765],[105.24189,22.65627],[105.23078,22.66403],[105.21954,22.66116],[105.2055,22.67768],[105.17402,22.68338],[105.17024,22.6889],[105.14431,22.69153]]]},"properties":{"shapeName":"Lam Binh","shapeISO":"","shapeID":"81297802B83942116722165","shapeGroup":"VNM","shapeType":"ADM2"}},
{"type":"Feature","geometry":{"type":"Polygon","coordinates":[[[108.33631,11.98086],[108.33138,11.99158],[108.346,12.00562],[108.33508,12.02011],[108.3082,12.04771],[108.30309,12.06378],[108.2819,12.07082],[108.27468,12.0608],[108.25172,12.04737],[108.25162,12.0333],[108.23256,12.01661],[108.21755,12.01214],[108.21634,12.00002],[108.20125,11.99432],[108.20064,11.98094],[108.19171,11.97719],[108.17693,11.94576],[108.17738,11.92689],[108.16865,11.91684],[108.168,11.8948],[108.15645,11.89227],[108.15612,11.86623],[108.13321,11.85261],[108.10091,11.87751],[108.08771,11.86365],[108.06758,11.8336],[108.05914,11.83862],[108.02344,11.81774],[108.01775,11.80598],[108.00344,11.80664],[107.98556,11.79979],[107.97412,11.79029],[107.98305,11.76525],[108.00958,11.75066],[107.99959,11.73684],[108.01838,11.72708],[108.03336,11.71061],[108.06806,11.71483],[108.08531,11.69717],[108.08496,11.68118],[108.11014,11.6606],[108.1376,11.66712],[108.15182,11.65216],[108.16969,11.65148],[108.18133,11.66268],[108.19669,11.66929],[108.21809,11.65933],[108.23206,11.65989],[108.23292,11.68338],[108.24321,11.69293],[108.24232,11.70616],[108.2513,11.73657],[108.25873,11.75008],[108.27278,11.75096],[108.27476,11.77676],[108.29454,11.80801],[108.30327,11.81427],[108.32183,11.79158],[108.34751,11.7825],[108.35994,11.80274],[108.38874,11.82803],[108.41233,11.83156],[108.4261,11.85396],[108.41372,11.8657],[108.3886,11.87911],[108.38408,11.89115],[108.37294,11.8897],[108.36661,11.89898],[108.35039,11.89004],[108.32509,11.90586],[108.31924,11.91515],[108.32405,11.96424],[108.33631,11.98086]]]},"properties":{"shapeName":"Lam Ha","shapeISO":"","shapeID":"81297802B58085294619279","shapeGroup":"VNM","shapeType":"ADM2"}},
{"type":"Feature","geometry":{"type":"Polygon","coordinates":[[[105.35631,21.29152],[105.35087,21.31075],[105.31818,21.31451],[105.29261,21.33431],[105.29906,21.34731],[105.31474,21.35097],[105.30705,21.36815],[105.31837,21.38372],[105.31013,21.39598],[105.28277,21.40654],[105.27083,21.38398],[105.25036,21.38123],[105.26199,21.35509],[105.27562,21.33364],[105.27269,21.30732],[105.2592,21.2899],[105.26337,21.28214],[105.3206,21.24645],[105.34088,21.24727],[105.35618,21.26032],[105.35631,21.29152]]]},"properties":{"shapeName":"Lam Thao","shapeISO":"","shapeID":"81297802B85606551737880","shapeGroup":"VNM","shapeType":"ADM2"}},
{"type":"Feature","geometry":{"type":"Polygon","coordinates":[[[105.08283,20.27155],[105.05878,20.27133],[105.04828,20.28401],[105.03118,20.29526],[105.01976,20.27088],[105.04097,20.25464],[105.03783,20.24553],[105.00753,20.24177],[105.00711,20.22313],[105.01589,20.19134],[105.0081,20.16247],[104.99717,20.15415],[104.98285,20.13039],[104.97303,20.09819],[104.99377,20.09481],[105.01373,20.08523],[105.05435,20.07265],[105.06806,20.08096],[105.07763,20.07815],[105.09119,20.08511],[105.09505,20.10307],[105.11284,20.10546],[105.12401,20.11873],[105.13397,20.11167],[105.13835,20.09288],[105.1468,20.08671],[105.15089,20.06716],[105.1647,20.06007],[105.16738,20.0281],[105.16468,20.0148],[105.19778,20.00829],[105.22531,20.01969],[105.25276,20.00411],[105.27192,20.0067],[105.28302,20.01947],[105.2844,20.03659],[105.27516,20.05236],[105.27716,20.07221],[105.28489,20.09654],[105.27279,20.11652],[105.28211,20.13753],[105.28554,20.1632],[105.2784,20.17794],[105.25477,20.20481],[105.24783,20.20872],[105.20313,20.21741],[105.19203,20.24082],[105.17738,20.24777],[105.16167,20.23883],[105.15739,20.21414],[105.13521,20.22522],[105.1261,20.23574],[105.11002,20.22949],[105.10823,20.24282],[105.08762,20.25312],[105.08283,20.27155]]]},"properties":{"shapeName":"Lang Chanh","shapeISO":"","shapeID":"81297802B3900213451305","shapeGroup":"VNM","shapeType":"ADM2"}},
{"type":"Feature","geometry":{"type":"Polygon","coordinates":[[[106.25659,21.27502],[106.28921,21.28587],[106.30107,21.28526],[106.32082,21.29033],[106.31684,21.3016],[106.2985,21.30164],[106.29161,21.32312],[106.31573,21.34554],[106.31065,21.37191],[106.3279,21.37584],[106.35002,21.39665],[106.34049,21.39736],[106.32437,21.4102],[106.3325,21.43566],[106.32549,21.44829],[106.31049,21.45195],[106.29517,21.44319],[106.28391,21.45206],[106.26995,21.44726],[106.23792,21.45526],[106.23268,21.44851],[106.2138,21.45408],[106.19604,21.44078],[106.19799,21.43165],[106.17691,21.42115],[106.16918,21.41367],[106.1677,21.39544],[106.17869,21.37639],[106.18611,21.37333],[106.19369,21.34558],[106.18232,21.32119],[106.21153,21.30017],[106.22523,21.30112],[106.25356,21.29503],[106.25659,21.27502]]]},"properties":{"shapeName":"Lang Giang","shapeISO":"","shapeID":"81297802B94506734482800","shapeGroup":"VNM","shapeType":"ADM2"}},
{"type":"Feature","geometry":{"type":"Polygon","coordinates":[[[106.71899,21.78143],[106.72597,21.78876],[106.73684,21.80742],[106.74853,21.81795],[106.77606,21.81571],[106.79973,21.83681],[106.78937,21.85349],[106.76849,21.85712],[106.75309,21.87668],[106.76772,21.89706],[106.75487,21.91895],[106.74101,21.92788],[106.73449,21.91767],[106.73379,21.89531],[106.72392,21.88266],[106.71414,21.88168],[106.70197,21.86958],[106.71524,21.84671],[106.7124,21.83405],[106.7058,21.80819],[106.69815,21.79476],[106.71899,21.78143]]]},"properties":{"shapeName":"Lang Son","shapeISO":"","shapeID":"81297802B21506651579478","shapeGroup":"VNM","shapeType":"ADM2"}},
{"type":"Feature","geometry":{"type":"Polygon","coordinates":[[[104.00595,22.51722],[103.99079,22.51988],[103.97904,22.50741],[103.96366,22.50554],[103.93851,22.52617],[103.92517,22.50313],[103.9298,22.48391],[103.9617,22.45825],[103.96188,22.44064],[103.94183,22.4209],[103.93242,22.40611],[103.92378,22.3905],[103.92182,22.3744],[103.89773,22.34873],[103.89685,22.32967],[103.92938,22.31088],[103.94828,22.31623],[103.97235,22.33806],[103.9888,22.34393],[104.02591,22.33379],[104.03774,22.33427],[104.0414,22.35558],[104.02976,22.36736],[104.03133,22.38044],[104.05088,22.39522],[104.0629,22.41079],[104.03976,22.4307],[104.03025,22.45672],[104.04097,22.46697],[104.04764,22.484],[104.02691,22.48539],[104.00227,22.50262],[104.00595,22.51722]]]},"properties":{"shapeName":"Lao Cai","shapeISO":"","shapeID":"81297802B32838967164839","shapeGroup":"VNM","shapeType":"ADM2"}},
{"type":"Feature","geometry":{"type":"Polygon","coordinates":[[[105.49719,21.52527],[105.48727,21.51766],[105.47248,21.51986],[105.45546,21.51086],[105.43046,21.50612],[105.42346,21.49759],[105.43246,21.47317],[105.42613,21.4543],[105.43471,21.43179],[105.4476,21.42691],[105.44572,21.41294],[105.45447,21.39617],[105.44492,21.37033],[105.44871,21.34305],[105.44437,21.3268],[105.45662,21.30963],[105.45048,21.29965],[105.46568,21.29583],[105.47692,21.30596],[105.48828,21.33475],[105.50497,21.33848],[105.51486,21.35631],[105.52692,21.4018],[105.52159,21.43112],[105.53371,21.44455],[105.53684,21.45041],[105.52119,21.47227],[105.51565,21.48872],[105.5028,21.48982],[105.48764,21.50223],[105.49926,21.51676],[105.49719,21.52527]]]},"properties":{"shapeName":"Lap Thach","shapeISO":"","shapeID":"81297802B47675849617506","shapeGroup":"VNM","shapeType":"ADM2"}},
{"type":"Feature","geometry":{"type":"Polygon","coordinates":[[[105.48768,10.33459],[105.49529,10.32529],[105.51152,10.30924],[105.5417,10.29296],[105.55822,10.27912],[105.57629,10.3133],[105.59506,10.31439],[105.6018,10.31986],[105.65061,10.30257],[105.66142,10.30104],[105.6861,10.31401],[105.68016,10.32379],[105.70418,10.35423],[105.71278,10.37619],[105.71961,10.38227],[105.70605,10.39784],[105.6912,10.40602],[105.65003,10.41266],[105.61074,10.40905],[105.59496,10.4115],[105.57953,10.4195],[105.57412,10.42945],[105.55483,10.43431],[105.54656,10.42076],[105.52386,10.40026],[105.52899,10.37703],[105.52085,10.36339],[105.49995,10.35442],[105.48768,10.33459]]]},"properties":{"shapeName":"Lap Vo","shapeISO":"","shapeID":"81297802B77463595408425","shapeGroup":"VNM","shapeType":"ADM2"}},
{"type":"Feature","geometry":{"type":"Polygon","coordinates":[[[106.65768,20.84354],[106.67697,20.81676],[106.69171,20.81585],[106.6962,20.82753],[106.69093,20.84654],[106.6819,20.85602],[106.66391,20.85288],[106.65768,20.84354]]]},"properties":{"shapeName":"Le Chan","shapeISO":"","shapeID":"81297802B93912769577432","shapeGroup":"VNM","shapeType":"ADM2"}},
{"type":"Feature","geometry":{"type":"Polygon","coordinates":[[[106.70201,16.94092],[106.71597,16.9416],[106.72337,16.9302],[106.74376,16.92143],[106.75828,16.92867],[106.77838,16.93034],[106.7746,16.95382],[106.78457,16.98662],[106.80479,16.99273],[106.80921,17.00213],[106.80349,17.02059],[106.81568,17.03946],[106.83462,17.03398],[106.8524,17.03909],[106.86479,17.0547],[106.8588,17.07492],[106.87544,17.07762],[106.91329,17.10201],[106.9535,17.12011],[106.95543,17.12518],[106.9942,17.16223],[106.86026,17.2619],[106.80059,17.30911],[106.78949,17.29321],[106.77024,17.3022],[106.75199,17.32258],[106.73858,17.32904],[106.72041,17.309],[106.71245,17.28079],[106.69845,17.27777],[106.68876,17.26091],[106.67512,17.24727],[106.66697,17.25256],[106.65271,17.24661],[106.6365,17.25278],[106.61159,17.23923],[106.6139,17.20594],[106.59696,17.17896],[106.5911,17.15216],[106.57476,17.15582],[106.53378,17.14194],[106.52539,17.11826],[106.49761,17.11945],[106.49776,17.10227],[106.49244,17.09102],[106.46176,17.07889],[106.44703,17.07941],[106.43271,17.07076],[106.41601,17.07868],[106.40207,17.05323],[106.42346,17.03233],[106.42739,17.00775],[106.4398,16.99493],[106.4609,17.00067],[106.47173,16.98345],[106.49664,16.98103],[106.51531,16.97152],[106.5308,16.97887],[106.53715,16.99323],[106.54931,16.99854],[106.56254,16.98735],[106.58462,16.98986],[106.59385,16.98153],[106.58666,16.97142],[106.60719,16.93924],[106.63003,16.94133],[106.66048,16.93657],[106.66751,16.94748],[106.68594,16.95619],[106.70201,16.94092]]]},"properties":{"shapeName":"Le Thuy","shapeISO":"","shapeID":"81297802B23145234920875","shapeGroup":"VNM","shapeType":"ADM2"}},
{"type":"Feature","geometry":{"type":"Polygon","coordinates":[[[108.17758,16.06103],[108.16903,16.0804],[108.15032,16.09243],[108.12593,16.1232],[108.12646,16.14253],[108.13908,16.14465],[108.13665,16.15773],[108.15395,16.17217],[108.15572,16.19023],[108.17903,16.2004],[108.1943,16.19946],[108.19458,16.21009],[108.17264,16.20326],[108.15704,16.20571],[108.12622,16.18339],[108.10058,16.18665],[108.09246,16.18017],[108.09545,16.12362],[108.10285,16.10534],[108.11337,16.10057],[108.11745,16.06787],[108.13401,16.06362],[108.12836,16.04833],[108.14175,16.0338],[108.16219,16.03472],[108.17758,16.06103]]]},"properties":{"shapeName":"Lien Chieu","shapeISO":"","shapeID":"81297802B84719552891507","shapeGroup":"VNM","shapeType":"ADM2"}},
{"type":"Feature","geometry":{"type":"Polygon","coordinates":[[[106.82565,21.78225],[106.82817,21.75363],[106.81579,21.74071],[106.81678,21.73048],[106.78946,21.7178],[106.78384,21.70761],[106.75663,21.67665],[106.76467,21.66652],[106.75282,21.65537],[106.7764,21.63381],[106.77996,21.61202],[106.77022,21.59091],[106.77109,21.57181],[106.78762,21.57197],[106.80613,21.55933],[106.82183,21.56257],[106.84389,21.5595],[106.85064,21.54149],[106.86348,21.5358],[106.85943,21.52221],[106.8404,21.51308],[106.83908,21.50646],[106.84604,21.49432],[106.86833,21.4972],[106.89021,21.48915],[106.90344,21.49828],[106.90144,21.51116],[106.91408,21.52076],[106.92735,21.51903],[106.94241,21.52603],[106.95511,21.51616],[106.97504,21.52398],[106.98821,21.54792],[106.9956,21.55049],[107.02024,21.59259],[107.01002,21.60565],[107.01541,21.61868],[107.00386,21.63585],[107.02835,21.63927],[107.03544,21.6273],[107.05313,21.63697],[107.0526,21.65585],[107.06087,21.6601],[107.06205,21.6777],[107.09218,21.66308],[107.10106,21.67311],[107.10317,21.68847],[107.14166,21.70158],[107.15894,21.69884],[107.15941,21.7143],[107.17846,21.73088],[107.1921,21.7358],[107.18541,21.7463],[107.13991,21.76272],[107.1342,21.77518],[107.12166,21.77997],[107.11322,21.79285],[107.09101,21.79967],[107.08512,21.80947],[107.06162,21.80942],[107.02493,21.82006],[107.02139,21.82761],[107.04002,21.8548],[107.02515,21.86464],[107.01813,21.86311],[107.00272,21.84344],[106.97601,21.84241],[106.95992,21.83607],[106.94086,21.84551],[106.90408,21.84952],[106.89517,21.84467],[106.87422,21.84773],[106.84527,21.81142],[106.84641,21.80321],[106.82565,21.78225]]]},"properties":{"shapeName":"Loc Binh","shapeISO":"","shapeID":"81297802B22471082550929","shapeGroup":"VNM","shapeType":"ADM2"}},
{"type":"Feature","geometry":{"type":"Polygon","coordinates":[[[105.82164,18.43748],[105.82546,18.42918],[105.85517,18.43279],[105.86683,18.42265],[105.8637,18.40989],[105.88055,18.39866],[105.87387,18.38946],[105.90277,18.40143],[105.91643,18.41691],[105.91221,18.44048],[105.92478,18.45119],[105.86725,18.52962],[105.85274,18.525],[105.8427,18.5332],[105.84068,18.54469],[105.81497,18.54178],[105.81517,18.50122],[105.81108,18.48977],[105.82665,18.47068],[105.82017,18.45385],[105.82164,18.43748]]]},"properties":{"shapeName":"Loc Ha","shapeISO":"","shapeID":"81297802B55071935880129","shapeGroup":"VNM","shapeType":"ADM2"}},
{"type":"Feature","geometry":{"type":"Polygon","coordinates":[[[106.61661,11.73588],[106.63275,11.74633],[106.65424,11.74663],[106.67476,11.76661],[106.75809,11.78567],[106.75947,11.81387],[106.7642,11.81884],[106.75614,11.8661],[106.7496,11.87849],[106.69463,11.91544],[106.68594,11.94607],[106.67185,11.96435],[106.67316,11.97867],[106.6558,11.99043],[106.6443,11.97631],[106.53037,11.9698],[106.52465,11.98048],[106.51091,11.98092],[106.4935,11.96904],[106.47098,11.97415],[106.4573,11.98915],[106.44462,11.98702],[106.43445,11.97278],[106.41305,11.97539],[106.46696,11.86875],[106.44645,11.86793],[106.43816,11.85366],[106.43804,11.83968],[106.44708,11.82574],[106.43428,11.8094],[106.41644,11.77359],[106.41632,11.75885],[106.42231,11.73807],[106.4376,11.70568],[106.45238,11.69004],[106.4511,11.67187],[106.45525,11.65714],[106.46707,11.67257],[106.46738,11.68849],[106.48649,11.69159],[106.49824,11.69834],[106.5031,11.71584],[106.51031,11.72283],[106.54359,11.72935],[106.55448,11.72383],[106.56624,11.73265],[106.57505,11.73041],[106.59674,11.73995],[106.61661,11.73588]]]},"properties":{"shapeName":"Loc Ninh","shapeISO":"","shapeID":"81297802B87348344277653","shapeGroup":"VNM","shapeType":"ADM2"}},
{"type":"Feature","geometry":{"type":"Polygon","coordinates":[[[105.85701,21.04273],[105.86776,21.02091],[105.88292,21.00233],[105.90037,20.99433],[105.91004,21.00489],[105.92044,21.00441],[105.92717,21.0257],[105.93893,21.03996],[105.92588,21.07033],[105.90202,21.07891],[105.89343,21.07929],[105.86453,21.06682],[105.84208,21.08158],[105.84915,21.05357],[105.85701,21.04273]]]},"properties":{"shapeName":"Long Bien","shapeISO":"","shapeID":"81297802B92281690814663","shapeGroup":"VNM","shapeType":"ADM2"}},
{"type":"Feature","geometry":{"type":"Polygon","coordinates":[[[107.17634,10.46232],[107.19964,10.44233],[107.21097,10.43783],[107.20471,10.41822],[107.18522,10.41581],[107.17436,10.40151],[107.20223,10.40613],[107.21546,10.4049],[107.23974,10.37846],[107.25678,10.38015],[107.25219,10.39345],[107.25547,10.41141],[107.24617,10.42528],[107.25762,10.42947],[107.25174,10.44459],[107.25894,10.46458],[107.25457,10.50596],[107.24106,10.50935],[107.21562,10.49448],[107.20678,10.49627],[107.17634,10.46232]]]},"properties":{"shapeName":"Long Dien","shapeISO":"","shapeID":"81297802B9398077823445","shapeGroup":"VNM","shapeType":"ADM2"}},
{"type":"Feature","geometry":{"type":"Polygon","coordinates":[[[105.9273,10.28415],[105.95418,10.26243],[105.969,10.25773],[105.99671,10.26316],[105.9901,10.2281],[105.97783,10.23165],[105.95354,10.22106],[105.94421,10.23856],[105.92684,10.24144],[105.9155,10.21909],[105.91965,10.21117],[105.91307,10.19266],[105.88907,10.18892],[105.8769,10.18273],[105.87006,10.16877],[105.87038,10.15441],[105.88217,10.14904],[105.89417,10.15267],[105.92859,10.14064],[105.94985,10.14244],[105.96137,10.16506],[105.98477,10.14998],[105.9972,10.14743],[106.00602,10.13275],[106.02406,10.137],[106.03325,10.14575],[106.02255,10.16345],[106.02517,10.192],[106.01337,10.19471],[106.00037,10.22287],[106.02044,10.22626],[106.03023,10.2404],[106.01836,10.25158],[106.03352,10.25678],[106.03502,10.2713],[106.02823,10.28309],[106.03461,10.29852],[106.01191,10.31629],[105.99255,10.33017],[105.97609,10.32712],[105.9273,10.28415]]]},"properties":{"shapeName":"Long Ho","shapeISO":"","shapeID":"81297802B86807381296423","shapeGroup":"VNM","shapeType":"ADM2"}},
{"type":"Feature","geometry":{"type":"Polygon","coordinates":[[[107.26151,10.86275],[107.24327,10.89785],[107.25836,10.91824],[107.28207,10.90872],[107.30016,10.90936],[107.3056,10.9367],[107.30512,10.95306],[107.31619,10.96791],[107.32503,10.99109],[107.2804,10.99497],[107.27809,11.00541],[107.26412,11.00592],[107.26207,11.02399],[107.25921,11.03267],[107.25489,11.01891],[107.22237,11.01084],[107.22235,10.97365],[107.20783,10.97365],[107.19966,10.98471],[107.17768,10.95167],[107.16607,10.90702],[107.15914,10.89542],[107.16244,10.88004],[107.17581,10.88021],[107.18834,10.87319],[107.18508,10.8509],[107.20265,10.84561],[107.22859,10.85782],[107.26151,10.86275]]]},"properties":{"shapeName":"Long Khanh","shapeISO":"","shapeID":"81297802B61199528191319","shapeGroup":"VNM","shapeType":"ADM2"}},
{"type":"Feature","geometry":{"type":"Polygon","coordinates":[[[105.37345,9.59653],[105.38071,9.58552],[105.39562,9.58826],[105.3988,9.59821],[105.41649,9.59464],[105.44058,9.59481],[105.45019,9.58688],[105.46243,9.58684],[105.47076,9.597],[105.49312,9.58606],[105.50418,9.59131],[105.51248,9.58414],[105.52135,9.59467],[105.53661,9.59607],[105.54601,9.58616],[105.55849,9.60382],[105.57611,9.61496],[105.5928,9.6065],[105.60604,9.61775],[105.6258,9.61637],[105.64687,9.62541],[105.64947,9.63439],[105.66943,9.63324],[105.69492,9.65752],[105.68793,9.65758],[105.67164,9.70213],[105.6188,9.72692],[105.60898,9.752],[105.59446,9.75169],[105.58995,9.77568],[105.5754,9.75651],[105.56646,9.7313],[105.55665,9.71593],[105.54005,9.7067],[105.53525,9.72035],[105.52155,9.73147],[105.51105,9.71753],[105.47719,9.69916],[105.46667,9.68823],[105.45109,9.71175],[105.42183,9.69485],[105.39597,9.70162],[105.38352,9.68526],[105.3757,9.69301],[105.36481,9.68648],[105.3387,9.68062],[105.35643,9.66899],[105.40674,9.65171],[105.39914,9.62255],[105.38149,9.61964],[105.37426,9.61063],[105.37345,9.59653]]]},"properties":{"shapeName":"Long My","shapeISO":"","shapeID":"81297802B29776873812270","shapeGroup":"VNM","shapeType":"ADM2"}},
{"type":"Feature","geometry":{"type":"Polygon","coordinates":[[[105.98306,9.6564],[106.00079,9.65752],[106.00747,9.65072],[106.02332,9.6512],[106.01963,9.63433],[106.04174,9.63156],[106.02434,9.60535],[106.0149,9.58056],[106.03233,9.58546],[106.05584,9.58475],[106.07394,9.57119],[106.07391,9.56468],[106.11225,9.54864],[106.11203,9.55707],[106.13397,9.55297],[106.15204,9.56758],[106.15509,9.57593],[106.18487,9.57815],[106.15371,9.61616],[106.1381,9.63931],[106.11729,9.66198],[106.09146,9.71985],[106.06894,9.75893],[106.07357,9.77441],[106.06595,9.7717],[106.04668,9.78412],[106.03529,9.77783],[106.01986,9.75904],[106.03422,9.74082],[106.02204,9.71549],[105.9961,9.71042],[105.98675,9.68563],[105.98306,9.6564]]]},"properties":{"shapeName":"Long Phu","shapeISO":"","shapeID":"81297802B46768613136824","shapeGroup":"VNM","shapeType":"ADM2"}},
{"type":"Feature","geometry":{"type":"Polygon","coordinates":[[[106.8721,10.82503],[106.88176,10.80837],[106.8644,10.78918],[106.87136,10.77723],[106.88995,10.78523],[106.89912,10.77663],[106.92493,10.77623],[106.94193,10.77138],[106.9582,10.75074],[106.95715,10.73815],[106.97829,10.70049],[106.97492,10.68914],[106.9868,10.68156],[106.99259,10.66793],[107.01696,10.65951],[107.01496,10.64298],[107.04821,10.65693],[107.06829,10.65284],[107.09755,10.65143],[107.10229,10.66238],[107.1226,10.67282],[107.13485,10.68436],[107.14107,10.70897],[107.1386,10.74393],[107.12823,10.747],[107.10477,10.74369],[107.09583,10.74993],[107.08838,10.76649],[107.09754,10.77156],[107.12404,10.76722],[107.13277,10.77534],[107.13012,10.79146],[107.12181,10.80187],[107.0945,10.80272],[107.07181,10.81989],[107.07282,10.83636],[107.08148,10.84875],[107.06001,10.84925],[107.05321,10.84894],[107.04391,10.86622],[106.99818,10.86742],[106.98653,10.85898],[106.97706,10.87145],[106.96624,10.86337],[106.92862,10.8531],[106.93504,10.83434],[106.90204,10.82246],[106.88628,10.82997],[106.8721,10.82503]]]},"properties":{"shapeName":"Long Thanh","shapeISO":"","shapeID":"81297802B3720110239063","shapeGroup":"VNM","shapeType":"ADM2"}},
{"type":"Feature","geometry":{"type":"Polygon","coordinates":[[[105.37507,10.36431],[105.38718,10.36456],[105.41767,10.32375],[105.42669,10.30302],[105.47948,10.3124],[105.49529,10.32529],[105.48768,10.33459],[105.45876,10.36821],[105.45014,10.38968],[105.44983,10.40859],[105.45605,10.42753],[105.44901,10.43826],[105.40614,10.44072],[105.40109,10.42867],[105.38278,10.41101],[105.36927,10.38693],[105.37507,10.36431]]]},"properties":{"shapeName":"Long Xuyen","shapeISO":"","shapeID":"81297802B27304776569222","shapeGroup":"VNM","shapeType":"ADM2"}},
{"type":"Feature","geometry":{"type":"Polygon","coordinates":[[[106.50188,21.2244],[106.52872,21.2225],[106.54331,21.19196],[106.57884,21.19245],[106.5889,21.17843],[106.60574,21.17978],[106.61016,21.17097],[106.63189,21.1721],[106.6412,21.18075],[106.65291,21.17416],[106.67754,21.17063],[106.67346,21.18277],[106.68828,21.22674],[106.68193,21.24273],[106.68928,21.25235],[106.69113,21.26803],[106.67963,21.27861],[106.64458,21.27785],[106.61402,21.26475],[106.59893,21.27219],[106.59065,21.28634],[106.5786,21.28164],[106.55579,21.28816],[106.54197,21.31014],[106.52548,21.29949],[106.50931,21.30174],[106.50782,21.31807],[106.49445,21.31685],[106.48291,21.32779],[106.47303,21.32826],[106.46856,21.31213],[106.45456,21.31358],[106.44426,21.32694],[106.45258,21.34036],[106.47581,21.33866],[106.48544,21.34859],[106.471,21.36181],[106.46847,21.37346],[106.47927,21.38358],[106.47604,21.39802],[106.46099,21.41054],[106.46059,21.43723],[106.4184,21.43747],[106.40491,21.42645],[106.41538,21.40904],[106.39539,21.40543],[106.37745,21.39371],[106.36675,21.39918],[106.35002,21.39665],[106.3279,21.37584],[106.31065,21.37191],[106.31573,21.34554],[106.29161,21.32312],[106.2985,21.30164],[106.31684,21.3016],[106.32082,21.29033],[106.30107,21.28526],[106.30781,21.25312],[106.3275,21.2313],[106.327,21.21487],[106.33565,21.19579],[106.32486,21.19204],[106.33243,21.17458],[106.36185,21.17163],[106.37354,21.18925],[106.39336,21.20301],[106.41275,21.20772],[106.42542,21.23123],[106.44652,21.23135],[106.46634,21.22614],[106.47428,21.23023],[106.50188,21.2244]]]},"properties":{"shapeName":"Luc Nam","shapeISO":"","shapeID":"81297802B23878626253121","shapeGroup":"VNM","shapeType":"ADM2"}},
{"type":"Feature","geometry":{"type":"Polygon","coordinates":[[[106.52192,21.53573],[106.50737,21.52261],[106.52152,21.49988],[106.50981,21.48683],[106.49465,21.48255],[106.48233,21.44856],[106.46059,21.43723],[106.46099,21.41054],[106.47604,21.39802],[106.47927,21.38358],[106.46847,21.37346],[106.471,21.36181],[106.48544,21.34859],[106.47581,21.33866],[106.45258,21.34036],[106.44426,21.32694],[106.45456,21.31358],[106.46856,21.31213],[106.47303,21.32826],[106.48291,21.32779],[106.49445,21.31685],[106.50782,21.31807],[106.50931,21.30174],[106.52548,21.29949],[106.54197,21.31014],[106.55579,21.28816],[106.5786,21.28164],[106.59065,21.28634],[106.59893,21.27219],[106.61402,21.26475],[106.64458,21.27785],[106.67963,21.27861],[106.69113,21.26803],[106.70007,21.26455],[106.71523,21.27352],[106.73442,21.27567],[106.7356,21.28764],[106.76227,21.30016],[106.75624,21.32122],[106.77112,21.32673],[106.76909,21.33768],[106.74683,21.35023],[106.74941,21.36275],[106.77157,21.38041],[106.78019,21.399],[106.7747,21.41502],[106.78152,21.42539],[106.77681,21.45182],[106.79433,21.48839],[106.81239,21.50497],[106.83387,21.50129],[106.83908,21.50646],[106.8404,21.51308],[106.85943,21.52221],[106.86348,21.5358],[106.85064,21.54149],[106.84389,21.5595],[106.82183,21.56257],[106.80613,21.55933],[106.78762,21.57197],[106.77109,21.57181],[106.75581,21.56158],[106.76159,21.55395],[106.75188,21.54034],[106.7346,21.54433],[106.72639,21.55528],[106.71024,21.56073],[106.69893,21.57319],[106.7027,21.59304],[106.67024,21.60896],[106.63577,21.60073],[106.61544,21.60784],[106.59068,21.59852],[106.57115,21.60252],[106.55207,21.58933],[106.5402,21.5676],[106.52754,21.55785],[106.52192,21.53573]]]},"properties":{"shapeName":"Luc Ngan","shapeISO":"","shapeID":"81297802B38321972927223","shapeGroup":"VNM","shapeType":"ADM2"}},
{"type":"Feature","geometry":{"type":"Polygon","coordinates":[[[104.72409,22.20833],[104.72978,22.22547],[104.72232,22.25747],[104.70443,22.26397],[104.67677,22.26483],[104.6701,22.2768],[104.6421,22.27683],[104.62893,22.28711],[104.60837,22.29167],[104.58576,22.2638],[104.58723,22.24947],[104.58606,22.22447],[104.59753,22.21789],[104.61402,22.22554],[104.62066,22.18467],[104.60345,22.17519],[104.58363,22.17697],[104.57922,22.11692],[104.56252,22.08635],[104.5815,22.06468],[104.5916,22.04477],[104.61652,22.03031],[104.62549,22.01637],[104.63474,22.01789],[104.65052,21.99933],[104.66328,21.99182],[104.66659,21.98024],[104.6789,21.97375],[104.70832,21.94657],[104.71534,21.93476],[104.74126,21.93406],[104.74985,21.93981],[104.7499,21.94943],[104.79894,21.96687],[104.8099,21.95672],[104.82126,21.96144],[104.83644,21.93165],[104.84856,21.94914],[104.86792,21.96123],[104.86402,21.97381],[104.87407,21.98144],[104.86788,21.9999],[104.86965,22.01846],[104.86165,22.03564],[104.87783,22.04728],[104.87353,22.06135],[104.88196,22.07243],[104.86469,22.09714],[104.86059,22.12213],[104.86218,22.14772],[104.85403,22.15735],[104.85546,22.17022],[104.84896,22.18515],[104.83936,22.17978],[104.81887,22.17989],[104.79972,22.17009],[104.78342,22.17255],[104.76398,22.16728],[104.75509,22.18547],[104.7409,22.18572],[104.72493,22.19847],[104.72409,22.20833]]]},"properties":{"shapeName":"Luc Yen","shapeISO":"","shapeID":"81297802B97878568873252","shapeGroup":"VNM","shapeType":"ADM2"}},
{"type":"Feature","geometry":{"type":"Polygon","coordinates":[[[105.57905,20.91601],[105.58148,20.9282],[105.53303,20.93102],[105.51535,20.92184],[105.48856,20.9354],[105.47994,20.94778],[105.46165,20.94672],[105.4635,20.94031],[105.4557,20.91165],[105.43829,20.86756],[105.44026,20.85956],[105.42582,20.84588],[105.42977,20.82845],[105.43831,20.82526],[105.4457,20.80843],[105.47688,20.80767],[105.47876,20.78801],[105.51926,20.80393],[105.53417,20.79712],[105.55139,20.79726],[105.55337,20.78522],[105.57081,20.77781],[105.56759,20.75096],[105.5812,20.74569],[105.58109,20.73119],[105.59772,20.71204],[105.60441,20.68839],[105.61367,20.67797],[105.60672,20.66323],[105.61183,20.65071],[105.63049,20.62434],[105.65728,20.61495],[105.66619,20.61699],[105.6686,20.62923],[105.68477,20.633],[105.67859,20.64667],[105.67715,20.66513],[105.66944,20.67593],[105.6789,20.68376],[105.68161,20.69847],[105.66142,20.72379],[105.66656,20.73412],[105.6578,20.74143],[105.64969,20.76092],[105.64835,20.79243],[105.63074,20.79364],[105.63301,20.82135],[105.62638,20.83226],[105.59695,20.83863],[105.58356,20.8158],[105.58847,20.79529],[105.56087,20.80177],[105.56173,20.82076],[105.57465,20.82234],[105.58529,20.83966],[105.58294,20.85951],[105.55515,20.88608],[105.57905,20.91601]]]},"properties":{"shapeName":"Luong Son","shapeISO":"","shapeID":"81297802B92770026846870","shapeGroup":"VNM","shapeType":"ADM2"}},
{"type":"Feature","geometry":{"type":"Polygon","coordinates":[[[106.27282,20.99189],[106.27394,21.00433],[106.29458,21.02056],[106.29406,21.03935],[106.31193,21.05854],[106.30516,21.06984],[106.27723,21.07465],[106.26302,21.06119],[106.23016,21.06208],[106.21598,21.05546],[106.21077,21.03405],[106.20178,21.04075],[106.17662,21.03608],[106.15863,21.04406],[106.14335,21.0252],[106.13786,21.00124],[106.15067,20.98888],[106.16953,20.98487],[106.168,20.96912],[106.18753,20.98093],[106.20978,20.98481],[106.22553,20.99417],[106.24486,20.99076],[106.25301,20.99641],[106.27282,20.99189]]]},"properties":{"shapeName":"Luong Tai","shapeISO":"","shapeID":"81297802B42689754920120","shapeGroup":"VNM","shapeType":"ADM2"}},
{"type":"Feature","geometry":{"type":"Polygon","coordinates":[[[106.14056,20.49473],[106.13918,20.47923],[106.14733,20.46862],[106.17212,20.47333],[106.18331,20.48484],[106.17836,20.49652],[106.17958,20.5191],[106.17192,20.54649],[106.1597,20.56399],[106.13738,20.57068],[106.12933,20.58362],[106.13074,20.6068],[106.12085,20.61723],[106.10417,20.61778],[106.0787,20.60363],[106.07041,20.60363],[106.04683,20.61956],[106.01036,20.61474],[105.99539,20.62597],[105.98243,20.60512],[105.98664,20.58162],[106.00213,20.57214],[106.00471,20.58219],[106.02836,20.57692],[106.02762,20.54523],[106.03496,20.53161],[106.04973,20.53257],[106.07094,20.52445],[106.08493,20.53385],[106.097,20.52852],[106.09717,20.51212],[106.11718,20.50977],[106.13424,20.52311],[106.14158,20.51478],[106.14056,20.49473]]]},"properties":{"shapeName":"Ly Nhan","shapeISO":"","shapeID":"81297802B63925273406451","shapeGroup":"VNM","shapeType":"ADM2"}},
{"type":"Feature","geometry":{"type":"Polygon","coordinates":[[[109.11475,15.3916],[109.09905,15.38961],[109.1002,15.37566],[109.12534,15.37066],[109.13618,15.38813],[109.11475,15.3916]]]},"properties":{"shapeName":"Ly Son","shapeISO":"","shapeID":"81297802B63810165613250","shapeGroup":"VNM","shapeType":"ADM2"}},
{"type":"Feature","geometry":{"type":"Polygon","coordinates":[[[105.11897,20.56294],[105.1184,20.58427],[105.13355,20.59985],[105.14689,20.60058],[105.13694,20.61743],[105.15954,20.6333],[105.13636,20.65975],[105.1308,20.67536],[105.11127,20.69421],[105.12028,20.71617],[105.13412,20.72246],[105.13386,20.73263],[105.11537,20.75272],[105.10882,20.76327],[105.08432,20.76071],[105.07753,20.76692],[105.09987,20.79229],[105.09627,20.80558],[105.0391,20.84025],[105.01529,20.86683],[104.99138,20.87461],[105.0063,20.84485],[105.00182,20.81399],[105.02531,20.80216],[105.01252,20.78511],[105.00535,20.78916],[104.99834,20.76509],[104.99062,20.75499],[105.01342,20.74114],[104.99962,20.7281],[104.97296,20.72675],[104.95395,20.73976],[104.92373,20.74374],[104.91693,20.75312],[104.9035,20.75372],[104.87431,20.76761],[104.85928,20.75369],[104.84286,20.75226],[104.83675,20.73464],[104.84483,20.73103],[104.83875,20.71545],[104.84934,20.70322],[104.83648,20.697],[104.84159,20.68572],[104.837,20.6602],[104.8464,20.65222],[104.853,20.66401],[104.86714,20.66143],[104.88989,20.67045],[104.9031,20.66848],[104.9328,20.64856],[104.94991,20.64292],[104.96286,20.62288],[104.96313,20.60778],[104.98438,20.58937],[104.98019,20.57657],[105.00429,20.57461],[105.02328,20.55917],[105.05277,20.561],[105.05348,20.57037],[105.08651,20.5772],[105.09412,20.56801],[105.10521,20.57306],[105.11897,20.56294]]]},"properties":{"shapeName":"Mai Chau","shapeISO":"","shapeID":"81297802B54863694878388","shapeGroup":"VNM","shapeType":"ADM2"}},
{"type":"Feature","geometry":{"type":"Polygon","coordinates":[[[104.17267,21.36161],[104.14051,21.35311],[104.12825,21.33415],[104.13637,21.31803],[104.11393,21.32305],[104.10125,21.31922],[104.09053,21.3244],[104.05868,21.36528],[104.04527,21.37262],[104.01835,21.36398],[104.0024,21.35433],[104.00636,21.33911],[103.9923,21.3307],[104.00069,21.3185],[103.99974,21.30574],[104.01074,21.30042],[104.00652,21.28281],[104.02146,21.27142],[104.02963,21.25841],[104.01342,21.24795],[104.00277,21.25911],[103.99066,21.25274],[103.97947,21.26228],[103.94583,21.27802],[103.91962,21.27207],[103.91709,21.26189],[103.90019,21.24799],[103.8812,21.24444],[103.85834,21.2625],[103.854,21.27036],[103.83601,21.27426],[103.82745,21.26026],[103.81593,21.2527],[103.82098,21.22541],[103.81635,21.19997],[103.79536,21.21316],[103.77777,21.20931],[103.76707,21.22987],[103.75099,21.23751],[103.74748,21.25537],[103.73362,21.23413],[103.72153,21.22738],[103.71792,21.20865],[103.69796,21.19488],[103.69743,21.18536],[103.7304,21.16815],[103.75253,21.14821],[103.75702,21.13443],[103.77088,21.12581],[103.77694,21.10855],[103.81082,21.07236],[103.83779,21.07084],[103.8479,21.06094],[103.8713,21.05814],[103.89864,21.04178],[103.90626,21.05091],[103.92576,21.03803],[103.9506,21.04998],[103.96885,21.04259],[103.96432,21.00965],[103.98674,21.01595],[104.00296,21.0267],[104.0151,20.99974],[104.03019,20.99776],[104.07126,20.95822],[104.09257,20.9636],[104.10551,20.97656],[104.12034,20.97091],[104.12591,20.99623],[104.1177,21.00355],[104.13672,21.01656],[104.1553,21.01686],[104.16969,21.03714],[104.18064,21.05893],[104.20171,21.06708],[104.20952,21.0764],[104.2069,21.11037],[104.19759,21.12675],[104.20639,21.14346],[104.19979,21.15508],[104.20679,21.16651],[104.22793,21.18585],[104.22615,21.19664],[104.24439,21.2102],[104.27604,21.21363],[104.28009,21.22811],[104.29285,21.23917],[104.26551,21.2596],[104.24705,21.26297],[104.2057,21.30404],[104.18334,21.31517],[104.17182,21.32604],[104.16918,21.34183],[104.17673,21.35152],[104.17267,21.36161]]]},"properties":{"shapeName":"Mai Son","shapeISO":"","shapeID":"81297802B85756054610964","shapeGroup":"VNM","shapeType":"ADM2"}},
{"type":"Feature","geometry":{"type":"Polygon","coordinates":[[[106.03352,10.25678],[106.01836,10.25158],[106.03023,10.2404],[106.02044,10.22626],[106.00037,10.22287],[106.01337,10.19471],[106.02517,10.192],[106.02255,10.16345],[106.03325,10.14575],[106.08071,10.10511],[106.10027,10.12194],[106.10286,10.1626],[106.12186,10.17501],[106.13029,10.16345],[106.1545,10.15579],[106.17761,10.17571],[106.16781,10.18768],[106.14413,10.2037],[106.14129,10.21498],[106.12113,10.23175],[106.09457,10.24185],[106.04694,10.24584],[106.03352,10.25678]]]},"properties":{"shapeName":"Mang Thit","shapeISO":"","shapeID":"81297802B20675443699466","shapeGroup":"VNM","shapeType":"ADM2"}},
{"type":"Feature","geometry":{"type":"Polygon","coordinates":[[[108.31582,13.67611],[108.33601,13.6732],[108.35672,13.68974],[108.37878,13.69406],[108.37798,13.70897],[108.36015,13.73958],[108.35075,13.77403],[108.3599,13.77804],[108.37118,13.81859],[108.36422,13.84777],[108.37207,13.85128],[108.36611,13.89773],[108.37303,13.9063],[108.37663,13.92536],[108.3889,13.93721],[108.39463,13.95048],[108.40404,13.95101],[108.41668,13.96971],[108.41683,14.00018],[108.42379,14.02866],[108.43094,14.03866],[108.43434,14.05698],[108.44469,14.06812],[108.46341,14.09133],[108.46159,14.11554],[108.44618,14.13743],[108.43552,14.16911],[108.40516,14.16796],[108.38734,14.15614],[108.37866,14.17221],[108.37008,14.17461],[108.3617,14.20791],[108.35324,14.20986],[108.32398,14.23419],[108.30983,14.23927],[108.29616,14.2292],[108.28136,14.23865],[108.26977,14.23143],[108.25984,14.18049],[108.26647,14.17232],[108.26553,14.15751],[108.25638,14.15025],[108.26872,14.12007],[108.25446,14.08728],[108.26296,14.07541],[108.24095,14.06833],[108.2225,14.07937],[108.21604,14.07345],[108.21097,14.0542],[108.21242,14.02986],[108.22439,14.01441],[108.21802,14.00329],[108.2272,13.98354],[108.22545,13.95865],[108.23275,13.92807],[108.23248,13.90749],[108.24304,13.89929],[108.23326,13.88844],[108.2249,13.8652],[108.20493,13.85092],[108.18897,13.85114],[108.17582,13.83463],[108.16267,13.81235],[108.17324,13.786],[108.17477,13.75096],[108.18962,13.74897],[108.1841,13.71638],[108.18278,13.68312],[108.21916,13.68621],[108.23329,13.68402],[108.23949,13.69726],[108.25276,13.70908],[108.26427,13.70518],[108.29524,13.67819],[108.31582,13.67611]]]},"properties":{"shapeName":"Mang Yang","shapeISO":"","shapeID":"81297802B73536270925214","shapeGroup":"VNM","shapeType":"ADM2"}},
{"type":"Feature","geometry":{"type":"Polygon","coordinates":[[[108.67551,12.61795],[108.69421,12.59406],[108.69603,12.58537],[108.71182,12.57212],[108.72723,12.52079],[108.70295,12.47416],[108.71744,12.48346],[108.73629,12.47699],[108.75063,12.48178],[108.75296,12.49687],[108.78033,12.50483],[108.79323,12.49919],[108.80138,12.48011],[108.81108,12.48401],[108.86574,12.45261],[108.88009,12.47886],[108.86122,12.49342],[108.87353,12.50479],[108.87515,12.52543],[108.88288,12.54095],[108.89465,12.54976],[108.8964,12.57346],[108.86569,12.59414],[108.86405,12.60565],[108.87832,12.625],[108.89762,12.62351],[108.91383,12.63995],[108.91614,12.65996],[108.90332,12.67074],[108.94434,12.69335],[108.96327,12.68361],[108.98063,12.68128],[108.99119,12.68994],[108.99482,12.70648],[108.99381,12.72096],[108.98431,12.7428],[108.99121,12.75529],[108.98618,12.78291],[108.97225,12.79011],[108.97102,12.81574],[108.96434,12.81718],[108.94434,12.80515],[108.93516,12.81023],[108.90952,12.80923],[108.8961,12.81468],[108.86911,12.81583],[108.85214,12.83158],[108.85097,12.85229],[108.82031,12.86711],[108.81478,12.8749],[108.79101,12.87041],[108.78332,12.89297],[108.77402,12.89915],[108.77083,12.91631],[108.76252,12.92318],[108.75217,12.94436],[108.73372,12.95217],[108.7105,12.94253],[108.72452,12.92451],[108.72229,12.91759],[108.69862,12.91098],[108.63284,12.90174],[108.6131,12.89302],[108.6096,12.86512],[108.59454,12.85801],[108.58975,12.83526],[108.5971,12.82368],[108.58184,12.79803],[108.59095,12.78108],[108.60709,12.76919],[108.6742,12.76845],[108.68498,12.7601],[108.6876,12.73632],[108.67659,12.72583],[108.6675,12.72734],[108.65474,12.713],[108.67693,12.70679],[108.68013,12.67448],[108.69305,12.66153],[108.69387,12.63333],[108.67784,12.63039],[108.67551,12.61795]]]},"properties":{"shapeName":"Mdrak District","shapeISO":"","shapeID":"81297802B27744921596224","shapeGroup":"VNM","shapeType":"ADM2"}},
{"type":"Feature","geometry":{"type":"Polygon","coordinates":[[[105.63556,21.21646],[105.62239,21.20097],[105.62665,21.17528],[105.64888,21.15895],[105.67172,21.15645],[105.69404,21.14083],[105.7234,21.13317],[105.73332,21.12209],[105.74193,21.13291],[105.7637,21.13546],[105.77141,21.14773],[105.77187,21.17818],[105.79045,21.18009],[105.79006,21.19059],[105.77126,21.20528],[105.75796,21.22304],[105.735,21.23284],[105.71937,21.22275],[105.69754,21.2185],[105.68864,21.23429],[105.67617,21.22694],[105.65118,21.23797],[105.65572,21.21882],[105.63556,21.21646]]]},"properties":{"shapeName":"Me Linh","shapeISO":"","shapeID":"81297802B91668671895601","shapeGroup":"VNM","shapeType":"ADM2"}},
{"type":"Feature","geometry":{"type":"Polygon","coordinates":[[[105.56665,23.11846],[105.59126,23.143],[105.58189,23.15836],[105.56954,23.16104],[105.55333,23.18637],[105.54276,23.19266],[105.52154,23.19167],[105.50119,23.20094],[105.49147,23.22208],[105.49162,23.23519],[105.45247,23.27633],[105.44534,23.29454],[105.43011,23.3025],[105.41189,23.28764],[105.38802,23.31621],[105.3809,23.31301],[105.39025,23.30223],[105.402,23.27548],[105.39984,23.26618],[105.36747,23.26502],[105.36406,23.24737],[105.37928,23.23036],[105.37178,23.19772],[105.34878,23.19744],[105.33265,23.2044],[105.326,23.21868],[105.30491,23.20192],[105.30695,23.1602],[105.3002,23.13128],[105.3058,23.11652],[105.32197,23.11429],[105.33237,23.0725],[105.33311,23.05087],[105.34952,23.03753],[105.3676,23.03602],[105.38466,23.01469],[105.37148,23.00121],[105.37601,22.9888],[105.4,22.99007],[105.43912,23.00118],[105.45021,22.99799],[105.46836,23.00633],[105.48877,23.00852],[105.4922,23.02565],[105.50858,23.05088],[105.50842,23.05926],[105.52026,23.07468],[105.51799,23.08302],[105.52902,23.1075],[105.55186,23.10916],[105.56665,23.11846]]]},"properties":{"shapeName":"Meo Vac","shapeISO":"","shapeID":"81297802B2489932619372","shapeGroup":"VNM","shapeType":"ADM2"}},
{"type":"Feature","geometry":{"type":"Polygon","coordinates":[[[106.11512,17.72203],[106.11411,17.74921],[106.09956,17.76996],[106.10832,17.79146],[106.08436,17.80323],[106.04494,17.8135],[106.02339,17.82975],[106.0228,17.84896],[106.00147,17.86467],[105.98003,17.89718],[105.94448,17.89464],[105.92611,17.90865],[105.93016,17.92091],[105.92189,17.93084],[105.88319,17.94145],[105.87644,17.95751],[105.85641,17.95056],[105.85464,17.9393],[105.83947,17.94037],[105.85025,17.91528],[105.8417,17.90614],[105.81134,17.92154],[105.79367,17.91932],[105.78323,17.90844],[105.78277,17.89752],[105.76323,17.89082],[105.74703,17.90493],[105.73034,17.90845],[105.72202,17.91763],[105.7114,17.91011],[105.70207,17.9209],[105.6796,17.92884],[105.67862,17.94429],[105.64615,17.95527],[105.64242,17.9625],[105.63547,17.96041],[105.62358,17.94171],[105.62323,17.92387],[105.61705,17.90547],[105.60874,17.89699],[105.60792,17.87701],[105.63647,17.86235],[105.64981,17.86126],[105.67356,17.84651],[105.6834,17.83337],[105.68422,17.81958],[105.67635,17.80278],[105.67736,17.79254],[105.68821,17.78468],[105.70104,17.7617],[105.71914,17.75661],[105.7301,17.74461],[105.73005,17.72169],[105.74369,17.72037],[105.75072,17.6685],[105.76827,17.67418],[105.79132,17.67036],[105.79388,17.66387],[105.81379,17.66005],[105.82929,17.65012],[105.84424,17.62722],[105.86183,17.62734],[105.96824,17.50441],[105.98698,17.50584],[106.00181,17.51374],[106.00381,17.5273],[106.01947,17.52972],[106.03506,17.54209],[106.04207,17.5603],[106.03833,17.57954],[106.02914,17.57988],[106.02854,17.59606],[106.01718,17.61243],[106.02144,17.62099],[106.04113,17.63527],[106.05324,17.63864],[106.06504,17.65202],[106.0878,17.64596],[106.10638,17.66217],[106.12133,17.66813],[106.10625,17.68237],[106.07968,17.6946],[106.08283,17.70947],[106.10844,17.7143],[106.11512,17.72203]]]},"properties":{"shapeName":"Minh Hoa","shapeISO":"","shapeID":"81297802B57556187754980","shapeGroup":"VNM","shapeType":"ADM2"}},
{"type":"Feature","geometry":{"type":"Polygon","coordinates":[[[108.71542,14.88676],[108.72844,14.91559],[108.72628,14.93073],[108.74959,14.95039],[108.75764,14.96236],[108.7471,14.96987],[108.76634,14.98881],[108.75272,14.99781],[108.74478,15.01237],[108.7237,15.01002],[108.70564,15.02729],[108.69373,15.04437],[108.6552,15.01924],[108.6443,15.02608],[108.65569,14.99885],[108.63483,14.98941],[108.61992,14.96645],[108.60939,14.95944],[108.60891,14.94221],[108.61477,14.93495],[108.6025,14.91968],[108.57602,14.90519],[108.5941,14.88356],[108.59085,14.8665],[108.60458,14.84864],[108.61953,14.85987],[108.63928,14.88716],[108.66661,14.8966],[108.68545,14.88043],[108.71542,14.88676]]]},"properties":{"shapeName":"Minh Long","shapeISO":"","shapeID":"81297802B89663618716792","shapeGroup":"VNM","shapeType":"ADM2"}},
{"type":"Feature","geometry":{"type":"Polygon","coordinates":[[[106.31709,10.24921],[106.29904,10.25898],[106.28162,10.26303],[106.24911,10.2505],[106.25514,10.23316],[106.2509,10.22268],[106.26332,10.21708],[106.26709,10.19871],[106.25085,10.19997],[106.24489,10.19284],[106.23636,10.15128],[106.21842,10.14961],[106.22885,10.1384],[106.25178,10.10397],[106.27636,10.07196],[106.30009,10.1336],[106.32377,10.14943],[106.33715,10.14996],[106.33398,10.16465],[106.35334,10.16676],[106.36164,10.17587],[106.35724,10.19922],[106.35356,10.20851],[106.33218,10.23765],[106.31709,10.24921]]]},"properties":{"shapeName":"Mo Cay Bac","shapeISO":"","shapeID":"81297802B92984212454641","shapeGroup":"VNM","shapeType":"ADM2"}},
{"type":"Feature","geometry":{"type":"Polygon","coordinates":[[[106.31987,10.01669],[106.35452,10.00086],[106.37804,9.97878],[106.39972,9.9664],[106.40991,9.97119],[106.42522,9.98789],[106.41543,10.00502],[106.41477,10.01963],[106.42146,10.02703],[106.41791,10.04973],[106.4407,10.07068],[106.39434,10.11859],[106.37671,10.14491],[106.36164,10.17587],[106.35334,10.16676],[106.33398,10.16465],[106.33715,10.14996],[106.32377,10.14943],[106.30009,10.1336],[106.27636,10.07196],[106.28964,10.04979],[106.30726,10.02703],[106.31987,10.01669]]]},"properties":{"shapeName":"Mo Cay Nam","shapeISO":"","shapeID":"81297802B48166206611574","shapeGroup":"VNM","shapeType":"ADM2"}},
{"type":"Feature","geometry":{"type":"Polygon","coordinates":[[[108.95599,14.91903],[108.93612,14.96885],[108.91975,15.01679],[108.90437,15.07598],[108.90212,15.09119],[108.88728,15.07423],[108.88985,15.06443],[108.87341,15.04563],[108.85088,15.03665],[108.84523,15.01975],[108.83546,15.00825],[108.8436,14.98728],[108.85406,14.98203],[108.8411,14.95609],[108.82483,14.96193],[108.80372,14.95041],[108.79365,14.93961],[108.79372,14.90844],[108.82076,14.88282],[108.83511,14.89168],[108.8849,14.88712],[108.89095,14.88063],[108.90594,14.88323],[108.91687,14.87829],[108.93834,14.89167],[108.93929,14.9087],[108.95599,14.91903]]]},"properties":{"shapeName":"Mo Duc","shapeISO":"","shapeID":"81297802B23204917551818","shapeGroup":"VNM","shapeType":"ADM2"}},
{"type":"Feature","geometry":{"type":"Polygon","coordinates":[[[104.54106,21.00592],[104.54791,21.00038],[104.53466,20.97966],[104.52168,20.98424],[104.51392,20.9733],[104.49942,20.96984],[104.50773,20.94158],[104.49654,20.92359],[104.48335,20.91387],[104.46851,20.91106],[104.47172,20.90006],[104.46103,20.88552],[104.43767,20.87504],[104.43628,20.85753],[104.42747,20.84549],[104.42292,20.82691],[104.43294,20.81212],[104.41768,20.79723],[104.44906,20.79699],[104.45899,20.77755],[104.47093,20.77833],[104.48383,20.76628],[104.49443,20.71702],[104.52442,20.69864],[104.53559,20.7119],[104.552,20.71906],[104.56522,20.71567],[104.58341,20.6996],[104.58568,20.68047],[104.60649,20.67011],[104.63754,20.67137],[104.64693,20.67741],[104.64757,20.70573],[104.65824,20.72453],[104.65914,20.74861],[104.66824,20.75133],[104.68334,20.77033],[104.7006,20.77072],[104.67042,20.79834],[104.67776,20.80639],[104.72839,20.80385],[104.74924,20.81323],[104.7627,20.81349],[104.76579,20.83568],[104.7825,20.84521],[104.77827,20.86331],[104.81539,20.86433],[104.81426,20.88209],[104.82047,20.88819],[104.80575,20.90245],[104.81599,20.9167],[104.81359,20.93801],[104.78427,20.94346],[104.79592,20.96567],[104.79153,20.98526],[104.77474,21.01386],[104.76301,21.02698],[104.76611,21.04462],[104.73103,21.05581],[104.71533,21.07008],[104.70442,21.04791],[104.68808,21.04208],[104.67576,21.03128],[104.65466,21.04188],[104.64607,21.02894],[104.63165,21.03116],[104.62021,21.04211],[104.60904,21.04228],[104.59473,21.0549],[104.58456,21.04531],[104.57314,21.05273],[104.55812,21.06459],[104.54292,21.04996],[104.53993,21.03265],[104.5537,21.01765],[104.54106,21.00592]]]},"properties":{"shapeName":"Moc Chau","shapeISO":"","shapeID":"81297802B18330735489877","shapeGroup":"VNM","shapeType":"ADM2"}},
{"type":"Feature","geometry":{"type":"Polygon","coordinates":[[[105.93441,10.72845],[105.9216,10.6899],[105.97954,10.66873],[106.01012,10.65939],[106.044,10.65365],[106.0469,10.66114],[106.03948,10.68809],[106.08824,10.71294],[106.10256,10.71417],[106.11597,10.78443],[106.11737,10.80862],[106.09589,10.80795],[106.07189,10.81248],[106.01764,10.85036],[106.00571,10.86089],[105.99856,10.85384],[106.00465,10.83857],[105.96864,10.83858],[105.95523,10.81487],[105.94335,10.77895],[105.9713,10.75381],[105.95627,10.73619],[105.93441,10.72845]]]},"properties":{"shapeName":"Moc Hoa","shapeISO":"","shapeID":"81297802B7527818717712","shapeGroup":"VNM","shapeType":"ADM2"}},
{"type":"Feature","geometry":{"type":"MultiPolygon","coordinates":[[[[107.99444,21.39794],[107.95856,21.39586],[107.91099,21.3823],[107.8862,21.38377],[107.86391,21.38103],[107.85628,21.35029],[107.88395,21.35804],[107.91005,21.35711],[107.92694,21.3622],[107.94426,21.35571],[107.95808,21.3704],[107.9895,21.38975],[107.99444,21.39794]]],[[[107.88542,21.40702],[107.8941,21.39564],[107.90863,21.39882],[107.90862,21.40992],[107.88542,21.40702]]],[[[107.81071,21.48089],[107.83967,21.47811],[107.85397,21.50441],[107.86066,21.48934],[107.87738,21.48084],[107.88156,21.49561],[107.89854,21.5092],[107.93022,21.48247],[107.89419,21.46426],[107.88429,21.43818],[107.90408,21.42667],[107.92036,21.40382],[107.93159,21.39983],[107.95196,21.40182],[107.95662,21.41686],[107.94845,21.43011],[107.95666,21.44594],[107.97748,21.43657],[107.98992,21.45451],[108.01846,21.47604],[108.03898,21.48314],[108.06218,21.48511],[108.06303,21.49542],[108.04665,21.49507],[108.02838,21.48634],[108.02766,21.49971],[108.03948,21.50335],[108.0352,21.52544],[108.04716,21.52442],[108.04477,21.54283],[108.02957,21.54789],[108.00555,21.54878],[107.97939,21.54491],[107.96736,21.53627],[107.95211,21.53963],[107.9427,21.57001],[107.92396,21.58507],[107.89052,21.5982],[107.89252,21.60602],[107.87119,21.6476],[107.85293,21.65096],[107.84201,21.64216],[107.82687,21.65355],[107.8065,21.65917],[107.78797,21.65644],[107.77955,21.6485],[107.74718,21.64066],[107.74279,21.62216],[107.74115,21.59433],[107.73596,21.58887],[107.7349,21.55637],[107.751,21.53836],[107.75822,21.50942],[107.77292,21.51202],[107.7999,21.49631],[107.81071,21.48089]]]]},"properties":{"shapeName":"Mong Cai","shapeISO":"","shapeID":"81297802B69562638547328","shapeGroup":"VNM","shapeType":"ADM2"}},
{"type":"Feature","geometry":{"type":"Polygon","coordinates":[[[104.3538,21.87511],[104.33923,21.88548],[104.33016,21.8988],[104.32556,21.91844],[104.29328,21.92756],[104.28399,21.94015],[104.25599,21.9318],[104.22296,21.94818],[104.20961,21.94053],[104.23107,21.92325],[104.23096,21.90242],[104.21349,21.89143],[104.19523,21.88757],[104.14026,21.89626],[104.12714,21.90673],[104.09369,21.91623],[104.08328,21.90615],[104.06919,21.90596],[104.0421,21.9167],[104.01031,21.91829],[103.99726,21.92703],[103.99026,21.94043],[103.99584,21.95452],[103.98531,21.96667],[103.97103,21.95919],[103.96062,21.9355],[103.94304,21.91771],[103.91965,21.9322],[103.90651,21.92137],[103.89386,21.9208],[103.88916,21.90056],[103.88928,21.86524],[103.91941,21.83809],[103.91798,21.82861],[103.93311,21.82075],[103.95264,21.79744],[103.95169,21.78827],[103.96815,21.7695],[103.96344,21.75603],[103.95164,21.75411],[103.9426,21.74332],[103.91526,21.74002],[103.91805,21.72795],[103.91086,21.71571],[103.92325,21.69917],[103.93803,21.69068],[103.93748,21.66946],[103.9618,21.6696],[103.9957,21.67566],[104.02186,21.66849],[104.03274,21.67062],[104.04881,21.65749],[104.07726,21.65074],[104.08686,21.64343],[104.11452,21.64656],[104.12574,21.65221],[104.15683,21.65553],[104.17431,21.64862],[104.19318,21.6475],[104.21959,21.67277],[104.25423,21.67069],[104.26052,21.66334],[104.28809,21.66164],[104.29678,21.65297],[104.31527,21.65637],[104.33888,21.65313],[104.34624,21.66702],[104.30908,21.68351],[104.30431,21.70015],[104.29465,21.70935],[104.29989,21.72823],[104.29903,21.75258],[104.2896,21.75285],[104.28365,21.77965],[104.27161,21.78237],[104.2678,21.79505],[104.2781,21.80576],[104.30978,21.8026],[104.31204,21.78994],[104.33002,21.79464],[104.36222,21.77536],[104.38977,21.76814],[104.39441,21.7734],[104.41609,21.77427],[104.41274,21.79353],[104.39159,21.79578],[104.37844,21.81425],[104.34288,21.83015],[104.3397,21.84014],[104.34914,21.85037],[104.3538,21.87511]]]},"properties":{"shapeName":"Mu Cang Chai","shapeISO":"","shapeID":"81297802B12607058922832","shapeGroup":"VNM","shapeType":"ADM2"}},
{"type":"Feature","geometry":{"type":"Polygon","coordinates":[[[103.18748,21.43752],[103.23161,21.42309],[103.24653,21.42769],[103.26175,21.41567],[103.26578,21.4283],[103.29871,21.4081],[103.33033,21.41506],[103.3444,21.42963],[103.37489,21.42752],[103.39228,21.43686],[103.41212,21.42803],[103.41052,21.47943],[103.38133,21.48008],[103.36279,21.47274],[103.34935,21.47685],[103.35281,21.488],[103.34858,21.50852],[103.35877,21.52058],[103.34302,21.53445],[103.32577,21.56348],[103.31232,21.56901],[103.28797,21.59231],[103.28471,21.6091],[103.26122,21.61964],[103.21468,21.62561],[103.19803,21.62183],[103.17289,21.62352],[103.1597,21.61703],[103.13923,21.6319],[103.10467,21.6132],[103.11357,21.58362],[103.1208,21.572],[103.14151,21.55945],[103.1593,21.53109],[103.16754,21.52502],[103.17077,21.49251],[103.17799,21.48535],[103.17831,21.4572],[103.18748,21.43752]]]},"properties":{"shapeName":"Muong Ang","shapeISO":"","shapeID":"81297802B95485897365368","shapeGroup":"VNM","shapeType":"ADM2"}},
{"type":"Feature","geometry":{"type":"Polygon","coordinates":[[[103.10467,21.6132],[103.13923,21.6319],[103.15174,21.64031],[103.15614,21.66687],[103.14959,21.68223],[103.16244,21.6953],[103.16637,21.71515],[103.19805,21.71925],[103.21631,21.7126],[103.23582,21.72566],[103.23986,21.75026],[103.26263,21.76892],[103.28998,21.79703],[103.30347,21.80576],[103.30409,21.81789],[103.28971,21.85793],[103.29142,21.88359],[103.27761,21.90044],[103.27346,21.91278],[103.25054,21.93423],[103.26332,21.94558],[103.25773,21.97942],[103.26689,22.00102],[103.26168,22.0156],[103.28328,22.02934],[103.28805,22.04057],[103.27862,22.03833],[103.24402,22.04887],[103.21184,22.06955],[103.19117,22.06969],[103.17958,22.06375],[103.17684,22.01245],[103.16962,22.01282],[103.17206,21.96478],[103.16761,21.9588],[103.14091,21.9679],[103.11611,21.98041],[103.0998,21.99462],[103.1022,22.00834],[103.09163,22.02139],[103.0455,22.04796],[103.02322,22.05567],[102.99819,22.04938],[102.985,22.02712],[102.99165,22.02067],[103.00449,21.98457],[103.00534,21.95815],[103.01061,21.94393],[103.02693,21.92316],[103.01113,21.91133],[103.01742,21.89596],[103.0024,21.88681],[103.00071,21.86166],[102.99423,21.83312],[102.98548,21.819],[102.98335,21.77852],[102.97416,21.74484],[102.98857,21.72066],[102.98861,21.7055],[102.97841,21.69589],[102.98995,21.68383],[102.98666,21.66099],[102.97985,21.65077],[102.9902,21.62236],[102.98497,21.60605],[102.99266,21.59091],[103.00988,21.58806],[103.01798,21.60384],[103.04862,21.60861],[103.06174,21.5864],[103.0765,21.59236],[103.09043,21.61431],[103.10467,21.6132]]]},"properties":{"shapeName":"Muong Cha","shapeISO":"","shapeID":"81297802B30042560711823","shapeGroup":"VNM","shapeType":"ADM2"}},
{"type":"Feature","geometry":{"type":"Polygon","coordinates":[[[104.20761,22.5857],[104.19124,22.61563],[104.19255,22.63039],[104.18101,22.65842],[104.18294,22.67408],[104.17515,22.68274],[104.17846,22.71946],[104.19497,22.73815],[104.20386,22.73956],[104.22224,22.72873],[104.22486,22.71362],[104.23769,22.705],[104.25512,22.73385],[104.26981,22.74148],[104.26935,22.75335],[104.255,22.77761],[104.27455,22.83611],[104.25619,22.84487],[104.24371,22.84392],[104.22021,22.82878],[104.18404,22.82651],[104.1639,22.82165],[104.14087,22.80628],[104.12683,22.81354],[104.11484,22.81157],[104.09482,22.78911],[104.08835,22.7702],[104.06606,22.75712],[104.03927,22.72367],[104.0397,22.7177],[104.02167,22.67147],[104.03145,22.64255],[104.02474,22.62654],[104.02691,22.61561],[104.01406,22.59241],[104.01618,22.56525],[104.01238,22.56022],[104.04878,22.52965],[104.0595,22.52658],[104.07731,22.53531],[104.11682,22.54811],[104.13424,22.53338],[104.15295,22.53874],[104.17292,22.52789],[104.18843,22.52611],[104.20082,22.54002],[104.19001,22.55876],[104.20761,22.5857]]]},"properties":{"shapeName":"Muong Khuong","shapeISO":"","shapeID":"81297802B9711168823282","shapeGroup":"VNM","shapeType":"ADM2"}},
{"type":"Feature","geometry":{"type":"Polygon","coordinates":[[[104.29968,21.43863],[104.30202,21.45481],[104.28268,21.47192],[104.28462,21.49187],[104.29301,21.50276],[104.29346,21.52498],[104.27679,21.55124],[104.28879,21.56851],[104.29781,21.57129],[104.29009,21.60244],[104.30566,21.60824],[104.31882,21.61978],[104.33888,21.65313],[104.31527,21.65637],[104.29678,21.65297],[104.28809,21.66164],[104.26052,21.66334],[104.25423,21.67069],[104.21959,21.67277],[104.19318,21.6475],[104.17431,21.64862],[104.15683,21.65553],[104.12574,21.65221],[104.11452,21.64656],[104.08686,21.64343],[104.07726,21.65074],[104.04881,21.65749],[104.03274,21.67062],[104.02186,21.66849],[103.9957,21.67566],[103.9618,21.6696],[103.93748,21.66946],[103.93803,21.69068],[103.92325,21.69917],[103.90619,21.69328],[103.89052,21.70026],[103.88066,21.68539],[103.86313,21.69113],[103.83998,21.70485],[103.8351,21.72811],[103.81466,21.73924],[103.80927,21.73618],[103.8074,21.72041],[103.78654,21.69651],[103.76092,21.68146],[103.75525,21.66459],[103.78183,21.64905],[103.79312,21.64865],[103.80445,21.6377],[103.79861,21.62441],[103.80746,21.61838],[103.8142,21.59792],[103.80985,21.56607],[103.82357,21.55388],[103.85721,21.53864],[103.87465,21.54476],[103.89231,21.54333],[103.92745,21.52837],[103.93452,21.51671],[103.94721,21.52144],[103.96738,21.51595],[103.97571,21.50053],[103.98527,21.49488],[103.98541,21.47428],[103.96878,21.46353],[103.95754,21.46588],[103.9325,21.42452],[103.95798,21.40398],[103.97185,21.40223],[103.97805,21.3806],[103.98772,21.36373],[104.0024,21.35433],[104.01835,21.36398],[104.04527,21.37262],[104.05868,21.36528],[104.09053,21.3244],[104.10125,21.31922],[104.11393,21.32305],[104.13637,21.31803],[104.12825,21.33415],[104.14051,21.35311],[104.17267,21.36161],[104.19914,21.37947],[104.24432,21.38721],[104.25367,21.40538],[104.27054,21.42285],[104.29968,21.43863]]]},"properties":{"shapeName":"Muong La","shapeISO":"","shapeID":"81297802B85331365285334","shapeGroup":"VNM","shapeType":"ADM2"}},
{"type":"Feature","geometry":{"type":"Polygon","coordinates":[[[104.80242,20.58302],[104.76702,20.5815],[104.74305,20.573],[104.72982,20.58662],[104.72366,20.60259],[104.6986,20.60194],[104.66436,20.62316],[104.65841,20.63651],[104.64022,20.65262],[104.63157,20.64305],[104.62606,20.62577],[104.61193,20.6205],[104.60158,20.60572],[104.58488,20.61036],[104.56397,20.60819],[104.54138,20.59851],[104.53441,20.57658],[104.52785,20.57278],[104.52269,20.54921],[104.49816,20.54363],[104.48261,20.52354],[104.46911,20.51395],[104.43728,20.50867],[104.42239,20.49286],[104.3929,20.48827],[104.39003,20.47771],[104.37595,20.46715],[104.38106,20.45063],[104.39751,20.43459],[104.41555,20.42681],[104.40608,20.41318],[104.40777,20.38836],[104.42097,20.37634],[104.45274,20.37778],[104.47448,20.36895],[104.49644,20.38334],[104.51143,20.38525],[104.52587,20.39455],[104.52772,20.41331],[104.54802,20.40866],[104.56428,20.41635],[104.59843,20.41645],[104.61269,20.42486],[104.62484,20.46123],[104.66098,20.4749],[104.66954,20.46782],[104.66473,20.45188],[104.6857,20.44223],[104.7017,20.42026],[104.71726,20.43291],[104.74295,20.4313],[104.76643,20.44257],[104.77664,20.4592],[104.81378,20.47437],[104.84573,20.4794],[104.87061,20.49713],[104.87647,20.51519],[104.86552,20.53767],[104.87352,20.54036],[104.8742,20.56167],[104.83936,20.57897],[104.80242,20.58302]]]},"properties":{"shapeName":"Muong Lat","shapeISO":"","shapeID":"81297802B72565329345275","shapeGroup":"VNM","shapeType":"ADM2"}},
{"type":"Feature","geometry":{"type":"Polygon","coordinates":[[[103.19117,22.06969],[103.17011,22.08078],[103.15139,22.0746],[103.13302,22.07387],[103.1211,22.0952],[103.10261,22.10138],[103.09003,22.0696],[103.09496,22.05769],[103.06387,22.06314],[103.0455,22.04796],[103.09163,22.02139],[103.1022,22.00834],[103.0998,21.99462],[103.11611,21.98041],[103.14091,21.9679],[103.16761,21.9588],[103.17206,21.96478],[103.16962,22.01282],[103.17684,22.01245],[103.17958,22.06375],[103.19117,22.06969]]]},"properties":{"shapeName":"Muong Lay","shapeISO":"","shapeID":"81297802B55776801112281","shapeGroup":"VNM","shapeType":"ADM2"}},
{"type":"Feature","geometry":{"type":"Polygon","coordinates":[[[102.75316,22.20742],[102.73959,22.22838],[102.70626,22.24259],[102.6814,22.25642],[102.67922,22.24446],[102.69772,22.20918],[102.69569,22.19872],[102.67617,22.16697],[102.65917,22.17488],[102.63954,22.17674],[102.61832,22.19814],[102.61605,22.22252],[102.61933,22.23437],[102.60493,22.2385],[102.57914,22.26052],[102.56378,22.26022],[102.55476,22.24419],[102.5336,22.24602],[102.51362,22.26079],[102.50825,22.27855],[102.47459,22.31918],[102.47359,22.32676],[102.45662,22.34072],[102.45667,22.34942],[102.44071,22.36576],[102.42622,22.37007],[102.42368,22.38206],[102.40943,22.38789],[102.38688,22.41135],[102.39592,22.4182],[102.39071,22.43997],[102.3925,22.46059],[102.38524,22.46906],[102.36202,22.47506],[102.35782,22.49033],[102.34833,22.49873],[102.339,22.52785],[102.32158,22.54813],[102.2994,22.53003],[102.29414,22.51257],[102.27988,22.50248],[102.26535,22.47677],[102.26348,22.4663],[102.24894,22.46196],[102.26878,22.42481],[102.25967,22.41404],[102.23567,22.42942],[102.20721,22.42714],[102.18654,22.43506],[102.15413,22.42477],[102.14408,22.40045],[102.14809,22.3904],[102.17048,22.37141],[102.16329,22.361],[102.17829,22.33858],[102.181,22.32276],[102.17747,22.30477],[102.18976,22.30252],[102.21213,22.28748],[102.23415,22.28277],[102.23035,22.27488],[102.24244,22.25427],[102.241,22.23838],[102.26135,22.23362],[102.27692,22.21219],[102.30285,22.20138],[102.32102,22.20317],[102.33449,22.18705],[102.33513,22.16604],[102.35897,22.16707],[102.38359,22.14936],[102.38486,22.12904],[102.40744,22.12798],[102.42145,22.11635],[102.4339,22.11292],[102.44098,22.10084],[102.43807,22.09112],[102.44562,22.07468],[102.47448,22.05693],[102.49539,22.03479],[102.50947,22.03634],[102.52123,22.02443],[102.48803,22.00661],[102.4877,21.99619],[102.50037,21.98139],[102.51585,21.98296],[102.52426,21.99504],[102.53652,21.99809],[102.53492,22.01286],[102.5414,22.02077],[102.54091,22.04163],[102.55821,22.05044],[102.56609,22.04434],[102.5591,22.01549],[102.5658,22.00969],[102.58617,22.01609],[102.5939,22.00181],[102.61621,21.99289],[102.6754,21.98635],[102.67696,21.99692],[102.69736,22.00985],[102.69218,22.01672],[102.70499,22.04286],[102.72281,22.05162],[102.71726,22.08526],[102.72682,22.09713],[102.75522,22.10275],[102.76198,22.11658],[102.74412,22.13176],[102.73925,22.14489],[102.73839,22.17173],[102.74723,22.17766],[102.75316,22.20742]]]},"properties":{"shapeName":"Muong Nhe","shapeISO":"","shapeID":"81297802B77284470547112","shapeGroup":"VNM","shapeType":"ADM2"}},
{"type":"Feature","geometry":{"type":"Polygon","coordinates":[[[102.75316,22.20742],[102.77233,22.21418],[102.78323,22.23451],[102.79936,22.24564],[102.81557,22.24353],[102.81744,22.23169],[102.82887,22.21586],[102.84673,22.22409],[102.85171,22.23344],[102.86927,22.2235],[102.89934,22.22862],[102.90328,22.23649],[102.89442,22.25712],[102.87562,22.2672],[102.87814,22.27453],[102.89607,22.28087],[102.90671,22.29013],[102.94127,22.29301],[102.97458,22.2854],[102.98493,22.30579],[102.97351,22.32158],[102.98612,22.33822],[102.98343,22.35225],[102.97046,22.36135],[102.94615,22.36791],[102.93568,22.36111],[102.93076,22.38011],[102.91821,22.3927],[102.91214,22.42529],[102.92077,22.44195],[102.91383,22.45378],[102.91782,22.46671],[102.93026,22.47229],[102.92863,22.48463],[102.92134,22.50773],[102.90966,22.51101],[102.90926,22.52484],[102.88905,22.5366],[102.89612,22.54497],[102.87767,22.55883],[102.88232,22.56857],[102.87082,22.57587],[102.878,22.58785],[102.85529,22.61105],[102.82492,22.62691],[102.81645,22.6219],[102.78787,22.62633],[102.78724,22.64368],[102.76406,22.6477],[102.74839,22.66784],[102.73565,22.66642],[102.70951,22.68165],[102.70898,22.69205],[102.68807,22.70424],[102.65557,22.69023],[102.6508,22.69809],[102.63012,22.71115],[102.6116,22.73024],[102.59863,22.73262],[102.58664,22.72278],[102.58468,22.7074],[102.57172,22.7058],[102.56412,22.72342],[102.55043,22.73466],[102.53416,22.75864],[102.5083,22.77829],[102.4816,22.7788],[102.45931,22.76615],[102.44988,22.74331],[102.45645,22.73256],[102.444,22.7256],[102.43535,22.7013],[102.4074,22.68432],[102.39333,22.6911],[102.38249,22.68065],[102.4027,22.64175],[102.38597,22.60888],[102.37113,22.59318],[102.34741,22.58976],[102.35512,22.5665],[102.32133,22.55727],[102.32158,22.54813],[102.339,22.52785],[102.34833,22.49873],[102.35782,22.49033],[102.36202,22.47506],[102.38524,22.46906],[102.3925,22.46059],[102.39071,22.43997],[102.39592,22.4182],[102.38688,22.41135],[102.40943,22.38789],[102.42368,22.38206],[102.42622,22.37007],[102.44071,22.36576],[102.45667,22.34942],[102.45662,22.34072],[102.47359,22.32676],[102.47459,22.31918],[102.50825,22.27855],[102.51362,22.26079],[102.5336,22.24602],[102.55476,22.24419],[102.56378,22.26022],[102.57914,22.26052],[102.60493,22.2385],[102.61933,22.23437],[102.61605,22.22252],[102.61832,22.19814],[102.63954,22.17674],[102.65917,22.17488],[102.67617,22.16697],[102.69569,22.19872],[102.69772,22.20918],[102.67922,22.24446],[102.6814,22.25642],[102.70626,22.24259],[102.73959,22.22838],[102.75316,22.20742]]]},"properties":{"shapeName":"Muong Te","shapeISO":"","shapeID":"81297802B94651516294700","shapeGroup":"VNM","shapeType":"ADM2"}},
{"type":"Feature","geometry":{"type":"Polygon","coordinates":[[[105.64835,20.79243],[105.64969,20.76092],[105.6578,20.74143],[105.66656,20.73412],[105.66142,20.72379],[105.68161,20.69847],[105.6789,20.68376],[105.66944,20.67593],[105.67715,20.66513],[105.67859,20.64667],[105.68477,20.633],[105.6686,20.62923],[105.66619,20.61699],[105.68643,20.61599],[105.70123,20.62136],[105.70829,20.5987],[105.74312,20.59886],[105.76482,20.57588],[105.76858,20.56531],[105.79546,20.56793],[105.80128,20.59322],[105.81163,20.60444],[105.81298,20.61822],[105.79769,20.61195],[105.78377,20.61874],[105.80311,20.63427],[105.77229,20.66863],[105.74299,20.6903],[105.76302,20.70712],[105.76078,20.73171],[105.73277,20.72154],[105.73067,20.737],[105.69735,20.74252],[105.69792,20.75091],[105.71482,20.75679],[105.72492,20.76839],[105.70565,20.79876],[105.70944,20.80959],[105.65734,20.81468],[105.65021,20.8095],[105.64835,20.79243]]]},"properties":{"shapeName":"My Duc","shapeISO":"","shapeID":"81297802B48632704069528","shapeGroup":"VNM","shapeType":"ADM2"}},
{"type":"Feature","geometry":{"type":"Polygon","coordinates":[[[106.1386,20.89379],[106.13652,20.90443],[106.15534,20.9173],[106.15297,20.93347],[106.1582,20.95093],[106.13558,20.96005],[106.11337,20.95783],[106.06871,20.97767],[106.07003,20.96452],[106.05609,20.96313],[106.03197,20.95394],[106.03164,20.94092],[106.06428,20.93009],[106.07298,20.90136],[106.08505,20.88256],[106.09271,20.8736],[106.1254,20.89757],[106.1386,20.89379]]]},"properties":{"shapeName":"My Hao","shapeISO":"","shapeID":"81297802B81471151736005","shapeGroup":"VNM","shapeType":"ADM2"}},
{"type":"Feature","geometry":{"type":"Polygon","coordinates":[[[106.04288,20.4629],[106.06469,20.44849],[106.08312,20.44423],[106.08743,20.42843],[106.10088,20.41117],[106.13164,20.4189],[106.14153,20.45014],[106.15526,20.44375],[106.16292,20.45698],[106.18541,20.4589],[106.20138,20.44905],[106.20978,20.42957],[106.22567,20.45998],[106.22037,20.47332],[106.18979,20.48002],[106.18331,20.48484],[106.17212,20.47333],[106.14733,20.46862],[106.13918,20.47923],[106.14056,20.49473],[106.12912,20.49917],[106.10084,20.48841],[106.10528,20.46704],[106.10048,20.45528],[106.08535,20.46545],[106.06516,20.46521],[106.05631,20.47325],[106.04288,20.4629]]]},"properties":{"shapeName":"My Loc","shapeISO":"","shapeID":"81297802B55456276640785","shapeGroup":"VNM","shapeType":"ADM2"}},
{"type":"Feature","geometry":{"type":"Polygon","coordinates":[[[106.28616,10.3282],[106.30335,10.31881],[106.34444,10.33011],[106.36911,10.33991],[106.3991,10.33545],[106.41388,10.35053],[106.40481,10.37878],[106.40995,10.38756],[106.38052,10.40531],[106.35631,10.39577],[106.34501,10.40259],[106.33812,10.39284],[106.32486,10.39823],[106.30524,10.39184],[106.30669,10.35377],[106.31393,10.3382],[106.28616,10.3282]]]},"properties":{"shapeName":"My Tho","shapeISO":"","shapeID":"81297802B97193335039618","shapeGroup":"VNM","shapeType":"ADM2"}},
{"type":"Feature","geometry":{"type":"Polygon","coordinates":[[[105.80007,9.72197],[105.77184,9.70704],[105.71016,9.66848],[105.69492,9.65752],[105.66943,9.63324],[105.67898,9.616],[105.67533,9.56831],[105.68391,9.53557],[105.70314,9.53886],[105.73123,9.54805],[105.7693,9.55676],[105.7802,9.54224],[105.78777,9.54794],[105.80068,9.53786],[105.81264,9.54296],[105.8315,9.53587],[105.83304,9.52417],[105.84162,9.52907],[105.87258,9.52378],[105.88608,9.52987],[105.89596,9.55122],[105.91537,9.56426],[105.92874,9.5838],[105.93696,9.58403],[105.94328,9.59897],[105.92631,9.58916],[105.89818,9.59958],[105.8907,9.59484],[105.86796,9.60855],[105.86064,9.62324],[105.8674,9.63283],[105.86772,9.65201],[105.84184,9.65397],[105.82702,9.66771],[105.83124,9.68941],[105.82934,9.70542],[105.80007,9.72197]]]},"properties":{"shapeName":"My Tu","shapeISO":"","shapeID":"81297802B88406709239333","shapeGroup":"VNM","shapeType":"ADM2"}},
{"type":"Feature","geometry":{"type":"Polygon","coordinates":[[[105.83304,9.52417],[105.84509,9.51092],[105.83947,9.50434],[105.82166,9.50129],[105.81192,9.49271],[105.778,9.48325],[105.77449,9.4606],[105.76166,9.45597],[105.76188,9.44254],[105.75501,9.42898],[105.77158,9.4203],[105.76674,9.41075],[105.77844,9.40236],[105.78551,9.38283],[105.80902,9.37155],[105.82219,9.38555],[105.84787,9.39657],[105.85878,9.3596],[105.86864,9.35303],[105.89164,9.36737],[105.92389,9.3751],[105.93219,9.38518],[105.93804,9.40559],[105.97436,9.42817],[105.97464,9.45233],[105.96974,9.46518],[105.97324,9.49992],[105.96585,9.51079],[105.98401,9.52855],[105.9809,9.53933],[106.00913,9.53814],[105.99786,9.57179],[105.98883,9.57825],[105.97348,9.57292],[105.96626,9.55929],[105.94888,9.56642],[105.92874,9.5838],[105.91537,9.56426],[105.89596,9.55122],[105.88608,9.52987],[105.87258,9.52378],[105.84162,9.52907],[105.83304,9.52417]]]},"properties":{"shapeName":"My Xuyen","shapeISO":"","shapeID":"81297802B12004492777163","shapeGroup":"VNM","shapeType":"ADM2"}},
{"type":"Feature","geometry":{"type":"Polygon","coordinates":[[[105.59766,22.48879],[105.59166,22.50815],[105.5979,22.52271],[105.59096,22.5433],[105.57797,22.55915],[105.56355,22.56446],[105.54636,22.58835],[105.54898,22.59927],[105.5289,22.61925],[105.53159,22.63321],[105.49885,22.63393],[105.4871,22.6182],[105.47674,22.62036],[105.45988,22.60906],[105.41007,22.61191],[105.3952,22.63026],[105.38522,22.62737],[105.36186,22.63931],[105.32509,22.63701],[105.31481,22.60955],[105.31833,22.60431],[105.33492,22.59798],[105.37123,22.53297],[105.37789,22.51723],[105.38954,22.51472],[105.40199,22.49625],[105.38799,22.48586],[105.38099,22.46857],[105.38515,22.45515],[105.38088,22.43723],[105.38361,22.39934],[105.3436,22.41861],[105.31104,22.39718],[105.30806,22.41399],[105.2917,22.42267],[105.27827,22.43696],[105.27065,22.43257],[105.27117,22.40984],[105.25854,22.3968],[105.28016,22.39577],[105.28002,22.38345],[105.29394,22.36805],[105.29205,22.34407],[105.27689,22.33438],[105.2802,22.31561],[105.26695,22.30426],[105.2676,22.28806],[105.27783,22.27702],[105.30307,22.25951],[105.31998,22.25524],[105.35772,22.26978],[105.37781,22.27058],[105.39409,22.26209],[105.41149,22.27216],[105.42068,22.26186],[105.43566,22.25878],[105.47283,22.27349],[105.47095,22.28515],[105.48789,22.29314],[105.47961,22.3041],[105.48265,22.31691],[105.49671,22.32324],[105.49628,22.3412],[105.51411,22.34866],[105.51357,22.37614],[105.51829,22.4004],[105.53565,22.4077],[105.56214,22.40302],[105.5712,22.41927],[105.55942,22.41019],[105.55435,22.42822],[105.55992,22.46252],[105.59766,22.48879]]]},"properties":{"shapeName":"Na Hang","shapeISO":"","shapeID":"81297802B32233799995516","shapeGroup":"VNM","shapeType":"ADM2"}},
{"type":"Feature","geometry":{"type":"Polygon","coordinates":[[[105.947,22.11888],[105.95186,22.10222],[105.97044,22.10113],[105.98822,22.08988],[106.00156,22.08877],[105.99807,22.07104],[105.97877,22.06342],[105.96821,22.05133],[105.96419,22.02583],[105.94167,22.01955],[105.93738,21.99967],[105.92859,21.98768],[105.94173,21.97764],[105.97429,21.97907],[105.99685,21.95655],[106.02613,21.96402],[106.04659,21.96036],[106.05934,21.9415],[106.08051,21.94239],[106.09861,21.93758],[106.10927,21.94619],[106.1154,21.97799],[106.1081,22.02161],[106.09706,22.03004],[106.10273,22.04505],[106.10025,22.07159],[106.11427,22.0727],[106.12331,22.08519],[106.1571,22.08153],[106.16933,22.11143],[106.18522,22.11747],[106.18108,22.12898],[106.19149,22.1438],[106.23316,22.17651],[106.22122,22.19731],[106.22131,22.20731],[106.2378,22.22631],[106.24309,22.24847],[106.24456,22.26825],[106.22087,22.29029],[106.21201,22.29045],[106.19966,22.31273],[106.20131,22.32287],[106.21814,22.35605],[106.1848,22.38682],[106.16362,22.38087],[106.16036,22.37251],[106.14371,22.3615],[106.11929,22.33912],[106.11675,22.32144],[106.07856,22.32154],[106.05709,22.30922],[106.04446,22.31388],[106.01958,22.31029],[105.99598,22.29963],[105.97766,22.30095],[105.97167,22.29264],[105.98401,22.28037],[105.98858,22.26726],[105.98187,22.25347],[106.00658,22.22974],[106.01513,22.23637],[106.0512,22.20973],[106.0413,22.19713],[106.02316,22.18906],[106.01318,22.17944],[106.01117,22.16002],[105.99795,22.15583],[105.97932,22.16419],[105.96546,22.12228],[105.947,22.11888]]]},"properties":{"shapeName":"Na Ri","shapeISO":"","shapeID":"81297802B30321615980530","shapeGroup":"VNM","shapeType":"ADM2"}},
{"type":"Feature","geometry":{"type":"Polygon","coordinates":[[[105.01334,8.85375],[104.99709,8.84903],[104.98645,8.8384],[104.96283,8.83706],[104.9506,8.82763],[104.90593,8.81419],[104.89196,8.78929],[104.86927,8.77283],[104.80991,8.74655],[104.82643,8.721],[104.85273,8.69245],[104.91137,8.69239],[104.92626,8.69581],[104.96596,8.71562],[104.97035,8.7419],[104.98184,8.7512],[105.00441,8.76141],[105.02445,8.76419],[105.05391,8.77417],[105.07214,8.78741],[105.1291,8.75894],[105.14625,8.76129],[105.1602,8.78028],[105.17178,8.78388],[105.18238,8.79594],[105.19325,8.76631],[105.20468,8.76935],[105.21854,8.75649],[105.23854,8.75769],[105.2669,8.76797],[105.32521,8.82872],[105.30045,8.82367],[105.28706,8.83184],[105.27082,8.83506],[105.24798,8.83401],[105.24626,8.85011],[105.06501,8.84747],[105.0575,8.8522],[105.04916,8.87248],[105.01334,8.85375]]]},"properties":{"shapeName":"Nam Can","shapeISO":"","shapeID":"81297802B77939005638096","shapeGroup":"VNM","shapeType":"ADM2"}},
{"type":"Feature","geometry":{"type":"Polygon","coordinates":[[[105.40522,18.78378],[105.41313,18.76243],[105.4091,18.74694],[105.42843,18.74304],[105.44161,18.73287],[105.44128,18.71452],[105.46051,18.70568],[105.441,18.68478],[105.48697,18.65358],[105.49339,18.64218],[105.49532,18.62063],[105.50185,18.6109],[105.51513,18.59921],[105.51818,18.58415],[105.53091,18.56092],[105.5462,18.55212],[105.55207,18.55707],[105.58365,18.55874],[105.58976,18.57271],[105.61638,18.57719],[105.61372,18.5996],[105.60098,18.60314],[105.58335,18.62486],[105.55676,18.62777],[105.5689,18.65216],[105.5794,18.66109],[105.5842,18.63769],[105.60736,18.63319],[105.60187,18.65542],[105.58602,18.66061],[105.59178,18.67231],[105.60944,18.68031],[105.60679,18.69917],[105.59938,18.71355],[105.57493,18.72247],[105.56268,18.74604],[105.55365,18.75403],[105.5193,18.76693],[105.50025,18.7681],[105.48559,18.77628],[105.47358,18.77545],[105.45039,18.78279],[105.42899,18.79532],[105.4223,18.78441],[105.40522,18.78378]]]},"properties":{"shapeName":"Nam Dan","shapeISO":"","shapeID":"81297802B54877143810300","shapeGroup":"VNM","shapeType":"ADM2"}},
{"type":"Feature","geometry":{"type":"Polygon","coordinates":[[[106.13164,20.4189],[106.13098,20.39971],[106.14742,20.3919],[106.17052,20.40348],[106.17812,20.3924],[106.19516,20.38946],[106.19255,20.40606],[106.19779,20.4178],[106.21624,20.41469],[106.20978,20.42957],[106.20138,20.44905],[106.18541,20.4589],[106.16292,20.45698],[106.15526,20.44375],[106.14153,20.45014],[106.13164,20.4189]]]},"properties":{"shapeName":"Nam Định","shapeISO":"","shapeID":"81297802B54089788823696","shapeGroup":"VNM","shapeType":"ADM2"}},
{"type":"Feature","geometry":{"type":"Polygon","coordinates":[[[107.51962,16.01476],[107.54869,16.01123],[107.55966,16.02156],[107.55314,16.0402],[107.57138,16.05499],[107.59489,16.05605],[107.61898,16.06356],[107.62525,16.04938],[107.62013,16.03262],[107.63335,16.03047],[107.65597,16.01897],[107.67163,16.01163],[107.67826,15.99843],[107.70611,15.9954],[107.72652,16.01192],[107.72672,16.02995],[107.73893,16.03889],[107.75754,16.04342],[107.78445,16.06602],[107.8094,16.05323],[107.81882,16.05733],[107.82177,16.078],[107.83714,16.10119],[107.85608,16.1142],[107.85933,16.15295],[107.87383,16.15813],[107.87468,16.17297],[107.85706,16.16378],[107.84953,16.1777],[107.82931,16.1791],[107.81483,16.19062],[107.79985,16.21167],[107.77495,16.2095],[107.76031,16.22903],[107.74774,16.23754],[107.72155,16.23706],[107.71101,16.23158],[107.69197,16.24214],[107.6712,16.24325],[107.66293,16.2104],[107.64892,16.20053],[107.63098,16.19993],[107.62346,16.18824],[107.58389,16.17908],[107.56333,16.16152],[107.52038,16.15633],[107.50884,16.14031],[107.5127,16.07903],[107.52239,16.04101],[107.51633,16.02347],[107.51962,16.01476]]]},"properties":{"shapeName":"Nam Dong","shapeISO":"","shapeID":"81297802B42791937018990","shapeGroup":"VNM","shapeType":"ADM2"}},
{"type":"Feature","geometry":{"type":"Polygon","coordinates":[[[107.80116,15.8274],[107.79155,15.82746],[107.77762,15.81751],[107.75879,15.81468],[107.74147,15.80611],[107.71906,15.77829],[107.68729,15.77391],[107.66611,15.77755],[107.65591,15.76261],[107.6313,15.75747],[107.58864,15.76907],[107.57925,15.77696],[107.55389,15.76867],[107.53958,15.77582],[107.52671,15.77529],[107.51822,15.76603],[107.49043,15.76251],[107.46458,15.76755],[107.45107,15.74786],[107.42232,15.73705],[107.4018,15.74264],[107.3803,15.72807],[107.36679,15.7263],[107.35923,15.73754],[107.34908,15.72866],[107.33781,15.74938],[107.31051,15.75106],[107.3037,15.73569],[107.28852,15.73474],[107.26683,15.7397],[107.25146,15.73149],[107.26671,15.7205],[107.27701,15.6972],[107.27589,15.68197],[107.26492,15.66305],[107.27355,15.6551],[107.27603,15.63493],[107.28928,15.6244],[107.31699,15.62628],[107.33596,15.62174],[107.34285,15.60358],[107.35377,15.59249],[107.34325,15.57575],[107.36515,15.56983],[107.36532,15.54726],[107.37559,15.53014],[107.38224,15.49353],[107.41439,15.49461],[107.43169,15.49216],[107.43496,15.50364],[107.46897,15.49856],[107.49273,15.47892],[107.51378,15.47244],[107.52649,15.43724],[107.51751,15.41811],[107.53029,15.40557],[107.54499,15.4053],[107.56344,15.39428],[107.57443,15.39807],[107.58838,15.41228],[107.61065,15.41683],[107.62451,15.41464],[107.63821,15.41531],[107.66054,15.38698],[107.67869,15.4212],[107.67634,15.43277],[107.68156,15.45292],[107.70169,15.47391],[107.70292,15.50694],[107.701,15.53771],[107.6948,15.546],[107.69668,15.56213],[107.70876,15.55698],[107.74124,15.56845],[107.7518,15.57582],[107.7686,15.57259],[107.77926,15.58101],[107.81796,15.58079],[107.82832,15.56959],[107.85918,15.55768],[107.852,15.5758],[107.86723,15.57986],[107.86484,15.59406],[107.88434,15.61952],[107.87887,15.64131],[107.86654,15.6498],[107.83851,15.68254],[107.87894,15.70376],[107.8877,15.7318],[107.8852,15.73973],[107.87804,15.74351],[107.857,15.7905],[107.84645,15.80067],[107.83261,15.80442],[107.82577,15.81976],[107.80116,15.8274]]]},"properties":{"shapeName":"Nam Giang","shapeISO":"","shapeID":"81297802B72423367852086","shapeGroup":"VNM","shapeType":"ADM2"}},
{"type":"Feature","geometry":{"type":"Polygon","coordinates":[[[103.0455,22.04796],[103.06387,22.06314],[103.09496,22.05769],[103.09003,22.0696],[103.10261,22.10138],[103.1211,22.0952],[103.13302,22.07387],[103.15139,22.0746],[103.17011,22.08078],[103.19117,22.06969],[103.19586,22.07407],[103.19421,22.10751],[103.17546,22.11281],[103.19103,22.12857],[103.1926,22.14265],[103.18107,22.15358],[103.18192,22.17252],[103.16711,22.16609],[103.15448,22.18199],[103.15144,22.19826],[103.15436,22.2149],[103.16164,22.21818],[103.16722,22.25626],[103.16048,22.27217],[103.16104,22.30241],[103.17005,22.32572],[103.16806,22.34573],[103.17575,22.36138],[103.1762,22.37763],[103.1877,22.38709],[103.19915,22.40893],[103.19073,22.42588],[103.17322,22.41708],[103.15703,22.43039],[103.14464,22.4222],[103.13175,22.4226],[103.12873,22.4398],[103.09748,22.47014],[103.07886,22.46975],[103.08038,22.45464],[103.06848,22.44722],[103.0586,22.45198],[103.03058,22.44297],[102.99558,22.46102],[102.98714,22.47994],[102.96379,22.47883],[102.92863,22.48463],[102.93026,22.47229],[102.91782,22.46671],[102.91383,22.45378],[102.92077,22.44195],[102.91214,22.42529],[102.91821,22.3927],[102.93076,22.38011],[102.93568,22.36111],[102.94615,22.36791],[102.97046,22.36135],[102.98343,22.35225],[102.98612,22.33822],[102.97351,22.32158],[102.98493,22.30579],[102.97458,22.2854],[102.94127,22.29301],[102.90671,22.29013],[102.89607,22.28087],[102.87814,22.27453],[102.87562,22.2672],[102.89442,22.25712],[102.90328,22.23649],[102.89934,22.22862],[102.86927,22.2235],[102.85171,22.23344],[102.84673,22.22409],[102.82887,22.21586],[102.81744,22.23169],[102.81557,22.24353],[102.79936,22.24564],[102.78323,22.23451],[102.77233,22.21418],[102.75316,22.20742],[102.74723,22.17766],[102.73839,22.17173],[102.73925,22.14489],[102.74412,22.13176],[102.76198,22.11658],[102.7765,22.10169],[102.78572,22.08565],[102.8292,22.06435],[102.85534,22.06547],[102.8686,22.07806],[102.89718,22.07633],[102.91365,22.09037],[102.93581,22.08586],[102.92818,22.07639],[102.96047,22.04961],[102.96854,22.03078],[102.985,22.02712],[102.99819,22.04938],[103.02322,22.05567],[103.0455,22.04796]]]},"properties":{"shapeName":"Nam Nhun","shapeISO":"","shapeID":"81297802B14703404520131","shapeGroup":"VNM","shapeType":"ADM2"}},
{"type":"Feature","geometry":{"type":"Polygon","coordinates":[[[102.985,22.02712],[102.96854,22.03078],[102.96047,22.04961],[102.92818,22.07639],[102.93581,22.08586],[102.91365,22.09037],[102.89718,22.07633],[102.8686,22.07806],[102.85534,22.06547],[102.8292,22.06435],[102.78572,22.08565],[102.7765,22.10169],[102.76198,22.11658],[102.75522,22.10275],[102.72682,22.09713],[102.71726,22.08526],[102.72281,22.05162],[102.70499,22.04286],[102.69218,22.01672],[102.69736,22.00985],[102.67696,21.99692],[102.6754,21.98635],[102.61621,21.99289],[102.5939,22.00181],[102.58617,22.01609],[102.5658,22.00969],[102.5591,22.01549],[102.56609,22.04434],[102.55821,22.05044],[102.54091,22.04163],[102.5414,22.02077],[102.53492,22.01286],[102.53652,21.99809],[102.52426,21.99504],[102.51585,21.98296],[102.50037,21.98139],[102.51408,21.96628],[102.53549,21.96025],[102.5858,21.92815],[102.60287,21.92508],[102.61732,21.91285],[102.62076,21.89851],[102.61052,21.87831],[102.64355,21.85988],[102.64384,21.84034],[102.65072,21.82554],[102.64792,21.80865],[102.65886,21.7997],[102.66146,21.78726],[102.64896,21.76239],[102.64796,21.73559],[102.65975,21.70998],[102.66719,21.67719],[102.67784,21.65388],[102.6871,21.66125],[102.73127,21.66378],[102.73778,21.65928],[102.76225,21.67519],[102.77,21.68917],[102.78763,21.70693],[102.7973,21.70666],[102.81507,21.73186],[102.82614,21.73538],[102.82061,21.76007],[102.82087,21.77728],[102.81518,21.79077],[102.82023,21.79827],[102.8105,21.82492],[102.81715,21.83984],[102.83641,21.84647],[102.85154,21.8423],[102.85483,21.81001],[102.85972,21.79766],[102.85521,21.76856],[102.86055,21.75421],[102.85453,21.74178],[102.85622,21.72256],[102.88123,21.70494],[102.88638,21.71249],[102.90728,21.71696],[102.92309,21.72518],[102.93632,21.72464],[102.97416,21.74484],[102.98335,21.77852],[102.98548,21.819],[102.99423,21.83312],[103.00071,21.86166],[103.0024,21.88681],[103.01742,21.89596],[103.01113,21.91133],[103.02693,21.92316],[103.01061,21.94393],[103.00534,21.95815],[103.00449,21.98457],[102.99165,22.02067],[102.985,22.02712]]]},"properties":{"shapeName":"Nam Po","shapeISO":"","shapeID":"81297802B39086824409595","shapeGroup":"VNM","shapeType":"ADM2"}},
{"type":"Feature","geometry":{"type":"Polygon","coordinates":[[[106.28473,20.96092],[106.308,20.95772],[106.31048,20.97026],[106.32304,20.97999],[106.33837,20.98203],[106.34301,20.96387],[106.3665,20.96437],[106.37205,20.97987],[106.38807,20.98597],[106.41314,20.99807],[106.41051,21.02129],[106.39804,21.02424],[106.38148,21.0199],[106.36345,21.03639],[106.36482,21.06369],[106.33955,21.08615],[106.32388,21.08406],[106.32407,21.07391],[106.31193,21.05854],[106.29406,21.03935],[106.29458,21.02056],[106.27394,21.00433],[106.27282,20.99189],[106.27851,20.98182],[106.29346,20.97566],[106.28473,20.96092]]]},"properties":{"shapeName":"Nam Sach","shapeISO":"","shapeID":"81297802B53771614429572","shapeGroup":"VNM","shapeType":"ADM2"}},
{"type":"Feature","geometry":{"type":"Polygon","coordinates":[[[107.94811,15.29783],[107.93924,15.28752],[107.94836,15.25862],[107.93444,15.24141],[107.93264,15.21933],[107.92773,15.20971],[107.93706,15.19073],[107.9488,15.18628],[107.95042,15.17514],[107.98166,15.16666],[107.99958,15.15644],[108.00342,15.13832],[108.00073,15.11811],[107.99335,15.11051],[107.97617,15.06938],[107.95171,15.05401],[107.95875,15.03806],[107.97175,15.01216],[107.983,15.00941],[107.99006,14.99852],[108.01734,15.0019],[108.04705,14.99234],[108.06334,14.96857],[108.08714,14.96258],[108.08814,14.95144],[108.10717,14.95138],[108.12521,14.96008],[108.14923,14.96243],[108.15933,14.97924],[108.14916,15.0222],[108.1517,15.03764],[108.14628,15.04565],[108.15996,15.05977],[108.18371,15.05617],[108.2084,15.0374],[108.22556,15.02945],[108.23945,15.03087],[108.23761,15.04722],[108.24218,15.06452],[108.23553,15.07801],[108.25176,15.08456],[108.26004,15.0977],[108.26091,15.11784],[108.26136,15.11821],[108.22912,15.13103],[108.2168,15.15044],[108.22145,15.1775],[108.20973,15.19251],[108.18903,15.17494],[108.1436,15.2145],[108.1299,15.21615],[108.11701,15.22928],[108.11258,15.25322],[108.10412,15.25741],[108.08361,15.29155],[108.07794,15.30867],[108.05959,15.31385],[108.0332,15.30017],[108.02528,15.30936],[108.00701,15.31242],[107.98382,15.30073],[107.94811,15.29783]]]},"properties":{"shapeName":"Nam Tra My","shapeISO":"","shapeID":"81297802B98842550999199","shapeGroup":"VNM","shapeType":"ADM2"}},
{"type":"Feature","geometry":{"type":"Polygon","coordinates":[[[106.17052,20.40348],[106.15381,20.37483],[106.15398,20.35991],[106.16327,20.3479],[106.16769,20.32871],[106.14771,20.3109],[106.15913,20.29335],[106.15911,20.28193],[106.17772,20.25204],[106.19739,20.26718],[106.21128,20.26636],[106.21499,20.28068],[106.22559,20.28014],[106.2302,20.26412],[106.24463,20.27018],[106.26827,20.29212],[106.25276,20.30687],[106.26467,20.32693],[106.25206,20.34573],[106.25738,20.36011],[106.28346,20.3802],[106.28451,20.39554],[106.26115,20.40617],[106.22777,20.40742],[106.21624,20.41469],[106.19779,20.4178],[106.19255,20.40606],[106.19516,20.38946],[106.17812,20.3924],[106.17052,20.40348]]]},"properties":{"shapeName":"Nam Truc","shapeISO":"","shapeID":"81297802B82332241258399","shapeGroup":"VNM","shapeType":"ADM2"}},
{"type":"Feature","geometry":{"type":"Polygon","coordinates":[[[105.72962,21.05652],[105.73864,21.02277],[105.73052,21.0175],[105.73522,20.99686],[105.77131,20.98576],[105.79451,20.98547],[105.79271,21.00106],[105.78328,21.0202],[105.78406,21.02928],[105.76781,21.03959],[105.7533,21.0381],[105.73725,21.04417],[105.72962,21.05652]]]},"properties":{"shapeName":"Nam Tu Liem","shapeISO":"","shapeID":"81297802B23821385944469","shapeGroup":"VNM","shapeType":"ADM2"}},
{"type":"Feature","geometry":{"type":"Polygon","coordinates":[[[105.78942,9.86025],[105.78079,9.85509],[105.77408,9.83882],[105.78877,9.8171],[105.78623,9.7994],[105.80811,9.79834],[105.82967,9.78936],[105.8282,9.78338],[105.84491,9.76419],[105.85525,9.80531],[105.8487,9.80706],[105.85604,9.84085],[105.86711,9.87079],[105.85189,9.86821],[105.81614,9.88272],[105.8099,9.86285],[105.79595,9.86889],[105.78942,9.86025]]]},"properties":{"shapeName":"Nga Bay","shapeISO":"","shapeID":"81297802B83257848753409","shapeGroup":"VNM","shapeType":"ADM2"}},
{"type":"Feature","geometry":{"type":"Polygon","coordinates":[[[105.54512,9.45049],[105.57829,9.41329],[105.58848,9.42476],[105.626,9.49413],[105.63443,9.48955],[105.65551,9.49579],[105.66087,9.51338],[105.67434,9.50414],[105.70314,9.53886],[105.68391,9.53557],[105.67533,9.56831],[105.67898,9.616],[105.66943,9.63324],[105.64947,9.63439],[105.64687,9.62541],[105.6258,9.61637],[105.60604,9.61775],[105.5928,9.6065],[105.57611,9.61496],[105.55849,9.60382],[105.54601,9.58616],[105.55446,9.57015],[105.54682,9.48178],[105.54512,9.45049]]]},"properties":{"shapeName":"Nga Nam","shapeISO":"","shapeID":"81297802B9638596310151","shapeGroup":"VNM","shapeType":"ADM2"}},
{"type":"Feature","geometry":{"type":"Polygon","coordinates":[[[105.92397,19.97105],[105.94454,19.95138],[105.95839,19.95086],[105.96769,19.96261],[105.98186,19.96117],[105.98963,19.9682],[106.00361,19.96619],[106.00385,19.95312],[106.0262,19.95559],[106.02379,19.98169],[106.03415,20.00003],[106.05368,20.0061],[106.06165,20.01926],[106.07336,20.05141],[106.07184,20.0668],[106.03215,20.06082],[105.99261,20.06867],[105.97004,20.06588],[105.96206,20.04609],[105.94467,20.03939],[105.93484,20.0461],[105.91614,20.04564],[105.91024,20.02699],[105.91707,20.01599],[105.91367,19.99856],[105.92389,19.99101],[105.92397,19.97105]]]},"properties":{"shapeName":"Nga Son","shapeISO":"","shapeID":"81297802B47963627673209","shapeGroup":"VNM","shapeType":"ADM2"}},
{"type":"Feature","geometry":{"type":"Polygon","coordinates":[[[105.88854,22.31595],[105.89835,22.30069],[105.9258,22.28312],[105.9365,22.29927],[105.96191,22.28572],[105.97167,22.29264],[105.97766,22.30095],[105.99598,22.29963],[106.01958,22.31029],[106.04446,22.31388],[106.05709,22.30922],[106.07856,22.32154],[106.11675,22.32144],[106.11929,22.33912],[106.14371,22.3615],[106.16036,22.37251],[106.16362,22.38087],[106.1848,22.38682],[106.1848,22.38706],[106.17954,22.40011],[106.15986,22.40879],[106.14121,22.39353],[106.12356,22.40119],[106.11175,22.39801],[106.1019,22.41294],[106.10311,22.43365],[106.09592,22.44293],[106.12124,22.47101],[106.11717,22.48201],[106.11975,22.51031],[106.10304,22.51479],[106.09504,22.53614],[106.09741,22.54588],[106.0763,22.55198],[106.06831,22.56854],[106.05019,22.57683],[106.04153,22.56175],[106.00861,22.55363],[106.00458,22.54712],[105.9718,22.53477],[105.95373,22.52191],[105.93393,22.52618],[105.91419,22.49473],[105.9051,22.49405],[105.89823,22.47374],[105.88515,22.46295],[105.88402,22.4457],[105.87165,22.42685],[105.87144,22.40607],[105.85638,22.38858],[105.86138,22.37455],[105.85192,22.36384],[105.88486,22.33745],[105.88854,22.31595]]]},"properties":{"shapeName":"Ngan Son","shapeISO":"","shapeID":"81297802B68784640933993","shapeGroup":"VNM","shapeType":"ADM2"}},
{"type":"Feature","geometry":{"type":"Polygon","coordinates":[[[105.71818,18.833],[105.71516,18.84479],[105.69508,18.86413],[105.64995,18.89195],[105.6389,18.89564],[105.63033,18.88664],[105.61193,18.88051],[105.60739,18.86813],[105.59131,18.86826],[105.5701,18.86016],[105.54623,18.86233],[105.53282,18.89211],[105.51395,18.89784],[105.49678,18.89663],[105.49292,18.88605],[105.4802,18.87767],[105.47299,18.85569],[105.48195,18.84906],[105.47002,18.83072],[105.46758,18.81311],[105.47383,18.78765],[105.48559,18.77628],[105.50025,18.7681],[105.5193,18.76693],[105.55365,18.75403],[105.57787,18.76863],[105.58209,18.7945],[105.61501,18.79589],[105.61098,18.77164],[105.61327,18.75115],[105.63037,18.72171],[105.63652,18.72025],[105.63863,18.74131],[105.64678,18.74507],[105.64197,18.76084],[105.65532,18.76614],[105.67945,18.75215],[105.69433,18.7543],[105.69792,18.73634],[105.7175,18.70739],[105.74324,18.68887],[105.74545,18.70597],[105.75677,18.70506],[105.74185,18.74555],[105.72705,18.75986],[105.72291,18.77435],[105.71241,18.77757],[105.70145,18.79377],[105.70102,18.80432],[105.71336,18.81874],[105.71818,18.833]]]},"properties":{"shapeName":"Nghi Loc","shapeISO":"","shapeID":"81297802B50427055609681","shapeGroup":"VNM","shapeType":"ADM2"}},
{"type":"Feature","geometry":{"type":"Polygon","coordinates":[[[105.81497,18.54178],[105.84068,18.54469],[105.8427,18.5332],[105.85274,18.525],[105.86725,18.52962],[105.83729,18.57821],[105.8137,18.62675],[105.79901,18.66913],[105.78827,18.71856],[105.77719,18.76054],[105.76184,18.76396],[105.74185,18.74555],[105.75677,18.70506],[105.76896,18.6776],[105.76325,18.67037],[105.74202,18.668],[105.72759,18.67247],[105.71335,18.66338],[105.70662,18.64101],[105.69386,18.63155],[105.68857,18.61969],[105.68951,18.59595],[105.67257,18.58024],[105.68068,18.56734],[105.69343,18.56885],[105.71114,18.56036],[105.72158,18.54607],[105.7302,18.54502],[105.74918,18.55648],[105.76562,18.54873],[105.78976,18.54473],[105.80366,18.54866],[105.81497,18.54178]]]},"properties":{"shapeName":"Nghi Xuan","shapeISO":"","shapeID":"81297802B92253150972948","shapeGroup":"VNM","shapeType":"ADM2"}},
{"type":"Feature","geometry":{"type":"Polygon","coordinates":[[[105.51307,19.46349],[105.49787,19.4609],[105.48952,19.45157],[105.47108,19.45678],[105.44446,19.44331],[105.43399,19.45424],[105.41818,19.45866],[105.40359,19.44856],[105.38975,19.45556],[105.39193,19.46553],[105.3831,19.48406],[105.36795,19.49698],[105.36869,19.51984],[105.35401,19.53701],[105.326,19.51893],[105.32359,19.50931],[105.30961,19.49891],[105.29417,19.47563],[105.29489,19.46684],[105.30972,19.43844],[105.30622,19.42391],[105.32475,19.38839],[105.31473,19.36711],[105.3045,19.35809],[105.31258,19.34609],[105.32332,19.34451],[105.32893,19.32872],[105.33777,19.32065],[105.33885,19.30631],[105.32585,19.27935],[105.33296,19.26029],[105.30316,19.23753],[105.30655,19.21671],[105.32087,19.21757],[105.32582,19.20937],[105.35257,19.21208],[105.36686,19.19648],[105.38294,19.20145],[105.39401,19.19728],[105.43253,19.17094],[105.45696,19.18465],[105.47977,19.20794],[105.50232,19.21674],[105.51035,19.22995],[105.51593,19.24054],[105.49928,19.2536],[105.48742,19.25553],[105.46027,19.24158],[105.44537,19.26214],[105.43029,19.24552],[105.40596,19.25472],[105.38815,19.26777],[105.35024,19.26081],[105.34855,19.27564],[105.36527,19.28282],[105.37148,19.3056],[105.38224,19.30571],[105.39459,19.32433],[105.39482,19.33431],[105.42316,19.35671],[105.4333,19.34908],[105.44106,19.32915],[105.45255,19.32663],[105.46648,19.31484],[105.51818,19.30816],[105.53481,19.29153],[105.54492,19.29872],[105.55927,19.29873],[105.55765,19.31622],[105.57805,19.34768],[105.58606,19.34885],[105.59069,19.37135],[105.58279,19.3908],[105.56534,19.40724],[105.54179,19.44019],[105.53278,19.45758],[105.51307,19.46349]]]},"properties":{"shapeName":"Nghia Dan","shapeISO":"","shapeID":"81297802B96353597468260","shapeGroup":"VNM","shapeType":"ADM2"}},
{"type":"Feature","geometry":{"type":"Polygon","coordinates":[[[108.81704,14.84954],[108.82864,14.86217],[108.82869,14.87488],[108.82076,14.88282],[108.79372,14.90844],[108.79365,14.93961],[108.80372,14.95041],[108.82483,14.96193],[108.8411,14.95609],[108.85406,14.98203],[108.8436,14.98728],[108.83546,15.00825],[108.84523,15.01975],[108.84115,15.02925],[108.82595,15.03492],[108.81663,15.05674],[108.79348,15.06121],[108.78898,15.08468],[108.76529,15.08725],[108.7536,15.07662],[108.73877,15.07336],[108.72422,15.08639],[108.70557,15.07573],[108.6875,15.05678],[108.69373,15.04437],[108.70564,15.02729],[108.7237,15.01002],[108.74478,15.01237],[108.75272,14.99781],[108.76634,14.98881],[108.7471,14.96987],[108.75764,14.96236],[108.74959,14.95039],[108.72628,14.93073],[108.72844,14.91559],[108.71542,14.88676],[108.74321,14.87939],[108.7507,14.88568],[108.76303,14.87247],[108.78705,14.86019],[108.80731,14.84589],[108.81704,14.84954]]]},"properties":{"shapeName":"Nghia Hanh","shapeISO":"","shapeID":"81297802B973126409201","shapeGroup":"VNM","shapeType":"ADM2"}},
{"type":"Feature","geometry":{"type":"Polygon","coordinates":[[[106.17862,20.14211],[106.17855,20.16255],[106.18699,20.19754],[106.19769,20.20776],[106.19676,20.22175],[106.1818,20.23794],[106.17772,20.25204],[106.15911,20.28193],[106.15913,20.29335],[106.14771,20.3109],[106.14417,20.30516],[106.14406,20.27814],[106.13439,20.26763],[106.11722,20.26847],[106.09765,20.25093],[106.10685,20.21662],[106.14521,20.22724],[106.15212,20.22561],[106.16203,20.1894],[106.16285,20.1631],[106.16815,20.13439],[106.16227,20.12362],[106.14517,20.09171],[106.14325,20.07118],[106.13432,20.05889],[106.11454,20.04663],[106.1118,20.01966],[106.09549,19.97085],[106.10237,19.93765],[106.09952,19.92092],[106.09427,19.90012],[106.10121,19.88941],[106.1138,19.8966],[106.14358,19.92933],[106.15453,19.94771],[106.17918,19.97182],[106.19021,19.99576],[106.20996,20.04617],[106.2096,20.0817],[106.19833,20.11254],[106.18156,20.13201],[106.17862,20.14211]]]},"properties":{"shapeName":"Nghia Hung","shapeISO":"","shapeID":"81297802B4294080644708","shapeGroup":"VNM","shapeType":"ADM2"}},
{"type":"Feature","geometry":{"type":"Polygon","coordinates":[[[104.47135,21.56455],[104.4941,21.57723],[104.51523,21.57647],[104.52863,21.5956],[104.52955,21.60616],[104.50962,21.62209],[104.49319,21.61277],[104.47604,21.59412],[104.4588,21.59448],[104.45203,21.58424],[104.45486,21.56812],[104.47135,21.56455]]]},"properties":{"shapeName":"Nghia Lo","shapeISO":"","shapeID":"81297802B35519691635120","shapeGroup":"VNM","shapeType":"ADM2"}},
{"type":"Feature","geometry":{"type":"Polygon","coordinates":[[[106.69956,20.82803],[106.70883,20.85426],[106.72303,20.86677],[106.7058,20.87779],[106.67968,20.86755],[106.6819,20.85602],[106.69093,20.84654],[106.6962,20.82753],[106.69956,20.82803]]]},"properties":{"shapeName":"Ngo Quyen","shapeISO":"","shapeID":"81297802B18343005733844","shapeGroup":"VNM","shapeType":"ADM2"}},
{"type":"Feature","geometry":{"type":"Polygon","coordinates":[[[104.80991,8.74655],[104.78453,8.71788],[104.77917,8.69393],[104.78676,8.67415],[104.79822,8.66011],[104.77977,8.65378],[104.74854,8.65036],[104.73441,8.65482],[104.71716,8.65274],[104.70794,8.64515],[104.70541,8.63281],[104.70943,8.6102],[104.71835,8.59697],[104.73997,8.58516],[104.83355,8.56283],[104.84357,8.56276],[104.96414,8.5886],[104.98455,8.59965],[105.00299,8.59994],[105.05702,8.62299],[105.07177,8.62346],[105.10651,8.63508],[105.1288,8.65593],[105.13053,8.67147],[105.15027,8.70274],[105.16706,8.71543],[105.18019,8.73723],[105.21854,8.75649],[105.20468,8.76935],[105.19325,8.76631],[105.18238,8.79594],[105.17178,8.78388],[105.1602,8.78028],[105.14625,8.76129],[105.1291,8.75894],[105.07214,8.78741],[105.05391,8.77417],[105.02445,8.76419],[105.00441,8.76141],[104.98184,8.7512],[104.97035,8.7419],[104.96596,8.71562],[104.92626,8.69581],[104.91137,8.69239],[104.85273,8.69245],[104.82643,8.721],[104.80991,8.74655]]]},"properties":{"shapeName":"Ngoc Hien","shapeISO":"","shapeID":"81297802B22159011638398","shapeGroup":"VNM","shapeType":"ADM2"}},
{"type":"Feature","geometry":{"type":"Polygon","coordinates":[[[107.58935,14.86398],[107.56927,14.85219],[107.56156,14.83913],[107.52217,14.81363],[107.52365,14.80499],[107.50965,14.79575],[107.51434,14.78386],[107.52606,14.77539],[107.54192,14.7507],[107.52671,14.73395],[107.52792,14.72332],[107.54488,14.71944],[107.55152,14.7063],[107.54365,14.68528],[107.55231,14.66869],[107.54922,14.65231],[107.53801,14.62204],[107.54399,14.60913],[107.52466,14.59787],[107.52311,14.56886],[107.53181,14.55437],[107.52216,14.52198],[107.51538,14.51154],[107.52255,14.50315],[107.54261,14.50917],[107.58111,14.51193],[107.60999,14.52886],[107.65204,14.5327],[107.65979,14.54018],[107.66077,14.55581],[107.6746,14.57692],[107.70219,14.58935],[107.71345,14.58326],[107.7341,14.58895],[107.74773,14.59709],[107.75956,14.61291],[107.75048,14.62039],[107.73964,14.64149],[107.74878,14.65552],[107.73158,14.68557],[107.71719,14.69933],[107.71034,14.7138],[107.70039,14.75186],[107.72384,14.76557],[107.74036,14.79354],[107.73754,14.81301],[107.77532,14.8379],[107.782,14.86519],[107.79461,14.87922],[107.785,14.88555],[107.79418,14.90647],[107.77718,14.94587],[107.78109,14.9727],[107.76024,14.96367],[107.74075,14.94669],[107.71816,14.94972],[107.72523,14.93312],[107.71239,14.8895],[107.7012,14.86504],[107.68816,14.86015],[107.65199,14.86594],[107.62309,14.86257],[107.60431,14.87071],[107.58935,14.86398]]]},"properties":{"shapeName":"Ngoc Hoi","shapeISO":"","shapeID":"81297802B1803091954954","shapeGroup":"VNM","shapeType":"ADM2"}},
{"type":"Feature","geometry":{"type":"Polygon","coordinates":[[[105.24783,20.20872],[105.25477,20.20481],[105.2784,20.17794],[105.28554,20.1632],[105.28211,20.13753],[105.27279,20.11652],[105.28489,20.09654],[105.27716,20.07221],[105.27516,20.05236],[105.2844,20.03659],[105.28302,20.01947],[105.27192,20.0067],[105.28479,19.97594],[105.30385,19.96404],[105.30908,19.94947],[105.34114,19.93974],[105.35317,19.92675],[105.37318,19.92376],[105.39938,19.92771],[105.43515,19.95463],[105.43283,19.97875],[105.41115,19.99254],[105.42819,20.00198],[105.44479,19.99368],[105.4549,20.00023],[105.44652,20.01763],[105.46247,20.02008],[105.46135,20.03499],[105.49654,20.04021],[105.50764,20.05999],[105.49672,20.07543],[105.49879,20.0823],[105.48677,20.10736],[105.46906,20.11708],[105.45626,20.13278],[105.43635,20.13791],[105.4166,20.15701],[105.39661,20.16444],[105.37908,20.17574],[105.3615,20.17224],[105.35018,20.18607],[105.33359,20.18209],[105.32054,20.18991],[105.28317,20.18525],[105.25187,20.21609],[105.24783,20.20872]]]},"properties":{"shapeName":"Ngoc Lac","shapeISO":"","shapeID":"81297802B82512093072214","shapeGroup":"VNM","shapeType":"ADM2"}},
{"type":"Feature","geometry":{"type":"Polygon","coordinates":[[[108.21686,15.97167],[108.22478,15.95659],[108.24073,15.97233],[108.25544,15.97678],[108.26148,15.9658],[108.28924,15.96724],[108.25973,16.02484],[108.24779,16.05654],[108.22915,16.0511],[108.23527,16.04069],[108.23352,16.02785],[108.22918,15.99195],[108.21686,15.97167]]]},"properties":{"shapeName":"Ngu Hanh Son","shapeISO":"","shapeID":"81297802B96824977906351","shapeGroup":"VNM","shapeType":"ADM2"}},
{"type":"Feature","geometry":{"type":"Polygon","coordinates":[[[105.9051,22.49405],[105.91419,22.49473],[105.93393,22.52618],[105.95373,22.52191],[105.9718,22.53477],[106.00458,22.54712],[106.00861,22.55363],[106.04153,22.56175],[106.05019,22.57683],[106.06831,22.56854],[106.0763,22.55198],[106.09741,22.54588],[106.09504,22.53614],[106.10304,22.51479],[106.11975,22.51031],[106.13149,22.5182],[106.15447,22.51427],[106.16227,22.53526],[106.15561,22.54839],[106.175,22.55829],[106.17247,22.57119],[106.15205,22.59198],[106.13451,22.59384],[106.11714,22.5829],[106.11746,22.62198],[106.12427,22.63636],[106.14816,22.65624],[106.12316,22.69866],[106.10077,22.70627],[106.07669,22.69769],[106.06524,22.6878],[106.05112,22.69419],[106.04356,22.67825],[106.02623,22.6829],[106.0237,22.70191],[106.01653,22.71445],[105.99595,22.70058],[105.99022,22.68321],[105.97809,22.69224],[105.96823,22.68989],[105.95165,22.6981],[105.94775,22.71513],[105.92859,22.71206],[105.91673,22.71826],[105.92221,22.73188],[105.93457,22.74512],[105.91568,22.7557],[105.89836,22.75804],[105.89415,22.76712],[105.8746,22.77256],[105.86814,22.78692],[105.8507,22.80062],[105.82714,22.78027],[105.84013,22.76017],[105.80923,22.73442],[105.79765,22.73871],[105.75606,22.73901],[105.74991,22.72798],[105.76077,22.69717],[105.77917,22.69073],[105.77551,22.68292],[105.75239,22.66372],[105.74198,22.64202],[105.74191,22.62604],[105.7555,22.60594],[105.74683,22.59312],[105.75267,22.58527],[105.76737,22.58688],[105.77868,22.57631],[105.77167,22.56346],[105.78024,22.54824],[105.79102,22.54597],[105.80474,22.52316],[105.83371,22.51488],[105.87021,22.5198],[105.87593,22.51303],[105.89861,22.50565],[105.9051,22.49405]]]},"properties":{"shapeName":"Nguyen Binh","shapeISO":"","shapeID":"81297802B34664406606726","shapeGroup":"VNM","shapeType":"ADM2"}},
{"type":"Feature","geometry":{"type":"Polygon","coordinates":[[[106.68539,10.65657],[106.72202,10.64604],[106.73324,10.62888],[106.72913,10.61205],[106.71894,10.60592],[106.72324,10.58834],[106.73684,10.5864],[106.7457,10.57628],[106.75559,10.58142],[106.77081,10.57622],[106.78115,10.58052],[106.78336,10.59197],[106.77102,10.6175],[106.77083,10.63811],[106.74632,10.65071],[106.7384,10.66484],[106.75044,10.67225],[106.77064,10.66556],[106.77615,10.67519],[106.75867,10.69174],[106.7521,10.70435],[106.72612,10.69988],[106.72589,10.71037],[106.70567,10.72506],[106.69016,10.72517],[106.67332,10.704],[106.67312,10.6921],[106.68142,10.67783],[106.6788,10.66454],[106.68539,10.65657]]]},"properties":{"shapeName":"Nha Be","shapeISO":"","shapeID":"81297802B80984092880643","shapeGroup":"VNM","shapeType":"ADM2"}},
{"type":"Feature","geometry":{"type":"MultiPolygon","coordinates":[[[[109.27086,12.23211],[109.25475,12.21917],[109.24047,12.21541],[109.27324,12.18794],[109.29097,12.18026],[109.29716,12.19576],[109.32386,12.18504],[109.32867,12.2214],[109.29636,12.23031],[109.27086,12.23211]]],[[[109.22365,12.14194],[109.22091,12.15434],[109.2009,12.16374],[109.20812,12.17526],[109.20678,12.18869],[109.21588,12.19773],[109.21686,12.2114],[109.20208,12.22563],[109.19698,12.25381],[109.20714,12.29072],[109.23516,12.29509],[109.23462,12.30784],[109.2022,12.33591],[109.19578,12.35988],[109.19674,12.37828],[109.18258,12.374],[109.17523,12.36184],[109.15943,12.36001],[109.13531,12.36782],[109.11957,12.35673],[109.11339,12.34287],[109.13131,12.31966],[109.12933,12.29902],[109.13703,12.26507],[109.12672,12.25522],[109.13183,12.22651],[109.12052,12.21306],[109.11708,12.20322],[109.13661,12.18126],[109.14462,12.16354],[109.15479,12.15403],[109.18562,12.14533],[109.21541,12.14731],[109.22365,12.14194]]]]},"properties":{"shapeName":"Nha Trang","shapeISO":"","shapeID":"81297802B68033195953544","shapeGroup":"VNM","shapeType":"ADM2"}},
{"type":"Feature","geometry":{"type":"Polygon","coordinates":[[[105.82076,20.42126],[105.80772,20.42953],[105.79376,20.44753],[105.78198,20.43659],[105.77285,20.44255],[105.75137,20.43892],[105.75714,20.41711],[105.75213,20.4068],[105.75986,20.37877],[105.73043,20.38615],[105.7318,20.39901],[105.71905,20.40801],[105.6975,20.41183],[105.69497,20.3859],[105.70411,20.37869],[105.70966,20.36033],[105.72407,20.34212],[105.72456,20.32954],[105.701,20.32084],[105.68737,20.30564],[105.6763,20.30624],[105.65099,20.32691],[105.63546,20.34337],[105.61821,20.34912],[105.59911,20.36412],[105.58116,20.36978],[105.5703,20.35931],[105.54276,20.36216],[105.5501,20.34695],[105.54887,20.33443],[105.57971,20.31181],[105.59919,20.31217],[105.62032,20.28225],[105.65005,20.27374],[105.67893,20.2467],[105.68333,20.23498],[105.69418,20.23083],[105.70036,20.21879],[105.73788,20.19426],[105.7406,20.18554],[105.77709,20.17204],[105.79335,20.17009],[105.81711,20.16858],[105.8313,20.18709],[105.85447,20.18093],[105.86943,20.18098],[105.88732,20.21897],[105.87893,20.23282],[105.87402,20.24894],[105.86253,20.2562],[105.84785,20.27655],[105.83105,20.27249],[105.80968,20.28603],[105.81029,20.29664],[105.80062,20.31762],[105.81169,20.33143],[105.80897,20.3464],[105.79884,20.35265],[105.81442,20.36987],[105.80359,20.38474],[105.79901,20.4002],[105.81113,20.41925],[105.82076,20.42126]]]},"properties":{"shapeName":"Nho Quan","shapeISO":"","shapeID":"81297802B37600217906847","shapeGroup":"VNM","shapeType":"ADM2"}},
{"type":"Feature","geometry":{"type":"Polygon","coordinates":[[[107.01367,10.52239],[107.02541,10.53341],[107.01634,10.5481],[107.01556,10.56374],[107.02785,10.58709],[107.01958,10.60404],[107.00196,10.61794],[107.00001,10.63262],[107.01496,10.64298],[107.01696,10.65951],[106.99259,10.66793],[106.9868,10.68156],[106.97492,10.68914],[106.97829,10.70049],[106.95715,10.73815],[106.9582,10.75074],[106.94193,10.77138],[106.92493,10.77623],[106.89912,10.77663],[106.88995,10.78523],[106.87136,10.77723],[106.86385,10.76507],[106.85364,10.77415],[106.83771,10.77102],[106.81797,10.78039],[106.8096,10.77417],[106.80138,10.76041],[106.77415,10.74769],[106.76666,10.74045],[106.75288,10.72194],[106.7521,10.70435],[106.75867,10.69174],[106.77615,10.67519],[106.80824,10.6551],[106.8231,10.62983],[106.8367,10.62752],[106.84102,10.63648],[106.86034,10.63655],[106.87277,10.64799],[106.88284,10.64761],[106.90345,10.62467],[106.91128,10.60816],[106.96051,10.59358],[106.98373,10.57921],[106.9789,10.56447],[106.98818,10.55266],[106.98468,10.53979],[106.99323,10.52819],[107.00451,10.53031],[107.01367,10.52239]]]},"properties":{"shapeName":"Nhon Trach","shapeISO":"","shapeID":"81297802B6615511759285","shapeGroup":"VNM","shapeType":"ADM2"}},
{"type":"Feature","geometry":{"type":"Polygon","coordinates":[[[105.59069,19.37135],[105.61185,19.37039],[105.62915,19.37417],[105.66125,19.39871],[105.64781,19.41313],[105.65685,19.42666],[105.65687,19.45695],[105.64411,19.46341],[105.65888,19.48799],[105.63035,19.48324],[105.61682,19.47696],[105.60255,19.49253],[105.6114,19.50896],[105.6503,19.5167],[105.64618,19.53908],[105.63665,19.54629],[105.63269,19.56197],[105.61822,19.57405],[105.62347,19.58463],[105.61667,19.60245],[105.60328,19.62076],[105.61109,19.63868],[105.62155,19.64652],[105.64407,19.65451],[105.63812,19.69918],[105.62106,19.71228],[105.59632,19.71904],[105.58866,19.73142],[105.57116,19.73707],[105.5658,19.75813],[105.57931,19.76881],[105.5783,19.79088],[105.55694,19.79363],[105.53952,19.7675],[105.52664,19.76733],[105.51909,19.78574],[105.52468,19.8014],[105.50415,19.7941],[105.4747,19.79974],[105.45745,19.7863],[105.44838,19.79123],[105.45001,19.76052],[105.45505,19.75422],[105.46798,19.73902],[105.48354,19.73583],[105.49707,19.72589],[105.49269,19.70746],[105.48125,19.70128],[105.47839,19.6837],[105.49288,19.67398],[105.49317,19.66423],[105.51874,19.65522],[105.52824,19.63104],[105.51561,19.62005],[105.49135,19.58993],[105.47792,19.58656],[105.46228,19.57262],[105.46298,19.54874],[105.45078,19.53712],[105.45541,19.50356],[105.47492,19.50853],[105.5031,19.49245],[105.51307,19.46349],[105.53278,19.45758],[105.54179,19.44019],[105.56534,19.40724],[105.58279,19.3908],[105.59069,19.37135]]]},"properties":{"shapeName":"Nhu Thanh","shapeISO":"","shapeID":"81297802B85505749224324","shapeGroup":"VNM","shapeType":"ADM2"}},
{"type":"Feature","geometry":{"type":"Polygon","coordinates":[[[105.51307,19.46349],[105.5031,19.49245],[105.47492,19.50853],[105.45541,19.50356],[105.45078,19.53712],[105.46298,19.54874],[105.46228,19.57262],[105.47792,19.58656],[105.49135,19.58993],[105.51561,19.62005],[105.52824,19.63104],[105.51874,19.65522],[105.49317,19.66423],[105.49288,19.67398],[105.47839,19.6837],[105.48125,19.70128],[105.49269,19.70746],[105.49707,19.72589],[105.48354,19.73583],[105.46798,19.73902],[105.45505,19.75422],[105.44674,19.7494],[105.43203,19.75485],[105.4137,19.74779],[105.39833,19.72647],[105.37358,19.72284],[105.37324,19.71658],[105.35392,19.70904],[105.33266,19.71316],[105.31956,19.72076],[105.30415,19.72046],[105.28212,19.73798],[105.25234,19.74139],[105.23855,19.71885],[105.2237,19.72012],[105.21432,19.71181],[105.19247,19.71401],[105.16389,19.72259],[105.15591,19.71394],[105.16505,19.68965],[105.18321,19.68245],[105.20834,19.66625],[105.22507,19.64874],[105.23674,19.64548],[105.24918,19.65728],[105.26265,19.6389],[105.27271,19.61226],[105.2828,19.60622],[105.27993,19.585],[105.28305,19.56713],[105.27432,19.56115],[105.26961,19.52947],[105.2782,19.49221],[105.28961,19.49044],[105.29417,19.47563],[105.30961,19.49891],[105.32359,19.50931],[105.326,19.51893],[105.35401,19.53701],[105.36869,19.51984],[105.36795,19.49698],[105.3831,19.48406],[105.39193,19.46553],[105.38975,19.45556],[105.40359,19.44856],[105.41818,19.45866],[105.43399,19.45424],[105.44446,19.44331],[105.47108,19.45678],[105.48952,19.45157],[105.49787,19.4609],[105.51307,19.46349]]]},"properties":{"shapeName":"Nhu Xuan","shapeISO":"","shapeID":"81297802B29351066345319","shapeGroup":"VNM","shapeType":"ADM2"}},
{"type":"Feature","geometry":{"type":"Polygon","coordinates":[[[105.98739,20.19992],[106.00363,20.21652],[106.00345,20.2285],[106.02395,20.24999],[106.00427,20.25142],[105.98118,20.26373],[105.98334,20.27274],[105.97113,20.29026],[105.93896,20.28127],[105.92905,20.25764],[105.94437,20.25532],[105.94351,20.23226],[105.95454,20.22282],[105.9587,20.20942],[105.98729,20.20966],[105.98739,20.19992]]]},"properties":{"shapeName":"Ninh Bình","shapeISO":"","shapeID":"81297802B33091662264636","shapeGroup":"VNM","shapeType":"ADM2"}},
{"type":"Feature","geometry":{"type":"Polygon","coordinates":[[[106.28775,20.78026],[106.28131,20.768],[106.26796,20.76921],[106.26931,20.7481],[106.26252,20.72817],[106.26526,20.70427],[106.27529,20.69283],[106.30272,20.68959],[106.33313,20.71074],[106.35021,20.70092],[106.38234,20.71181],[106.40169,20.72885],[106.40782,20.72843],[106.41154,20.73402],[106.41287,20.74362],[106.4018,20.77072],[106.39062,20.77727],[106.37363,20.80113],[106.34596,20.81118],[106.32101,20.78804],[106.3161,20.79811],[106.29934,20.79527],[106.29943,20.77739],[106.28775,20.78026]]]},"properties":{"shapeName":"Ninh Giang","shapeISO":"","shapeID":"81297802B74485828948407","shapeGroup":"VNM","shapeType":"ADM2"}},
{"type":"Feature","geometry":{"type":"Polygon","coordinates":[[[108.96409,11.65822],[108.97475,11.64652],[108.96861,11.62407],[108.97419,11.61541],[108.99504,11.61442],[109.00653,11.60231],[109.03054,11.5992],[109.03253,11.58534],[109.0506,11.58887],[109.06647,11.58185],[109.09207,11.58744],[109.12323,11.57308],[109.13923,11.58369],[109.15085,11.61786],[109.16627,11.6215],[109.17311,11.66338],[109.1893,11.68316],[109.19896,11.71537],[109.2283,11.72101],[109.23348,11.7275],[109.23122,11.74755],[109.215,11.75705],[109.21223,11.77126],[109.19106,11.78651],[109.16859,11.7706],[109.14419,11.75833],[109.14354,11.74561],[109.12742,11.7295],[109.13072,11.71577],[109.12625,11.69664],[109.1317,11.64555],[109.11253,11.62793],[109.10229,11.63043],[109.07752,11.65003],[109.06005,11.64334],[109.05231,11.64644],[109.0576,11.67511],[109.04412,11.67205],[109.03939,11.65982],[109.02537,11.65819],[109.00573,11.672],[109.00025,11.68769],[108.96409,11.65822]]]},"properties":{"shapeName":"Ninh Hai","shapeISO":"","shapeID":"81297802B76244887601508","shapeGroup":"VNM","shapeType":"ADM2"}},
{"type":"Feature","geometry":{"type":"Polygon","coordinates":[[[109.11339,12.34287],[109.11957,12.35673],[109.13531,12.36782],[109.15943,12.36001],[109.17523,12.36184],[109.18258,12.374],[109.19674,12.37828],[109.20119,12.389],[109.18316,12.40409],[109.17146,12.40268],[109.15872,12.41213],[109.15245,12.42958],[109.1634,12.43418],[109.17701,12.45637],[109.19445,12.44193],[109.20712,12.43803],[109.22566,12.41621],[109.24312,12.40494],[109.25861,12.38054],[109.261,12.36235],[109.27918,12.35651],[109.29312,12.34604],[109.30031,12.35394],[109.30189,12.37991],[109.33703,12.38802],[109.34198,12.39905],[109.31944,12.4182],[109.31036,12.41554],[109.28965,12.42768],[109.2852,12.44317],[109.28768,12.45645],[109.29754,12.47312],[109.28488,12.48885],[109.27719,12.48581],[109.25155,12.50671],[109.2391,12.50888],[109.23008,12.53531],[109.23215,12.5618],[109.24391,12.58558],[109.2233,12.58649],[109.21134,12.56894],[109.19427,12.57269],[109.20004,12.58848],[109.17051,12.58213],[109.1617,12.58538],[109.15942,12.61386],[109.15479,12.62751],[109.13432,12.6387],[109.11793,12.64158],[109.13321,12.66593],[109.1106,12.68066],[109.11424,12.68811],[109.107,12.70843],[109.10847,12.72205],[109.09894,12.72604],[109.08746,12.74295],[109.06939,12.75259],[109.06186,12.74415],[109.03968,12.74312],[109.01492,12.7266],[108.99482,12.70648],[108.99119,12.68994],[108.98063,12.68128],[108.96327,12.68361],[108.94434,12.69335],[108.90332,12.67074],[108.91614,12.65996],[108.91383,12.63995],[108.89762,12.62351],[108.87832,12.625],[108.86405,12.60565],[108.86569,12.59414],[108.8964,12.57346],[108.89465,12.54976],[108.88288,12.54095],[108.87515,12.52543],[108.87353,12.50479],[108.87661,12.49748],[108.90174,12.48773],[108.91845,12.48662],[108.94606,12.46096],[108.94783,12.43948],[108.97311,12.42691],[109.00382,12.39622],[109.01251,12.40737],[109.02426,12.40332],[109.04569,12.40581],[109.0673,12.38993],[109.11339,12.34287]]]},"properties":{"shapeName":"Ninh Hoa","shapeISO":"","shapeID":"81297802B58839501230111","shapeGroup":"VNM","shapeType":"ADM2"}},
{"type":"Feature","geometry":{"type":"Polygon","coordinates":[[[105.79638,10.05314],[105.78107,10.07046],[105.77038,10.06145],[105.76986,10.051],[105.75254,10.04623],[105.74054,10.02],[105.71935,10.00355],[105.73963,9.99434],[105.74742,10.00599],[105.76358,10.00631],[105.77499,10.02306],[105.78728,10.02642],[105.79161,10.03669],[105.80379,10.04301],[105.79638,10.05314]]]},"properties":{"shapeName":"Ninh Kieu","shapeISO":"","shapeID":"81297802B54398389952996","shapeGroup":"VNM","shapeType":"ADM2"}},
{"type":"Feature","geometry":{"type":"Polygon","coordinates":[[[108.92796,11.60502],[108.88232,11.62817],[108.87122,11.62711],[108.87643,11.64611],[108.86236,11.6509],[108.83912,11.65075],[108.82216,11.63785],[108.75993,11.6489],[108.7341,11.61351],[108.735,11.59602],[108.7523,11.57414],[108.80549,11.54516],[108.82533,11.52983],[108.84646,11.52631],[108.8397,11.49365],[108.86704,11.49398],[108.88208,11.47883],[108.89792,11.48409],[108.91204,11.50912],[108.93735,11.50434],[108.93728,11.48656],[108.96112,11.46919],[108.98977,11.46914],[108.98794,11.49783],[109.01142,11.49782],[109.01279,11.51621],[109.019,11.53026],[109.02138,11.54409],[109.00463,11.54101],[108.98259,11.55162],[108.98811,11.56429],[108.97053,11.57339],[108.96119,11.58897],[108.9393,11.59296],[108.92796,11.60502]]]},"properties":{"shapeName":"Ninh Phuoc","shapeISO":"","shapeID":"81297802B18401806223645","shapeGroup":"VNM","shapeType":"ADM2"}},
{"type":"Feature","geometry":{"type":"Polygon","coordinates":[[[108.6642,11.91461],[108.65417,11.89475],[108.65067,11.86375],[108.65336,11.84301],[108.64127,11.83137],[108.63009,11.82958],[108.61948,11.80519],[108.63743,11.79381],[108.65273,11.79283],[108.67319,11.784],[108.66404,11.76255],[108.66952,11.74552],[108.6907,11.73382],[108.69726,11.70578],[108.68332,11.67493],[108.66988,11.66357],[108.65995,11.66795],[108.61954,11.65058],[108.5958,11.64848],[108.57486,11.63904],[108.56297,11.64248],[108.55333,11.63162],[108.55166,11.60182],[108.5737,11.57635],[108.58217,11.55554],[108.6437,11.54976],[108.65929,11.50428],[108.66427,11.49945],[108.68829,11.50327],[108.69451,11.52311],[108.71479,11.54171],[108.73018,11.57034],[108.735,11.59602],[108.7341,11.61351],[108.75993,11.6489],[108.82216,11.63785],[108.83912,11.65075],[108.86236,11.6509],[108.87643,11.64611],[108.87122,11.62711],[108.88232,11.62817],[108.92796,11.60502],[108.93873,11.62144],[108.92106,11.63583],[108.9267,11.65204],[108.94746,11.67447],[108.92291,11.68231],[108.9137,11.67099],[108.90641,11.71292],[108.89043,11.72396],[108.88396,11.73512],[108.86666,11.73954],[108.85263,11.737],[108.83608,11.74038],[108.82211,11.75338],[108.81639,11.76552],[108.79745,11.78973],[108.79957,11.8055],[108.78773,11.83228],[108.76295,11.85435],[108.74587,11.86292],[108.74158,11.87489],[108.70969,11.91701],[108.68592,11.92076],[108.6642,11.91461]]]},"properties":{"shapeName":"Ninh Son","shapeISO":"","shapeID":"81297802B88768197538102","shapeGroup":"VNM","shapeType":"ADM2"}},
{"type":"Feature","geometry":{"type":"Polygon","coordinates":[[[105.68978,19.74439],[105.66979,19.75385],[105.65848,19.75414],[105.63926,19.73224],[105.62435,19.7251],[105.62106,19.71228],[105.63812,19.69918],[105.64407,19.65451],[105.62155,19.64652],[105.61109,19.63868],[105.60328,19.62076],[105.61667,19.60245],[105.62347,19.58463],[105.61822,19.57405],[105.63269,19.56197],[105.63665,19.54629],[105.64618,19.53908],[105.6503,19.5167],[105.6114,19.50896],[105.60255,19.49253],[105.61682,19.47696],[105.63035,19.48324],[105.65888,19.48799],[105.68794,19.50259],[105.68819,19.52271],[105.71692,19.53253],[105.72717,19.54611],[105.72802,19.55966],[105.7419,19.58524],[105.76257,19.60751],[105.76828,19.63612],[105.7378,19.62979],[105.72496,19.6362],[105.7138,19.65406],[105.73119,19.66934],[105.71308,19.68453],[105.72245,19.70419],[105.7134,19.71932],[105.71291,19.73124],[105.69807,19.73134],[105.68978,19.74439]]]},"properties":{"shapeName":"Nong Cong","shapeISO":"","shapeID":"81297802B57234015442712","shapeGroup":"VNM","shapeType":"ADM2"}},
{"type":"Feature","geometry":{"type":"Polygon","coordinates":[[[107.8852,15.73973],[107.8877,15.7318],[107.87894,15.70376],[107.83851,15.68254],[107.86654,15.6498],[107.87887,15.64131],[107.88434,15.61952],[107.86484,15.59406],[107.86723,15.57986],[107.852,15.5758],[107.85918,15.55768],[107.85391,15.54932],[107.86368,15.5387],[107.87741,15.54557],[107.8949,15.54723],[107.91465,15.54217],[107.91993,15.55417],[107.93305,15.56163],[107.94739,15.56223],[107.95922,15.56344],[107.97381,15.57318],[107.98102,15.58554],[108.006,15.60589],[108.05816,15.62723],[108.08616,15.63521],[108.09526,15.64275],[108.11963,15.64456],[108.12347,15.65141],[108.16103,15.68817],[108.16852,15.71387],[108.15062,15.72168],[108.13851,15.73575],[108.11643,15.73991],[108.10634,15.7335],[108.08967,15.73248],[108.07095,15.74999],[108.06611,15.76321],[108.04635,15.76484],[108.02879,15.74396],[108.01809,15.74468],[108.00675,15.73189],[107.97002,15.72521],[107.95402,15.73033],[107.93738,15.72736],[107.91957,15.74167],[107.89741,15.74668],[107.8852,15.73973]]]},"properties":{"shapeName":"Nong Son","shapeISO":"","shapeID":"81297802B33972751107769","shapeGroup":"VNM","shapeType":"ADM2"}},
{"type":"Feature","geometry":{"type":"Polygon","coordinates":[[[108.42856,15.32496],[108.43887,15.31213],[108.48689,15.30826],[108.50691,15.32647],[108.52567,15.3201],[108.54437,15.33507],[108.55959,15.33386],[108.58107,15.34458],[108.5869,15.34177],[108.60232,15.35229],[108.62955,15.35748],[108.64163,15.36785],[108.67159,15.36412],[108.7012,15.37265],[108.71121,15.37048],[108.7266,15.38125],[108.73904,15.39912],[108.6968,15.44113],[108.70167,15.45804],[108.6924,15.48242],[108.67703,15.48141],[108.67272,15.50273],[108.65054,15.49836],[108.62709,15.50895],[108.60667,15.52683],[108.55653,15.58708],[108.54195,15.58288],[108.53877,15.56992],[108.52409,15.55994],[108.50307,15.55413],[108.48506,15.52329],[108.48302,15.50682],[108.50453,15.4928],[108.47678,15.47986],[108.46816,15.45678],[108.43471,15.45802],[108.42307,15.45353],[108.42324,15.4329],[108.44011,15.41312],[108.45417,15.41508],[108.46596,15.4007],[108.46913,15.36778],[108.46387,15.35062],[108.45434,15.33781],[108.42856,15.32496]]]},"properties":{"shapeName":"Nui Thanh","shapeISO":"","shapeID":"81297802B34920687321908","shapeGroup":"VNM","shapeType":"ADM2"}},
{"type":"Feature","geometry":{"type":"Polygon","coordinates":[[[105.68282,10.13412],[105.6608,10.14847],[105.64784,10.1663],[105.62475,10.18634],[105.60177,10.20293],[105.59951,10.19114],[105.57525,10.19056],[105.55658,10.15215],[105.58159,10.1286],[105.59677,10.12807],[105.62412,10.1005],[105.63098,10.08165],[105.62492,10.06761],[105.62906,10.04432],[105.64655,10.05405],[105.66263,10.04809],[105.67402,10.0527],[105.67309,10.08062],[105.69313,10.08725],[105.7048,10.09755],[105.70186,10.10893],[105.70902,10.11837],[105.68282,10.13412]]]},"properties":{"shapeName":"O Mon","shapeISO":"","shapeID":"81297802B2084996388105","shapeGroup":"VNM","shapeType":"ADM2"}},
{"type":"Feature","geometry":{"type":"Polygon","coordinates":[[[105.78024,22.54824],[105.77167,22.56346],[105.77868,22.57631],[105.76737,22.58688],[105.75267,22.58527],[105.74683,22.59312],[105.7555,22.60594],[105.74191,22.62604],[105.74198,22.64202],[105.75239,22.66372],[105.77551,22.68292],[105.77917,22.69073],[105.76077,22.69717],[105.74991,22.72798],[105.74092,22.7396],[105.71293,22.73081],[105.69304,22.71646],[105.66568,22.72261],[105.64912,22.69715],[105.62112,22.69848],[105.60326,22.68719],[105.60614,22.66973],[105.58733,22.67583],[105.57403,22.66612],[105.54671,22.65698],[105.54112,22.63659],[105.53159,22.63321],[105.5289,22.61925],[105.54898,22.59927],[105.54636,22.58835],[105.56355,22.56446],[105.57797,22.55915],[105.59096,22.5433],[105.5979,22.52271],[105.59166,22.50815],[105.59766,22.48879],[105.6318,22.49596],[105.64133,22.4899],[105.65215,22.5016],[105.66105,22.49707],[105.68048,22.50465],[105.6909,22.48023],[105.71577,22.48907],[105.73631,22.47816],[105.76468,22.48671],[105.75844,22.52948],[105.77594,22.53997],[105.78024,22.54824]]]},"properties":{"shapeName":"Pac Nam","shapeISO":"","shapeID":"81297802B12739753000309","shapeGroup":"VNM","shapeType":"ADM2"}},
{"type":"Feature","geometry":{"type":"Polygon","coordinates":[[[108.94746,11.67447],[108.9267,11.65204],[108.92106,11.63583],[108.93873,11.62144],[108.92796,11.60502],[108.9393,11.59296],[108.96119,11.58897],[108.97053,11.57339],[108.98811,11.56429],[108.98259,11.55162],[109.00463,11.54101],[109.02138,11.54409],[109.019,11.53026],[109.02827,11.53578],[109.03473,11.54985],[109.02445,11.56605],[109.03253,11.58534],[109.03054,11.5992],[109.00653,11.60231],[108.99504,11.61442],[108.97419,11.61541],[108.96861,11.62407],[108.97475,11.64652],[108.96409,11.65822],[108.94746,11.67447]]]},"properties":{"shapeName":"Phan Rang-Thap Cham","shapeISO":"","shapeID":"81297802B48689828615161","shapeGroup":"VNM","shapeType":"ADM2"}},
{"type":"Feature","geometry":{"type":"Polygon","coordinates":[[[108.24596,11.02833],[108.21456,11.01491],[108.19754,11.001],[108.19791,10.99161],[108.18857,10.95721],[108.18256,10.96002],[108.14563,10.94378],[108.12391,10.94539],[108.10995,10.95457],[108.0775,10.95849],[108.06867,10.94073],[108.06042,10.93799],[108.06234,10.91424],[108.04895,10.89802],[108.02516,10.88634],[108.00223,10.86456],[108.01276,10.85226],[107.99546,10.81948],[107.99328,10.80238],[108.02284,10.77693],[108.03365,10.82054],[108.04331,10.84461],[108.06648,10.88953],[108.08514,10.91421],[108.10634,10.92001],[108.13472,10.93417],[108.16032,10.93011],[108.18906,10.93653],[108.21398,10.95204],[108.22763,10.95491],[108.25184,10.95076],[108.28071,10.93945],[108.28309,10.92141],[108.29446,10.92229],[108.29852,10.93975],[108.30972,10.95733],[108.32355,10.96025],[108.33684,10.95142],[108.34966,11.00381],[108.31896,10.99702],[108.29916,10.99595],[108.29138,11.00896],[108.27557,11.02288],[108.24596,11.02833]]]},"properties":{"shapeName":"Phan Thiet","shapeISO":"","shapeID":"81297802B56109009945364","shapeGroup":"VNM","shapeType":"ADM2"}},
{"type":"Feature","geometry":{"type":"Polygon","coordinates":[[[105.72651,21.41131],[105.74979,21.41578],[105.76313,21.40065],[105.76859,21.37504],[105.77545,21.36104],[105.78469,21.35956],[105.788,21.37521],[105.81595,21.38305],[105.83573,21.37392],[105.85649,21.37646],[105.85157,21.35593],[105.85806,21.33873],[105.87113,21.3298],[105.89239,21.32633],[105.8809,21.33877],[105.90838,21.34981],[105.90083,21.35651],[105.90786,21.37224],[105.93735,21.37129],[105.94548,21.39029],[105.94024,21.39893],[105.92985,21.41168],[105.91645,21.41513],[105.90262,21.45977],[105.89,21.46144],[105.89143,21.47806],[105.88474,21.49034],[105.87792,21.48858],[105.87081,21.4743],[105.87562,21.45524],[105.86047,21.44195],[105.83021,21.44553],[105.8227,21.4574],[105.80543,21.44987],[105.79675,21.45415],[105.79722,21.46824],[105.75779,21.49145],[105.75221,21.5065],[105.74627,21.52271],[105.75123,21.53926],[105.72051,21.54341],[105.7086,21.54963],[105.71166,21.57229],[105.70266,21.57698],[105.6729,21.57107],[105.66675,21.55009],[105.71812,21.51786],[105.70947,21.51266],[105.73774,21.491],[105.73564,21.48298],[105.7204,21.47388],[105.71514,21.45673],[105.70547,21.44321],[105.71326,21.43025],[105.72651,21.41131]]]},"properties":{"shapeName":"Pho Yen","shapeISO":"","shapeID":"81297802B3855346019179","shapeGroup":"VNM","shapeType":"ADM2"}},
{"type":"Feature","geometry":{"type":"Polygon","coordinates":[[[107.32982,16.34993],[107.33778,16.35841],[107.33827,16.37942],[107.35736,16.38882],[107.36718,16.4026],[107.38945,16.4193],[107.43235,16.46919],[107.43648,16.50801],[107.4442,16.52021],[107.44212,16.53102],[107.459,16.54603],[107.46917,16.54946],[107.47111,16.56389],[107.45866,16.58686],[107.46161,16.59517],[107.42404,16.60497],[107.40656,16.61559],[107.4062,16.63954],[107.41885,16.64987],[107.41737,16.66238],[107.44435,16.65708],[107.48543,16.62415],[107.50426,16.6516],[107.38929,16.74169],[107.37018,16.73423],[107.35204,16.69844],[107.33339,16.67545],[107.31825,16.66194],[107.31745,16.65195],[107.3065,16.64054],[107.31037,16.62497],[107.32842,16.60804],[107.3151,16.59462],[107.2711,16.56588],[107.25183,16.5768],[107.24539,16.58688],[107.21747,16.57742],[107.20104,16.58316],[107.17851,16.5766],[107.1407,16.57183],[107.12666,16.5646],[107.12171,16.55194],[107.10159,16.55257],[107.07439,16.54236],[107.0549,16.52109],[107.08353,16.50215],[107.09557,16.50465],[107.1251,16.48193],[107.13585,16.45643],[107.1303,16.4481],[107.14853,16.4353],[107.14125,16.40588],[107.15285,16.39051],[107.15283,16.37917],[107.16552,16.37759],[107.18072,16.36626],[107.1866,16.35568],[107.20042,16.34663],[107.21975,16.34819],[107.22199,16.36372],[107.23635,16.37623],[107.27611,16.38247],[107.30956,16.36864],[107.32982,16.34993]]]},"properties":{"shapeName":"Phong Dien","shapeISO":"","shapeID":"81297802B35670860897871","shapeGroup":"VNM","shapeType":"ADM2"}},
{"type":"Feature","geometry":{"type":"Polygon","coordinates":[[[105.67402,10.0527],[105.66263,10.04809],[105.64655,10.05405],[105.62906,10.04432],[105.62447,10.02141],[105.62686,10.0061],[105.59357,10.00498],[105.58593,9.9892],[105.58321,9.98365],[105.61922,9.94563],[105.64564,9.96478],[105.67379,9.96408],[105.65875,9.95021],[105.67054,9.93943],[105.67897,9.94759],[105.71359,9.95915],[105.72363,9.97544],[105.73963,9.99434],[105.71935,10.00355],[105.70333,10.01298],[105.71443,10.03769],[105.70862,10.05397],[105.68214,10.05717],[105.67402,10.0527]]]},"properties":{"shapeName":"Phong Dien","shapeISO":"","shapeID":"81297802B56741553336234","shapeGroup":"VNM","shapeType":"ADM2"}},
{"type":"Feature","geometry":{"type":"Polygon","coordinates":[[[103.53041,22.5948],[103.50684,22.60435],[103.48898,22.61899],[103.47697,22.64016],[103.45701,22.65774],[103.46011,22.67889],[103.4324,22.70296],[103.42777,22.73314],[103.44055,22.74071],[103.43621,22.75743],[103.42104,22.76104],[103.41201,22.77638],[103.39027,22.78205],[103.37243,22.79892],[103.33408,22.8061],[103.31785,22.80319],[103.32033,22.78094],[103.30782,22.76051],[103.28558,22.73738],[103.28812,22.70866],[103.28145,22.69907],[103.28356,22.68513],[103.26244,22.6715],[103.23187,22.65862],[103.2279,22.64751],[103.20876,22.64606],[103.19591,22.65096],[103.18555,22.64502],[103.18446,22.63129],[103.16879,22.61905],[103.15798,22.59418],[103.16265,22.58276],[103.18395,22.55927],[103.15688,22.53963],[103.13872,22.54161],[103.13394,22.53191],[103.15964,22.51378],[103.17424,22.49415],[103.18398,22.49963],[103.20802,22.49276],[103.21579,22.47712],[103.22658,22.49299],[103.25915,22.50292],[103.27477,22.49806],[103.28069,22.48103],[103.29147,22.47585],[103.30414,22.48993],[103.32447,22.46618],[103.34379,22.45631],[103.35419,22.43223],[103.36445,22.43105],[103.38208,22.41812],[103.41644,22.42632],[103.42608,22.42452],[103.42626,22.45402],[103.43282,22.46553],[103.42995,22.47952],[103.43979,22.49136],[103.4649,22.48877],[103.50467,22.46549],[103.5346,22.46765],[103.55602,22.47254],[103.57566,22.48967],[103.58786,22.50682],[103.59549,22.52586],[103.58452,22.53122],[103.58003,22.54553],[103.56636,22.56837],[103.57264,22.57847],[103.54832,22.58846],[103.5331,22.58416],[103.53041,22.5948]]]},"properties":{"shapeName":"Phong Tho","shapeISO":"","shapeID":"81297802B47938422647464","shapeGroup":"VNM","shapeType":"ADM2"}},
{"type":"Feature","geometry":{"type":"Polygon","coordinates":[[[105.87615,21.57432],[105.89055,21.57553],[105.89289,21.55219],[105.90377,21.54984],[105.91237,21.52376],[105.8997,21.51223],[105.88474,21.49034],[105.89143,21.47806],[105.89,21.46144],[105.90262,21.45977],[105.91645,21.41513],[105.92985,21.41168],[105.94024,21.39893],[105.95315,21.4068],[105.96528,21.43572],[105.97242,21.42012],[105.99557,21.40457],[106.01254,21.40249],[106.02078,21.3951],[106.03403,21.40818],[106.03186,21.43798],[106.04791,21.44146],[106.05132,21.46062],[106.04039,21.47129],[106.04909,21.47989],[106.03757,21.49027],[106.04548,21.50799],[106.04386,21.52069],[106.02932,21.54427],[106.00999,21.55766],[105.99906,21.55418],[105.98826,21.5627],[105.97156,21.56175],[105.93988,21.56784],[105.93506,21.5847],[105.91826,21.59075],[105.90209,21.57998],[105.87615,21.57432]]]},"properties":{"shapeName":"Phu Binh","shapeISO":"","shapeID":"81297802B19798201223775","shapeGroup":"VNM","shapeType":"ADM2"}},
{"type":"Feature","geometry":{"type":"Polygon","coordinates":[[[109.17682,13.93818],[109.21177,13.92276],[109.23035,13.92414],[109.23884,13.90528],[109.2595,13.9013],[109.26585,13.90202],[109.24427,13.93915],[109.24232,13.95455],[109.2549,13.96572],[109.24912,13.97934],[109.257,13.98902],[109.24672,14.00789],[109.25369,14.0178],[109.22217,14.06871],[109.205,14.1127],[109.21019,14.12792],[109.1847,14.13327],[109.17568,14.15611],[109.16608,14.15418],[109.15221,14.13545],[109.13171,14.12678],[109.11579,14.12755],[109.08941,14.10623],[109.08447,14.09462],[109.06373,14.08767],[109.05163,14.09588],[109.0367,14.0927],[109.02451,14.08201],[109.0037,14.10342],[108.98553,14.15173],[108.99061,14.15674],[108.98072,14.17567],[108.96455,14.18878],[108.97037,14.21673],[108.94621,14.21955],[108.93156,14.19693],[108.90055,14.1922],[108.88832,14.16198],[108.87526,14.16604],[108.86888,14.14323],[108.87523,14.13137],[108.89881,14.13232],[108.90087,14.11922],[108.8916,14.11124],[108.90768,14.06277],[108.92075,14.03456],[108.93582,14.03672],[108.95512,14.02579],[108.95901,14.01709],[108.99295,14.00977],[109.01137,14.01032],[109.02892,13.99717],[109.02256,13.97945],[109.01407,13.97],[109.02019,13.96162],[109.0384,13.95867],[109.05131,13.93811],[109.06939,13.95236],[109.09014,13.96085],[109.10151,13.94672],[109.1341,13.94033],[109.14488,13.9414],[109.16289,13.95228],[109.17682,13.93818]]]},"properties":{"shapeName":"Phu Cat","shapeISO":"","shapeID":"81297802B92234400822922","shapeGroup":"VNM","shapeType":"ADM2"}},
{"type":"Feature","geometry":{"type":"Polygon","coordinates":[[[106.11798,20.73203],[106.11809,20.72195],[106.16517,20.70798],[106.17781,20.69169],[106.19732,20.67643],[106.19901,20.66425],[106.18938,20.65205],[106.20297,20.6437],[106.22413,20.64156],[106.21658,20.65463],[106.23253,20.65927],[106.24951,20.67406],[106.26953,20.68471],[106.24876,20.68682],[106.24407,20.69565],[106.2278,20.70507],[106.21853,20.73254],[106.21588,20.7503],[106.2035,20.75185],[106.19283,20.7658],[106.18103,20.7634],[106.16558,20.78497],[106.14984,20.78365],[106.14815,20.74175],[106.11798,20.73203]]]},"properties":{"shapeName":"Phu Cu","shapeISO":"","shapeID":"81297802B40785510400399","shapeGroup":"VNM","shapeType":"ADM2"}},
{"type":"Feature","geometry":{"type":"Polygon","coordinates":[[[106.91335,11.23094],[106.9282,11.24948],[106.92476,11.2713],[106.94181,11.29334],[106.93821,11.30817],[106.95179,11.32223],[106.95089,11.33868],[106.94006,11.35185],[106.91626,11.35639],[106.90044,11.34078],[106.88572,11.34141],[106.86639,11.31484],[106.85717,11.31464],[106.85593,11.33009],[106.86358,11.33959],[106.85628,11.35261],[106.85679,11.375],[106.83429,11.38039],[106.81165,11.37568],[106.78498,11.38014],[106.78597,11.39908],[106.77364,11.39899],[106.76991,11.42611],[106.78918,11.43197],[106.80636,11.45783],[106.80274,11.48229],[106.79126,11.49186],[106.76742,11.47986],[106.75382,11.47652],[106.75009,11.46732],[106.75217,11.44563],[106.72636,11.42365],[106.7042,11.39628],[106.69722,11.40273],[106.67916,11.39775],[106.67591,11.35822],[106.65889,11.35601],[106.64414,11.34199],[106.64679,11.33067],[106.65757,11.31917],[106.67909,11.3089],[106.67938,11.24882],[106.70215,11.25132],[106.71174,11.25906],[106.7212,11.2522],[106.7043,11.23647],[106.71176,11.21129],[106.7217,11.20353],[106.74631,11.20041],[106.75878,11.1915],[106.79367,11.18966],[106.81852,11.20881],[106.82745,11.2205],[106.85389,11.23787],[106.85453,11.25568],[106.87007,11.25152],[106.89101,11.23884],[106.90345,11.24231],[106.91335,11.23094]]]},"properties":{"shapeName":"Phu Giao","shapeISO":"","shapeID":"81297802B21040073838815","shapeGroup":"VNM","shapeType":"ADM2"}},
{"type":"Feature","geometry":{"type":"Polygon","coordinates":[[[109.3033,13.06341],[109.2945,13.08318],[109.27422,13.09547],[109.24721,13.09765],[109.24518,13.10679],[109.22007,13.11498],[109.21446,13.12853],[109.17922,13.15294],[109.17782,13.14283],[109.16124,13.1429],[109.15565,13.15396],[109.14408,13.14456],[109.13672,13.12967],[109.11839,13.13177],[109.11478,13.10743],[109.10647,13.08778],[109.08824,13.07958],[109.0806,13.05963],[109.08538,13.04684],[109.09669,13.02497],[109.11458,13.0307],[109.11809,13.0032],[109.13691,12.99191],[109.16514,12.98307],[109.17977,13.00625],[109.20611,13.0074],[109.2149,13.01627],[109.22622,13.01498],[109.24456,13.02568],[109.25607,13.02122],[109.27596,13.03449],[109.28241,13.04655],[109.3033,13.06341]]]},"properties":{"shapeName":"Phu Hoa","shapeISO":"","shapeID":"81297802B95398881806036","shapeGroup":"VNM","shapeType":"ADM2"}},
{"type":"Feature","geometry":{"type":"Polygon","coordinates":[[[108.09246,16.18017],[108.10058,16.18665],[108.12622,16.18339],[108.15704,16.20571],[108.17264,16.20326],[108.19458,16.21009],[108.18246,16.2155],[108.16878,16.20892],[108.14854,16.22104],[108.11891,16.21227],[108.0913,16.22644],[108.03967,16.3053],[108.04156,16.31417],[108.03431,16.33581],[108.01053,16.31411],[107.9763,16.31741],[107.95175,16.34326],[107.93957,16.34415],[107.89953,16.3677],[107.84674,16.41213],[107.83785,16.39945],[107.8249,16.40881],[107.81019,16.40328],[107.80713,16.39444],[107.82594,16.37897],[107.84333,16.34277],[107.83107,16.33582],[107.79432,16.35912],[107.77777,16.35535],[107.7575,16.36754],[107.73962,16.37697],[107.72749,16.37089],[107.70489,16.34776],[107.67941,16.28438],[107.64785,16.27279],[107.65832,16.25405],[107.6712,16.24325],[107.69197,16.24214],[107.71101,16.23158],[107.72155,16.23706],[107.74774,16.23754],[107.76031,16.22903],[107.77495,16.2095],[107.79985,16.21167],[107.81483,16.19062],[107.82931,16.1791],[107.84953,16.1777],[107.85706,16.16378],[107.87468,16.17297],[107.86719,16.1832],[107.90566,16.21426],[107.91449,16.21389],[107.9296,16.19768],[107.95601,16.18911],[107.96966,16.19409],[107.98846,16.21407],[108.0057,16.20517],[108.01503,16.19384],[108.03662,16.19138],[108.05788,16.17918],[108.06422,16.18411],[108.09246,16.18017]]]},"properties":{"shapeName":"Phu Loc","shapeISO":"","shapeID":"81297802B61067118889021","shapeGroup":"VNM","shapeType":"ADM2"}},
{"type":"Feature","geometry":{"type":"Polygon","coordinates":[[[105.76419,21.91469],[105.725,21.90164],[105.71547,21.90554],[105.68636,21.87165],[105.67178,21.87074],[105.65676,21.85673],[105.65543,21.84197],[105.684,21.82114],[105.67521,21.80078],[105.66164,21.7988],[105.64885,21.81325],[105.62805,21.79175],[105.62585,21.77723],[105.64234,21.75248],[105.64432,21.72092],[105.67756,21.70398],[105.67552,21.6918],[105.68477,21.6807],[105.72759,21.66648],[105.73038,21.65223],[105.74111,21.64725],[105.76063,21.62302],[105.77577,21.6149],[105.79017,21.62297],[105.80601,21.61955],[105.80209,21.63827],[105.80962,21.64821],[105.79133,21.66646],[105.79358,21.68572],[105.78629,21.69388],[105.79807,21.70493],[105.81468,21.70971],[105.82181,21.72736],[105.79665,21.75592],[105.80131,21.76849],[105.79004,21.77442],[105.7973,21.78743],[105.79856,21.80493],[105.78622,21.80438],[105.76041,21.81905],[105.75832,21.83467],[105.76932,21.857],[105.77327,21.87574],[105.77132,21.90973],[105.76419,21.91469]]]},"properties":{"shapeName":"Phu Luong","shapeISO":"","shapeID":"81297802B92827581567655","shapeGroup":"VNM","shapeType":"ADM2"}},
{"type":"Feature","geometry":{"type":"Polygon","coordinates":[[[105.91964,20.56729],[105.90142,20.56798],[105.88828,20.54022],[105.89359,20.52756],[105.88406,20.51367],[105.89247,20.50316],[105.91152,20.51428],[105.93653,20.5187],[105.95024,20.53059],[105.94548,20.55089],[105.94843,20.56494],[105.94014,20.57222],[105.91964,20.56729]]]},"properties":{"shapeName":"Phu Ly","shapeISO":"","shapeID":"81297802B99776560080545","shapeGroup":"VNM","shapeType":"ADM2"}},
{"type":"Feature","geometry":{"type":"Polygon","coordinates":[[[108.97037,14.21673],[108.96455,14.18878],[108.98072,14.17567],[108.99061,14.15674],[108.98553,14.15173],[109.0037,14.10342],[109.02451,14.08201],[109.0367,14.0927],[109.05163,14.09588],[109.06373,14.08767],[109.08447,14.09462],[109.08941,14.10623],[109.11579,14.12755],[109.13171,14.12678],[109.15221,14.13545],[109.16608,14.15418],[109.17568,14.15611],[109.1847,14.13327],[109.21019,14.12792],[109.22111,14.13874],[109.20446,14.16236],[109.18291,14.20594],[109.18266,14.22529],[109.19806,14.23425],[109.19458,14.24837],[109.17848,14.27241],[109.18456,14.27868],[109.1446,14.33381],[109.12835,14.36052],[109.1207,14.37967],[109.12811,14.39504],[109.10993,14.38912],[109.09588,14.39888],[109.07684,14.3722],[109.06111,14.36188],[109.04689,14.36537],[109.04242,14.35736],[109.0268,14.35587],[109.03066,14.33264],[109.01424,14.32069],[109.01819,14.31168],[109.0155,14.28355],[109.02638,14.26978],[109.01409,14.25823],[109.00835,14.24316],[108.98015,14.23722],[108.97037,14.21673]]]},"properties":{"shapeName":"Phu My","shapeISO":"","shapeID":"81297802B75835306112543","shapeGroup":"VNM","shapeType":"ADM2"}},
{"type":"Feature","geometry":{"type":"Polygon","coordinates":[[[106.68397,10.80996],[106.6728,10.81431],[106.66664,10.78968],[106.68615,10.79246],[106.69169,10.79543],[106.68397,10.80996]]]},"properties":{"shapeName":"Phu Nhuan","shapeISO":"","shapeID":"81297802B72603937188235","shapeGroup":"VNM","shapeType":"ADM2"}},
{"type":"Feature","geometry":{"type":"Polygon","coordinates":[[[108.46596,15.4007],[108.45417,15.41508],[108.44011,15.41312],[108.42324,15.4329],[108.42307,15.45353],[108.43471,15.45802],[108.46816,15.45678],[108.47678,15.47986],[108.50453,15.4928],[108.48302,15.50682],[108.47217,15.51359],[108.4693,15.54613],[108.44448,15.55414],[108.44873,15.57005],[108.46439,15.60249],[108.45443,15.60825],[108.44202,15.62885],[108.43265,15.62045],[108.41565,15.62327],[108.40278,15.631],[108.39088,15.62489],[108.38145,15.60709],[108.37049,15.61051],[108.33563,15.60306],[108.32283,15.58588],[108.33005,15.57667],[108.32149,15.56784],[108.32317,15.55351],[108.36313,15.54593],[108.38071,15.51924],[108.37639,15.50853],[108.39151,15.48034],[108.39228,15.4622],[108.37638,15.43787],[108.3812,15.43016],[108.37112,15.41479],[108.38142,15.39411],[108.43786,15.39258],[108.46596,15.4007]]]},"properties":{"shapeName":"Phu Ninh","shapeISO":"","shapeID":"81297802B11022979046189","shapeGroup":"VNM","shapeType":"ADM2"}},
{"type":"Feature","geometry":{"type":"Polygon","coordinates":[[[105.21369,21.50944],[105.21283,21.4873],[105.22633,21.48093],[105.23133,21.46417],[105.25765,21.45977],[105.28567,21.44351],[105.27651,21.4187],[105.28277,21.40654],[105.31013,21.39598],[105.31837,21.38372],[105.34001,21.37083],[105.35706,21.39647],[105.37646,21.39709],[105.36919,21.38439],[105.37993,21.37087],[105.39183,21.36926],[105.39154,21.38688],[105.39854,21.40749],[105.38866,21.42796],[105.37746,21.43403],[105.35311,21.41838],[105.34117,21.42611],[105.34306,21.44381],[105.33326,21.48254],[105.32256,21.49676],[105.32485,21.50702],[105.32022,21.51286],[105.30142,21.50924],[105.2973,21.53438],[105.27261,21.54239],[105.26358,21.52902],[105.24962,21.52498],[105.24239,21.51204],[105.21369,21.50944]]]},"properties":{"shapeName":"Phu Ninh","shapeISO":"","shapeID":"81297802B64104222015073","shapeGroup":"VNM","shapeType":"ADM2"}},
{"type":"Feature","geometry":{"type":"MultiPolygon","coordinates":[[[[103.21851,9.31715],[103.20945,9.31922],[103.19155,9.31155],[103.20401,9.30001],[103.20458,9.28456],[103.21474,9.28505],[103.22302,9.29673],[103.24042,9.30633],[103.23921,9.31815],[103.21851,9.31715]]],[[[104.03324,10.41249],[104.0235,10.42044],[104.0068,10.44728],[103.99481,10.45171],[103.97306,10.4393],[103.96549,10.40846],[103.94665,10.40161],[103.93656,10.37058],[103.92499,10.36054],[103.87331,10.37124],[103.85202,10.37766],[103.83637,10.37702],[103.83265,10.36272],[103.8428,10.35474],[103.85075,10.32579],[103.86107,10.30523],[103.88104,10.30278],[103.88846,10.29179],[103.90613,10.29258],[103.92204,10.28025],[103.93023,10.26283],[103.93991,10.25573],[103.95012,10.23873],[103.96079,10.20698],[103.98421,10.09994],[103.99057,10.05909],[103.999,10.04624],[104.00925,10.01827],[104.03363,10.01449],[104.03073,10.03067],[104.03555,10.05294],[104.04329,10.06897],[104.01705,10.08372],[104.02576,10.09162],[104.02657,10.10672],[104.03699,10.12019],[104.03052,10.13192],[104.04352,10.15275],[104.04921,10.18004],[104.0604,10.20823],[104.07077,10.21554],[104.0811,10.24493],[104.07451,10.28414],[104.08046,10.30637],[104.07429,10.32543],[104.07441,10.34938],[104.08043,10.35549],[104.07896,10.37108],[104.05605,10.40261],[104.04023,10.41582],[104.03324,10.41249]]]]},"properties":{"shapeName":"Phu Quoc","shapeISO":"","shapeID":"81297802B871478188231","shapeGroup":"VNM","shapeType":"ADM2"}},
{"type":"Feature","geometry":{"type":"Polygon","coordinates":[[[108.93906,10.5528],[108.92657,10.53962],[108.93139,10.51385],[108.95011,10.50275],[108.96895,10.5103],[108.95907,10.52184],[108.95079,10.55232],[108.93906,10.5528]]]},"properties":{"shapeName":"Phu Quy","shapeISO":"","shapeID":"81297802B90799057915407","shapeGroup":"VNM","shapeType":"ADM2"}},
{"type":"Feature","geometry":{"type":"Polygon","coordinates":[[[105.15563,10.70121],[105.17562,10.69969],[105.20283,10.68696],[105.21209,10.67116],[105.21624,10.65116],[105.21196,10.62592],[105.21572,10.61218],[105.23357,10.5888],[105.2687,10.55922],[105.31175,10.554],[105.32683,10.54238],[105.35425,10.55965],[105.36818,10.57674],[105.34943,10.61761],[105.34291,10.63764],[105.34205,10.67392],[105.34661,10.69419],[105.34921,10.71563],[105.32934,10.72289],[105.29695,10.71649],[105.27854,10.72304],[105.27709,10.7322],[105.30172,10.74899],[105.2986,10.76268],[105.26784,10.76672],[105.24519,10.741],[105.23454,10.75377],[105.21896,10.74775],[105.15326,10.70874],[105.14782,10.7041],[105.15563,10.70121]]]},"properties":{"shapeName":"Phu Tan","shapeISO":"","shapeID":"81297802B56486108937036","shapeGroup":"VNM","shapeType":"ADM2"}},
{"type":"Feature","geometry":{"type":"Polygon","coordinates":[[[104.96802,8.99801],[104.94074,8.99465],[104.92976,9.00767],[104.91622,9.01098],[104.89704,9.00495],[104.86698,8.98561],[104.85497,8.98345],[104.84919,8.99212],[104.82364,8.97383],[104.80318,8.98041],[104.80279,8.93845],[104.79892,8.89865],[104.78255,8.83613],[104.78055,8.81271],[104.79255,8.7878],[104.80118,8.7793],[104.80991,8.74655],[104.86927,8.77283],[104.89196,8.78929],[104.90593,8.81419],[104.9506,8.82763],[104.96283,8.83706],[104.98645,8.8384],[104.99709,8.84903],[105.01334,8.85375],[105.00746,8.87522],[104.98337,8.88083],[104.98205,8.89683],[104.96817,8.92277],[104.95968,8.93122],[104.9595,8.94371],[104.97127,8.96278],[104.97628,8.99392],[104.96802,8.99801]]]},"properties":{"shapeName":"Phu Tan","shapeISO":"","shapeID":"81297802B51702434363712","shapeGroup":"VNM","shapeType":"ADM2"}},
{"type":"Feature","geometry":{"type":"Polygon","coordinates":[[[108.43105,13.44014],[108.42462,13.45795],[108.41379,13.46035],[108.417,13.47797],[108.41221,13.48602],[108.42546,13.51992],[108.41306,13.53389],[108.39199,13.54081],[108.39637,13.56329],[108.38772,13.57047],[108.38853,13.59748],[108.35903,13.60903],[108.34249,13.6087],[108.32432,13.61861],[108.30435,13.63963],[108.29196,13.64513],[108.28261,13.66132],[108.27727,13.64324],[108.26809,13.63577],[108.26204,13.61899],[108.23473,13.58153],[108.23761,13.56246],[108.23322,13.5354],[108.23194,13.47454],[108.20216,13.4518],[108.21611,13.44862],[108.22551,13.39812],[108.20915,13.3765],[108.22755,13.37046],[108.25792,13.36861],[108.26385,13.37261],[108.28132,13.36124],[108.28854,13.35044],[108.31151,13.34639],[108.32262,13.36043],[108.32045,13.37146],[108.32477,13.39395],[108.33684,13.41018],[108.37359,13.41598],[108.38305,13.41432],[108.41429,13.41964],[108.43105,13.44014]]]},"properties":{"shapeName":"Phu Thien","shapeISO":"","shapeID":"81297802B15377501666570","shapeGroup":"VNM","shapeType":"ADM2"}},
{"type":"Feature","geometry":{"type":"Polygon","coordinates":[[[105.28277,21.40654],[105.27651,21.4187],[105.28567,21.44351],[105.25765,21.45977],[105.23133,21.46417],[105.21435,21.43194],[105.20346,21.43008],[105.19861,21.41878],[105.18624,21.41734],[105.1861,21.39422],[105.20289,21.3781],[105.20172,21.36361],[105.21609,21.36689],[105.2219,21.38795],[105.23129,21.3954],[105.24309,21.39287],[105.25036,21.38123],[105.27083,21.38398],[105.28277,21.40654]]]},"properties":{"shapeName":"Phu Tho","shapeISO":"","shapeID":"81297802B95846226867008","shapeGroup":"VNM","shapeType":"ADM2"}},
{"type":"Feature","geometry":{"type":"Polygon","coordinates":[[[107.60567,16.48382],[107.62373,16.49146],[107.6509,16.48058],[107.6429,16.4667],[107.666,16.44302],[107.6753,16.44271],[107.68596,16.43137],[107.69894,16.43517],[107.7113,16.43068],[107.71507,16.41893],[107.73186,16.40978],[107.73728,16.39565],[107.75243,16.38478],[107.7575,16.36754],[107.77777,16.35535],[107.79432,16.35912],[107.83107,16.33582],[107.84333,16.34277],[107.82594,16.37897],[107.80713,16.39444],[107.81019,16.40328],[107.8249,16.40881],[107.83785,16.39945],[107.84674,16.41213],[107.77627,16.47374],[107.71432,16.52183],[107.66412,16.5548],[107.63044,16.57061],[107.6239,16.56794],[107.62649,16.5473],[107.59551,16.54996],[107.57403,16.52775],[107.57875,16.51346],[107.57788,16.49494],[107.60567,16.48382]]]},"properties":{"shapeName":"Phu Vang","shapeISO":"","shapeID":"81297802B31894177777214","shapeGroup":"VNM","shapeType":"ADM2"}},
{"type":"Feature","geometry":{"type":"Polygon","coordinates":[[[106.00289,20.70436],[105.97316,20.7005],[105.96433,20.72499],[105.96959,20.73429],[105.96767,20.75943],[105.96321,20.77746],[105.93242,20.78534],[105.92355,20.79143],[105.91127,20.77581],[105.91974,20.76412],[105.90287,20.75203],[105.8868,20.75626],[105.89617,20.77307],[105.85284,20.80193],[105.83426,20.8007],[105.81702,20.80468],[105.80857,20.79693],[105.8063,20.78026],[105.79388,20.75825],[105.7934,20.74967],[105.82609,20.73726],[105.84428,20.74178],[105.87203,20.70589],[105.88757,20.69643],[105.88629,20.67573],[105.90567,20.66836],[105.94314,20.68194],[105.94761,20.6538],[105.97726,20.66548],[106.00289,20.70436]]]},"properties":{"shapeName":"Phu Xuyen","shapeISO":"","shapeID":"81297802B25831565259333","shapeGroup":"VNM","shapeType":"ADM2"}},
{"type":"Feature","geometry":{"type":"Polygon","coordinates":[[[104.57314,21.05273],[104.58456,21.04531],[104.59473,21.0549],[104.60904,21.04228],[104.62021,21.04211],[104.63165,21.03116],[104.64607,21.02894],[104.65466,21.04188],[104.67576,21.03128],[104.68808,21.04208],[104.70442,21.04791],[104.71533,21.07008],[104.73103,21.05581],[104.76611,21.04462],[104.79289,21.04127],[104.80364,21.03175],[104.82403,21.03593],[104.84013,21.02997],[104.86868,21.02963],[104.85353,21.06891],[104.86781,21.07559],[104.87656,21.09841],[104.91188,21.11133],[104.89613,21.12824],[104.88129,21.13257],[104.85367,21.15041],[104.86008,21.17221],[104.858,21.18405],[104.86502,21.20601],[104.85064,21.23159],[104.85075,21.25482],[104.84188,21.26154],[104.84373,21.30838],[104.81929,21.32189],[104.81636,21.33473],[104.79372,21.33466],[104.77868,21.32592],[104.76883,21.33026],[104.76843,21.34592],[104.74951,21.35152],[104.73453,21.38177],[104.73548,21.40237],[104.69024,21.40021],[104.6851,21.37728],[104.67731,21.37524],[104.64493,21.38369],[104.61135,21.40541],[104.60454,21.41668],[104.58655,21.42193],[104.57894,21.40858],[104.56953,21.413],[104.55163,21.40931],[104.54164,21.39736],[104.54514,21.38475],[104.5654,21.3773],[104.56335,21.35057],[104.5584,21.34163],[104.5671,21.32083],[104.56788,21.3057],[104.55458,21.28532],[104.54328,21.25678],[104.52778,21.25536],[104.51159,21.23149],[104.49818,21.22804],[104.49101,21.20986],[104.51637,21.18497],[104.50804,21.16978],[104.5285,21.14759],[104.53644,21.13022],[104.52928,21.11133],[104.51607,21.097],[104.51967,21.07471],[104.52727,21.06896],[104.54426,21.07099],[104.55397,21.08014],[104.57112,21.0778],[104.57314,21.05273]]]},"properties":{"shapeName":"Phu Yen","shapeISO":"","shapeID":"81297802B22446045808118","shapeGroup":"VNM","shapeType":"ADM2"}},
{"type":"Feature","geometry":{"type":"Polygon","coordinates":[[[106.58021,22.67401],[106.57329,22.65007],[106.56066,22.6428],[106.54168,22.64351],[106.51583,22.66348],[106.51635,22.64753],[106.5034,22.63872],[106.5149,22.61644],[106.5112,22.59333],[106.51817,22.58295],[106.49207,22.57298],[106.47797,22.58237],[106.45717,22.57505],[106.45158,22.56583],[106.4268,22.56729],[106.41257,22.54857],[106.40067,22.55116],[106.39413,22.53696],[106.40465,22.53159],[106.41357,22.53468],[106.43672,22.52155],[106.44401,22.50696],[106.45671,22.50156],[106.47423,22.50929],[106.48742,22.5],[106.51169,22.49706],[106.52923,22.47724],[106.51959,22.46159],[106.54776,22.45189],[106.56242,22.45412],[106.56443,22.46287],[106.5858,22.47383],[106.58457,22.51832],[106.59256,22.53357],[106.59232,22.54848],[106.60182,22.55091],[106.60324,22.57547],[106.6094,22.59987],[106.5901,22.60548],[106.59551,22.62005],[106.58529,22.62796],[106.58591,22.64112],[106.60751,22.655],[106.60665,22.66381],[106.58021,22.67401]]]},"properties":{"shapeName":"Phuc Hoa","shapeISO":"","shapeID":"81297802B46332855119377","shapeGroup":"VNM","shapeType":"ADM2"}},
{"type":"Feature","geometry":{"type":"Polygon","coordinates":[[[105.62665,21.17528],[105.61489,21.17887],[105.59062,21.16126],[105.56354,21.1541],[105.53806,21.15621],[105.51557,21.15642],[105.51383,21.12993],[105.50078,21.11243],[105.50718,21.09588],[105.52458,21.08931],[105.57568,21.09949],[105.5751,21.08234],[105.58328,21.07486],[105.60965,21.07219],[105.62922,21.06017],[105.63485,21.04455],[105.6508,21.04392],[105.64647,21.06445],[105.66413,21.06591],[105.64643,21.07002],[105.64698,21.09125],[105.63446,21.10133],[105.63961,21.10977],[105.6246,21.11815],[105.62826,21.14362],[105.62665,21.17528]]]},"properties":{"shapeName":"Phuc Tho","shapeISO":"","shapeID":"81297802B65234108276491","shapeGroup":"VNM","shapeType":"ADM2"}},
{"type":"Feature","geometry":{"type":"Polygon","coordinates":[[[105.68864,21.23429],[105.69754,21.2185],[105.71937,21.22275],[105.735,21.23284],[105.72511,21.24234],[105.72319,21.26613],[105.73516,21.28398],[105.75738,21.30123],[105.77669,21.33741],[105.7929,21.34653],[105.78469,21.35956],[105.77545,21.36104],[105.76859,21.37504],[105.76313,21.40065],[105.74979,21.41578],[105.72651,21.41131],[105.7167,21.39443],[105.70994,21.37342],[105.71229,21.35997],[105.69734,21.3209],[105.70239,21.31041],[105.68609,21.28324],[105.69278,21.26703],[105.6805,21.2421],[105.68864,21.23429]]]},"properties":{"shapeName":"Phuc Yen","shapeISO":"","shapeID":"81297802B88984924666070","shapeGroup":"VNM","shapeType":"ADM2"}},
{"type":"Feature","geometry":{"type":"Polygon","coordinates":[[[105.75307,9.91013],[105.72178,9.92268],[105.69807,9.91306],[105.66518,9.89546],[105.65063,9.8982],[105.64402,9.90787],[105.61893,9.89085],[105.59154,9.86527],[105.62745,9.8326],[105.6135,9.81417],[105.58995,9.77568],[105.59446,9.75169],[105.60898,9.752],[105.6188,9.72692],[105.67164,9.70213],[105.68793,9.65758],[105.69492,9.65752],[105.71016,9.66848],[105.77184,9.70704],[105.80007,9.72197],[105.83348,9.74213],[105.8435,9.75222],[105.84491,9.76419],[105.8282,9.78338],[105.82967,9.78936],[105.80811,9.79834],[105.78623,9.7994],[105.78877,9.8171],[105.77408,9.83882],[105.78079,9.85509],[105.78942,9.86025],[105.77547,9.86972],[105.77255,9.89249],[105.7595,9.89793],[105.75307,9.91013]]]},"properties":{"shapeName":"Phung Hiep","shapeISO":"","shapeID":"81297802B32262425524101","shapeGroup":"VNM","shapeType":"ADM2"}},
{"type":"Feature","geometry":{"type":"Polygon","coordinates":[[[105.51326,9.32462],[105.52597,9.32494],[105.52466,9.34216],[105.54235,9.35283],[105.54962,9.38054],[105.55226,9.38986],[105.57829,9.41329],[105.54512,9.45049],[105.51934,9.47912],[105.51004,9.48303],[105.49023,9.46464],[105.48181,9.47825],[105.44042,9.4927],[105.4254,9.48931],[105.41596,9.4721],[105.31876,9.38129],[105.295,9.38787],[105.29436,9.3846],[105.25213,9.34182],[105.25196,9.3218],[105.265,9.30648],[105.29405,9.27974],[105.31886,9.30329],[105.33913,9.28734],[105.37958,9.33295],[105.4011,9.35271],[105.42137,9.34645],[105.44114,9.34744],[105.45326,9.34168],[105.4726,9.34221],[105.50864,9.33011],[105.51326,9.32462]]]},"properties":{"shapeName":"Phuoc Long","shapeISO":"","shapeID":"81297802B5473399388769","shapeGroup":"VNM","shapeType":"ADM2"}},
{"type":"Feature","geometry":{"type":"Polygon","coordinates":[[[107.07706,11.84531],[107.03776,11.84524],[107.01345,11.86257],[106.95111,11.8739],[106.92643,11.86863],[106.94299,11.84381],[106.93012,11.82621],[106.93145,11.8176],[106.94688,11.78944],[106.9812,11.78812],[106.99799,11.7738],[107.01361,11.79053],[107.02875,11.79272],[107.03473,11.78351],[107.04834,11.78394],[107.05847,11.79187],[107.073,11.79254],[107.07873,11.78407],[107.08421,11.78693],[107.07486,11.80774],[107.06018,11.81149],[107.0571,11.82712],[107.08127,11.83702],[107.07706,11.84531]]]},"properties":{"shapeName":"Phuoc Long","shapeISO":"","shapeID":"81297802B44117863394749","shapeGroup":"VNM","shapeType":"ADM2"}},
{"type":"Feature","geometry":{"type":"Polygon","coordinates":[[[108.02335,15.41848],[108.01514,15.4382],[107.99241,15.46906],[107.99103,15.48124],[108.00343,15.50007],[107.99121,15.51766],[107.99081,15.53204],[107.97559,15.53825],[107.96729,15.55161],[107.94739,15.56223],[107.93305,15.56163],[107.91993,15.55417],[107.91465,15.54217],[107.8949,15.54723],[107.87741,15.54557],[107.86368,15.5387],[107.85391,15.54932],[107.85918,15.55768],[107.82832,15.56959],[107.81796,15.58079],[107.77926,15.58101],[107.7686,15.57259],[107.7518,15.57582],[107.74124,15.56845],[107.70876,15.55698],[107.69668,15.56213],[107.6948,15.546],[107.701,15.53771],[107.70292,15.50694],[107.70169,15.47391],[107.68156,15.45292],[107.67634,15.43277],[107.67869,15.4212],[107.66054,15.38698],[107.66293,15.35429],[107.69297,15.31749],[107.70764,15.30336],[107.73012,15.30825],[107.73008,15.26351],[107.73857,15.22927],[107.75555,15.23668],[107.77128,15.22974],[107.77893,15.21784],[107.80913,15.21207],[107.8189,15.21633],[107.82924,15.20903],[107.84782,15.20663],[107.87108,15.2106],[107.89136,15.19298],[107.90108,15.20585],[107.91444,15.21198],[107.92773,15.20971],[107.93264,15.21933],[107.93444,15.24141],[107.94836,15.25862],[107.93924,15.28752],[107.94811,15.29783],[107.94527,15.30819],[107.96446,15.32372],[107.95332,15.34102],[107.95444,15.36618],[107.99133,15.36736],[108.0176,15.37393],[108.01238,15.38946],[108.02151,15.39738],[108.01773,15.41051],[108.02335,15.41848]]]},"properties":{"shapeName":"Phuoc Son","shapeISO":"","shapeID":"81297802B80912783182295","shapeGroup":"VNM","shapeType":"ADM2"}},
{"type":"Feature","geometry":{"type":"Polygon","coordinates":[[[107.98385,14.05256],[107.97648,14.04265],[107.96266,14.03989],[107.96089,14.01017],[107.9821,14.01121],[107.98834,13.99185],[107.98096,13.96705],[107.95731,13.9633],[107.95753,13.95253],[107.94016,13.94034],[107.94677,13.91958],[107.9349,13.90121],[107.89299,13.90196],[107.86246,13.9074],[107.84209,13.90606],[107.84571,13.88762],[107.84046,13.87785],[107.86888,13.87833],[107.87348,13.87309],[107.91444,13.86835],[107.91773,13.86173],[107.94198,13.86979],[107.94824,13.86351],[107.969,13.86684],[107.96412,13.84628],[107.96757,13.836],[107.98428,13.85198],[107.99239,13.86799],[108.01261,13.88101],[108.02924,13.89785],[108.02947,13.91077],[108.04821,13.92242],[108.04751,13.94264],[108.07223,13.94913],[108.09391,13.96784],[108.09928,13.98102],[108.0887,14.00389],[108.07402,14.00054],[108.05764,14.01104],[108.05413,14.03522],[108.039,14.04138],[108.03863,14.06594],[108.05142,14.07664],[108.05057,14.087],[108.03247,14.08021],[108.01524,14.05839],[107.98539,14.06228],[107.98385,14.05256]]]},"properties":{"shapeName":"Pleiku","shapeISO":"","shapeID":"81297802B26419635481013","shapeGroup":"VNM","shapeType":"ADM2"}},
{"type":"Feature","geometry":{"type":"Polygon","coordinates":[[[106.69169,10.79543],[106.68615,10.79246],[106.69809,10.78288],[106.6817,10.76544],[106.68709,10.75355],[106.70845,10.76975],[106.71556,10.78539],[106.69169,10.79543]]]},"properties":{"shapeName":"Quan 1","shapeISO":"","shapeID":"81297802B34545275526363","shapeGroup":"VNM","shapeType":"ADM2"}},
{"type":"Feature","geometry":{"type":"Polygon","coordinates":[[[106.6817,10.76544],[106.68162,10.7779],[106.66462,10.78693],[106.65595,10.77826],[106.66153,10.75846],[106.6817,10.76544]]]},"properties":{"shapeName":"Quan 10","shapeISO":"","shapeID":"81297802B93335721036450","shapeGroup":"VNM","shapeType":"ADM2"}},
{"type":"Feature","geometry":{"type":"Polygon","coordinates":[[[106.65595,10.77826],[106.64769,10.77523],[106.63416,10.75902],[106.65075,10.75339],[106.66153,10.75846],[106.65595,10.77826]]]},"properties":{"shapeName":"Quan 11","shapeISO":"","shapeID":"81297802B37641712637141","shapeGroup":"VNM","shapeType":"ADM2"}},
{"type":"Feature","geometry":{"type":"Polygon","coordinates":[[[106.61605,10.81938],[106.6279,10.82468],[106.63244,10.83313],[106.63379,10.84501],[106.64736,10.85818],[106.66703,10.85603],[106.68872,10.84502],[106.69518,10.83116],[106.70241,10.83902],[106.70235,10.85167],[106.71765,10.85557],[106.71317,10.86587],[106.69946,10.86896],[106.68975,10.88067],[106.69286,10.90424],[106.66908,10.89087],[106.64963,10.89534],[106.63143,10.89146],[106.62794,10.88129],[106.60726,10.85532],[106.61534,10.84248],[106.60325,10.82617],[106.61605,10.81938]]]},"properties":{"shapeName":"Quan 12","shapeISO":"","shapeID":"81297802B78652503258302","shapeGroup":"VNM","shapeType":"ADM2"}},
{"type":"Feature","geometry":{"type":"Polygon","coordinates":[[[106.71556,10.78539],[106.70845,10.76975],[106.72236,10.75918],[106.73144,10.76006],[106.73576,10.77538],[106.75089,10.77049],[106.74817,10.74144],[106.76666,10.74045],[106.77415,10.74769],[106.80138,10.76041],[106.8096,10.77417],[106.78978,10.77853],[106.78159,10.79042],[106.77667,10.80914],[106.75701,10.81322],[106.75113,10.81293],[106.72675,10.81763],[106.72697,10.79944],[106.71556,10.78539]]]},"properties":{"shapeName":"Quan 2","shapeISO":"","shapeID":"81297802B76466747653960","shapeGroup":"VNM","shapeType":"ADM2"}},
{"type":"Feature","geometry":{"type":"Polygon","coordinates":[[[106.66664,10.78968],[106.66462,10.78693],[106.68162,10.7779],[106.6817,10.76544],[106.69809,10.78288],[106.68615,10.79246],[106.66664,10.78968]]]},"properties":{"shapeName":"Quan 3","shapeISO":"","shapeID":"81297802B4427483692725","shapeGroup":"VNM","shapeType":"ADM2"}},
{"type":"Feature","geometry":{"type":"Polygon","coordinates":[[[106.68709,10.75355],[106.68641,10.75181],[106.69007,10.75228],[106.71723,10.75274],[106.72236,10.75918],[106.70845,10.76975],[106.68709,10.75355]]]},"properties":{"shapeName":"Quan 4","shapeISO":"","shapeID":"81297802B29563104023098","shapeGroup":"VNM","shapeType":"ADM2"}},
{"type":"Feature","geometry":{"type":"Polygon","coordinates":[[[106.6817,10.76544],[106.66153,10.75846],[106.65075,10.75339],[106.65489,10.74624],[106.68641,10.75181],[106.68709,10.75355],[106.6817,10.76544]]]},"properties":{"shapeName":"Quan 5","shapeISO":"","shapeID":"81297802B17569327634169","shapeGroup":"VNM","shapeType":"ADM2"}},
{"type":"Feature","geometry":{"type":"Polygon","coordinates":[[[106.62111,10.73412],[106.62789,10.72997],[106.65489,10.74624],[106.65075,10.75339],[106.63416,10.75902],[106.62409,10.76237],[106.62111,10.73412]]]},"properties":{"shapeName":"Quan 6","shapeISO":"","shapeID":"81297802B35379290873600","shapeGroup":"VNM","shapeType":"ADM2"}},
{"type":"Feature","geometry":{"type":"Polygon","coordinates":[[[106.69016,10.72517],[106.70567,10.72506],[106.72589,10.71037],[106.72612,10.69988],[106.7521,10.70435],[106.75288,10.72194],[106.76666,10.74045],[106.74817,10.74144],[106.75089,10.77049],[106.73576,10.77538],[106.73144,10.76006],[106.72236,10.75918],[106.71723,10.75274],[106.69007,10.75228],[106.69223,10.74136],[106.69016,10.72517]]]},"properties":{"shapeName":"Quan 7","shapeISO":"","shapeID":"81297802B84259990428862","shapeGroup":"VNM","shapeType":"ADM2"}},
{"type":"Feature","geometry":{"type":"Polygon","coordinates":[[[106.69223,10.74136],[106.69007,10.75228],[106.68641,10.75181],[106.65489,10.74624],[106.62789,10.72997],[106.62111,10.73412],[106.61906,10.7162],[106.60372,10.71101],[106.60132,10.69571],[106.62057,10.69969],[106.62538,10.69447],[106.64188,10.72723],[106.69223,10.74136]]]},"properties":{"shapeName":"Quan 8","shapeISO":"","shapeID":"81297802B52284124086366","shapeGroup":"VNM","shapeType":"ADM2"}},
{"type":"Feature","geometry":{"type":"Polygon","coordinates":[[[106.84038,10.89864],[106.82539,10.89514],[106.80859,10.87303],[106.7733,10.84835],[106.75967,10.82435],[106.75701,10.81322],[106.77667,10.80914],[106.78159,10.79042],[106.78978,10.77853],[106.8096,10.77417],[106.81797,10.78039],[106.83771,10.77102],[106.85364,10.77415],[106.86385,10.76507],[106.87136,10.77723],[106.8644,10.78918],[106.88176,10.80837],[106.8721,10.82503],[106.85424,10.84467],[106.84683,10.8623],[106.85099,10.87602],[106.84038,10.89864]]]},"properties":{"shapeName":"Quan 9","shapeISO":"","shapeID":"81297802B54605917200404","shapeGroup":"VNM","shapeType":"ADM2"}},
{"type":"Feature","geometry":{"type":"Polygon","coordinates":[[[105.13422,22.95723],[105.14286,22.97914],[105.14206,22.99778],[105.12445,22.99916],[105.13362,23.02382],[105.12125,23.03802],[105.10408,23.04978],[105.0858,23.07009],[105.08765,23.08358],[105.07982,23.09697],[105.04731,23.12892],[105.02753,23.14026],[105.02313,23.15267],[105.00366,23.16899],[104.98812,23.17144],[104.98331,23.18428],[104.95984,23.19129],[104.95043,23.17129],[104.92175,23.18421],[104.89421,23.17647],[104.88293,23.16585],[104.87906,23.13193],[104.86323,23.1241],[104.85584,23.13233],[104.83969,23.13009],[104.82973,23.13491],[104.80959,23.12906],[104.80232,23.12185],[104.809,23.07899],[104.82189,23.05347],[104.82197,23.03523],[104.83137,23.01453],[104.83151,22.98156],[104.83763,22.97347],[104.86736,22.98153],[104.8839,22.98936],[104.89332,23.00307],[104.87979,23.01287],[104.87911,23.02202],[104.90333,23.02367],[104.90589,23.03383],[104.91823,23.04072],[104.93716,23.04336],[104.93033,23.02657],[104.93004,22.99951],[104.93499,22.99368],[104.96567,22.99197],[104.96722,22.96295],[104.97508,22.94673],[104.98693,22.94605],[104.98713,22.98004],[105.00508,22.99827],[105.02737,22.99077],[105.03896,22.96715],[105.06099,22.94617],[105.08063,22.95613],[105.09735,22.95512],[105.10552,22.96598],[105.1244,22.96623],[105.13422,22.95723]]]},"properties":{"shapeName":"Quan Ba","shapeISO":"","shapeID":"81297802B31175014332346","shapeGroup":"VNM","shapeType":"ADM2"}},
{"type":"Feature","geometry":{"type":"Polygon","coordinates":[[[105.09412,20.56801],[105.08651,20.5772],[105.05348,20.57037],[105.05277,20.561],[105.02328,20.55917],[105.00429,20.57461],[104.98019,20.57657],[104.98438,20.58937],[104.96313,20.60778],[104.96286,20.62288],[104.94991,20.64292],[104.9328,20.64856],[104.9031,20.66848],[104.88989,20.67045],[104.86714,20.66143],[104.853,20.66401],[104.8464,20.65222],[104.8371,20.64314],[104.813,20.63259],[104.7994,20.61827],[104.80242,20.58302],[104.83936,20.57897],[104.8742,20.56167],[104.87352,20.54036],[104.86552,20.53767],[104.87647,20.51519],[104.87061,20.49713],[104.84573,20.4794],[104.81378,20.47437],[104.77664,20.4592],[104.76643,20.44257],[104.74295,20.4313],[104.71726,20.43291],[104.7017,20.42026],[104.714,20.39794],[104.75331,20.38858],[104.77426,20.3902],[104.78996,20.40859],[104.80213,20.40905],[104.80863,20.38911],[104.80656,20.3792],[104.81814,20.3535],[104.84933,20.31691],[104.86913,20.315],[104.89256,20.30246],[104.92293,20.31511],[104.93145,20.32659],[104.95446,20.33009],[104.96786,20.3256],[104.98567,20.34481],[104.99539,20.33592],[105.01459,20.35037],[105.04034,20.34397],[105.06353,20.35209],[105.07689,20.37396],[105.09508,20.37367],[105.12479,20.34438],[105.14194,20.33167],[105.16461,20.33103],[105.18307,20.33798],[105.18285,20.35353],[105.16314,20.36454],[105.17145,20.38194],[105.16365,20.40388],[105.14452,20.41072],[105.12504,20.42726],[105.11703,20.44262],[105.10484,20.45314],[105.09703,20.46933],[105.07978,20.48581],[105.06928,20.50235],[105.08693,20.51614],[105.10544,20.53826],[105.09412,20.56801]]]},"properties":{"shapeName":"Quan Hoa","shapeISO":"","shapeID":"81297802B43083568307928","shapeGroup":"VNM","shapeType":"ADM2"}},
{"type":"Feature","geometry":{"type":"Polygon","coordinates":[[[105.12479,20.34438],[105.09508,20.37367],[105.07689,20.37396],[105.06353,20.35209],[105.04034,20.34397],[105.01459,20.35037],[104.99539,20.33592],[104.98567,20.34481],[104.96786,20.3256],[104.95446,20.33009],[104.93145,20.32659],[104.92293,20.31511],[104.89256,20.30246],[104.86913,20.315],[104.84933,20.31691],[104.81814,20.3535],[104.80656,20.3792],[104.80863,20.38911],[104.80213,20.40905],[104.78996,20.40859],[104.77426,20.3902],[104.75331,20.38858],[104.714,20.39794],[104.68351,20.4037],[104.68125,20.39584],[104.66236,20.38389],[104.64681,20.37937],[104.61729,20.36115],[104.6217,20.34196],[104.61508,20.31124],[104.6185,20.29652],[104.61042,20.27518],[104.60914,20.25613],[104.61406,20.24278],[104.63054,20.22926],[104.64455,20.23481],[104.66126,20.2331],[104.66837,20.21825],[104.68584,20.21812],[104.71961,20.20103],[104.75776,20.20078],[104.77525,20.19829],[104.82028,20.17075],[104.824,20.16006],[104.86189,20.14159],[104.89754,20.14705],[104.91154,20.15502],[104.92254,20.14612],[104.93469,20.12607],[104.94847,20.1217],[104.97303,20.09819],[104.98285,20.13039],[104.99717,20.15415],[105.0081,20.16247],[105.01589,20.19134],[105.00711,20.22313],[105.00753,20.24177],[105.03783,20.24553],[105.04097,20.25464],[105.01976,20.27088],[105.03118,20.29526],[105.04828,20.28401],[105.05878,20.27133],[105.08283,20.27155],[105.08859,20.28301],[105.08652,20.30103],[105.10757,20.31126],[105.12686,20.32784],[105.12479,20.34438]]]},"properties":{"shapeName":"Quan Son","shapeISO":"","shapeID":"81297802B81765499113898","shapeGroup":"VNM","shapeType":"ADM2"}},
{"type":"Feature","geometry":{"type":"Polygon","coordinates":[[[104.79331,22.55059],[104.76475,22.55972],[104.73387,22.54821],[104.71672,22.53293],[104.69101,22.54849],[104.66943,22.54613],[104.62079,22.57195],[104.62086,22.54767],[104.56865,22.50256],[104.55709,22.50151],[104.535,22.48136],[104.52861,22.46958],[104.51199,22.46164],[104.49731,22.46473],[104.48239,22.48037],[104.46637,22.47532],[104.44863,22.45878],[104.4539,22.44415],[104.46868,22.42366],[104.4922,22.41859],[104.4985,22.40389],[104.50836,22.40443],[104.52736,22.39144],[104.54869,22.38193],[104.55528,22.37251],[104.54825,22.36108],[104.55534,22.35371],[104.57077,22.35481],[104.58207,22.34843],[104.56615,22.33143],[104.57979,22.31597],[104.58008,22.30299],[104.56632,22.28875],[104.54402,22.27534],[104.54886,22.25048],[104.56371,22.24224],[104.58723,22.24947],[104.58576,22.2638],[104.60837,22.29167],[104.62893,22.28711],[104.6421,22.27683],[104.6701,22.2768],[104.67677,22.26483],[104.70443,22.26397],[104.72232,22.25747],[104.72978,22.22547],[104.72409,22.20833],[104.73968,22.20692],[104.7556,22.19702],[104.76934,22.21929],[104.75704,22.24109],[104.76366,22.25235],[104.74224,22.27119],[104.75355,22.27841],[104.77189,22.27875],[104.78132,22.30967],[104.77818,22.32461],[104.78927,22.34146],[104.77215,22.35682],[104.75474,22.358],[104.76442,22.37228],[104.75735,22.37778],[104.78245,22.38985],[104.76765,22.40685],[104.76696,22.41975],[104.78369,22.44692],[104.78086,22.46158],[104.79281,22.47158],[104.79392,22.4822],[104.78403,22.48986],[104.77954,22.50858],[104.78623,22.52623],[104.78294,22.53852],[104.79331,22.55059]]]},"properties":{"shapeName":"Quang Binh","shapeISO":"","shapeID":"81297802B33189914091729","shapeGroup":"VNM","shapeType":"ADM2"}},
{"type":"Feature","geometry":{"type":"Polygon","coordinates":[[[107.57026,16.60402],[107.50426,16.6516],[107.48543,16.62415],[107.44435,16.65708],[107.41737,16.66238],[107.41885,16.64987],[107.4062,16.63954],[107.40656,16.61559],[107.42404,16.60497],[107.46161,16.59517],[107.45866,16.58686],[107.47111,16.56389],[107.46917,16.54946],[107.459,16.54603],[107.48002,16.52566],[107.49751,16.5257],[107.50411,16.53446],[107.53055,16.52619],[107.53994,16.53296],[107.5565,16.52543],[107.56635,16.52843],[107.57961,16.55493],[107.58139,16.56697],[107.56304,16.58782],[107.57026,16.60402]]]},"properties":{"shapeName":"Quang Dien","shapeISO":"","shapeID":"81297802B21993860278161","shapeGroup":"VNM","shapeType":"ADM2"}},
{"type":"Feature","geometry":{"type":"Polygon","coordinates":[[[108.76764,15.12883],[108.76094,15.12432],[108.75934,15.10484],[108.79882,15.0935],[108.81934,15.10091],[108.84276,15.0986],[108.85725,15.14273],[108.84864,15.14706],[108.83635,15.13206],[108.8166,15.12601],[108.80299,15.13791],[108.78665,15.13858],[108.76764,15.12883]]]},"properties":{"shapeName":"Quang Ngai","shapeISO":"","shapeID":"81297802B1045120286230","shapeGroup":"VNM","shapeType":"ADM2"}},
{"type":"Feature","geometry":{"type":"Polygon","coordinates":[[[106.3038,17.29525],[106.30792,17.27065],[106.30476,17.2579],[106.31645,17.25101],[106.31777,17.23629],[106.33403,17.23541],[106.32536,17.21575],[106.3076,17.21825],[106.30425,17.20802],[106.32612,17.19943],[106.32183,17.19189],[106.33764,17.16848],[106.35428,17.15557],[106.35607,17.13413],[106.3656,17.12983],[106.37309,17.11189],[106.40793,17.08849],[106.41601,17.07868],[106.43271,17.07076],[106.44703,17.07941],[106.46176,17.07889],[106.49244,17.09102],[106.49776,17.10227],[106.49761,17.11945],[106.52539,17.11826],[106.53378,17.14194],[106.57476,17.15582],[106.5911,17.15216],[106.59696,17.17896],[106.6139,17.20594],[106.61159,17.23923],[106.6365,17.25278],[106.65271,17.24661],[106.66697,17.25256],[106.67512,17.24727],[106.68876,17.26091],[106.69845,17.27777],[106.71245,17.28079],[106.72041,17.309],[106.73858,17.32904],[106.75199,17.32258],[106.77024,17.3022],[106.78949,17.29321],[106.80059,17.30911],[106.74854,17.35375],[106.68587,17.41561],[106.67442,17.41245],[106.66657,17.42097],[106.64722,17.41812],[106.63706,17.43572],[106.62194,17.42561],[106.59811,17.42468],[106.58307,17.40325],[106.56286,17.40777],[106.55192,17.39471],[106.53362,17.38342],[106.52666,17.37206],[106.51153,17.36557],[106.49236,17.38512],[106.46203,17.38201],[106.45149,17.39279],[106.43312,17.38638],[106.42161,17.40573],[106.42215,17.41364],[106.40426,17.43487],[106.38491,17.43025],[106.36582,17.41401],[106.36552,17.38779],[106.35581,17.37966],[106.33585,17.39084],[106.33313,17.37389],[106.31723,17.36646],[106.31462,17.35203],[106.29225,17.34716],[106.28732,17.33524],[106.2911,17.32108],[106.30149,17.31666],[106.31176,17.29852],[106.3038,17.29525]]]},"properties":{"shapeName":"Quang Ninh","shapeISO":"","shapeID":"81297802B18152468964479","shapeGroup":"VNM","shapeType":"ADM2"}},
{"type":"Feature","geometry":{"type":"Polygon","coordinates":[[[106.45842,17.77375],[106.44869,17.80676],[106.44438,17.84404],[106.45214,17.87157],[106.48288,17.92143],[106.50149,17.92385],[106.50975,17.94253],[106.51062,17.95999],[106.49435,17.96056],[106.47934,17.95332],[106.46927,17.95622],[106.45035,17.94951],[106.44407,17.96897],[106.41017,17.97282],[106.39965,17.98155],[106.34009,17.99176],[106.32982,17.97976],[106.32484,17.96306],[106.30585,17.96291],[106.29614,17.94522],[106.2843,17.93483],[106.29124,17.92146],[106.28421,17.90839],[106.27086,17.89982],[106.26685,17.88526],[106.27465,17.87417],[106.26965,17.86088],[106.28075,17.84445],[106.28441,17.82929],[106.27347,17.78862],[106.29272,17.77771],[106.30399,17.76077],[106.32368,17.7705],[106.34932,17.76034],[106.36284,17.76203],[106.38843,17.75625],[106.39435,17.76451],[106.41735,17.77541],[106.41754,17.79527],[106.4249,17.79688],[106.44009,17.76975],[106.45842,17.77375]]]},"properties":{"shapeName":"Quang Trach","shapeISO":"","shapeID":"81297802B61927033163821","shapeGroup":"VNM","shapeType":"ADM2"}},
{"type":"Feature","geometry":{"type":"Polygon","coordinates":[[[107.07924,16.62817],[107.09859,16.63548],[107.1433,16.63563],[107.1645,16.63905],[107.18543,16.68081],[107.17983,16.70399],[107.18955,16.71413],[107.19642,16.73973],[107.19444,16.75799],[107.18046,16.75862],[107.17581,16.73579],[107.16476,16.70876],[107.13731,16.70132],[107.11774,16.6874],[107.1129,16.664],[107.06718,16.64826],[107.07924,16.62817]]]},"properties":{"shapeName":"Quang Tri","shapeISO":"","shapeID":"81297802B92774803000720","shapeGroup":"VNM","shapeType":"ADM2"}},
{"type":"Feature","geometry":{"type":"Polygon","coordinates":[[[106.55517,22.71194],[106.53882,22.70241],[106.52575,22.70854],[106.51962,22.73072],[106.50422,22.73089],[106.49196,22.74159],[106.47109,22.74462],[106.45015,22.77234],[106.44868,22.78604],[106.43777,22.79196],[106.42578,22.78167],[106.40769,22.79143],[106.38962,22.78486],[106.36054,22.78278],[106.35673,22.7693],[106.36482,22.74619],[106.35297,22.73573],[106.36059,22.72089],[106.34888,22.69845],[106.3476,22.68192],[106.36775,22.63949],[106.36419,22.63322],[106.37072,22.60654],[106.36859,22.59893],[106.39564,22.5682],[106.40067,22.55116],[106.41257,22.54857],[106.4268,22.56729],[106.45158,22.56583],[106.45717,22.57505],[106.47797,22.58237],[106.49207,22.57298],[106.51817,22.58295],[106.5112,22.59333],[106.5149,22.61644],[106.5034,22.63872],[106.51635,22.64753],[106.51583,22.66348],[106.54168,22.64351],[106.56066,22.6428],[106.57329,22.65007],[106.58021,22.67401],[106.57074,22.68197],[106.57441,22.69325],[106.55517,22.71194]]]},"properties":{"shapeName":"Quang Uyen","shapeISO":"","shapeID":"81297802B42250510796537","shapeGroup":"VNM","shapeType":"ADM2"}},
{"type":"Feature","geometry":{"type":"Polygon","coordinates":[[[105.71291,19.73124],[105.7134,19.71932],[105.72245,19.70419],[105.71308,19.68453],[105.73119,19.66934],[105.7138,19.65406],[105.72496,19.6362],[105.7378,19.62979],[105.76828,19.63612],[105.76257,19.60751],[105.77201,19.59949],[105.79783,19.59887],[105.80233,19.61525],[105.81111,19.6169],[105.81627,19.59999],[105.80626,19.59122],[105.81743,19.57513],[105.82713,19.62501],[105.8421,19.67583],[105.86075,19.71259],[105.87926,19.7287],[105.88474,19.76216],[105.89406,19.77492],[105.86134,19.77034],[105.85699,19.76601],[105.8519,19.73218],[105.8238,19.73842],[105.81762,19.74931],[105.78317,19.75268],[105.77317,19.74638],[105.75488,19.74962],[105.74009,19.73595],[105.73142,19.73958],[105.71291,19.73124]]]},"properties":{"shapeName":"Quang Xuong","shapeISO":"","shapeID":"81297802B40676303665635","shapeGroup":"VNM","shapeType":"ADM2"}},
{"type":"Feature","geometry":{"type":"Polygon","coordinates":[[[106.87376,20.834],[106.86855,20.85717],[106.87083,20.8799],[106.88876,20.90417],[106.89758,20.90267],[106.93324,20.9164],[106.92998,20.93046],[106.91756,20.94149],[106.92164,20.95913],[106.91816,20.96477],[106.89282,20.97048],[106.88762,20.97968],[106.89358,20.99615],[106.88844,21.01332],[106.89856,21.02508],[106.89454,21.03462],[106.87191,21.02354],[106.86365,21.03337],[106.83839,21.03304],[106.82983,21.01444],[106.81179,21.01175],[106.80201,21.01679],[106.78845,20.97967],[106.76809,20.97421],[106.77043,20.91297],[106.75372,20.87833],[106.76069,20.85575],[106.77282,20.84213],[106.78877,20.83197],[106.82094,20.82616],[106.83206,20.8122],[106.87376,20.834]]]},"properties":{"shapeName":"Quang Yen","shapeISO":"","shapeID":"81297802B38356347526872","shapeGroup":"VNM","shapeType":"ADM2"}},
{"type":"Feature","geometry":{"type":"Polygon","coordinates":[[[105.13637,19.74482],[105.13871,19.76909],[105.12894,19.80088],[105.13541,19.83004],[105.14394,19.8327],[105.1527,19.85563],[105.18238,19.85704],[105.18971,19.86484],[105.17137,19.90095],[105.16852,19.91497],[105.15501,19.92269],[105.12961,19.92194],[105.11658,19.93377],[105.09461,19.93868],[105.04888,19.93073],[105.03994,19.93883],[104.9742,19.97279],[104.96454,19.97304],[104.95759,19.98976],[104.92357,19.98757],[104.90702,19.9984],[104.90832,19.98275],[104.90291,19.9678],[104.88683,19.95347],[104.8678,19.94625],[104.84392,19.92673],[104.84451,19.90586],[104.84048,19.88314],[104.84695,19.86975],[104.83241,19.85299],[104.84455,19.84167],[104.83392,19.827],[104.83526,19.80448],[104.83096,19.79136],[104.81715,19.78419],[104.79598,19.79031],[104.78049,19.7834],[104.75339,19.75016],[104.7132,19.75456],[104.70068,19.73092],[104.69044,19.72697],[104.67499,19.71046],[104.67063,19.68618],[104.65873,19.67219],[104.66225,19.66247],[104.64564,19.65352],[104.65108,19.63682],[104.64609,19.6248],[104.63154,19.62308],[104.62617,19.5868],[104.65318,19.57699],[104.6919,19.53136],[104.69807,19.51752],[104.69366,19.50069],[104.70696,19.49498],[104.71633,19.46128],[104.72979,19.45378],[104.75353,19.4536],[104.77396,19.43779],[104.81754,19.41383],[104.83798,19.42627],[104.88979,19.45107],[104.90373,19.47196],[104.91867,19.47946],[104.9312,19.47647],[104.94521,19.48712],[104.95523,19.50325],[104.97065,19.50879],[104.97981,19.52398],[105.00371,19.54125],[104.97439,19.57034],[104.97224,19.58994],[105.00268,19.60333],[104.99056,19.62064],[104.99018,19.63399],[104.99705,19.64692],[104.98714,19.65777],[104.99161,19.69164],[105.00169,19.69996],[105.01762,19.69533],[105.03,19.72453],[105.04873,19.72822],[105.06563,19.72214],[105.08125,19.73514],[105.08166,19.74944],[105.11035,19.7514],[105.12021,19.74233],[105.13637,19.74482]]]},"properties":{"shapeName":"Que Phong","shapeISO":"","shapeID":"81297802B37103290877054","shapeGroup":"VNM","shapeType":"ADM2"}},
{"type":"Feature","geometry":{"type":"Polygon","coordinates":[[[108.16852,15.71387],[108.16103,15.68817],[108.12347,15.65141],[108.11963,15.64456],[108.15866,15.6197],[108.18813,15.62304],[108.21807,15.62287],[108.22547,15.6257],[108.24775,15.65322],[108.28671,15.67751],[108.27558,15.69106],[108.2839,15.70246],[108.30716,15.69302],[108.31795,15.6999],[108.32483,15.71799],[108.33673,15.76472],[108.35273,15.77405],[108.34338,15.79949],[108.32942,15.81662],[108.29211,15.82936],[108.27447,15.82202],[108.27118,15.80251],[108.26155,15.7936],[108.26651,15.76846],[108.25007,15.75499],[108.21843,15.73834],[108.19459,15.74645],[108.18788,15.73412],[108.17226,15.72578],[108.16852,15.71387]]]},"properties":{"shapeName":"Que Son","shapeISO":"","shapeID":"81297802B89611140069217","shapeGroup":"VNM","shapeType":"ADM2"}},
{"type":"Feature","geometry":{"type":"Polygon","coordinates":[[[106.10699,21.12617],[106.11251,21.10608],[106.09223,21.10561],[106.08967,21.08926],[106.09993,21.07413],[106.10817,21.09194],[106.11747,21.09291],[106.13353,21.07862],[106.14283,21.08219],[106.14697,21.10406],[106.15329,21.11005],[106.17045,21.10913],[106.19323,21.09615],[106.23889,21.11493],[106.25975,21.11526],[106.28387,21.10455],[106.29525,21.10902],[106.29928,21.12195],[106.28997,21.13008],[106.27232,21.13296],[106.25679,21.1515],[106.25441,21.1706],[106.2284,21.15907],[106.21483,21.15885],[106.22085,21.17522],[106.19619,21.1818],[106.18455,21.17574],[106.17066,21.18156],[106.15161,21.20938],[106.13129,21.21619],[106.12247,21.19817],[106.11056,21.18124],[106.10826,21.16831],[106.13457,21.13878],[106.10699,21.12617]]]},"properties":{"shapeName":"Que Vo","shapeISO":"","shapeID":"81297802B29506934186430","shapeGroup":"VNM","shapeType":"ADM2"}},
{"type":"Feature","geometry":{"type":"Polygon","coordinates":[[[105.72505,20.95114],[105.72493,20.95549],[105.69941,20.97757],[105.68898,20.97403],[105.66716,20.9951],[105.67742,21.01871],[105.6508,21.04392],[105.63485,21.04455],[105.62894,21.01672],[105.63112,21.00985],[105.60105,21.00273],[105.58075,21.00188],[105.58252,20.99039],[105.57286,20.97421],[105.54909,20.98741],[105.54215,20.979],[105.51925,20.97389],[105.50359,20.97955],[105.50033,20.96759],[105.47994,20.94778],[105.48856,20.9354],[105.51535,20.92184],[105.53303,20.93102],[105.58148,20.9282],[105.57905,20.91601],[105.59769,20.91312],[105.6151,20.92589],[105.63372,20.95487],[105.66297,20.94897],[105.68314,20.95525],[105.70893,20.95789],[105.72505,20.95114]]]},"properties":{"shapeName":"Quoc Oai","shapeISO":"","shapeID":"81297802B41330613652559","shapeGroup":"VNM","shapeType":"ADM2"}},
{"type":"Feature","geometry":{"type":"Polygon","coordinates":[[[104.98204,19.35294],[104.98405,19.36102],[104.99922,19.37363],[105.00985,19.40319],[105.01742,19.41062],[105.0204,19.42653],[105.03352,19.4276],[105.05293,19.44356],[105.07542,19.43787],[105.10523,19.44371],[105.1222,19.45904],[105.13796,19.46506],[105.15578,19.4509],[105.16959,19.43247],[105.18172,19.42764],[105.19563,19.43607],[105.19998,19.44813],[105.21504,19.45703],[105.22301,19.4716],[105.23413,19.46064],[105.25394,19.46339],[105.26034,19.47168],[105.2868,19.46227],[105.29489,19.46684],[105.29417,19.47563],[105.28961,19.49044],[105.2782,19.49221],[105.26961,19.52947],[105.27432,19.56115],[105.28305,19.56713],[105.27993,19.585],[105.2828,19.60622],[105.27271,19.61226],[105.26265,19.6389],[105.24918,19.65728],[105.23674,19.64548],[105.22507,19.64874],[105.20834,19.66625],[105.18321,19.68245],[105.16505,19.68965],[105.15591,19.71394],[105.16389,19.72259],[105.13637,19.74482],[105.12021,19.74233],[105.11035,19.7514],[105.08166,19.74944],[105.08125,19.73514],[105.06563,19.72214],[105.04873,19.72822],[105.03,19.72453],[105.01762,19.69533],[105.00169,19.69996],[104.99161,19.69164],[104.98714,19.65777],[104.99705,19.64692],[104.99018,19.63399],[104.99056,19.62064],[105.00268,19.60333],[104.97224,19.58994],[104.97439,19.57034],[105.00371,19.54125],[104.97981,19.52398],[104.97065,19.50879],[104.95523,19.50325],[104.94521,19.48712],[104.9312,19.47647],[104.91867,19.47946],[104.90373,19.47196],[104.88979,19.45107],[104.83798,19.42627],[104.81754,19.41383],[104.82979,19.40014],[104.84312,19.3958],[104.86145,19.37186],[104.87268,19.36851],[104.89363,19.34681],[104.92246,19.33233],[104.92862,19.32225],[104.93753,19.33006],[104.9531,19.33162],[104.96802,19.34876],[104.98204,19.35294]]]},"properties":{"shapeName":"Quy Chau","shapeISO":"","shapeID":"81297802B85029486143959","shapeGroup":"VNM","shapeType":"ADM2"}},
{"type":"Feature","geometry":{"type":"Polygon","coordinates":[[[105.07662,19.17441],[105.10375,19.17882],[105.122,19.19749],[105.14153,19.20213],[105.14194,19.22133],[105.18916,19.22768],[105.23351,19.22008],[105.24949,19.20803],[105.25014,19.20019],[105.29224,19.19897],[105.30729,19.20549],[105.30655,19.21671],[105.30316,19.23753],[105.33296,19.26029],[105.32585,19.27935],[105.33885,19.30631],[105.33777,19.32065],[105.32893,19.32872],[105.32332,19.34451],[105.31258,19.34609],[105.3045,19.35809],[105.31473,19.36711],[105.32475,19.38839],[105.30622,19.42391],[105.30972,19.43844],[105.29489,19.46684],[105.2868,19.46227],[105.26034,19.47168],[105.25394,19.46339],[105.23413,19.46064],[105.22301,19.4716],[105.21504,19.45703],[105.19998,19.44813],[105.19563,19.43607],[105.18172,19.42764],[105.16959,19.43247],[105.15578,19.4509],[105.13796,19.46506],[105.1222,19.45904],[105.10523,19.44371],[105.07542,19.43787],[105.05293,19.44356],[105.03352,19.4276],[105.0204,19.42653],[105.01742,19.41062],[105.00985,19.40319],[104.99922,19.37363],[104.98405,19.36102],[104.98204,19.35294],[105,19.34179],[104.98458,19.32764],[104.99557,19.31676],[104.99638,19.30564],[104.97956,19.28552],[104.9773,19.26499],[104.99308,19.24985],[104.98999,19.23713],[104.97375,19.22569],[104.97352,19.2128],[104.98607,19.2079],[104.99502,19.19215],[105.0192,19.19727],[105.02978,19.18424],[105.04703,19.18117],[105.04229,19.16889],[105.07662,19.17441]]]},"properties":{"shapeName":"Quy Hop","shapeISO":"","shapeID":"81297802B66096195927531","shapeGroup":"VNM","shapeType":"ADM2"}},
{"type":"Feature","geometry":{"type":"Polygon","coordinates":[[[109.2595,13.9013],[109.24594,13.88948],[109.24788,13.86441],[109.2528,13.84963],[109.23934,13.81408],[109.2248,13.81907],[109.21289,13.81661],[109.17292,13.81625],[109.15494,13.80123],[109.13264,13.79278],[109.13576,13.75416],[109.12609,13.74553],[109.11192,13.74774],[109.11595,13.72306],[109.09896,13.7156],[109.08944,13.69443],[109.09651,13.68645],[109.09551,13.6669],[109.10573,13.65709],[109.09735,13.63864],[109.10235,13.61992],[109.11523,13.60824],[109.12649,13.62112],[109.11855,13.63523],[109.13238,13.64124],[109.14462,13.62974],[109.15257,13.63421],[109.15101,13.65532],[109.15681,13.67822],[109.18208,13.68311],[109.18991,13.69297],[109.20343,13.69315],[109.20783,13.68075],[109.22625,13.67845],[109.2328,13.67005],[109.23379,13.68099],[109.21796,13.71444],[109.21949,13.73373],[109.21436,13.74568],[109.21871,13.75553],[109.2373,13.7705],[109.25025,13.76911],[109.25511,13.75846],[109.26744,13.75708],[109.293,13.76676],[109.29405,13.7809],[109.28566,13.80443],[109.29921,13.8268],[109.29962,13.84187],[109.29204,13.87285],[109.29694,13.88418],[109.27702,13.89054],[109.26585,13.90202],[109.2595,13.9013]]]},"properties":{"shapeName":"Quy Nhon","shapeISO":"","shapeID":"81297802B6190272756602","shapeGroup":"VNM","shapeType":"ADM2"}},
{"type":"Feature","geometry":{"type":"Polygon","coordinates":[[[105.65678,19.08765],[105.67376,19.09753],[105.68788,19.08435],[105.7368,19.10276],[105.73035,19.12067],[105.72985,19.14892],[105.73305,19.16544],[105.73111,19.1856],[105.72198,19.18509],[105.6996,19.19435],[105.68908,19.19295],[105.67841,19.21101],[105.66238,19.21253],[105.66165,19.22342],[105.67931,19.24128],[105.67191,19.24596],[105.65126,19.23304],[105.63704,19.23737],[105.63539,19.24818],[105.64524,19.25958],[105.62646,19.27483],[105.64569,19.28629],[105.63674,19.29519],[105.62425,19.32395],[105.6344,19.33572],[105.65418,19.34621],[105.64399,19.35288],[105.63928,19.36638],[105.62915,19.37417],[105.61185,19.37039],[105.59069,19.37135],[105.58606,19.34885],[105.57805,19.34768],[105.55765,19.31622],[105.55927,19.29873],[105.54492,19.29872],[105.53481,19.29153],[105.53237,19.26021],[105.53753,19.24821],[105.5252,19.22983],[105.51035,19.22995],[105.50232,19.21674],[105.47977,19.20794],[105.45696,19.18465],[105.43253,19.17094],[105.4338,19.16571],[105.4597,19.13712],[105.48808,19.15397],[105.50837,19.17013],[105.5307,19.17012],[105.54332,19.18276],[105.5495,19.16597],[105.55825,19.16078],[105.5823,19.13167],[105.60806,19.1158],[105.62832,19.09737],[105.64577,19.09548],[105.65678,19.08765]]]},"properties":{"shapeName":"Quynh Luu","shapeISO":"","shapeID":"81297802B4221517004962","shapeGroup":"VNM","shapeType":"ADM2"}},
{"type":"Feature","geometry":{"type":"Polygon","coordinates":[[[103.80927,21.73618],[103.78007,21.7776],[103.75491,21.78583],[103.76093,21.80687],[103.71899,21.80997],[103.71318,21.81964],[103.69791,21.82423],[103.72401,21.87674],[103.70744,21.8834],[103.70779,21.90221],[103.68534,21.92007],[103.6903,21.93928],[103.66728,21.94919],[103.66337,21.97073],[103.65335,21.98786],[103.63138,21.98867],[103.61394,22.00091],[103.60831,22.01092],[103.53584,22.02577],[103.51395,22.00967],[103.51584,21.99161],[103.49836,21.96921],[103.50575,21.95543],[103.48536,21.93443],[103.47992,21.91521],[103.48809,21.90399],[103.49314,21.87585],[103.50811,21.87356],[103.51912,21.86411],[103.52893,21.84427],[103.52805,21.83487],[103.54177,21.82305],[103.53919,21.81251],[103.54783,21.79759],[103.54151,21.77576],[103.55845,21.76216],[103.56207,21.74905],[103.57526,21.73262],[103.58426,21.70463],[103.59879,21.68329],[103.58359,21.68515],[103.56832,21.67776],[103.55354,21.6519],[103.54214,21.64687],[103.5587,21.6249],[103.58714,21.62896],[103.60417,21.61148],[103.62045,21.60829],[103.63939,21.61671],[103.64944,21.60962],[103.65963,21.59146],[103.64251,21.58898],[103.62954,21.57836],[103.62984,21.56493],[103.64929,21.53953],[103.67169,21.5313],[103.6931,21.53979],[103.70259,21.53629],[103.7056,21.5226],[103.72868,21.52941],[103.74735,21.54103],[103.77742,21.54186],[103.79852,21.52853],[103.80088,21.54065],[103.82357,21.55388],[103.80985,21.56607],[103.8142,21.59792],[103.80746,21.61838],[103.79861,21.62441],[103.80445,21.6377],[103.79312,21.64865],[103.78183,21.64905],[103.75525,21.66459],[103.76092,21.68146],[103.78654,21.69651],[103.8074,21.72041],[103.80927,21.73618]]]},"properties":{"shapeName":"Quynh Nhai","shapeISO":"","shapeID":"81297802B11613956410948","shapeGroup":"VNM","shapeType":"ADM2"}},
{"type":"Feature","geometry":{"type":"Polygon","coordinates":[[[106.43801,20.56675],[106.4581,20.58709],[106.44714,20.60236],[106.46434,20.61506],[106.45025,20.62017],[106.45497,20.63893],[106.43825,20.66226],[106.42462,20.67116],[106.40231,20.69347],[106.41711,20.71682],[106.40782,20.72843],[106.40169,20.72885],[106.38234,20.71181],[106.35021,20.70092],[106.33313,20.71074],[106.30272,20.68959],[106.27529,20.69283],[106.26526,20.70427],[106.24881,20.69551],[106.26953,20.68471],[106.24951,20.67406],[106.2523,20.65864],[106.27129,20.65184],[106.27846,20.63825],[106.2923,20.63432],[106.29654,20.61555],[106.31455,20.60948],[106.33566,20.60955],[106.33808,20.59097],[106.35448,20.60166],[106.36344,20.58932],[106.38217,20.59053],[106.39088,20.60159],[106.4177,20.58275],[106.43205,20.57901],[106.43801,20.56675]]]},"properties":{"shapeName":"Quynh Phu","shapeISO":"","shapeID":"81297802B64676269296055","shapeGroup":"VNM","shapeType":"ADM2"}},
{"type":"Feature","geometry":{"type":"Polygon","coordinates":[[[105.09314,9.93755],[105.11834,9.93824],[105.14355,9.94986],[105.13114,9.96169],[105.13635,9.97584],[105.12112,9.9918],[105.1074,9.99944],[105.11099,10.01479],[105.16319,10.07508],[105.14911,10.08476],[105.12723,10.10072],[105.10806,10.10984],[105.0955,10.10507],[105.07954,10.07352],[105.07411,10.04781],[105.05197,10.03688],[105.07595,10.01188],[105.09096,9.97806],[105.08338,9.95973],[105.09284,9.94852],[105.09314,9.93755]]]},"properties":{"shapeName":"Rach Gia","shapeISO":"","shapeID":"81297802B54016933640468","shapeGroup":"VNM","shapeType":"ADM2"}},
{"type":"Feature","geometry":{"type":"Polygon","coordinates":[[[105.78378,10.29444],[105.7687,10.30675],[105.74837,10.35628],[105.73494,10.37741],[105.71961,10.38227],[105.71278,10.37619],[105.70418,10.35423],[105.71795,10.34124],[105.72253,10.29637],[105.73482,10.29141],[105.71676,10.27747],[105.71838,10.26507],[105.73102,10.26145],[105.75286,10.27197],[105.77099,10.27327],[105.78378,10.29444]]]},"properties":{"shapeName":"Sa Dec","shapeISO":"","shapeID":"81297802B46621499872955","shapeGroup":"VNM","shapeType":"ADM2"}},
{"type":"Feature","geometry":{"type":"Polygon","coordinates":[[[104.02591,22.33379],[103.9888,22.34393],[103.97235,22.33806],[103.94828,22.31623],[103.92938,22.31088],[103.89685,22.32967],[103.89773,22.34873],[103.92182,22.3744],[103.92378,22.3905],[103.93242,22.40611],[103.92213,22.42554],[103.90051,22.42503],[103.88287,22.43592],[103.86414,22.42011],[103.82673,22.44056],[103.82257,22.4562],[103.80732,22.46151],[103.7934,22.48404],[103.78217,22.49249],[103.77222,22.46377],[103.74916,22.46363],[103.73314,22.4407],[103.73578,22.42525],[103.72944,22.41628],[103.74598,22.40855],[103.76518,22.38985],[103.76654,22.35462],[103.78026,22.34852],[103.78185,22.33749],[103.76202,22.3113],[103.77545,22.30304],[103.78869,22.30202],[103.81796,22.27931],[103.84311,22.24198],[103.84227,22.22552],[103.85706,22.20586],[103.87266,22.19868],[103.86565,22.18078],[103.88862,22.17352],[103.89947,22.15754],[103.91562,22.14385],[103.93831,22.13756],[103.9725,22.15006],[103.98722,22.13986],[104.00938,22.1374],[104.02154,22.14357],[104.03792,22.16913],[104.04413,22.17236],[104.06611,22.16681],[104.08246,22.16768],[104.07557,22.1867],[104.07893,22.20017],[104.07547,22.20904],[104.08062,22.22682],[104.07201,22.26517],[104.04329,22.29748],[104.03114,22.31607],[104.02591,22.33379]]]},"properties":{"shapeName":"Sa Pa","shapeISO":"","shapeID":"81297802B16025441122040","shapeGroup":"VNM","shapeType":"ADM2"}},
{"type":"Feature","geometry":{"type":"Polygon","coordinates":[[[107.85,14.27585],[107.85714,14.30041],[107.851,14.31249],[107.87411,14.33642],[107.88357,14.35855],[107.87441,14.37095],[107.87124,14.39094],[107.8614,14.39712],[107.86857,14.42411],[107.87976,14.43676],[107.88013,14.46245],[107.88887,14.46953],[107.88671,14.48648],[107.86999,14.49106],[107.86242,14.50135],[107.86299,14.52145],[107.85066,14.52355],[107.84085,14.53735],[107.81723,14.54636],[107.79513,14.54073],[107.77206,14.59322],[107.77767,14.60308],[107.75956,14.61291],[107.74773,14.59709],[107.7341,14.58895],[107.71345,14.58326],[107.70219,14.58935],[107.6746,14.57692],[107.66077,14.55581],[107.65979,14.54018],[107.65204,14.5327],[107.60999,14.52886],[107.58111,14.51193],[107.54261,14.50917],[107.52255,14.50315],[107.51538,14.51154],[107.50363,14.48237],[107.49975,14.46426],[107.50417,14.45766],[107.4897,14.42911],[107.48975,14.4105],[107.4598,14.40598],[107.45722,14.41938],[107.44847,14.4254],[107.41921,14.40729],[107.41818,14.38549],[107.42543,14.37352],[107.41228,14.36157],[107.40822,14.34572],[107.39058,14.32558],[107.39068,14.31603],[107.40647,14.29896],[107.40925,14.26404],[107.40004,14.24872],[107.40719,14.23361],[107.39724,14.22413],[107.37716,14.17913],[107.35806,14.16916],[107.36244,14.16266],[107.34068,14.13265],[107.33238,14.10531],[107.33445,14.10036],[107.36072,14.08474],[107.3828,14.07757],[107.37963,14.06518],[107.3671,14.06577],[107.36319,14.05081],[107.3643,14.0317],[107.35785,14.01671],[107.38151,13.99397],[107.39986,13.98938],[107.44184,13.99691],[107.4548,13.97965],[107.45231,13.92979],[107.46038,13.91963],[107.47158,13.93204],[107.47068,13.95089],[107.49382,13.96368],[107.51167,13.98376],[107.5263,13.98573],[107.52065,14.01199],[107.54052,14.01079],[107.55193,14.02594],[107.57017,14.01791],[107.58939,14.01936],[107.60103,14.02933],[107.60128,14.04505],[107.61682,14.0631],[107.63516,14.0544],[107.65073,14.0679],[107.65758,14.08507],[107.6494,14.09628],[107.65767,14.10351],[107.66518,14.13799],[107.65804,14.165],[107.67014,14.17579],[107.67916,14.19244],[107.68818,14.22088],[107.69972,14.21547],[107.72585,14.21495],[107.75928,14.20214],[107.76303,14.21269],[107.77777,14.21592],[107.78353,14.22558],[107.80679,14.21259],[107.817,14.21371],[107.82833,14.2329],[107.8374,14.23362],[107.83543,14.26543],[107.85,14.27585]]]},"properties":{"shapeName":"Sa Thay","shapeISO":"","shapeID":"81297802B78907971348627","shapeGroup":"VNM","shapeType":"ADM2"}},
{"type":"Feature","geometry":{"type":"Polygon","coordinates":[[[105.89406,19.77492],[105.88474,19.76216],[105.87926,19.7287],[105.89863,19.72249],[105.90074,19.73214],[105.93271,19.78457],[105.89406,19.77492]]]},"properties":{"shapeName":"Sam Son","shapeISO":"","shapeID":"81297802B12977108616150","shapeGroup":"VNM","shapeType":"ADM2"}},
{"type":"Feature","geometry":{"type":"Polygon","coordinates":[[[104.36252,22.67266],[104.33533,22.68943],[104.34269,22.71082],[104.33856,22.72246],[104.3252,22.72995],[104.30185,22.73032],[104.27948,22.74159],[104.26981,22.74148],[104.25512,22.73385],[104.23769,22.705],[104.22486,22.71362],[104.22224,22.72873],[104.20386,22.73956],[104.19497,22.73815],[104.17846,22.71946],[104.17515,22.68274],[104.18294,22.67408],[104.18101,22.65842],[104.19255,22.63039],[104.19124,22.61563],[104.20761,22.5857],[104.23274,22.59052],[104.25032,22.61898],[104.27014,22.6181],[104.28123,22.61037],[104.28909,22.61823],[104.30335,22.615],[104.30699,22.59821],[104.31915,22.58962],[104.32626,22.6072],[104.34402,22.62321],[104.35179,22.62317],[104.36193,22.63831],[104.35657,22.64899],[104.36252,22.67266]]]},"properties":{"shapeName":"Si Ma Cai","shapeISO":"","shapeID":"81297802B8681355150837","shapeGroup":"VNM","shapeType":"ADM2"}},
{"type":"Feature","geometry":{"type":"Polygon","coordinates":[[[103.35419,22.43223],[103.34379,22.45631],[103.32447,22.46618],[103.30414,22.48993],[103.29147,22.47585],[103.28069,22.48103],[103.27477,22.49806],[103.25915,22.50292],[103.22658,22.49299],[103.21579,22.47712],[103.20802,22.49276],[103.18398,22.49963],[103.17424,22.49415],[103.15964,22.51378],[103.13394,22.53191],[103.11823,22.51761],[103.08279,22.51103],[103.07177,22.49006],[103.07093,22.47688],[103.07886,22.46975],[103.09748,22.47014],[103.12873,22.4398],[103.13175,22.4226],[103.14464,22.4222],[103.15703,22.43039],[103.17322,22.41708],[103.19073,22.42588],[103.19915,22.40893],[103.1877,22.38709],[103.1762,22.37763],[103.17575,22.36138],[103.16806,22.34573],[103.17005,22.32572],[103.16104,22.30241],[103.16048,22.27217],[103.16722,22.25626],[103.16164,22.21818],[103.15436,22.2149],[103.15144,22.19826],[103.15448,22.18199],[103.16711,22.16609],[103.18192,22.17252],[103.18107,22.15358],[103.1926,22.14265],[103.19103,22.12857],[103.17546,22.11281],[103.19421,22.10751],[103.19586,22.07407],[103.19117,22.06969],[103.21184,22.06955],[103.24402,22.04887],[103.27862,22.03833],[103.28805,22.04057],[103.28684,22.05586],[103.27487,22.0674],[103.2834,22.08796],[103.28424,22.10355],[103.29264,22.11256],[103.30849,22.11444],[103.30698,22.12583],[103.31887,22.14163],[103.3351,22.1536],[103.3526,22.1519],[103.38967,22.15645],[103.39135,22.14215],[103.40511,22.12806],[103.40664,22.11577],[103.42148,22.07242],[103.43568,22.0544],[103.45409,22.05301],[103.46833,22.0257],[103.45397,22.00878],[103.47709,21.97768],[103.49836,21.96921],[103.51584,21.99161],[103.51395,22.00967],[103.53584,22.02577],[103.54017,22.04777],[103.5324,22.05799],[103.53566,22.07786],[103.54683,22.08246],[103.54983,22.09485],[103.54472,22.11098],[103.56031,22.14345],[103.58771,22.15831],[103.58949,22.16823],[103.58398,22.1881],[103.55657,22.21805],[103.55294,22.23837],[103.51183,22.26798],[103.51072,22.28056],[103.49726,22.28429],[103.47763,22.29783],[103.48177,22.3125],[103.45103,22.32903],[103.41659,22.36188],[103.40225,22.37671],[103.37889,22.39217],[103.36894,22.40388],[103.35419,22.43223]]]},"properties":{"shapeName":"Sin Ho","shapeISO":"","shapeID":"81297802B88663047044628","shapeGroup":"VNM","shapeType":"ADM2"}},
{"type":"Feature","geometry":{"type":"Polygon","coordinates":[[[105.9072,21.19229],[105.91976,21.23132],[105.93801,21.24337],[105.9224,21.27289],[105.92313,21.28718],[105.90097,21.3042],[105.89962,21.32482],[105.89239,21.32633],[105.87113,21.3298],[105.85806,21.33873],[105.85157,21.35593],[105.85649,21.37646],[105.83573,21.37392],[105.81595,21.38305],[105.788,21.37521],[105.78469,21.35956],[105.7929,21.34653],[105.77669,21.33741],[105.75738,21.30123],[105.73516,21.28398],[105.72319,21.26613],[105.72511,21.24234],[105.735,21.23284],[105.75796,21.22304],[105.77126,21.20528],[105.79006,21.19059],[105.81488,21.18427],[105.83499,21.18622],[105.86469,21.20055],[105.88792,21.2057],[105.88927,21.18532],[105.90554,21.18288],[105.9072,21.19229]]]},"properties":{"shapeName":"Soc Son","shapeISO":"","shapeID":"81297802B86407395704878","shapeGroup":"VNM","shapeType":"ADM2"}},
{"type":"Feature","geometry":{"type":"Polygon","coordinates":[[[105.94328,9.59897],[105.93696,9.58403],[105.92874,9.5838],[105.94888,9.56642],[105.96626,9.55929],[105.97348,9.57292],[105.98883,9.57825],[105.99786,9.57179],[106.00818,9.56992],[106.0149,9.58056],[106.02434,9.60535],[106.04174,9.63156],[106.01963,9.63433],[106.02332,9.6512],[106.00747,9.65072],[106.00079,9.65752],[105.98306,9.6564],[105.98178,9.64669],[105.95383,9.63186],[105.93993,9.60862],[105.94328,9.59897]]]},"properties":{"shapeName":"Soc Trang","shapeISO":"","shapeID":"81297802B1985987011497","shapeGroup":"VNM","shapeType":"ADM2"}},
{"type":"Feature","geometry":{"type":"Polygon","coordinates":[[[107.03241,21.32525],[106.99908,21.35557],[106.98947,21.35691],[106.99308,21.37726],[106.98539,21.4011],[106.99039,21.41333],[107.0027,21.41945],[106.98604,21.4399],[106.96884,21.43609],[106.95886,21.42484],[106.94634,21.4333],[106.92991,21.43646],[106.91125,21.43033],[106.89112,21.45157],[106.90177,21.47039],[106.8917,21.47701],[106.89021,21.48915],[106.86833,21.4972],[106.84604,21.49432],[106.83908,21.50646],[106.83387,21.50129],[106.81239,21.50497],[106.79433,21.48839],[106.77681,21.45182],[106.78152,21.42539],[106.7747,21.41502],[106.78019,21.399],[106.77157,21.38041],[106.74941,21.36275],[106.74683,21.35023],[106.76909,21.33768],[106.77112,21.32673],[106.75624,21.32122],[106.76227,21.30016],[106.7356,21.28764],[106.73442,21.27567],[106.71523,21.27352],[106.70007,21.26455],[106.69113,21.26803],[106.68928,21.25235],[106.68193,21.24273],[106.68828,21.22674],[106.67346,21.18277],[106.67754,21.17063],[106.70132,21.16734],[106.71442,21.16118],[106.73311,21.16131],[106.74448,21.15608],[106.76453,21.15632],[106.79217,21.14925],[106.81939,21.15636],[106.83362,21.15271],[106.82624,21.16421],[106.82647,21.18836],[106.85541,21.18868],[106.86128,21.17641],[106.87323,21.17388],[106.88039,21.18248],[106.89265,21.17921],[106.91638,21.18434],[106.93604,21.16896],[106.96913,21.22494],[106.97856,21.22698],[106.97732,21.23941],[106.98541,21.25865],[106.97274,21.28429],[106.9878,21.29352],[107.02008,21.29926],[107.03343,21.3149],[107.03241,21.32525]]]},"properties":{"shapeName":"Son Dong","shapeISO":"","shapeID":"81297802B10167820950608","shapeGroup":"VNM","shapeType":"ADM2"}},
{"type":"Feature","geometry":{"type":"Polygon","coordinates":[[[105.52486,21.7648],[105.51597,21.77423],[105.50031,21.77051],[105.49338,21.7796],[105.49795,21.79309],[105.49311,21.80446],[105.49681,21.83191],[105.49427,21.84071],[105.47435,21.8444],[105.45972,21.82741],[105.45113,21.83376],[105.4247,21.82871],[105.40957,21.81081],[105.40087,21.80991],[105.39325,21.79578],[105.37536,21.7861],[105.37311,21.76208],[105.37994,21.75054],[105.36972,21.73455],[105.35424,21.7282],[105.33261,21.76119],[105.30378,21.76458],[105.29217,21.77071],[105.26384,21.77467],[105.25632,21.76393],[105.27275,21.72774],[105.2669,21.71125],[105.25806,21.70835],[105.24901,21.69532],[105.24737,21.67479],[105.2353,21.66865],[105.23546,21.65873],[105.23936,21.64437],[105.22622,21.62962],[105.2343,21.61739],[105.25118,21.61117],[105.25044,21.58444],[105.27319,21.56294],[105.27261,21.54239],[105.2973,21.53438],[105.30142,21.50924],[105.32022,21.51286],[105.32485,21.50702],[105.33692,21.50857],[105.34417,21.51843],[105.37131,21.52455],[105.38902,21.51208],[105.41209,21.51276],[105.42346,21.49759],[105.43046,21.50612],[105.45546,21.51086],[105.47248,21.51986],[105.48727,21.51766],[105.49719,21.52527],[105.51203,21.53644],[105.52164,21.53527],[105.53052,21.55833],[105.54252,21.57384],[105.52364,21.5895],[105.50561,21.61236],[105.4966,21.61843],[105.50005,21.63206],[105.48355,21.65974],[105.48169,21.67874],[105.48794,21.68875],[105.47768,21.69758],[105.49146,21.70778],[105.50418,21.72977],[105.51597,21.73664],[105.50906,21.75037],[105.52486,21.7648]]]},"properties":{"shapeName":"Son Duong","shapeISO":"","shapeID":"81297802B77321226192187","shapeGroup":"VNM","shapeType":"ADM2"}},
{"type":"Feature","geometry":{"type":"Polygon","coordinates":[[[108.60458,14.84864],[108.59085,14.8665],[108.5941,14.88356],[108.57602,14.90519],[108.6025,14.91968],[108.61477,14.93495],[108.60891,14.94221],[108.60939,14.95944],[108.61992,14.96645],[108.63483,14.98941],[108.65569,14.99885],[108.6443,15.02608],[108.64142,15.04503],[108.6585,15.0705],[108.64266,15.09843],[108.63828,15.11578],[108.6152,15.1264],[108.59082,15.13193],[108.57801,15.1562],[108.56617,15.15949],[108.55118,15.14129],[108.52341,15.1264],[108.52211,15.11544],[108.5036,15.11577],[108.49903,15.10702],[108.47815,15.10912],[108.46539,15.10352],[108.45515,15.10814],[108.43364,15.10303],[108.42763,15.09253],[108.41095,15.08037],[108.3941,15.08488],[108.37077,15.09888],[108.31994,15.07292],[108.33836,15.05135],[108.36677,15.05342],[108.38788,15.04285],[108.39539,15.03163],[108.41715,15.01482],[108.41351,14.99928],[108.43195,14.96334],[108.44607,14.95906],[108.45331,14.94205],[108.46496,14.93888],[108.47808,14.91325],[108.47681,14.90194],[108.46279,14.88544],[108.44467,14.85226],[108.42741,14.84836],[108.41549,14.83183],[108.40267,14.82152],[108.42923,14.81685],[108.44102,14.80277],[108.452,14.80198],[108.45719,14.79026],[108.49387,14.80062],[108.51152,14.80741],[108.52983,14.80636],[108.54463,14.81336],[108.55834,14.80269],[108.59639,14.80658],[108.58651,14.83372],[108.60458,14.84864]]]},"properties":{"shapeName":"Son Ha","shapeISO":"","shapeID":"81297802B11658146957456","shapeGroup":"VNM","shapeType":"ADM2"}},
{"type":"Feature","geometry":{"type":"Polygon","coordinates":[[[108.80716,13.40044],[108.8043,13.39094],[108.81006,13.35465],[108.83974,13.32438],[108.84661,13.30724],[108.86027,13.28664],[108.87313,13.28017],[108.86822,13.26195],[108.87042,13.24635],[108.86352,13.22603],[108.84971,13.21696],[108.8494,13.17979],[108.82045,13.15708],[108.7971,13.15233],[108.78627,13.14139],[108.76397,13.13626],[108.75535,13.10293],[108.76647,13.09476],[108.77629,13.10114],[108.79198,13.09363],[108.8094,13.09254],[108.80808,13.07796],[108.81839,13.06059],[108.84107,13.03956],[108.85621,13.03232],[108.87347,13.01381],[108.88899,13.00978],[108.92138,13.0305],[108.9144,13.04841],[108.92554,13.07102],[108.95065,13.04501],[108.96431,13.04013],[108.97938,13.02558],[108.99193,13.02514],[109.00835,13.0438],[109.02657,13.0295],[109.05444,13.02516],[109.07429,13.03539],[109.08538,13.04684],[109.0806,13.05963],[109.08824,13.07958],[109.10647,13.08778],[109.11478,13.10743],[109.11839,13.13177],[109.13672,13.12967],[109.14408,13.14456],[109.15565,13.15396],[109.12814,13.20267],[109.1102,13.23046],[109.095,13.24606],[109.06455,13.25021],[109.05633,13.23899],[109.04477,13.23886],[109.03627,13.24986],[109.02029,13.25565],[109.0202,13.26762],[108.98649,13.32847],[108.9637,13.32642],[108.94308,13.31309],[108.9281,13.31954],[108.89276,13.34357],[108.89168,13.35914],[108.87586,13.37366],[108.85511,13.36832],[108.82247,13.3827],[108.80716,13.40044]]]},"properties":{"shapeName":"Son Hoa","shapeISO":"","shapeID":"81297802B61701358015931","shapeGroup":"VNM","shapeType":"ADM2"}},
{"type":"Feature","geometry":{"type":"Polygon","coordinates":[[[104.0024,21.35433],[103.98772,21.36373],[103.97805,21.3806],[103.97185,21.40223],[103.95798,21.40398],[103.9325,21.42452],[103.90578,21.42338],[103.902,21.4309],[103.87961,21.43104],[103.87945,21.43849],[103.84339,21.44153],[103.83479,21.43635],[103.83296,21.41302],[103.8103,21.39613],[103.81035,21.38404],[103.82169,21.37483],[103.81413,21.35556],[103.84015,21.35987],[103.83921,21.33559],[103.82929,21.31598],[103.82889,21.2993],[103.80966,21.30369],[103.81689,21.28723],[103.83601,21.27426],[103.854,21.27036],[103.85834,21.2625],[103.8812,21.24444],[103.90019,21.24799],[103.91709,21.26189],[103.91962,21.27207],[103.94583,21.27802],[103.97947,21.26228],[103.99066,21.25274],[104.00277,21.25911],[104.01342,21.24795],[104.02963,21.25841],[104.02146,21.27142],[104.00652,21.28281],[104.01074,21.30042],[103.99974,21.30574],[104.00069,21.3185],[103.9923,21.3307],[104.00636,21.33911],[104.0024,21.35433]]]},"properties":{"shapeName":"Son La","shapeISO":"","shapeID":"81297802B47097666741506","shapeGroup":"VNM","shapeType":"ADM2"}},
{"type":"Feature","geometry":{"type":"Polygon","coordinates":[[[108.40267,14.82152],[108.41549,14.83183],[108.42741,14.84836],[108.44467,14.85226],[108.46279,14.88544],[108.47681,14.90194],[108.47808,14.91325],[108.46496,14.93888],[108.45331,14.94205],[108.44607,14.95906],[108.43195,14.96334],[108.41351,14.99928],[108.41715,15.01482],[108.39539,15.03163],[108.38788,15.04285],[108.36677,15.05342],[108.33836,15.05135],[108.31994,15.07292],[108.3089,15.07855],[108.28802,15.10661],[108.27286,15.10896],[108.26091,15.11784],[108.26004,15.0977],[108.25176,15.08456],[108.23553,15.07801],[108.24218,15.06452],[108.23761,15.04722],[108.23945,15.03087],[108.25014,15.02625],[108.25424,15.00582],[108.28361,14.965],[108.31233,14.94619],[108.32125,14.91316],[108.33849,14.90808],[108.35096,14.89365],[108.35,14.88284],[108.36413,14.88148],[108.37673,14.84549],[108.40267,14.82152]]]},"properties":{"shapeName":"Son Tay","shapeISO":"","shapeID":"81297802B56181672233009","shapeGroup":"VNM","shapeType":"ADM2"}},
{"type":"Feature","geometry":{"type":"Polygon","coordinates":[[[105.47139,21.02072],[105.48876,21.03893],[105.50577,21.02434],[105.52052,21.03603],[105.53393,21.05563],[105.52935,21.06439],[105.53214,21.08071],[105.52458,21.08931],[105.50718,21.09588],[105.50078,21.11243],[105.51383,21.12993],[105.51557,21.15642],[105.49222,21.16094],[105.47401,21.17267],[105.45162,21.14365],[105.43151,21.15201],[105.41467,21.13652],[105.43037,21.11929],[105.43007,21.10668],[105.44141,21.10274],[105.4397,21.06953],[105.44568,21.06201],[105.4591,21.07049],[105.45777,21.03215],[105.47139,21.02072]]]},"properties":{"shapeName":"Son Tay","shapeISO":"","shapeID":"81297802B79469395018575","shapeGroup":"VNM","shapeType":"ADM2"}},
{"type":"Feature","geometry":{"type":"Polygon","coordinates":[[[108.63624,15.23849],[108.61688,15.23757],[108.61095,15.21053],[108.60084,15.20771],[108.59409,15.19386],[108.60284,15.1716],[108.57801,15.1562],[108.59082,15.13193],[108.6152,15.1264],[108.61326,15.14101],[108.63111,15.16088],[108.64531,15.16172],[108.66275,15.13668],[108.67474,15.13525],[108.68542,15.14639],[108.70307,15.15301],[108.73629,15.1461],[108.75061,15.14584],[108.76764,15.12883],[108.78665,15.13858],[108.80299,15.13791],[108.8166,15.12601],[108.83635,15.13206],[108.84864,15.14706],[108.85725,15.14273],[108.88021,15.14126],[108.8977,15.145],[108.89519,15.17697],[108.89965,15.1996],[108.91479,15.21193],[108.91566,15.2243],[108.89351,15.22429],[108.88168,15.23162],[108.86641,15.2216],[108.84565,15.19956],[108.82012,15.2116],[108.82884,15.21813],[108.82449,15.23963],[108.80404,15.23909],[108.77017,15.22124],[108.76149,15.25079],[108.75031,15.26782],[108.74099,15.26202],[108.73852,15.24715],[108.69623,15.25626],[108.68669,15.24273],[108.66518,15.24464],[108.6542,15.23891],[108.63624,15.23849]]]},"properties":{"shapeName":"Son Tinh","shapeISO":"","shapeID":"81297802B15613357308975","shapeGroup":"VNM","shapeType":"ADM2"}},
{"type":"Feature","geometry":{"type":"Polygon","coordinates":[[[108.22915,16.0511],[108.24779,16.05654],[108.24753,16.07951],[108.2533,16.09639],[108.27968,16.09703],[108.29528,16.10564],[108.30607,16.09574],[108.31131,16.11219],[108.33801,16.12112],[108.32406,16.14067],[108.3124,16.14114],[108.31033,16.12513],[108.29297,16.13401],[108.27134,16.13476],[108.25895,16.15265],[108.24748,16.15525],[108.23463,16.14746],[108.2192,16.12331],[108.24062,16.11058],[108.24244,16.10396],[108.22179,16.09616],[108.22915,16.0511]]]},"properties":{"shapeName":"Son Tra","shapeISO":"","shapeID":"81297802B64444176527608","shapeGroup":"VNM","shapeType":"ADM2"}},
{"type":"Feature","geometry":{"type":"Polygon","coordinates":[[[109.18915,13.36016],[109.20103,13.36784],[109.25516,13.36069],[109.23843,13.39463],[109.22413,13.39032],[109.23113,13.4137],[109.22247,13.44201],[109.22516,13.4601],[109.23353,13.47223],[109.23209,13.48507],[109.24502,13.49188],[109.25136,13.48213],[109.2693,13.47728],[109.27884,13.46279],[109.29278,13.45494],[109.27709,13.43449],[109.25858,13.4262],[109.27959,13.41426],[109.30949,13.41796],[109.3104,13.43798],[109.3196,13.467],[109.30057,13.47057],[109.28787,13.49574],[109.30014,13.51934],[109.2793,13.53263],[109.27617,13.54527],[109.28979,13.56041],[109.28195,13.57223],[109.26894,13.57979],[109.25151,13.59728],[109.2381,13.61649],[109.22565,13.6418],[109.23305,13.65301],[109.2328,13.67005],[109.22625,13.67845],[109.20783,13.68075],[109.20343,13.69315],[109.18991,13.69297],[109.18208,13.68311],[109.15681,13.67822],[109.15101,13.65532],[109.15257,13.63421],[109.14462,13.62974],[109.13238,13.64124],[109.11855,13.63523],[109.12649,13.62112],[109.11523,13.60824],[109.1164,13.58482],[109.11785,13.57001],[109.10267,13.5399],[109.1236,13.50499],[109.12088,13.48572],[109.09209,13.46462],[109.12281,13.44263],[109.12639,13.42729],[109.14015,13.41265],[109.15472,13.4147],[109.17298,13.4061],[109.17741,13.39094],[109.17065,13.37391],[109.18161,13.37239],[109.18915,13.36016]]]},"properties":{"shapeName":"Song Cau","shapeISO":"","shapeID":"81297802B65581648571900","shapeGroup":"VNM","shapeType":"ADM2"}},
{"type":"Feature","geometry":{"type":"Polygon","coordinates":[[[105.87792,21.48858],[105.86327,21.49613],[105.86216,21.5215],[105.846,21.522],[105.83116,21.53286],[105.80692,21.51281],[105.80149,21.52303],[105.77514,21.52681],[105.75221,21.5065],[105.75779,21.49145],[105.79722,21.46824],[105.79675,21.45415],[105.80543,21.44987],[105.8227,21.4574],[105.83021,21.44553],[105.86047,21.44195],[105.87562,21.45524],[105.87081,21.4743],[105.87792,21.48858]]]},"properties":{"shapeName":"Song Cong","shapeISO":"","shapeID":"81297802B66276855595229","shapeGroup":"VNM","shapeType":"ADM2"}},
{"type":"Feature","geometry":{"type":"Polygon","coordinates":[[[108.7105,12.94253],[108.73372,12.95217],[108.75217,12.94436],[108.76252,12.92318],[108.77083,12.91631],[108.77402,12.89915],[108.78332,12.89297],[108.79101,12.87041],[108.81478,12.8749],[108.82031,12.86711],[108.85097,12.85229],[108.85214,12.83158],[108.86911,12.81583],[108.8961,12.81468],[108.90952,12.80923],[108.93516,12.81023],[108.94434,12.80515],[108.96434,12.81718],[108.97102,12.81574],[108.97225,12.79011],[108.98618,12.78291],[108.99121,12.75529],[108.98431,12.7428],[108.99381,12.72096],[108.99482,12.70648],[109.01492,12.7266],[109.03968,12.74312],[109.06186,12.74415],[109.06939,12.75259],[109.08746,12.74295],[109.09257,12.76036],[109.10947,12.77314],[109.11796,12.79662],[109.10282,12.8036],[109.09425,12.82165],[109.10073,12.84445],[109.07047,12.85908],[109.04881,12.85014],[109.04358,12.85758],[109.01566,12.86928],[109.00106,12.86974],[109.00281,12.88763],[109.02485,12.91179],[109.0207,12.92463],[109.03228,12.94947],[109.02875,12.96891],[109.0389,12.98033],[109.04631,12.99895],[109.04488,13.01249],[109.05444,13.02516],[109.02657,13.0295],[109.00835,13.0438],[108.99193,13.02514],[108.97938,13.02558],[108.96431,13.04013],[108.95065,13.04501],[108.92554,13.07102],[108.9144,13.04841],[108.92138,13.0305],[108.88899,13.00978],[108.87347,13.01381],[108.85621,13.03232],[108.84107,13.03956],[108.81839,13.06059],[108.80808,13.07796],[108.8094,13.09254],[108.79198,13.09363],[108.77629,13.10114],[108.76647,13.09476],[108.75535,13.10293],[108.75034,13.08773],[108.7564,13.03264],[108.71463,13.01737],[108.69344,13.0164],[108.68192,12.99777],[108.67986,12.9813],[108.70567,12.96429],[108.70093,12.94803],[108.7105,12.94253]]]},"properties":{"shapeName":"Song Hinh","shapeISO":"","shapeID":"81297802B28811761284346","shapeGroup":"VNM","shapeType":"ADM2"}},
{"type":"Feature","geometry":{"type":"Polygon","coordinates":[[[105.42346,21.49759],[105.41209,21.51276],[105.38902,21.51208],[105.37131,21.52455],[105.34417,21.51843],[105.33692,21.50857],[105.32485,21.50702],[105.32256,21.49676],[105.33326,21.48254],[105.34306,21.44381],[105.34117,21.42611],[105.35311,21.41838],[105.37746,21.43403],[105.38866,21.42796],[105.39854,21.40749],[105.39154,21.38688],[105.39183,21.36926],[105.40218,21.35023],[105.44437,21.3268],[105.44871,21.34305],[105.44492,21.37033],[105.45447,21.39617],[105.44572,21.41294],[105.4476,21.42691],[105.43471,21.43179],[105.42613,21.4543],[105.43246,21.47317],[105.42346,21.49759]]]},"properties":{"shapeName":"Song Lo","shapeISO":"","shapeID":"81297802B72352297629850","shapeGroup":"VNM","shapeType":"ADM2"}},
{"type":"Feature","geometry":{"type":"Polygon","coordinates":[[[103.4242,21.06838],[103.44441,21.06261],[103.43603,21.0488],[103.45458,21.04343],[103.4624,21.05902],[103.48115,21.06802],[103.49396,21.05541],[103.51181,21.04815],[103.52968,21.03151],[103.54195,21.02983],[103.551,21.01941],[103.5669,21.01565],[103.57708,21.00431],[103.60638,20.98874],[103.61933,20.99021],[103.63551,20.98447],[103.66137,20.98437],[103.6698,20.95599],[103.66011,20.93994],[103.68295,20.9213],[103.70456,20.87937],[103.73683,20.85179],[103.77103,20.84817],[103.78761,20.85256],[103.80174,20.84789],[103.81548,20.85347],[103.81898,20.86343],[103.83416,20.86965],[103.85255,20.85889],[103.87474,20.88408],[103.89984,20.90298],[103.93811,20.90087],[103.94768,20.89334],[103.97063,20.90463],[103.99027,20.90911],[103.99774,20.90311],[104.03186,20.9019],[104.05045,20.91456],[104.04965,20.92731],[104.05867,20.93911],[104.05295,20.94948],[104.07126,20.95822],[104.03019,20.99776],[104.0151,20.99974],[104.00296,21.0267],[103.98674,21.01595],[103.96432,21.00965],[103.96885,21.04259],[103.9506,21.04998],[103.92576,21.03803],[103.90626,21.05091],[103.89864,21.04178],[103.8713,21.05814],[103.8479,21.06094],[103.83779,21.07084],[103.81082,21.07236],[103.77694,21.10855],[103.77088,21.12581],[103.75702,21.13443],[103.75253,21.14821],[103.7304,21.16815],[103.69743,21.18536],[103.69796,21.19488],[103.71792,21.20865],[103.72153,21.22738],[103.73362,21.23413],[103.74748,21.25537],[103.7305,21.26371],[103.71795,21.25756],[103.6817,21.26101],[103.66267,21.26751],[103.65605,21.28133],[103.63119,21.29424],[103.60709,21.30065],[103.59112,21.3008],[103.56652,21.28049],[103.55471,21.26238],[103.57416,21.24151],[103.58362,21.24086],[103.58859,21.22294],[103.54663,21.22324],[103.54714,21.23844],[103.53215,21.24076],[103.52275,21.25436],[103.50372,21.25825],[103.49669,21.28064],[103.48172,21.30164],[103.47565,21.32744],[103.48449,21.33778],[103.46654,21.34982],[103.45582,21.35125],[103.44475,21.34284],[103.43611,21.32065],[103.41762,21.31856],[103.43083,21.31133],[103.4393,21.28826],[103.43931,21.2637],[103.43187,21.25529],[103.43451,21.21906],[103.43232,21.20787],[103.43802,21.18911],[103.43413,21.16927],[103.42226,21.15981],[103.41316,21.16551],[103.39758,21.14655],[103.40761,21.12465],[103.40411,21.11121],[103.42143,21.08146],[103.4242,21.06838]]]},"properties":{"shapeName":"Song Ma","shapeISO":"","shapeID":"81297802B25580956843795","shapeGroup":"VNM","shapeType":"ADM2"}},
{"type":"Feature","geometry":{"type":"Polygon","coordinates":[[[103.21635,20.89546],[103.23531,20.87338],[103.22677,20.85147],[103.23734,20.83366],[103.2609,20.8233],[103.28008,20.82732],[103.29068,20.83762],[103.30597,20.81918],[103.32299,20.81828],[103.35096,20.8025],[103.36571,20.8062],[103.38493,20.78598],[103.40047,20.78283],[103.41419,20.79598],[103.44087,20.79348],[103.45224,20.82104],[103.46734,20.82614],[103.485,20.81039],[103.48331,20.79439],[103.50173,20.77368],[103.50958,20.75314],[103.52248,20.74815],[103.53752,20.75224],[103.55146,20.74336],[103.56399,20.7483],[103.60168,20.74263],[103.61002,20.72961],[103.63218,20.71911],[103.65647,20.69426],[103.66772,20.69838],[103.67549,20.66668],[103.68269,20.66016],[103.71669,20.6672],[103.7361,20.66815],[103.74489,20.67559],[103.73547,20.69271],[103.73639,20.71091],[103.72981,20.72006],[103.73343,20.73137],[103.77163,20.73373],[103.79096,20.74662],[103.78374,20.76463],[103.79048,20.77931],[103.78118,20.78925],[103.78051,20.8016],[103.81031,20.82893],[103.80174,20.84789],[103.78761,20.85256],[103.77103,20.84817],[103.73683,20.85179],[103.70456,20.87937],[103.68295,20.9213],[103.66011,20.93994],[103.6698,20.95599],[103.66137,20.98437],[103.63551,20.98447],[103.61933,20.99021],[103.60638,20.98874],[103.57708,21.00431],[103.5669,21.01565],[103.551,21.01941],[103.54195,21.02983],[103.52968,21.03151],[103.51181,21.04815],[103.49396,21.05541],[103.48115,21.06802],[103.4624,21.05902],[103.45458,21.04343],[103.43603,21.0488],[103.44441,21.06261],[103.4242,21.06838],[103.39085,21.0636],[103.35811,21.07247],[103.33333,21.09105],[103.31602,21.09577],[103.28558,21.09325],[103.29582,21.06992],[103.27548,21.05693],[103.28142,21.04141],[103.29226,21.01687],[103.28051,21.00077],[103.29198,20.99222],[103.29804,20.9755],[103.29532,20.95805],[103.27516,20.93894],[103.27458,20.92672],[103.28851,20.9087],[103.27643,20.89745],[103.26794,20.90315],[103.24563,20.89269],[103.21635,20.89546]]]},"properties":{"shapeName":"Sop Cop","shapeISO":"","shapeID":"81297802B35904575630157","shapeGroup":"VNM","shapeType":"ADM2"}},
{"type":"Feature","geometry":{"type":"Polygon","coordinates":[[[105.88368,9.98297],[105.91573,9.96548],[105.94128,9.98859],[105.98408,10.01987],[105.98906,10.01947],[106.00983,10.05857],[106.02985,10.08558],[106.03713,10.07553],[106.04978,10.08096],[106.05551,10.09223],[106.07063,10.09069],[106.08071,10.10511],[106.03325,10.14575],[106.02406,10.137],[106.00602,10.13275],[105.9972,10.14743],[105.98477,10.14998],[105.96137,10.16506],[105.94985,10.14244],[105.92859,10.14064],[105.89417,10.15267],[105.88217,10.14904],[105.87038,10.15441],[105.86726,10.15381],[105.86716,10.12931],[105.85841,10.11368],[105.85963,10.1015],[105.86678,10.0553],[105.87741,10.04912],[105.88775,10.05297],[105.89446,10.03835],[105.89532,10.01262],[105.88368,9.98297]]]},"properties":{"shapeName":"Tam Binh","shapeISO":"","shapeID":"81297802B334334492772","shapeGroup":"VNM","shapeType":"ADM2"}},
{"type":"Feature","geometry":{"type":"Polygon","coordinates":[[[105.68742,21.44283],[105.67577,21.4579],[105.65193,21.45776],[105.63171,21.47936],[105.63262,21.49497],[105.61205,21.50529],[105.60407,21.52877],[105.58398,21.53534],[105.56324,21.55845],[105.55684,21.57071],[105.54252,21.57384],[105.53052,21.55833],[105.52164,21.53527],[105.51203,21.53644],[105.49719,21.52527],[105.49926,21.51676],[105.48764,21.50223],[105.5028,21.48982],[105.51565,21.48872],[105.52119,21.47227],[105.53684,21.45041],[105.53371,21.44455],[105.5446,21.44518],[105.56089,21.4228],[105.57135,21.39679],[105.58332,21.4044],[105.61347,21.37094],[105.61645,21.36165],[105.62358,21.36654],[105.63872,21.35262],[105.65809,21.34863],[105.65884,21.36108],[105.67297,21.37629],[105.66876,21.38669],[105.68632,21.42384],[105.68742,21.44283]]]},"properties":{"shapeName":"Tam Dao","shapeISO":"","shapeID":"81297802B33900605812276","shapeGroup":"VNM","shapeType":"ADM2"}},
{"type":"Feature","geometry":{"type":"Polygon","coordinates":[[[105.92421,20.10218],[105.93488,20.11734],[105.95689,20.11486],[105.96764,20.12283],[105.94428,20.13596],[105.93684,20.14521],[105.95584,20.1738],[105.94608,20.18004],[105.90518,20.20054],[105.88732,20.21897],[105.86943,20.18098],[105.85447,20.18093],[105.8313,20.18709],[105.81711,20.16858],[105.79335,20.17009],[105.81565,20.15589],[105.83066,20.1514],[105.83552,20.14303],[105.86102,20.13187],[105.87387,20.12209],[105.89205,20.11949],[105.90762,20.10644],[105.92421,20.10218]]]},"properties":{"shapeName":"Tam Diep","shapeISO":"","shapeID":"81297802B4597997720172","shapeGroup":"VNM","shapeType":"ADM2"}},
{"type":"Feature","geometry":{"type":"Polygon","coordinates":[[[105.61645,21.36165],[105.61347,21.37094],[105.58332,21.4044],[105.57135,21.39679],[105.56089,21.4228],[105.5446,21.44518],[105.53371,21.44455],[105.52159,21.43112],[105.52692,21.4018],[105.51486,21.35631],[105.50497,21.33848],[105.5108,21.32371],[105.53985,21.31413],[105.53272,21.29583],[105.53425,21.28552],[105.55351,21.27511],[105.54947,21.30401],[105.56029,21.31894],[105.58586,21.33367],[105.59587,21.34374],[105.61729,21.34439],[105.61645,21.36165]]]},"properties":{"shapeName":"Tam Duong","shapeISO":"","shapeID":"81297802B22502411355715","shapeGroup":"VNM","shapeType":"ADM2"}},
{"type":"Feature","geometry":{"type":"Polygon","coordinates":[[[103.55602,22.47254],[103.5346,22.46765],[103.50467,22.46549],[103.4649,22.48877],[103.43979,22.49136],[103.42995,22.47952],[103.43282,22.46553],[103.42626,22.45402],[103.42608,22.42452],[103.45138,22.40822],[103.47371,22.40022],[103.4986,22.41354],[103.50814,22.3969],[103.5175,22.39376],[103.51831,22.36682],[103.52544,22.35606],[103.48503,22.34236],[103.4779,22.36966],[103.45258,22.3891],[103.44443,22.38555],[103.42577,22.39143],[103.4254,22.37806],[103.41659,22.36188],[103.45103,22.32903],[103.48177,22.3125],[103.47763,22.29783],[103.49726,22.28429],[103.51072,22.28056],[103.51183,22.26798],[103.55294,22.23837],[103.55657,22.21805],[103.58398,22.1881],[103.58949,22.16823],[103.60931,22.18042],[103.61013,22.18934],[103.62531,22.19268],[103.66212,22.21424],[103.68554,22.22413],[103.69427,22.2347],[103.69384,22.25555],[103.71557,22.26874],[103.72409,22.26596],[103.74399,22.27485],[103.75731,22.29392],[103.77545,22.30304],[103.76202,22.3113],[103.78185,22.33749],[103.78026,22.34852],[103.76654,22.35462],[103.76518,22.38985],[103.74598,22.40855],[103.72944,22.41628],[103.71138,22.40849],[103.66067,22.4031],[103.646,22.40395],[103.62617,22.39631],[103.60433,22.40923],[103.603,22.42476],[103.57187,22.44733],[103.55619,22.46277],[103.55602,22.47254]]]},"properties":{"shapeName":"Tam Duong","shapeISO":"","shapeID":"81297802B8345144496926","shapeGroup":"VNM","shapeType":"ADM2"}},
{"type":"Feature","geometry":{"type":"Polygon","coordinates":[[[108.55653,15.58708],[108.51521,15.64448],[108.46205,15.62936],[108.44202,15.62885],[108.45443,15.60825],[108.46439,15.60249],[108.44873,15.57005],[108.44448,15.55414],[108.4693,15.54613],[108.47217,15.51359],[108.48302,15.50682],[108.48506,15.52329],[108.50307,15.55413],[108.52409,15.55994],[108.53877,15.56992],[108.54195,15.58288],[108.55653,15.58708]]]},"properties":{"shapeName":"Tam Ky","shapeISO":"","shapeID":"81297802B35959496403420","shapeGroup":"VNM","shapeType":"ADM2"}},
{"type":"Feature","geometry":{"type":"Polygon","coordinates":[[[105.35618,21.26032],[105.34088,21.24727],[105.3206,21.24645],[105.26337,21.28214],[105.2592,21.2899],[105.27269,21.30732],[105.27562,21.33364],[105.26199,21.35509],[105.25036,21.38123],[105.24309,21.39287],[105.23129,21.3954],[105.2219,21.38795],[105.21609,21.36689],[105.21684,21.33688],[105.20533,21.32462],[105.20013,21.31051],[105.1877,21.31601],[105.18552,21.29306],[105.17165,21.28836],[105.1648,21.27242],[105.14892,21.26756],[105.16207,21.24786],[105.181,21.2531],[105.19095,21.24571],[105.21481,21.25281],[105.23389,21.2159],[105.26349,21.22718],[105.28446,21.24333],[105.30682,21.23109],[105.31908,21.22026],[105.33409,21.23276],[105.3472,21.2261],[105.35618,21.26032]]]},"properties":{"shapeName":"Tam Nong","shapeISO":"","shapeID":"81297802B6788314119837","shapeGroup":"VNM","shapeType":"ADM2"}},
{"type":"Feature","geometry":{"type":"Polygon","coordinates":[[[105.63579,10.67224],[105.67187,10.7414],[105.6802,10.75264],[105.60629,10.8212],[105.48841,10.79509],[105.4499,10.78464],[105.39615,10.7695],[105.36797,10.75409],[105.35588,10.75127],[105.35906,10.73485],[105.37419,10.70344],[105.39046,10.65796],[105.41358,10.67459],[105.42503,10.65829],[105.44336,10.66366],[105.45531,10.64705],[105.46943,10.66447],[105.50717,10.66008],[105.57143,10.64977],[105.62383,10.64932],[105.63046,10.65293],[105.63579,10.67224]]]},"properties":{"shapeName":"Tam Nong","shapeISO":"","shapeID":"81297802B81919693811276","shapeGroup":"VNM","shapeType":"ADM2"}},
{"type":"Feature","geometry":{"type":"Polygon","coordinates":[[[106.45661,10.52936],[106.46065,10.5518],[106.44495,10.57292],[106.43684,10.56463],[106.42698,10.57091],[106.38318,10.57513],[106.38208,10.56861],[106.34816,10.54465],[106.3479,10.52885],[106.36916,10.51753],[106.37055,10.48822],[106.38999,10.4774],[106.40336,10.49219],[106.41458,10.48891],[106.42895,10.50405],[106.43414,10.51777],[106.45661,10.52936]]]},"properties":{"shapeName":"Tan An","shapeISO":"","shapeID":"81297802B36271966780528","shapeGroup":"VNM","shapeType":"ADM2"}},
{"type":"Feature","geometry":{"type":"Polygon","coordinates":[[[106.07609,11.40741],[106.10109,11.40048],[106.10013,11.42578],[106.11343,11.43819],[106.11949,11.44315],[106.12279,11.47775],[106.11239,11.4846],[106.11487,11.50407],[106.11167,11.52113],[106.12148,11.52662],[106.10964,11.54256],[106.11431,11.55374],[106.11448,11.61597],[106.11171,11.66994],[106.1109,11.74378],[106.09306,11.75668],[106.09191,11.7642],[106.06838,11.77663],[106.04975,11.77403],[106.03993,11.77963],[106.01623,11.77006],[106.00907,11.75128],[106.01493,11.73462],[106.00243,11.70446],[105.99425,11.70335],[105.97667,11.68414],[105.98077,11.66926],[105.95446,11.64419],[105.93555,11.6451],[105.88484,11.67714],[105.85467,11.66473],[105.8366,11.64896],[105.83291,11.62481],[105.81165,11.61608],[105.8108,11.58784],[105.82685,11.56434],[105.85054,11.56202],[105.86176,11.56622],[105.88525,11.53779],[105.88551,11.51851],[105.87903,11.501],[105.88518,11.48343],[105.87726,11.47492],[105.88056,11.4558],[105.90123,11.45188],[105.97316,11.45333],[105.98563,11.44699],[106.02076,11.41615],[106.03158,11.41379],[106.03531,11.40252],[106.06772,11.40935],[106.07609,11.40741]]]},"properties":{"shapeName":"Tan Bien","shapeISO":"","shapeID":"81297802B37342354446447","shapeGroup":"VNM","shapeType":"ADM2"}},
{"type":"Feature","geometry":{"type":"Polygon","coordinates":[[[106.63244,10.83313],[106.6279,10.82468],[106.64295,10.78222],[106.64769,10.77523],[106.65595,10.77826],[106.66462,10.78693],[106.66664,10.78968],[106.6728,10.81431],[106.67333,10.82234],[106.65713,10.83515],[106.63244,10.83313]]]},"properties":{"shapeName":"Tan Binh","shapeISO":"","shapeID":"81297802B72151759297882","shapeGroup":"VNM","shapeType":"ADM2"}},
{"type":"Feature","geometry":{"type":"Polygon","coordinates":[[[106.42473,11.49417],[106.4328,11.53567],[106.44321,11.54637],[106.46819,11.54339],[106.47993,11.55041],[106.49241,11.56925],[106.4858,11.57805],[106.48663,11.60381],[106.46918,11.61405],[106.46456,11.63945],[106.45525,11.65714],[106.4511,11.67187],[106.43352,11.67104],[106.41473,11.67701],[106.39794,11.69218],[106.36991,11.69763],[106.33336,11.6866],[106.31684,11.67662],[106.29864,11.6813],[106.27005,11.7045],[106.26611,11.72043],[106.22758,11.73139],[106.20822,11.73043],[106.19576,11.74021],[106.18852,11.75326],[106.16845,11.74895],[106.15411,11.73702],[106.13464,11.74488],[106.1109,11.74378],[106.11171,11.66994],[106.11448,11.61597],[106.11431,11.55374],[106.10964,11.54256],[106.12148,11.52662],[106.11167,11.52113],[106.11487,11.50407],[106.11239,11.4846],[106.12279,11.47775],[106.11949,11.44315],[106.11343,11.43819],[106.13554,11.42586],[106.15233,11.43654],[106.17492,11.42639],[106.1814,11.40775],[106.19199,11.41487],[106.19537,11.42992],[106.2144,11.45466],[106.21856,11.47136],[106.2502,11.45092],[106.27496,11.41948],[106.34505,11.42042],[106.35984,11.42391],[106.3689,11.45068],[106.4048,11.46275],[106.42473,11.49417]]]},"properties":{"shapeName":"Tan Chau","shapeISO":"","shapeID":"81297802B68440719308655","shapeGroup":"VNM","shapeType":"ADM2"}},
{"type":"Feature","geometry":{"type":"Polygon","coordinates":[[[105.12452,10.71018],[105.14782,10.7041],[105.15326,10.70874],[105.21896,10.74775],[105.23454,10.75377],[105.24519,10.741],[105.26784,10.76672],[105.25939,10.77467],[105.2596,10.80234],[105.22916,10.80572],[105.21898,10.83413],[105.20351,10.8583],[105.18778,10.87326],[105.18739,10.91154],[105.15605,10.9233],[105.13225,10.9216],[105.12855,10.90529],[105.15106,10.89859],[105.16025,10.78151],[105.13499,10.76761],[105.13582,10.74773],[105.12452,10.71018]]]},"properties":{"shapeName":"Tan Chau","shapeISO":"","shapeID":"81297802B24408052099516","shapeGroup":"VNM","shapeType":"ADM2"}},
{"type":"Feature","geometry":{"type":"Polygon","coordinates":[[[105.22286,9.97175],[105.23709,9.97515],[105.26713,9.96744],[105.27687,9.95637],[105.29707,9.98218],[105.32408,9.99099],[105.3384,10.00042],[105.35147,10.02794],[105.3413,10.03198],[105.36431,10.07323],[105.3566,10.08298],[105.3531,10.10068],[105.31708,10.14129],[105.29821,10.13855],[105.27483,10.16164],[105.22575,10.20116],[105.23121,10.20878],[105.22756,10.2131],[105.20593,10.18352],[105.16533,10.21847],[105.14476,10.19367],[105.12901,10.16029],[105.10806,10.10984],[105.12723,10.10072],[105.14911,10.08476],[105.16279,10.08328],[105.22286,10.04171],[105.22022,10.01237],[105.21269,9.99682],[105.22286,9.97175]]]},"properties":{"shapeName":"Tan Hiep","shapeISO":"","shapeID":"81297802B5868916674827","shapeGroup":"VNM","shapeType":"ADM2"}},
{"type":"Feature","geometry":{"type":"Polygon","coordinates":[[[105.60629,10.8212],[105.61079,10.83476],[105.58267,10.89182],[105.51431,10.92298],[105.49824,10.95403],[105.48408,10.95273],[105.47855,10.96251],[105.4642,10.9645],[105.45038,10.95756],[105.43314,10.97369],[105.42603,10.97386],[105.40575,10.93552],[105.38448,10.91719],[105.37078,10.89856],[105.43718,10.81365],[105.4499,10.78464],[105.48841,10.79509],[105.60629,10.8212]]]},"properties":{"shapeName":"Tan Hong","shapeISO":"","shapeID":"81297802B34572770830938","shapeGroup":"VNM","shapeType":"ADM2"}},
{"type":"Feature","geometry":{"type":"Polygon","coordinates":[[[105.81757,10.72949],[105.80635,10.73301],[105.80649,10.77915],[105.79547,10.78884],[105.76682,10.82991],[105.75104,10.82746],[105.73994,10.84283],[105.74366,10.86382],[105.75819,10.86567],[105.75795,10.88077],[105.70522,10.91529],[105.63571,10.98056],[105.57272,10.96307],[105.55262,10.96047],[105.53684,10.9531],[105.50585,10.95025],[105.49824,10.95403],[105.51431,10.92298],[105.58267,10.89182],[105.61079,10.83476],[105.60629,10.8212],[105.6802,10.75264],[105.7806,10.65897],[105.80477,10.65446],[105.80887,10.65372],[105.81927,10.70142],[105.81757,10.72949]]]},"properties":{"shapeName":"Tan Hung","shapeISO":"","shapeID":"81297802B65804618727956","shapeGroup":"VNM","shapeType":"ADM2"}},
{"type":"Feature","geometry":{"type":"Polygon","coordinates":[[[105.22693,18.99792],[105.23041,19.00612],[105.24664,19.01188],[105.25198,19.02198],[105.27004,19.02207],[105.30902,19.05623],[105.34927,19.07062],[105.35941,19.07003],[105.38747,19.08663],[105.39519,19.1023],[105.39412,19.11792],[105.38052,19.12267],[105.40796,19.14832],[105.4338,19.16571],[105.43253,19.17094],[105.39401,19.19728],[105.38294,19.20145],[105.36686,19.19648],[105.35257,19.21208],[105.32582,19.20937],[105.32087,19.21757],[105.30655,19.21671],[105.30729,19.20549],[105.29224,19.19897],[105.25014,19.20019],[105.24949,19.20803],[105.23351,19.22008],[105.18916,19.22768],[105.14194,19.22133],[105.14153,19.20213],[105.122,19.19749],[105.10375,19.17882],[105.07662,19.17441],[105.05876,19.1502],[105.06849,19.12834],[105.05567,19.1162],[105.04495,19.08782],[105.05309,19.06292],[105.07656,19.05601],[105.07156,19.04392],[105.07036,19.01756],[105.09174,19.00636],[105.09099,18.9881],[105.11318,18.99833],[105.13462,18.98437],[105.16919,18.97713],[105.20222,18.98447],[105.22693,18.99792]]]},"properties":{"shapeName":"Tan Ky","shapeISO":"","shapeID":"81297802B12421029194754","shapeGroup":"VNM","shapeType":"ADM2"}},
{"type":"Feature","geometry":{"type":"Polygon","coordinates":[[[105.26717,20.4552],[105.28075,20.45128],[105.30055,20.46499],[105.30812,20.47761],[105.30458,20.49155],[105.31009,20.51557],[105.32258,20.51802],[105.34554,20.5022],[105.36174,20.51303],[105.37666,20.5446],[105.38201,20.56573],[105.39464,20.57412],[105.3832,20.58539],[105.38495,20.59659],[105.36454,20.59295],[105.34799,20.59952],[105.33949,20.61157],[105.31697,20.61744],[105.30388,20.6371],[105.29695,20.65589],[105.27751,20.65603],[105.27003,20.67298],[105.28003,20.71213],[105.26585,20.71269],[105.25638,20.72324],[105.2457,20.7154],[105.2278,20.71627],[105.21509,20.72568],[105.2199,20.73476],[105.1999,20.74995],[105.18475,20.75133],[105.17795,20.76064],[105.15102,20.76855],[105.14042,20.75133],[105.11537,20.75272],[105.13386,20.73263],[105.13412,20.72246],[105.12028,20.71617],[105.11127,20.69421],[105.1308,20.67536],[105.13636,20.65975],[105.15954,20.6333],[105.13694,20.61743],[105.14689,20.60058],[105.13355,20.59985],[105.1184,20.58427],[105.11897,20.56294],[105.13901,20.54546],[105.16035,20.53624],[105.16122,20.52257],[105.17019,20.51508],[105.20283,20.51826],[105.2444,20.48833],[105.24455,20.4733],[105.26133,20.46593],[105.26717,20.4552]]]},"properties":{"shapeName":"Tan Lac","shapeISO":"","shapeID":"81297802B22385523751240","shapeGroup":"VNM","shapeType":"ADM2"}},
{"type":"Feature","geometry":{"type":"Polygon","coordinates":[[[107.178,11.51251],[107.20043,11.49089],[107.20433,11.46824],[107.19603,11.4564],[107.22799,11.43056],[107.22315,11.41474],[107.20479,11.3896],[107.20783,11.37449],[107.19861,11.35474],[107.1829,11.34617],[107.17934,11.33428],[107.18654,11.34554],[107.19921,11.35379],[107.20875,11.36481],[107.23321,11.37369],[107.25258,11.36769],[107.26707,11.39177],[107.27829,11.38966],[107.29652,11.39517],[107.32023,11.38274],[107.34271,11.38046],[107.3507,11.34644],[107.35787,11.32926],[107.34124,11.31438],[107.34411,11.30545],[107.36415,11.30505],[107.39733,11.27536],[107.40845,11.25346],[107.42389,11.23553],[107.43474,11.21369],[107.43921,11.19071],[107.46057,11.177],[107.47183,11.18603],[107.47334,11.20059],[107.48325,11.20185],[107.486,11.22188],[107.50824,11.23739],[107.52524,11.26063],[107.51858,11.28484],[107.52401,11.29981],[107.51933,11.31402],[107.5354,11.32504],[107.54319,11.36207],[107.53671,11.35526],[107.51785,11.3704],[107.51326,11.38397],[107.50375,11.38279],[107.49782,11.39489],[107.48759,11.39597],[107.48884,11.42347],[107.47524,11.43597],[107.45995,11.4308],[107.45403,11.42008],[107.43048,11.43988],[107.44701,11.44822],[107.46254,11.46275],[107.46574,11.47709],[107.45347,11.50148],[107.42958,11.51897],[107.42026,11.51111],[107.40991,11.52823],[107.40188,11.52977],[107.38663,11.52594],[107.37898,11.54278],[107.36107,11.55749],[107.33593,11.54785],[107.25044,11.52705],[107.178,11.51251]]]},"properties":{"shapeName":"Tan Phu","shapeISO":"","shapeID":"81297802B74333052983118","shapeGroup":"VNM","shapeType":"ADM2"}},
{"type":"Feature","geometry":{"type":"Polygon","coordinates":[[[106.62409,10.76237],[106.63416,10.75902],[106.64769,10.77523],[106.64295,10.78222],[106.6279,10.82468],[106.61605,10.81938],[106.60764,10.81307],[106.62409,10.76237]]]},"properties":{"shapeName":"Tan Phu","shapeISO":"","shapeID":"81297802B97138813252769","shapeGroup":"VNM","shapeType":"ADM2"}},
{"type":"Feature","geometry":{"type":"Polygon","coordinates":[[[106.78853,10.1917],[106.80054,10.20769],[106.79221,10.22304],[106.75359,10.25785],[106.74415,10.2664],[106.6995,10.28236],[106.6836,10.29419],[106.66987,10.29008],[106.65671,10.27745],[106.64223,10.2775],[106.62145,10.28636],[106.57454,10.28826],[106.54365,10.2977],[106.52039,10.30534],[106.48587,10.30839],[106.47445,10.30638],[106.49913,10.29085],[106.51897,10.28206],[106.54149,10.26602],[106.58722,10.25192],[106.61783,10.2468],[106.64791,10.23789],[106.69977,10.21699],[106.7464,10.19352],[106.75864,10.19041],[106.78853,10.1917]]]},"properties":{"shapeName":"Tan Phu Dong","shapeISO":"","shapeID":"81297802B25768458282790","shapeGroup":"VNM","shapeType":"ADM2"}},
{"type":"Feature","geometry":{"type":"Polygon","coordinates":[[[106.3479,10.52885],[106.34816,10.54465],[106.33555,10.55121],[106.31979,10.57036],[106.31033,10.56569],[106.28637,10.58714],[106.20486,10.579],[106.19814,10.57991],[106.10177,10.57577],[106.10257,10.52287],[106.08992,10.52358],[106.09833,10.4991],[106.14409,10.4882],[106.14425,10.48283],[106.17902,10.47386],[106.19071,10.45402],[106.21411,10.45466],[106.23615,10.44175],[106.23927,10.43106],[106.30001,10.44166],[106.32628,10.45958],[106.32328,10.4794],[106.31407,10.49693],[106.32906,10.50097],[106.32927,10.51321],[106.34224,10.51595],[106.3479,10.52885]]]},"properties":{"shapeName":"Tan Phuoc","shapeISO":"","shapeID":"81297802B67867529169474","shapeGroup":"VNM","shapeType":"ADM2"}},
{"type":"Feature","geometry":{"type":"Polygon","coordinates":[[[105.03719,21.01437],[105.04636,21.02197],[105.04271,21.04066],[105.06357,21.04327],[105.084,21.05392],[105.10084,21.04944],[105.11693,21.05978],[105.11888,21.0706],[105.11195,21.08439],[105.11715,21.09718],[105.10301,21.10622],[105.0841,21.10957],[105.09557,21.12099],[105.09146,21.13421],[105.1152,21.13814],[105.11618,21.17022],[105.10288,21.18299],[105.11297,21.19037],[105.09343,21.21686],[105.09956,21.22752],[105.09161,21.2298],[105.07859,21.25248],[105.06673,21.26576],[105.02366,21.29101],[105.00146,21.2874],[104.97333,21.29662],[104.96489,21.30615],[104.94144,21.30286],[104.92638,21.32663],[104.91049,21.32701],[104.89738,21.34475],[104.88301,21.34194],[104.85672,21.36442],[104.84953,21.33882],[104.82185,21.33842],[104.81636,21.33473],[104.81929,21.32189],[104.84373,21.30838],[104.84188,21.26154],[104.85075,21.25482],[104.85064,21.23159],[104.86502,21.20601],[104.858,21.18405],[104.86008,21.17221],[104.85367,21.15041],[104.88129,21.13257],[104.89613,21.12824],[104.91188,21.11133],[104.91506,21.09805],[104.9262,21.08433],[104.91552,21.06539],[104.93074,21.06489],[104.93844,21.05587],[104.95659,21.05666],[104.98951,21.04901],[105.01682,21.03129],[105.02137,21.02129],[105.03719,21.01437]]]},"properties":{"shapeName":"Tan Son","shapeISO":"","shapeID":"81297802B30557639912850","shapeGroup":"VNM","shapeType":"ADM2"}},
{"type":"Feature","geometry":{"type":"Polygon","coordinates":[[[107.17318,10.559],[107.16393,10.61549],[107.16304,10.63436],[107.16906,10.65443],[107.16113,10.67694],[107.16808,10.68686],[107.16201,10.70962],[107.14107,10.70897],[107.13485,10.68436],[107.1226,10.67282],[107.10229,10.66238],[107.09755,10.65143],[107.06829,10.65284],[107.04821,10.65693],[107.01496,10.64298],[107.00001,10.63262],[107.00196,10.61794],[107.01958,10.60404],[107.02785,10.58709],[107.01556,10.56374],[107.01634,10.5481],[107.02541,10.53341],[107.01367,10.52239],[106.99985,10.50507],[106.99704,10.49123],[107.00161,10.48028],[107.01917,10.47385],[107.04864,10.47416],[107.09079,10.48148],[107.10347,10.4742],[107.11441,10.47596],[107.1211,10.47449],[107.12566,10.50983],[107.13732,10.51439],[107.14936,10.53524],[107.17092,10.53503],[107.17318,10.559]]]},"properties":{"shapeName":"Tan Thanh","shapeISO":"","shapeID":"81297802B41485876419304","shapeGroup":"VNM","shapeType":"ADM2"}},
{"type":"Feature","geometry":{"type":"Polygon","coordinates":[[[106.00157,10.53233],[106.08992,10.52358],[106.10257,10.52287],[106.10177,10.57577],[106.09019,10.57544],[106.09033,10.60241],[106.08633,10.63584],[106.08978,10.64423],[106.044,10.65365],[106.01012,10.65939],[105.97954,10.66873],[105.9216,10.6899],[105.93441,10.72845],[105.91032,10.73259],[105.89995,10.70773],[105.89127,10.71076],[105.88645,10.68832],[105.85897,10.68822],[105.81927,10.70142],[105.80887,10.65372],[105.80477,10.65446],[105.83387,10.63883],[105.91039,10.53863],[105.94198,10.53637],[106.00157,10.53233]]]},"properties":{"shapeName":"Tan Thanh","shapeISO":"","shapeID":"81297802B33329086183777","shapeGroup":"VNM","shapeType":"ADM2"}},
{"type":"Feature","geometry":{"type":"Polygon","coordinates":[[[106.44294,10.59641],[106.43838,10.59081],[106.44495,10.57292],[106.46065,10.5518],[106.45661,10.52936],[106.46404,10.5286],[106.47743,10.50637],[106.49909,10.51487],[106.50623,10.50435],[106.50476,10.48778],[106.51651,10.48307],[106.50789,10.46986],[106.52318,10.4626],[106.52546,10.47548],[106.54209,10.47844],[106.54973,10.46088],[106.56014,10.46288],[106.56409,10.48008],[106.55174,10.48538],[106.5594,10.50347],[106.56885,10.5441],[106.55314,10.55307],[106.53037,10.55203],[106.49662,10.57885],[106.48402,10.59697],[106.46026,10.5903],[106.44294,10.59641]]]},"properties":{"shapeName":"Tan Tru","shapeISO":"","shapeID":"81297802B79980761269040","shapeGroup":"VNM","shapeType":"ADM2"}},
{"type":"Feature","geometry":{"type":"Polygon","coordinates":[[[103.66728,21.94919],[103.69558,21.9654],[103.70847,21.96681],[103.729,21.98831],[103.74905,21.99339],[103.76848,22.02045],[103.76801,22.03674],[103.78654,22.05383],[103.80448,22.054],[103.81755,22.03975],[103.84684,22.04212],[103.8707,22.03797],[103.87704,22.05583],[103.91031,22.06306],[103.92085,22.08111],[103.93851,22.08115],[103.9439,22.09828],[103.93593,22.12146],[103.93831,22.13756],[103.91562,22.14385],[103.89947,22.15754],[103.88862,22.17352],[103.86565,22.18078],[103.87266,22.19868],[103.85706,22.20586],[103.84227,22.22552],[103.84311,22.24198],[103.81796,22.27931],[103.78869,22.30202],[103.77545,22.30304],[103.75731,22.29392],[103.74399,22.27485],[103.72409,22.26596],[103.71557,22.26874],[103.69384,22.25555],[103.69427,22.2347],[103.68554,22.22413],[103.66212,22.21424],[103.62531,22.19268],[103.61013,22.18934],[103.60931,22.18042],[103.58949,22.16823],[103.58771,22.15831],[103.56031,22.14345],[103.54472,22.11098],[103.54983,22.09485],[103.54683,22.08246],[103.53566,22.07786],[103.5324,22.05799],[103.54017,22.04777],[103.53584,22.02577],[103.60831,22.01092],[103.61394,22.00091],[103.63138,21.98867],[103.65335,21.98786],[103.66337,21.97073],[103.66728,21.94919]]]},"properties":{"shapeName":"Tan Uyen","shapeISO":"","shapeID":"81297802B83473395979783","shapeGroup":"VNM","shapeType":"ADM2"}},
{"type":"Feature","geometry":{"type":"Polygon","coordinates":[[[106.68369,11.14958],[106.68338,11.14096],[106.69355,11.11848],[106.68982,11.08845],[106.69773,11.0693],[106.71568,11.0595],[106.721,11.04192],[106.70224,11.03182],[106.69794,11.01558],[106.70698,10.99687],[106.74232,10.98664],[106.75316,10.96672],[106.76352,10.96518],[106.7755,10.95969],[106.7964,10.97281],[106.78226,10.98722],[106.77468,11.006],[106.78513,11.01828],[106.8083,11.02632],[106.81306,11.03272],[106.80281,11.0599],[106.81567,11.06333],[106.81926,11.07774],[106.81488,11.08849],[106.82324,11.09592],[106.81521,11.11427],[106.78319,11.11362],[106.78454,11.13451],[106.76482,11.14093],[106.76266,11.12632],[106.73546,11.1173],[106.73633,11.13253],[106.72462,11.13702],[106.71374,11.15176],[106.70095,11.15434],[106.68369,11.14958]]]},"properties":{"shapeName":"Tan Uyen","shapeISO":"","shapeID":"81297802B30800695298767","shapeGroup":"VNM","shapeType":"ADM2"}},
{"type":"Feature","geometry":{"type":"Polygon","coordinates":[[[106.18232,21.32119],[106.19369,21.34558],[106.18611,21.37333],[106.17869,21.37639],[106.1677,21.39544],[106.16918,21.41367],[106.17691,21.42115],[106.1584,21.43865],[106.15006,21.4367],[106.13532,21.44723],[106.07922,21.44899],[106.07072,21.4581],[106.05132,21.46062],[106.04791,21.44146],[106.03186,21.43798],[106.03403,21.40818],[106.02078,21.3951],[106.01254,21.40249],[106.00736,21.36965],[106.01591,21.3597],[106.03193,21.35437],[106.03524,21.33841],[106.05814,21.33627],[106.06779,21.3404],[106.1055,21.32523],[106.1239,21.3334],[106.1372,21.33416],[106.15399,21.31347],[106.17462,21.30893],[106.18232,21.32119]]]},"properties":{"shapeName":"Tan Yen","shapeISO":"","shapeID":"81297802B62704406726497","shapeGroup":"VNM","shapeType":"ADM2"}},
{"type":"Feature","geometry":{"type":"Polygon","coordinates":[[[107.79677,11.37178],[107.73822,11.36638],[107.72208,11.35948],[107.71883,11.34181],[107.7116,11.33467],[107.68735,11.32323],[107.66824,11.32431],[107.65655,11.33191],[107.66149,11.3194],[107.65914,11.30116],[107.64486,11.28312],[107.64596,11.2624],[107.63858,11.23161],[107.6417,11.22743],[107.61539,11.19614],[107.59923,11.19759],[107.59065,11.18879],[107.6007,11.17745],[107.59395,11.16852],[107.5949,11.15257],[107.58667,11.1407],[107.57855,11.11801],[107.56166,11.10391],[107.55658,11.08957],[107.58062,11.0658],[107.57248,11.05686],[107.56952,11.03695],[107.54823,11.01751],[107.52482,11.01751],[107.508,11.01104],[107.51735,10.99878],[107.54254,10.9792],[107.56,10.93662],[107.56047,10.90816],[107.58256,10.90786],[107.67604,10.91771],[107.73571,10.91811],[107.76295,10.91446],[107.79222,10.91346],[107.81232,10.92072],[107.85899,10.92125],[107.84889,10.94324],[107.83658,10.94363],[107.8329,10.97431],[107.82541,11.00081],[107.83067,11.00823],[107.82118,11.01987],[107.82659,11.03923],[107.82198,11.05302],[107.78872,11.06447],[107.79031,11.07791],[107.77821,11.08842],[107.79094,11.11844],[107.7757,11.12842],[107.7997,11.1647],[107.81043,11.17049],[107.83617,11.19401],[107.83964,11.22619],[107.85874,11.23921],[107.84905,11.2692],[107.85051,11.27667],[107.82383,11.28483],[107.80588,11.29617],[107.80424,11.31033],[107.81952,11.32636],[107.82943,11.35109],[107.82386,11.36961],[107.79677,11.37178]]]},"properties":{"shapeName":"Tanh Linh","shapeISO":"","shapeID":"81297802B72040378952039","shapeGroup":"VNM","shapeType":"ADM2"}},
{"type":"Feature","geometry":{"type":"Polygon","coordinates":[[[107.46668,16.02503],[107.45489,16.00475],[107.45172,15.98992],[107.43402,15.96043],[107.42686,15.93658],[107.39727,15.88999],[107.38255,15.88472],[107.36943,15.89343],[107.34738,15.89383],[107.31779,15.8806],[107.31337,15.86797],[107.29843,15.86846],[107.2864,15.8604],[107.27046,15.85842],[107.24809,15.83763],[107.23386,15.8439],[107.22171,15.83593],[107.21602,15.82311],[107.22832,15.80328],[107.22945,15.78399],[107.21924,15.77706],[107.21146,15.75721],[107.21312,15.73883],[107.24792,15.74518],[107.25146,15.73149],[107.26683,15.7397],[107.28852,15.73474],[107.3037,15.73569],[107.31051,15.75106],[107.33781,15.74938],[107.34908,15.72866],[107.35923,15.73754],[107.36679,15.7263],[107.3803,15.72807],[107.4018,15.74264],[107.42232,15.73705],[107.45107,15.74786],[107.46458,15.76755],[107.49043,15.76251],[107.51822,15.76603],[107.52671,15.77529],[107.53958,15.77582],[107.55389,15.76867],[107.57925,15.77696],[107.58864,15.76907],[107.60582,15.78388],[107.59408,15.79415],[107.60745,15.80651],[107.60699,15.82774],[107.61298,15.83742],[107.59631,15.86357],[107.59842,15.87622],[107.58752,15.88431],[107.59296,15.89356],[107.61141,15.90365],[107.60704,15.92243],[107.61662,15.9319],[107.61035,15.95069],[107.62599,15.97884],[107.62578,15.98756],[107.64537,15.99877],[107.65597,16.01897],[107.63335,16.03047],[107.62013,16.03262],[107.62525,16.04938],[107.61898,16.06356],[107.59489,16.05605],[107.57138,16.05499],[107.55314,16.0402],[107.55966,16.02156],[107.54869,16.01123],[107.51962,16.01476],[107.50962,16.01752],[107.50313,16.0317],[107.48688,16.0405],[107.46668,16.02503]]]},"properties":{"shapeName":"Tay Giang","shapeISO":"","shapeID":"81297802B8357375846053","shapeGroup":"VNM","shapeType":"ADM2"}},
{"type":"Feature","geometry":{"type":"Polygon","coordinates":[[[105.84915,21.05357],[105.84208,21.08158],[105.82529,21.09251],[105.796,21.09792],[105.80506,21.06589],[105.795,21.05032],[105.80605,21.04761],[105.8285,21.03959],[105.84915,21.05357]]]},"properties":{"shapeName":"Tay Ho","shapeISO":"","shapeID":"81297802B85279913761146","shapeGroup":"VNM","shapeType":"ADM2"}},
{"type":"Feature","geometry":{"type":"Polygon","coordinates":[[[109.28241,13.04655],[109.27596,13.03449],[109.25607,13.02122],[109.24456,13.02568],[109.22622,13.01498],[109.2149,13.01627],[109.20611,13.0074],[109.17977,13.00625],[109.16514,12.98307],[109.13691,12.99191],[109.11809,13.0032],[109.11458,13.0307],[109.09669,13.02497],[109.08538,13.04684],[109.07429,13.03539],[109.05444,13.02516],[109.04488,13.01249],[109.04631,12.99895],[109.0389,12.98033],[109.02875,12.96891],[109.03228,12.94947],[109.0207,12.92463],[109.02485,12.91179],[109.00281,12.88763],[109.00106,12.86974],[109.01566,12.86928],[109.04358,12.85758],[109.04881,12.85014],[109.07047,12.85908],[109.10073,12.84445],[109.09425,12.82165],[109.10282,12.8036],[109.11796,12.79662],[109.1264,12.79585],[109.14108,12.78119],[109.1693,12.82681],[109.21006,12.82979],[109.22942,12.81251],[109.26088,12.83807],[109.28686,12.83188],[109.30194,12.84107],[109.33093,12.84631],[109.32885,12.86987],[109.31966,12.88035],[109.31943,12.89475],[109.30764,12.9027],[109.30156,12.92742],[109.3098,12.94076],[109.30278,12.94612],[109.28377,12.93638],[109.27728,12.94586],[109.27314,12.971],[109.27961,12.99213],[109.27707,13.00174],[109.29342,13.00463],[109.2901,13.0316],[109.28241,13.04655]]]},"properties":{"shapeName":"Tay Hoa","shapeISO":"","shapeID":"81297802B36488646512837","shapeGroup":"VNM","shapeType":"ADM2"}},
{"type":"Feature","geometry":{"type":"Polygon","coordinates":[[[106.09659,11.2921],[106.11724,11.29588],[106.13848,11.30524],[106.1515,11.321],[106.15871,11.34021],[106.17897,11.36497],[106.18662,11.36908],[106.19198,11.38689],[106.17923,11.39673],[106.1814,11.40775],[106.17492,11.42639],[106.15233,11.43654],[106.13554,11.42586],[106.11343,11.43819],[106.10013,11.42578],[106.10109,11.40048],[106.07609,11.40741],[106.07175,11.39458],[106.07717,11.37574],[106.07262,11.359],[106.0804,11.3514],[106.07589,11.30291],[106.08441,11.30555],[106.09659,11.2921]]]},"properties":{"shapeName":"Tay Ninh","shapeISO":"","shapeID":"81297802B48058598464830","shapeGroup":"VNM","shapeType":"ADM2"}},
{"type":"Feature","geometry":{"type":"Polygon","coordinates":[[[108.74578,13.91584],[108.75104,13.90065],[108.76429,13.89167],[108.77122,13.86722],[108.79278,13.84178],[108.79583,13.82209],[108.80115,13.80679],[108.81646,13.80321],[108.82768,13.79199],[108.82447,13.77486],[108.83403,13.75688],[108.85313,13.77109],[108.86404,13.79232],[108.87003,13.79334],[108.88377,13.81574],[108.89923,13.81684],[108.89756,13.82785],[108.91273,13.83388],[108.93666,13.82776],[108.95107,13.82853],[108.96336,13.81969],[108.9908,13.82781],[109.00833,13.8442],[109.01361,13.86897],[108.9993,13.9019],[109.0269,13.92029],[109.02019,13.96162],[109.01407,13.97],[109.02256,13.97945],[109.02892,13.99717],[109.01137,14.01032],[108.99295,14.00977],[108.95901,14.01709],[108.95512,14.02579],[108.93582,14.03672],[108.92075,14.03456],[108.90768,14.06277],[108.8916,14.11124],[108.90087,14.11922],[108.89881,14.13232],[108.87523,14.13137],[108.85838,14.11677],[108.86385,14.10588],[108.85652,14.08369],[108.86456,14.07308],[108.85721,14.06371],[108.86879,14.03996],[108.86498,14.01895],[108.83812,14.01881],[108.81008,14.02616],[108.79585,14.02062],[108.78218,14.04447],[108.76558,14.04881],[108.7545,14.04527],[108.75765,14.02705],[108.7526,14.01965],[108.76409,13.99352],[108.75185,13.98091],[108.75727,13.9694],[108.74457,13.93327],[108.74578,13.91584]]]},"properties":{"shapeName":"Tay Son","shapeISO":"","shapeID":"81297802B3478153063518","shapeGroup":"VNM","shapeType":"ADM2"}},
{"type":"Feature","geometry":{"type":"Polygon","coordinates":[[[108.26136,15.11821],[108.26091,15.11784],[108.27286,15.10896],[108.28802,15.10661],[108.3089,15.07855],[108.31994,15.07292],[108.37077,15.09888],[108.3941,15.08488],[108.41095,15.08037],[108.42763,15.09253],[108.43364,15.10303],[108.45515,15.10814],[108.46103,15.12158],[108.45682,15.13021],[108.47982,15.16387],[108.48172,15.18979],[108.48815,15.20122],[108.47265,15.20882],[108.46482,15.19998],[108.44795,15.20988],[108.40328,15.21248],[108.38849,15.23134],[108.36476,15.24679],[108.36852,15.26197],[108.36465,15.29415],[108.32075,15.30107],[108.30056,15.28364],[108.30618,15.26792],[108.30298,15.25783],[108.2815,15.2431],[108.29213,15.22858],[108.30675,15.22579],[108.30434,15.20899],[108.28912,15.20154],[108.30279,15.19214],[108.29785,15.1699],[108.28332,15.15318],[108.27556,15.1312],[108.26136,15.11821]]]},"properties":{"shapeName":"Tay Tra","shapeISO":"","shapeID":"81297802B47494931699472","shapeGroup":"VNM","shapeType":"ADM2"}},
{"type":"Feature","geometry":{"type":"Polygon","coordinates":[[[106.29735,22.57938],[106.28486,22.57212],[106.26193,22.57752],[106.24329,22.60145],[106.22104,22.60187],[106.21553,22.59142],[106.19842,22.5767],[106.20783,22.55765],[106.20236,22.54456],[106.18541,22.54433],[106.16227,22.53526],[106.15447,22.51427],[106.13149,22.5182],[106.11975,22.51031],[106.11717,22.48201],[106.12124,22.47101],[106.09592,22.44293],[106.10311,22.43365],[106.1019,22.41294],[106.11175,22.39801],[106.12356,22.40119],[106.14121,22.39353],[106.15986,22.40879],[106.17954,22.40011],[106.1848,22.38706],[106.19301,22.4157],[106.20107,22.43181],[106.22163,22.45509],[106.23942,22.46146],[106.27686,22.4479],[106.28781,22.42684],[106.29601,22.42578],[106.31297,22.41],[106.32853,22.41281],[106.34449,22.39185],[106.34115,22.37543],[106.362,22.35706],[106.37809,22.35951],[106.3961,22.37382],[106.41431,22.37001],[106.42233,22.3604],[106.44013,22.36338],[106.45134,22.35698],[106.46664,22.35939],[106.48747,22.36897],[106.49081,22.40175],[106.50462,22.4053],[106.51969,22.39831],[106.53547,22.41921],[106.56146,22.42197],[106.56917,22.43322],[106.56242,22.45412],[106.54776,22.45189],[106.51959,22.46159],[106.52923,22.47724],[106.51169,22.49706],[106.48742,22.5],[106.47423,22.50929],[106.45671,22.50156],[106.44401,22.50696],[106.43672,22.52155],[106.41357,22.53468],[106.40465,22.53159],[106.40131,22.51319],[106.37719,22.51494],[106.36186,22.52429],[106.36137,22.55511],[106.34154,22.5781],[106.32732,22.57031],[106.31969,22.58486],[106.29735,22.57938]]]},"properties":{"shapeName":"Thach An","shapeISO":"","shapeID":"81297802B24341511138047","shapeGroup":"VNM","shapeType":"ADM2"}},
{"type":"Feature","geometry":{"type":"MultiPolygon","coordinates":[[[[105.90519,18.30883],[105.90639,18.31713],[105.88604,18.32943],[105.87224,18.32813],[105.86066,18.33985],[105.87191,18.35617],[105.86654,18.36902],[105.87563,18.37635],[105.87387,18.38946],[105.88055,18.39866],[105.8637,18.40989],[105.86683,18.42265],[105.85517,18.43279],[105.82546,18.42918],[105.82164,18.43748],[105.80617,18.43718],[105.80391,18.41748],[105.78438,18.43033],[105.78278,18.41685],[105.795,18.38159],[105.78695,18.38023],[105.7691,18.35328],[105.75363,18.35678],[105.7499,18.3466],[105.73644,18.33758],[105.73392,18.32811],[105.76099,18.31452],[105.7511,18.29752],[105.79055,18.29728],[105.79501,18.28596],[105.81556,18.26714],[105.83981,18.2516],[105.83232,18.23597],[105.84142,18.22102],[105.85994,18.21016],[105.86939,18.19462],[105.8593,18.17122],[105.88355,18.18954],[105.87627,18.20526],[105.87789,18.21846],[105.89238,18.23007],[105.88695,18.24429],[105.91225,18.27271],[105.91961,18.29066],[105.91594,18.3024],[105.90519,18.30883]]],[[[106.02545,18.34618],[105.99853,18.37732],[105.95974,18.42815],[105.93985,18.46137],[105.92478,18.45119],[105.91221,18.44048],[105.91643,18.41691],[105.90277,18.40143],[105.93123,18.38934],[105.93507,18.36763],[105.93227,18.35083],[105.91914,18.34139],[105.94071,18.32657],[105.94183,18.31685],[105.96625,18.31579],[105.98352,18.30319],[106.00164,18.32602],[106.02545,18.34618]]]]},"properties":{"shapeName":"Thach Ha","shapeISO":"","shapeID":"81297802B93916372624290","shapeGroup":"VNM","shapeType":"ADM2"}},
{"type":"Feature","geometry":{"type":"Polygon","coordinates":[[[105.41672,20.33662],[105.4284,20.32479],[105.463,20.30129],[105.47294,20.28452],[105.51778,20.25532],[105.51308,20.22815],[105.53408,20.22737],[105.55037,20.22076],[105.55984,20.20775],[105.57211,20.20365],[105.58134,20.19094],[105.5777,20.17989],[105.58676,20.15874],[105.60148,20.14323],[105.59528,20.12305],[105.6144,20.10104],[105.65252,20.09786],[105.66435,20.10396],[105.67549,20.0937],[105.68153,20.06709],[105.66454,20.04925],[105.68713,20.05206],[105.7277,20.03602],[105.73856,20.05875],[105.75071,20.06328],[105.76081,20.07861],[105.77968,20.09559],[105.78136,20.11091],[105.79306,20.12588],[105.79097,20.13846],[105.79912,20.14969],[105.81565,20.15589],[105.79335,20.17009],[105.77709,20.17204],[105.7406,20.18554],[105.73788,20.19426],[105.70036,20.21879],[105.69418,20.23083],[105.68333,20.23498],[105.67893,20.2467],[105.65005,20.27374],[105.62032,20.28225],[105.59919,20.31217],[105.57971,20.31181],[105.54887,20.33443],[105.5501,20.34695],[105.54276,20.36216],[105.53105,20.37178],[105.52217,20.36023],[105.50597,20.36016],[105.47663,20.3754],[105.46041,20.37516],[105.43468,20.3852],[105.40952,20.37359],[105.42922,20.34811],[105.41672,20.33662]]]},"properties":{"shapeName":"Thach Thanh","shapeISO":"","shapeID":"81297802B70743667519193","shapeGroup":"VNM","shapeType":"ADM2"}},
{"type":"Feature","geometry":{"type":"Polygon","coordinates":[[[105.39369,21.01417],[105.39345,21.00287],[105.4179,20.99764],[105.42192,20.9838],[105.43383,20.97718],[105.44419,20.95642],[105.46165,20.94672],[105.47994,20.94778],[105.50033,20.96759],[105.50359,20.97955],[105.51925,20.97389],[105.54215,20.979],[105.54909,20.98741],[105.57286,20.97421],[105.58252,20.99039],[105.58075,21.00188],[105.60105,21.00273],[105.63112,21.00985],[105.62894,21.01672],[105.63485,21.04455],[105.62922,21.06017],[105.60965,21.07219],[105.58328,21.07486],[105.5751,21.08234],[105.57568,21.09949],[105.52458,21.08931],[105.53214,21.08071],[105.52935,21.06439],[105.53393,21.05563],[105.52052,21.03603],[105.50577,21.02434],[105.48876,21.03893],[105.47139,21.02072],[105.45865,21.01337],[105.43519,21.01718],[105.41759,21.01147],[105.41047,21.01796],[105.39369,21.01417]]]},"properties":{"shapeName":"Thach That","shapeISO":"","shapeID":"81297802B69837826881440","shapeGroup":"VNM","shapeType":"ADM2"}},
{"type":"Feature","geometry":{"type":"Polygon","coordinates":[[[106.33666,20.49999],[106.33328,20.48228],[106.32169,20.48002],[106.30701,20.46317],[106.29603,20.44437],[106.30904,20.43676],[106.31782,20.42184],[106.32216,20.40111],[106.34592,20.41953],[106.36311,20.42794],[106.37189,20.42577],[106.39653,20.43137],[106.38276,20.47126],[106.38829,20.48666],[106.37764,20.48884],[106.37535,20.50083],[106.34404,20.4953],[106.33666,20.49999]]]},"properties":{"shapeName":"Thai Binh","shapeISO":"","shapeID":"81297802B85054848055124","shapeGroup":"VNM","shapeType":"ADM2"}},
{"type":"Feature","geometry":{"type":"Polygon","coordinates":[[[105.51035,19.22995],[105.5252,19.22983],[105.53753,19.24821],[105.53237,19.26021],[105.53481,19.29153],[105.51818,19.30816],[105.46648,19.31484],[105.45255,19.32663],[105.44106,19.32915],[105.4333,19.34908],[105.42316,19.35671],[105.39482,19.33431],[105.39459,19.32433],[105.38224,19.30571],[105.37148,19.3056],[105.36527,19.28282],[105.34855,19.27564],[105.35024,19.26081],[105.38815,19.26777],[105.40596,19.25472],[105.43029,19.24552],[105.44537,19.26214],[105.46027,19.24158],[105.48742,19.25553],[105.49928,19.2536],[105.51593,19.24054],[105.51035,19.22995]]]},"properties":{"shapeName":"Thai Hoa","shapeISO":"","shapeID":"81297802B32908759949092","shapeGroup":"VNM","shapeType":"ADM2"}},
{"type":"Feature","geometry":{"type":"Polygon","coordinates":[[[105.70266,21.57698],[105.71166,21.57229],[105.7086,21.54963],[105.72051,21.54341],[105.75123,21.53926],[105.74627,21.52271],[105.75221,21.5065],[105.77514,21.52681],[105.80149,21.52303],[105.80692,21.51281],[105.83116,21.53286],[105.846,21.522],[105.86216,21.5215],[105.86327,21.49613],[105.87792,21.48858],[105.88474,21.49034],[105.8997,21.51223],[105.91237,21.52376],[105.90377,21.54984],[105.89289,21.55219],[105.89055,21.57553],[105.87615,21.57432],[105.85639,21.59509],[105.85499,21.62104],[105.83672,21.6224],[105.80962,21.64821],[105.80209,21.63827],[105.80601,21.61955],[105.79017,21.62297],[105.77577,21.6149],[105.77482,21.59549],[105.75995,21.59152],[105.75057,21.59854],[105.71223,21.60617],[105.71592,21.59189],[105.70266,21.57698]]]},"properties":{"shapeName":"Thai Nguyen","shapeISO":"","shapeID":"81297802B43105107768719","shapeGroup":"VNM","shapeType":"ADM2"}},
{"type":"Feature","geometry":{"type":"Polygon","coordinates":[[[106.43582,20.49399],[106.44909,20.48568],[106.46405,20.50262],[106.47853,20.48931],[106.47618,20.46769],[106.46866,20.45288],[106.48149,20.45151],[106.49581,20.45286],[106.50687,20.4446],[106.52475,20.44686],[106.5632,20.47399],[106.58267,20.47572],[106.59811,20.47108],[106.60414,20.46116],[106.60151,20.49944],[106.58759,20.52217],[106.59306,20.55655],[106.61236,20.58521],[106.6408,20.6052],[106.65643,20.61268],[106.6311,20.62771],[106.61184,20.62694],[106.60141,20.63977],[106.56853,20.61969],[106.55894,20.62666],[106.54157,20.62252],[106.54004,20.60836],[106.51945,20.60254],[106.51175,20.61352],[106.49312,20.61664],[106.48186,20.59946],[106.47166,20.5982],[106.46434,20.61506],[106.44714,20.60236],[106.4581,20.58709],[106.43801,20.56675],[106.43343,20.55104],[106.44408,20.5301],[106.43056,20.52444],[106.43678,20.51366],[106.43582,20.49399]]]},"properties":{"shapeName":"Thai Thuy","shapeISO":"","shapeID":"81297802B86878375688696","shapeGroup":"VNM","shapeType":"ADM2"}},
{"type":"Feature","geometry":{"type":"Polygon","coordinates":[[[103.98531,21.96667],[103.95679,21.99754],[103.96523,22.01387],[103.95348,22.0263],[103.95718,22.049],[103.95307,22.06382],[103.93851,22.08115],[103.92085,22.08111],[103.91031,22.06306],[103.87704,22.05583],[103.8707,22.03797],[103.84684,22.04212],[103.81755,22.03975],[103.80448,22.054],[103.78654,22.05383],[103.76801,22.03674],[103.76848,22.02045],[103.74905,21.99339],[103.729,21.98831],[103.70847,21.96681],[103.69558,21.9654],[103.66728,21.94919],[103.6903,21.93928],[103.68534,21.92007],[103.70779,21.90221],[103.70744,21.8834],[103.72401,21.87674],[103.69791,21.82423],[103.71318,21.81964],[103.71899,21.80997],[103.76093,21.80687],[103.75491,21.78583],[103.78007,21.7776],[103.80927,21.73618],[103.81466,21.73924],[103.8351,21.72811],[103.83998,21.70485],[103.86313,21.69113],[103.88066,21.68539],[103.89052,21.70026],[103.90619,21.69328],[103.92325,21.69917],[103.91086,21.71571],[103.91805,21.72795],[103.91526,21.74002],[103.9426,21.74332],[103.95164,21.75411],[103.96344,21.75603],[103.96815,21.7695],[103.95169,21.78827],[103.95264,21.79744],[103.93311,21.82075],[103.91798,21.82861],[103.91941,21.83809],[103.88928,21.86524],[103.88916,21.90056],[103.89386,21.9208],[103.90651,21.92137],[103.91965,21.9322],[103.94304,21.91771],[103.96062,21.9355],[103.97103,21.95919],[103.98531,21.96667]]]},"properties":{"shapeName":"Than Uyen","shapeISO":"","shapeID":"81297802B70449859021509","shapeGroup":"VNM","shapeType":"ADM2"}},
{"type":"Feature","geometry":{"type":"Polygon","coordinates":[[[108.32942,15.81662],[108.34338,15.79949],[108.35273,15.77405],[108.33673,15.76472],[108.32483,15.71799],[108.31795,15.6999],[108.30716,15.69302],[108.2839,15.70246],[108.27558,15.69106],[108.28671,15.67751],[108.24775,15.65322],[108.22547,15.6257],[108.21807,15.62287],[108.23877,15.60876],[108.25038,15.60675],[108.25147,15.59045],[108.29056,15.60315],[108.29564,15.58842],[108.32283,15.58588],[108.33563,15.60306],[108.37049,15.61051],[108.38145,15.60709],[108.39088,15.62489],[108.40278,15.631],[108.41565,15.62327],[108.43265,15.62045],[108.44202,15.62885],[108.46205,15.62936],[108.51521,15.64448],[108.45772,15.73372],[108.43139,15.77785],[108.41243,15.81957],[108.39902,15.81036],[108.38785,15.82967],[108.35627,15.82593],[108.3387,15.8288],[108.32942,15.81662]]]},"properties":{"shapeName":"Thang Binh","shapeISO":"","shapeID":"81297802B72056692107631","shapeGroup":"VNM","shapeType":"ADM2"}},
{"type":"Feature","geometry":{"type":"Polygon","coordinates":[[[105.20533,21.32462],[105.21684,21.33688],[105.21609,21.36689],[105.20172,21.36361],[105.20289,21.3781],[105.1861,21.39422],[105.18624,21.41734],[105.19861,21.41878],[105.20346,21.43008],[105.21435,21.43194],[105.23133,21.46417],[105.22633,21.48093],[105.21283,21.4873],[105.21369,21.50944],[105.19727,21.51695],[105.20857,21.52865],[105.16715,21.54278],[105.1594,21.54047],[105.15209,21.55777],[105.15671,21.56735],[105.14815,21.57623],[105.13578,21.56834],[105.12766,21.54848],[105.10266,21.54174],[105.0938,21.51926],[105.07736,21.50083],[105.0851,21.49252],[105.07914,21.48104],[105.1018,21.45678],[105.12845,21.44251],[105.13694,21.4312],[105.15235,21.42752],[105.15694,21.39309],[105.16644,21.37674],[105.18527,21.361],[105.18875,21.33012],[105.20533,21.32462]]]},"properties":{"shapeName":"Thanh Ba","shapeISO":"","shapeID":"81297802B68203584934419","shapeGroup":"VNM","shapeType":"ADM2"}},
{"type":"Feature","geometry":{"type":"Polygon","coordinates":[[[105.55368,10.51571],[105.5626,10.52913],[105.61639,10.63251],[105.62383,10.64932],[105.57143,10.64977],[105.50717,10.66008],[105.46943,10.66447],[105.45531,10.64705],[105.44336,10.66366],[105.42503,10.65829],[105.41358,10.67459],[105.39046,10.65796],[105.37419,10.70344],[105.36082,10.69395],[105.34661,10.69419],[105.34205,10.67392],[105.34291,10.63764],[105.34943,10.61761],[105.36818,10.57674],[105.39166,10.569],[105.41568,10.55038],[105.44465,10.55292],[105.47986,10.53561],[105.48613,10.54173],[105.51333,10.54709],[105.53884,10.53258],[105.55368,10.51571]]]},"properties":{"shapeName":"Thanh Binh","shapeISO":"","shapeID":"81297802B14212334557839","shapeGroup":"VNM","shapeType":"ADM2"}},
{"type":"Feature","geometry":{"type":"Polygon","coordinates":[[[104.93782,18.75979],[104.9422,18.7384],[104.96368,18.74094],[104.99747,18.73764],[105.01541,18.74638],[105.01899,18.73576],[105.03873,18.7262],[105.05181,18.73043],[105.06075,18.7247],[105.05184,18.70874],[105.08474,18.70956],[105.10468,18.70546],[105.1157,18.71506],[105.1339,18.7167],[105.14085,18.69912],[105.13701,18.68664],[105.15214,18.67895],[105.16824,18.65719],[105.1815,18.66042],[105.19818,18.64033],[105.18931,18.62591],[105.18739,18.60436],[105.21789,18.59756],[105.22884,18.58787],[105.24089,18.60446],[105.26281,18.61783],[105.28155,18.62371],[105.29441,18.62234],[105.30487,18.60727],[105.33024,18.60179],[105.33874,18.59045],[105.3605,18.58117],[105.39752,18.57983],[105.41811,18.5908],[105.43481,18.58754],[105.44085,18.59846],[105.47656,18.60764],[105.50185,18.6109],[105.49532,18.62063],[105.49339,18.64218],[105.48697,18.65358],[105.441,18.68478],[105.46051,18.70568],[105.44128,18.71452],[105.44161,18.73287],[105.42843,18.74304],[105.4091,18.74694],[105.41313,18.76243],[105.40522,18.78378],[105.38665,18.80826],[105.37537,18.81545],[105.35395,18.84984],[105.33868,18.83651],[105.30902,18.83735],[105.30228,18.82935],[105.28053,18.83531],[105.27791,18.85248],[105.29697,18.85934],[105.29245,18.87161],[105.29792,18.88457],[105.28835,18.88961],[105.25902,18.88981],[105.24689,18.87734],[105.23488,18.87549],[105.21977,18.89179],[105.20691,18.89224],[105.17768,18.87784],[105.15875,18.88287],[105.14331,18.87571],[105.09067,18.87566],[105.07679,18.87385],[105.06547,18.85883],[105.0455,18.84338],[105.02931,18.84985],[105.0085,18.83126],[104.98754,18.80479],[104.97294,18.79532],[104.96228,18.77867],[104.93782,18.75979]]]},"properties":{"shapeName":"Thanh Chuong","shapeISO":"","shapeID":"81297802B92574261409002","shapeGroup":"VNM","shapeType":"ADM2"}},
{"type":"Feature","geometry":{"type":"Polygon","coordinates":[[[106.48418,20.86755],[106.47662,20.87605],[106.48401,20.89609],[106.47606,20.91198],[106.47777,20.9264],[106.48667,20.94012],[106.47466,20.95015],[106.44731,20.95334],[106.44361,20.96024],[106.4238,20.95825],[106.40924,20.97527],[106.38769,20.97414],[106.39279,20.95513],[106.37173,20.94397],[106.37024,20.93144],[106.34516,20.91322],[106.3574,20.89486],[106.38272,20.8911],[106.39642,20.85263],[106.42497,20.84432],[106.44982,20.84689],[106.43937,20.82373],[106.4489,20.81363],[106.46324,20.82246],[106.47133,20.81887],[106.48606,20.7998],[106.50034,20.80849],[106.50844,20.80109],[106.51528,20.81265],[106.51097,20.82254],[106.4928,20.81937],[106.49705,20.83968],[106.47736,20.85861],[106.48418,20.86755]]]},"properties":{"shapeName":"Thanh Ha","shapeISO":"","shapeID":"81297802B77309747732529","shapeGroup":"VNM","shapeType":"ADM2"}},
{"type":"Feature","geometry":{"type":"Polygon","coordinates":[[[105.74009,19.73595],[105.75488,19.74962],[105.77317,19.74638],[105.78317,19.75268],[105.81762,19.74931],[105.8238,19.73842],[105.8519,19.73218],[105.85699,19.76601],[105.86134,19.77034],[105.84315,19.78198],[105.8466,19.79449],[105.84224,19.80918],[105.82938,19.81662],[105.82451,19.85151],[105.8106,19.86409],[105.78793,19.86168],[105.77613,19.8769],[105.75977,19.8826],[105.7405,19.88342],[105.72239,19.8615],[105.73738,19.86066],[105.74889,19.8444],[105.72653,19.84409],[105.72791,19.82625],[105.73926,19.82227],[105.73118,19.80686],[105.73684,19.79987],[105.73614,19.783],[105.75237,19.7743],[105.75304,19.75517],[105.74029,19.75529],[105.74009,19.73595]]]},"properties":{"shapeName":"Thanh Hoa","shapeISO":"","shapeID":"81297802B5241398972305","shapeGroup":"VNM","shapeType":"ADM2"}},
{"type":"Feature","geometry":{"type":"Polygon","coordinates":[[[106.19051,10.78913],[106.16621,10.81043],[106.11737,10.80862],[106.11597,10.78443],[106.10256,10.71417],[106.08824,10.71294],[106.03948,10.68809],[106.0469,10.66114],[106.044,10.65365],[106.08978,10.64423],[106.08633,10.63584],[106.09033,10.60241],[106.09019,10.57544],[106.10177,10.57577],[106.19814,10.57991],[106.20486,10.579],[106.28637,10.58714],[106.31772,10.58984],[106.32774,10.58338],[106.33526,10.60049],[106.3293,10.61334],[106.30822,10.62396],[106.31522,10.63353],[106.30504,10.64383],[106.28641,10.65157],[106.27524,10.64916],[106.25768,10.65943],[106.25002,10.6771],[106.23029,10.6881],[106.24299,10.75549],[106.24641,10.76442],[106.19051,10.78913]]]},"properties":{"shapeName":"Thanh Hoa","shapeISO":"","shapeID":"81297802B63095135263844","shapeGroup":"VNM","shapeType":"ADM2"}},
{"type":"Feature","geometry":{"type":"Polygon","coordinates":[[[108.18863,16.03257],[108.19641,16.03563],[108.18781,16.05513],[108.20225,16.06448],[108.20653,16.07776],[108.1922,16.07325],[108.16903,16.0804],[108.17758,16.06103],[108.18863,16.03257]]]},"properties":{"shapeName":"Thanh Khe","shapeISO":"","shapeID":"81297802B31644345342604","shapeGroup":"VNM","shapeType":"ADM2"}},
{"type":"Feature","geometry":{"type":"Polygon","coordinates":[[[105.95821,20.54659],[105.94548,20.55089],[105.95024,20.53059],[105.93653,20.5187],[105.91152,20.51428],[105.89247,20.50316],[105.88406,20.51367],[105.86515,20.50919],[105.86216,20.49185],[105.85212,20.47788],[105.85407,20.43347],[105.85722,20.42654],[105.86872,20.40982],[105.89231,20.38775],[105.90217,20.37314],[105.91675,20.373],[105.92242,20.36294],[105.93469,20.3679],[105.92734,20.37883],[105.92442,20.39656],[105.95063,20.40344],[105.9648,20.4257],[105.9739,20.42308],[105.98159,20.44027],[105.99114,20.45159],[105.98384,20.45927],[105.98929,20.47332],[105.98113,20.48388],[105.98942,20.51769],[105.95821,20.54659]]]},"properties":{"shapeName":"Thanh Liem","shapeISO":"","shapeID":"81297802B85424672096974","shapeGroup":"VNM","shapeType":"ADM2"}},
{"type":"Feature","geometry":{"type":"Polygon","coordinates":[[[106.14984,20.78365],[106.16558,20.78497],[106.18103,20.7634],[106.19283,20.7658],[106.2035,20.75185],[106.21588,20.7503],[106.21853,20.73254],[106.2278,20.70507],[106.24407,20.69565],[106.24876,20.68682],[106.26953,20.68471],[106.24881,20.69551],[106.26526,20.70427],[106.26252,20.72817],[106.26931,20.7481],[106.26796,20.76921],[106.28131,20.768],[106.28775,20.78026],[106.2604,20.78038],[106.24863,20.79566],[106.24275,20.82045],[106.24982,20.84069],[106.22724,20.8477],[106.20703,20.83758],[106.19814,20.81994],[106.18667,20.81826],[106.17645,20.84161],[106.16333,20.83039],[106.1401,20.81925],[106.1385,20.80065],[106.14984,20.78365]]]},"properties":{"shapeName":"Thanh Mien","shapeISO":"","shapeID":"81297802B67689154766571","shapeGroup":"VNM","shapeType":"ADM2"}},
{"type":"Feature","geometry":{"type":"Polygon","coordinates":[[[105.73532,20.80898],[105.74544,20.78832],[105.75445,20.79157],[105.77597,20.78766],[105.78214,20.79146],[105.8063,20.78026],[105.80857,20.79693],[105.81702,20.80468],[105.83426,20.8007],[105.83701,20.82358],[105.8236,20.84161],[105.82384,20.86972],[105.81522,20.87032],[105.81244,20.89814],[105.81581,20.9025],[105.79117,20.91527],[105.78942,20.93931],[105.767,20.92294],[105.75228,20.93119],[105.75095,20.91655],[105.73473,20.91086],[105.72726,20.90134],[105.73648,20.89209],[105.73626,20.86245],[105.75059,20.85626],[105.7595,20.83727],[105.75496,20.81349],[105.73532,20.80898]]]},"properties":{"shapeName":"Thanh Oai","shapeISO":"","shapeID":"81297802B69083052749589","shapeGroup":"VNM","shapeType":"ADM2"}},
{"type":"Feature","geometry":{"type":"Polygon","coordinates":[[[106.48503,10.02532],[106.4407,10.07068],[106.41791,10.04973],[106.42146,10.02703],[106.41477,10.01963],[106.41543,10.00502],[106.42522,9.98789],[106.40991,9.97119],[106.39972,9.9664],[106.41885,9.95256],[106.46642,9.93104],[106.48713,9.91669],[106.52806,9.87184],[106.57372,9.83115],[106.59046,9.80722],[106.60701,9.79044],[106.62772,9.79518],[106.654,9.82183],[106.66819,9.84234],[106.68803,9.88136],[106.6708,9.90787],[106.66342,9.92653],[106.64248,9.94043],[106.65077,9.95482],[106.60668,9.96742],[106.56166,9.99433],[106.52327,10.00159],[106.50445,10.00975],[106.48503,10.02532]]]},"properties":{"shapeName":"Thanh Phu","shapeISO":"","shapeID":"81297802B66468397901634","shapeGroup":"VNM","shapeType":"ADM2"}},
{"type":"Feature","geometry":{"type":"Polygon","coordinates":[[[105.31266,20.92413],[105.31725,20.93496],[105.34478,20.9409],[105.33029,20.98896],[105.31858,21.01059],[105.31076,21.00321],[105.29252,21.00629],[105.27759,21.03199],[105.2639,21.04943],[105.25197,21.07264],[105.2779,21.08292],[105.25472,21.12976],[105.24137,21.13995],[105.24243,21.15424],[105.23521,21.16273],[105.25489,21.16834],[105.26853,21.16649],[105.27418,21.18526],[105.24058,21.20276],[105.23389,21.2159],[105.21481,21.25281],[105.19095,21.24571],[105.181,21.2531],[105.16207,21.24786],[105.16908,21.22527],[105.16509,21.20042],[105.14026,21.20228],[105.12356,21.21107],[105.10831,21.22779],[105.09956,21.22752],[105.09343,21.21686],[105.11297,21.19037],[105.10288,21.18299],[105.11618,21.17022],[105.1152,21.13814],[105.09146,21.13421],[105.09557,21.12099],[105.0841,21.10957],[105.10301,21.10622],[105.11715,21.09718],[105.11195,21.08439],[105.11888,21.0706],[105.11693,21.05978],[105.10084,21.04944],[105.084,21.05392],[105.06357,21.04327],[105.04271,21.04066],[105.04636,21.02197],[105.03719,21.01437],[105.05521,21.01029],[105.0891,20.97071],[105.09145,20.96108],[105.10954,20.95534],[105.13161,20.93787],[105.17754,20.94507],[105.19211,20.95853],[105.20633,20.95078],[105.19383,20.92946],[105.20925,20.91797],[105.2225,20.93624],[105.25201,20.94228],[105.27079,20.93522],[105.27538,20.92475],[105.2894,20.93143],[105.29658,20.92419],[105.31266,20.92413]]]},"properties":{"shapeName":"Thanh Son","shapeISO":"","shapeID":"81297802B60314868788909","shapeGroup":"VNM","shapeType":"ADM2"}},
{"type":"Feature","geometry":{"type":"Polygon","coordinates":[[[105.3472,21.2261],[105.33409,21.23276],[105.31908,21.22026],[105.30682,21.23109],[105.28446,21.24333],[105.26349,21.22718],[105.23389,21.2159],[105.24058,21.20276],[105.27418,21.18526],[105.26853,21.16649],[105.25489,21.16834],[105.23521,21.16273],[105.24243,21.15424],[105.24137,21.13995],[105.25472,21.12976],[105.2779,21.08292],[105.25197,21.07264],[105.2639,21.04943],[105.27759,21.03199],[105.29252,21.00629],[105.31076,21.00321],[105.31858,21.01059],[105.31748,21.01222],[105.30483,21.02207],[105.29416,21.05342],[105.30141,21.07115],[105.3168,21.09353],[105.31988,21.11361],[105.30852,21.13318],[105.2849,21.16295],[105.29082,21.16588],[105.30369,21.19158],[105.33902,21.20955],[105.3472,21.2261]]]},"properties":{"shapeName":"Thanh Thuy","shapeISO":"","shapeID":"81297802B73795447547430","shapeGroup":"VNM","shapeType":"ADM2"}},
{"type":"Feature","geometry":{"type":"Polygon","coordinates":[[[105.88605,20.94561],[105.8738,20.95476],[105.85854,20.95726],[105.84416,20.9512],[105.82006,20.95745],[105.82378,20.96819],[105.80737,20.9738],[105.80879,20.984],[105.7964,20.9833],[105.78942,20.93931],[105.79117,20.91527],[105.81581,20.9025],[105.85095,20.89921],[105.85969,20.90706],[105.88116,20.9096],[105.89945,20.90545],[105.91269,20.91719],[105.90846,20.92633],[105.88737,20.92935],[105.88605,20.94561]]]},"properties":{"shapeName":"Thanh Tri","shapeISO":"","shapeID":"81297802B95629282135268","shapeGroup":"VNM","shapeType":"ADM2"}},
{"type":"Feature","geometry":{"type":"Polygon","coordinates":[[[105.70314,9.53886],[105.67434,9.50414],[105.66087,9.51338],[105.65551,9.49579],[105.63443,9.48955],[105.626,9.49413],[105.58848,9.42476],[105.61753,9.40832],[105.6386,9.40914],[105.65619,9.38534],[105.6731,9.39067],[105.68534,9.37825],[105.70543,9.37804],[105.71625,9.39104],[105.73757,9.39519],[105.74589,9.40614],[105.76674,9.41075],[105.77158,9.4203],[105.75501,9.42898],[105.76188,9.44254],[105.76166,9.45597],[105.77449,9.4606],[105.778,9.48325],[105.81192,9.49271],[105.82166,9.50129],[105.83947,9.50434],[105.84509,9.51092],[105.83304,9.52417],[105.8315,9.53587],[105.81264,9.54296],[105.80068,9.53786],[105.78777,9.54794],[105.7802,9.54224],[105.7693,9.55676],[105.73123,9.54805],[105.70314,9.53886]]]},"properties":{"shapeName":"Thanh Tri","shapeISO":"","shapeID":"81297802B36147607104720","shapeGroup":"VNM","shapeType":"ADM2"}},
{"type":"Feature","geometry":{"type":"Polygon","coordinates":[[[105.79271,21.00106],[105.79451,20.98547],[105.7964,20.9833],[105.80879,20.984],[105.83058,20.9927],[105.84116,20.99156],[105.84271,20.99729],[105.81354,21.00887],[105.79271,21.00106]]]},"properties":{"shapeName":"Thanh Xuan","shapeISO":"","shapeID":"81297802B66022953489908","shapeGroup":"VNM","shapeType":"ADM2"}},
{"type":"Feature","geometry":{"type":"Polygon","coordinates":[[[105.94198,10.53637],[105.91039,10.53863],[105.83387,10.63883],[105.80477,10.65446],[105.7806,10.65897],[105.6802,10.75264],[105.67187,10.7414],[105.63579,10.67224],[105.66124,10.65767],[105.67875,10.65506],[105.69215,10.63972],[105.69841,10.61325],[105.71331,10.60378],[105.72496,10.60409],[105.73467,10.58301],[105.71883,10.50383],[105.73455,10.4957],[105.76784,10.48977],[105.76604,10.47043],[105.82281,10.47013],[105.81573,10.37018],[105.84426,10.36569],[105.85947,10.40767],[105.94181,10.49448],[105.94198,10.53637]]]},"properties":{"shapeName":"Thap Muoi","shapeISO":"","shapeID":"81297802B37339373723835","shapeGroup":"VNM","shapeType":"ADM2"}},
{"type":"Feature","geometry":{"type":"Polygon","coordinates":[[[106.19071,10.45402],[106.17902,10.47386],[106.14425,10.48283],[106.14409,10.4882],[106.09833,10.4991],[106.09162,10.49655],[106.09351,10.46085],[106.09188,10.43969],[106.103,10.43432],[106.09178,10.41054],[106.0963,10.40102],[106.08431,10.39259],[106.11157,10.35656],[106.13951,10.36034],[106.14249,10.37352],[106.17985,10.37328],[106.18973,10.37976],[106.19404,10.40019],[106.17922,10.41801],[106.19425,10.42153],[106.19868,10.43301],[106.19071,10.45402]]]},"properties":{"shapeName":"Thi xa Cai Lay","shapeISO":"","shapeID":"81297802B17596796998347","shapeGroup":"VNM","shapeType":"ADM2"}},
{"type":"Feature","geometry":{"type":"Polygon","coordinates":[[[105.57412,10.42945],[105.57953,10.4195],[105.59496,10.4115],[105.61074,10.40905],[105.65003,10.41266],[105.6912,10.40602],[105.68431,10.43987],[105.65748,10.45105],[105.64812,10.47049],[105.65626,10.4906],[105.64917,10.50298],[105.63386,10.50698],[105.61925,10.4974],[105.58988,10.51303],[105.55777,10.50837],[105.57095,10.47751],[105.57559,10.44717],[105.57412,10.42945]]]},"properties":{"shapeName":"Thi xa Cao Lanh","shapeISO":"","shapeID":"81297802B60372874404879","shapeGroup":"VNM","shapeType":"ADM2"}},
{"type":"Feature","geometry":{"type":"Polygon","coordinates":[[[105.35588,10.75127],[105.36797,10.75409],[105.39615,10.7695],[105.4499,10.78464],[105.43718,10.81365],[105.37078,10.89856],[105.35846,10.88711],[105.33821,10.85977],[105.34228,10.83833],[105.32607,10.8435],[105.31898,10.83933],[105.31262,10.82084],[105.32537,10.81836],[105.33513,10.80643],[105.35235,10.76668],[105.35588,10.75127]]]},"properties":{"shapeName":"Thi xa Hong Ngu","shapeISO":"","shapeID":"81297802B45020933584847","shapeGroup":"VNM","shapeType":"ADM2"}},
{"type":"Feature","geometry":{"type":"Polygon","coordinates":[[[105.72653,19.84409],[105.74889,19.8444],[105.73738,19.86066],[105.72239,19.8615],[105.7405,19.88342],[105.75977,19.8826],[105.7658,19.90447],[105.75739,19.92324],[105.76788,19.93614],[105.76495,19.95005],[105.7519,19.9432],[105.75014,19.93111],[105.73889,19.92997],[105.70236,19.93544],[105.69965,19.94261],[105.6687,19.93602],[105.66379,19.94017],[105.62576,19.93541],[105.61912,19.95505],[105.60331,19.95661],[105.60445,19.9444],[105.59415,19.93583],[105.58738,19.92039],[105.59488,19.9059],[105.58278,19.88914],[105.60116,19.87186],[105.60095,19.86414],[105.61702,19.85838],[105.62875,19.86561],[105.65057,19.8583],[105.65047,19.84932],[105.66861,19.84781],[105.67655,19.83999],[105.69016,19.8488],[105.69932,19.86219],[105.72653,19.84409]]]},"properties":{"shapeName":"Thieu Hoa","shapeISO":"","shapeID":"81297802B18173194226488","shapeGroup":"VNM","shapeType":"ADM2"}},
{"type":"Feature","geometry":{"type":"Polygon","coordinates":[[[105.37318,19.92376],[105.37938,19.91129],[105.37824,19.89365],[105.39023,19.88094],[105.40358,19.8753],[105.38799,19.848],[105.4112,19.83289],[105.41041,19.8179],[105.42621,19.8158],[105.4338,19.83317],[105.4606,19.84633],[105.48148,19.86564],[105.49254,19.86408],[105.51343,19.88419],[105.52229,19.8823],[105.53731,19.89057],[105.55111,19.88178],[105.56776,19.89191],[105.58278,19.88914],[105.59488,19.9059],[105.58738,19.92039],[105.59415,19.93583],[105.60445,19.9444],[105.60331,19.95661],[105.59058,19.96381],[105.56699,19.96562],[105.55426,19.9877],[105.52998,19.99782],[105.52002,19.99198],[105.50718,19.9963],[105.49574,19.98864],[105.48227,20.00149],[105.47208,20.00046],[105.47146,20.02111],[105.46135,20.03499],[105.46247,20.02008],[105.44652,20.01763],[105.4549,20.00023],[105.44479,19.99368],[105.42819,20.00198],[105.41115,19.99254],[105.43283,19.97875],[105.43515,19.95463],[105.39938,19.92771],[105.37318,19.92376]]]},"properties":{"shapeName":"Tho Xuan","shapeISO":"","shapeID":"81297802B55629975533372","shapeGroup":"VNM","shapeType":"ADM2"}},
{"type":"Feature","geometry":{"type":"Polygon","coordinates":[[[105.11946,10.37285],[105.12473,10.31417],[105.09545,10.2707],[105.12562,10.25328],[105.16533,10.21847],[105.20593,10.18352],[105.22756,10.2131],[105.23121,10.20878],[105.25312,10.23852],[105.26711,10.23884],[105.28892,10.25985],[105.30135,10.277],[105.312,10.27393],[105.33621,10.23442],[105.39813,10.25317],[105.44138,10.26976],[105.42669,10.30302],[105.41767,10.32375],[105.38718,10.36456],[105.37507,10.36431],[105.3572,10.34877],[105.33571,10.34619],[105.31755,10.35505],[105.29273,10.35521],[105.28446,10.36449],[105.26054,10.36937],[105.11946,10.37285]]]},"properties":{"shapeName":"Thoai Son","shapeISO":"","shapeID":"81297802B55991258422340","shapeGroup":"VNM","shapeType":"ADM2"}},
{"type":"Feature","geometry":{"type":"Polygon","coordinates":[[[104.95985,9.5517],[105.01045,9.50183],[105.03886,9.44024],[105.05874,9.36057],[105.06677,9.34127],[105.0454,9.3296],[105.06437,9.27806],[105.07492,9.26935],[105.08704,9.27016],[105.08151,9.25262],[105.07022,9.23893],[105.08112,9.22305],[105.08657,9.20169],[105.11943,9.2084],[105.1388,9.23324],[105.16536,9.25294],[105.17199,9.26563],[105.20325,9.26765],[105.20656,9.24873],[105.22287,9.24696],[105.24583,9.25016],[105.25524,9.24306],[105.25804,9.25138],[105.29405,9.27974],[105.265,9.30648],[105.25196,9.3218],[105.25213,9.34182],[105.29436,9.3846],[105.295,9.38787],[105.2623,9.39932],[105.1374,9.47788],[105.10684,9.4974],[105.07582,9.51438],[105.03401,9.54022],[105.00336,9.55862],[104.994,9.53991],[104.95985,9.5517]]]},"properties":{"shapeName":"Thoi Binh","shapeISO":"","shapeID":"81297802B72962934651760","shapeGroup":"VNM","shapeType":"ADM2"}},
{"type":"Feature","geometry":{"type":"Polygon","coordinates":[[[105.58593,9.9892],[105.59357,10.00498],[105.62686,10.0061],[105.62447,10.02141],[105.62906,10.04432],[105.62492,10.06761],[105.63098,10.08165],[105.62412,10.1005],[105.59677,10.12807],[105.58159,10.1286],[105.52303,10.08532],[105.52214,10.05646],[105.49435,10.05962],[105.49122,10.06425],[105.45234,10.06087],[105.4298,10.03168],[105.41811,10.02525],[105.53234,9.91961],[105.56293,9.98691],[105.57434,9.99412],[105.58593,9.9892]]]},"properties":{"shapeName":"Thoi Lai","shapeISO":"","shapeID":"81297802B52248438909521","shapeGroup":"VNM","shapeType":"ADM2"}},
{"type":"Feature","geometry":{"type":"Polygon","coordinates":[[[107.15914,10.89542],[107.16607,10.90702],[107.17768,10.95167],[107.19966,10.98471],[107.20783,10.97365],[107.22235,10.97365],[107.22237,11.01084],[107.25489,11.01891],[107.25921,11.03267],[107.24093,11.06204],[107.22061,11.05798],[107.20783,11.05057],[107.19111,11.07623],[107.16401,11.0808],[107.16775,11.09527],[107.13701,11.09968],[107.11674,11.08385],[107.1056,11.05865],[107.10333,11.04423],[107.10802,11.02404],[107.12363,11.00965],[107.11967,10.9917],[107.12726,10.97884],[107.10814,10.97446],[107.11378,10.95257],[107.09597,10.94531],[107.09172,10.92878],[107.10005,10.89805],[107.06889,10.87838],[107.06886,10.86489],[107.06001,10.84925],[107.08148,10.84875],[107.11412,10.85933],[107.12703,10.89543],[107.15914,10.89542]]]},"properties":{"shapeName":"Thong Nhat","shapeISO":"","shapeID":"81297802B78615286204020","shapeGroup":"VNM","shapeType":"ADM2"}},
{"type":"Feature","geometry":{"type":"Polygon","coordinates":[[[105.8507,22.80062],[105.86814,22.78692],[105.8746,22.77256],[105.89415,22.76712],[105.89836,22.75804],[105.91568,22.7557],[105.93457,22.74512],[105.92221,22.73188],[105.91673,22.71826],[105.92859,22.71206],[105.94775,22.71513],[105.95165,22.6981],[105.96823,22.68989],[105.97809,22.69224],[105.99022,22.68321],[105.99595,22.70058],[106.01653,22.71445],[106.01647,22.72525],[106.03465,22.73599],[106.0628,22.76149],[106.03574,22.7951],[106.04536,22.81034],[106.0315,22.82312],[106.00659,22.83687],[106.0046,22.86577],[105.99872,22.86847],[105.97863,22.90005],[105.97275,22.9214],[105.96051,22.91783],[105.95728,22.93939],[105.93874,22.94313],[105.9208,22.95533],[105.90071,22.94552],[105.88614,22.92718],[105.87236,22.92486],[105.84816,22.9117],[105.86919,22.87202],[105.862,22.86561],[105.87291,22.82862],[105.88155,22.81373],[105.86161,22.81107],[105.8507,22.80062]]]},"properties":{"shapeName":"Thong Nong","shapeISO":"","shapeID":"81297802B64889817574793","shapeGroup":"VNM","shapeType":"ADM2"}},
{"type":"Feature","geometry":{"type":"Polygon","coordinates":[[[105.55658,10.15215],[105.57525,10.19056],[105.59951,10.19114],[105.60177,10.20293],[105.62475,10.18634],[105.61928,10.20624],[105.60283,10.23542],[105.55822,10.27912],[105.5417,10.29296],[105.51152,10.30924],[105.49529,10.32529],[105.47948,10.3124],[105.48803,10.297],[105.48489,10.28984],[105.49866,10.26143],[105.49874,10.23474],[105.52307,10.21896],[105.54447,10.2228],[105.54608,10.20085],[105.53662,10.17185],[105.55658,10.15215]]]},"properties":{"shapeName":"Thot Not","shapeISO":"","shapeID":"81297802B2345271224879","shapeGroup":"VNM","shapeType":"ADM2"}},
{"type":"Feature","geometry":{"type":"Polygon","coordinates":[[[106.60339,11.03957],[106.59538,11.02922],[106.59786,11.01598],[106.62111,11.00593],[106.61617,10.9898],[106.62695,10.97968],[106.65015,10.97444],[106.65159,10.94217],[106.6686,10.95642],[106.68192,10.95733],[106.70103,10.97121],[106.69664,10.98966],[106.70698,10.99687],[106.69794,11.01558],[106.70224,11.03182],[106.721,11.04192],[106.71568,11.0595],[106.69773,11.0693],[106.68982,11.08845],[106.6719,11.08406],[106.66362,11.07035],[106.66361,11.05702],[106.65336,11.05242],[106.64031,11.03407],[106.62413,11.05415],[106.60339,11.03957]]]},"properties":{"shapeName":"Thu Dau Mot","shapeISO":"","shapeID":"81297802B23780781410203","shapeGroup":"VNM","shapeType":"ADM2"}},
{"type":"Feature","geometry":{"type":"Polygon","coordinates":[[[106.75113,10.81293],[106.75701,10.81322],[106.75967,10.82435],[106.7733,10.84835],[106.80859,10.87303],[106.78852,10.87215],[106.76841,10.89417],[106.76017,10.88213],[106.76221,10.86728],[106.74832,10.86624],[106.74673,10.87781],[106.73686,10.88477],[106.71767,10.89642],[106.71317,10.86587],[106.71765,10.85557],[106.70235,10.85167],[106.70241,10.83902],[106.71034,10.82334],[106.72969,10.82419],[106.73821,10.83501],[106.75139,10.82775],[106.75113,10.81293]]]},"properties":{"shapeName":"Thu Duc","shapeISO":"","shapeID":"81297802B1678031067910","shapeGroup":"VNM","shapeType":"ADM2"}},
{"type":"Feature","geometry":{"type":"Polygon","coordinates":[[[106.32611,10.76439],[106.29688,10.74294],[106.2664,10.77799],[106.24641,10.76442],[106.24299,10.75549],[106.23029,10.6881],[106.25002,10.6771],[106.25768,10.65943],[106.27524,10.64916],[106.28641,10.65157],[106.30504,10.64383],[106.31522,10.63353],[106.30822,10.62396],[106.3293,10.61334],[106.33526,10.60049],[106.32774,10.58338],[106.31772,10.58984],[106.28637,10.58714],[106.31033,10.56569],[106.31979,10.57036],[106.33555,10.55121],[106.34816,10.54465],[106.38208,10.56861],[106.38318,10.57513],[106.42698,10.57091],[106.43684,10.56463],[106.44495,10.57292],[106.43838,10.59081],[106.44294,10.59641],[106.4293,10.62106],[106.4333,10.63094],[106.40928,10.64416],[106.402,10.66145],[106.37434,10.69505],[106.38089,10.7006],[106.32611,10.76439]]]},"properties":{"shapeName":"Thu Thua","shapeISO":"","shapeID":"81297802B60662496728573","shapeGroup":"VNM","shapeType":"ADM2"}},
{"type":"Feature","geometry":{"type":"Polygon","coordinates":[[[106.65744,10.92579],[106.67951,10.92388],[106.69286,10.90424],[106.68975,10.88067],[106.69946,10.86896],[106.71317,10.86587],[106.71767,10.89642],[106.73686,10.88477],[106.73967,10.88839],[106.74206,10.93133],[106.7503,10.93845],[106.74523,10.95367],[106.75316,10.96672],[106.74232,10.98664],[106.70698,10.99687],[106.69664,10.98966],[106.70103,10.97121],[106.68192,10.95733],[106.6686,10.95642],[106.65159,10.94217],[106.65744,10.92579]]]},"properties":{"shapeName":"Thuan An","shapeISO":"","shapeID":"81297802B69956804658452","shapeGroup":"VNM","shapeType":"ADM2"}},
{"type":"Feature","geometry":{"type":"Polygon","coordinates":[[[109.00025,11.68769],[109.00573,11.672],[109.02537,11.65819],[109.03939,11.65982],[109.04412,11.67205],[109.0576,11.67511],[109.05231,11.64644],[109.06005,11.64334],[109.07752,11.65003],[109.10229,11.63043],[109.11253,11.62793],[109.1317,11.64555],[109.12625,11.69664],[109.13072,11.71577],[109.12742,11.7295],[109.14354,11.74561],[109.14419,11.75833],[109.16859,11.7706],[109.19106,11.78651],[109.18532,11.80655],[109.19501,11.81187],[109.17793,11.81131],[109.13502,11.80458],[109.11938,11.80504],[109.09463,11.81591],[109.09063,11.82587],[109.07689,11.83495],[109.05999,11.86125],[109.05677,11.83904],[109.03813,11.83326],[109.01693,11.821],[108.99508,11.8038],[108.99143,11.77972],[108.98082,11.76],[108.96866,11.75279],[108.98942,11.72994],[108.99489,11.71852],[109.00025,11.68769]]]},"properties":{"shapeName":"Thuan Bac","shapeISO":"","shapeID":"81297802B93158398760307","shapeGroup":"VNM","shapeType":"ADM2"}},
{"type":"Feature","geometry":{"type":"Polygon","coordinates":[[[103.41762,21.31856],[103.43611,21.32065],[103.44475,21.34284],[103.45582,21.35125],[103.46654,21.34982],[103.48449,21.33778],[103.47565,21.32744],[103.48172,21.30164],[103.49669,21.28064],[103.50372,21.25825],[103.52275,21.25436],[103.53215,21.24076],[103.54714,21.23844],[103.54663,21.22324],[103.58859,21.22294],[103.58362,21.24086],[103.57416,21.24151],[103.55471,21.26238],[103.56652,21.28049],[103.59112,21.3008],[103.60709,21.30065],[103.63119,21.29424],[103.65605,21.28133],[103.66267,21.26751],[103.6817,21.26101],[103.71795,21.25756],[103.7305,21.26371],[103.74748,21.25537],[103.75099,21.23751],[103.76707,21.22987],[103.77777,21.20931],[103.79536,21.21316],[103.81635,21.19997],[103.82098,21.22541],[103.81593,21.2527],[103.82745,21.26026],[103.83601,21.27426],[103.81689,21.28723],[103.80966,21.30369],[103.82889,21.2993],[103.82929,21.31598],[103.83921,21.33559],[103.84015,21.35987],[103.81413,21.35556],[103.82169,21.37483],[103.81035,21.38404],[103.8103,21.39613],[103.83296,21.41302],[103.83479,21.43635],[103.84339,21.44153],[103.87945,21.43849],[103.87961,21.43104],[103.902,21.4309],[103.90578,21.42338],[103.9325,21.42452],[103.95754,21.46588],[103.96878,21.46353],[103.98541,21.47428],[103.98527,21.49488],[103.97571,21.50053],[103.96738,21.51595],[103.94721,21.52144],[103.93452,21.51671],[103.92745,21.52837],[103.89231,21.54333],[103.87465,21.54476],[103.85721,21.53864],[103.82357,21.55388],[103.80088,21.54065],[103.79852,21.52853],[103.77742,21.54186],[103.74735,21.54103],[103.72868,21.52941],[103.7056,21.5226],[103.70259,21.53629],[103.6931,21.53979],[103.67169,21.5313],[103.64929,21.53953],[103.62984,21.56493],[103.62954,21.57836],[103.64251,21.58898],[103.65963,21.59146],[103.64944,21.60962],[103.63939,21.61671],[103.62045,21.60829],[103.60417,21.61148],[103.58714,21.62896],[103.5587,21.6249],[103.54823,21.6028],[103.53914,21.60068],[103.53201,21.56658],[103.51982,21.56442],[103.52158,21.54452],[103.48296,21.52029],[103.46143,21.51244],[103.45176,21.5019],[103.44739,21.48718],[103.45334,21.48009],[103.45651,21.45794],[103.44183,21.43123],[103.41212,21.42803],[103.39228,21.43686],[103.37489,21.42752],[103.3444,21.42963],[103.33033,21.41506],[103.33984,21.39979],[103.35742,21.39029],[103.3618,21.37173],[103.38403,21.36962],[103.38765,21.36048],[103.37208,21.34156],[103.38116,21.3287],[103.39762,21.31721],[103.41762,21.31856]]]},"properties":{"shapeName":"Thuan Chau","shapeISO":"","shapeID":"81297802B46916310956334","shapeGroup":"VNM","shapeType":"ADM2"}},
{"type":"Feature","geometry":{"type":"Polygon","coordinates":[[[108.735,11.59602],[108.73018,11.57034],[108.71479,11.54171],[108.69451,11.52311],[108.68829,11.50327],[108.66427,11.49945],[108.67874,11.47351],[108.71497,11.46252],[108.72563,11.46944],[108.76078,11.46994],[108.75728,11.41149],[108.78333,11.3941],[108.78579,11.3883],[108.80789,11.38216],[108.84412,11.37717],[108.84655,11.36623],[108.86641,11.35193],[108.87461,11.33909],[108.8665,11.33328],[108.88726,11.33705],[108.93256,11.30694],[108.948,11.31451],[108.96231,11.31576],[108.98899,11.33625],[108.99256,11.34772],[109.01455,11.35601],[109.02073,11.36955],[109.00725,11.38507],[109.00623,11.41179],[109.01142,11.41639],[109.00791,11.44313],[109.01459,11.47023],[109.01142,11.49782],[108.98794,11.49783],[108.98977,11.46914],[108.96112,11.46919],[108.93728,11.48656],[108.93735,11.50434],[108.91204,11.50912],[108.89792,11.48409],[108.88208,11.47883],[108.86704,11.49398],[108.8397,11.49365],[108.84646,11.52631],[108.82533,11.52983],[108.80549,11.54516],[108.7523,11.57414],[108.735,11.59602]]]},"properties":{"shapeName":"Thuan Nam","shapeISO":"","shapeID":"81297802B94482771357603","shapeGroup":"VNM","shapeType":"ADM2"}},
{"type":"Feature","geometry":{"type":"Polygon","coordinates":[[[106.13786,21.00124],[106.14335,21.0252],[106.13104,21.07261],[106.13353,21.07862],[106.11747,21.09291],[106.10817,21.09194],[106.09993,21.07413],[106.08832,21.06991],[106.07765,21.08117],[106.05713,21.0825],[106.0372,21.07042],[106.0019,21.06993],[106.02007,21.04121],[106.00646,21.02885],[106.00124,21.00003],[106.02663,20.99362],[106.04198,21.00355],[106.06707,21.00088],[106.07698,20.99545],[106.09032,21.00701],[106.1025,20.99736],[106.11581,20.99602],[106.12735,20.98375],[106.13786,21.00124]]]},"properties":{"shapeName":"Thuan Thanh","shapeISO":"","shapeID":"81297802B75512670100174","shapeGroup":"VNM","shapeType":"ADM2"}},
{"type":"Feature","geometry":{"type":"Polygon","coordinates":[[[105.91487,20.88395],[105.89623,20.89394],[105.89945,20.90545],[105.88116,20.9096],[105.85969,20.90706],[105.85095,20.89921],[105.81581,20.9025],[105.81244,20.89814],[105.81522,20.87032],[105.82384,20.86972],[105.8236,20.84161],[105.83701,20.82358],[105.83426,20.8007],[105.85284,20.80193],[105.89617,20.77307],[105.8868,20.75626],[105.90287,20.75203],[105.91974,20.76412],[105.91127,20.77581],[105.92355,20.79143],[105.91096,20.8203],[105.91685,20.84212],[105.93328,20.85154],[105.93131,20.87377],[105.91487,20.88395]]]},"properties":{"shapeName":"Thuong Tin","shapeISO":"","shapeID":"81297802B33733008951227","shapeGroup":"VNM","shapeType":"ADM2"}},
{"type":"Feature","geometry":{"type":"Polygon","coordinates":[[[104.99377,20.09481],[104.976,20.07962],[104.97189,20.06158],[104.93341,20.03431],[104.90702,19.9984],[104.92357,19.98757],[104.95759,19.98976],[104.96454,19.97304],[104.9742,19.97279],[105.03994,19.93883],[105.04888,19.93073],[105.09461,19.93868],[105.11658,19.93377],[105.12961,19.92194],[105.15501,19.92269],[105.16852,19.91497],[105.17137,19.90095],[105.18971,19.86484],[105.18238,19.85704],[105.1527,19.85563],[105.14394,19.8327],[105.13541,19.83004],[105.12894,19.80088],[105.13871,19.76909],[105.13637,19.74482],[105.16389,19.72259],[105.19247,19.71401],[105.21432,19.71181],[105.2237,19.72012],[105.23855,19.71885],[105.25234,19.74139],[105.28212,19.73798],[105.30415,19.72046],[105.31956,19.72076],[105.33266,19.71316],[105.35392,19.70904],[105.37324,19.71658],[105.37358,19.72284],[105.39833,19.72647],[105.4137,19.74779],[105.43203,19.75485],[105.44674,19.7494],[105.45505,19.75422],[105.45001,19.76052],[105.44838,19.79123],[105.42857,19.79669],[105.42621,19.8158],[105.41041,19.8179],[105.4112,19.83289],[105.38799,19.848],[105.40358,19.8753],[105.39023,19.88094],[105.37824,19.89365],[105.37938,19.91129],[105.37318,19.92376],[105.35317,19.92675],[105.34114,19.93974],[105.30908,19.94947],[105.30385,19.96404],[105.28479,19.97594],[105.27192,20.0067],[105.25276,20.00411],[105.22531,20.01969],[105.19778,20.00829],[105.16468,20.0148],[105.16738,20.0281],[105.1647,20.06007],[105.15089,20.06716],[105.1468,20.08671],[105.13835,20.09288],[105.13397,20.11167],[105.12401,20.11873],[105.11284,20.10546],[105.09505,20.10307],[105.09119,20.08511],[105.07763,20.07815],[105.06806,20.08096],[105.05435,20.07265],[105.01373,20.08523],[104.99377,20.09481]]]},"properties":{"shapeName":"Thuong Xuan","shapeISO":"","shapeID":"81297802B72882386082996","shapeGroup":"VNM","shapeType":"ADM2"}},
{"type":"Feature","geometry":{"type":"Polygon","coordinates":[[[106.62059,20.89147],[106.6243,20.8813],[106.65879,20.87964],[106.67968,20.86755],[106.7058,20.87779],[106.72303,20.86677],[106.73287,20.86564],[106.75372,20.87833],[106.77043,20.91297],[106.76809,20.97421],[106.75538,20.99206],[106.74276,20.999],[106.723,20.9972],[106.68849,21.00479],[106.65853,21.0173],[106.64764,21.01946],[106.62618,21.01173],[106.61144,21.02122],[106.59022,21.01494],[106.56342,21.01161],[106.55467,20.99901],[106.56665,20.97988],[106.58508,20.97391],[106.59151,20.94689],[106.60241,20.93426],[106.60206,20.92381],[106.61592,20.92206],[106.62349,20.9103],[106.62059,20.89147]]]},"properties":{"shapeName":"Thuy Nguyen","shapeISO":"","shapeID":"81297802B48433290328639","shapeGroup":"VNM","shapeType":"ADM2"}},
{"type":"Feature","geometry":{"type":"Polygon","coordinates":[[[106.0194,21.17464],[105.99898,21.18377],[105.97325,21.17104],[105.96851,21.16254],[105.98984,21.16282],[105.9998,21.14816],[105.99677,21.12421],[105.98546,21.11453],[105.98032,21.07971],[105.98483,21.06996],[106.0019,21.06993],[106.0372,21.07042],[106.05713,21.0825],[106.07765,21.08117],[106.08832,21.06991],[106.09993,21.07413],[106.08967,21.08926],[106.09223,21.10561],[106.11251,21.10608],[106.10699,21.12617],[106.08709,21.12532],[106.04777,21.13019],[106.03924,21.14704],[106.0194,21.17464]]]},"properties":{"shapeName":"Tien Du","shapeISO":"","shapeID":"81297802B37279419107484","shapeGroup":"VNM","shapeType":"ADM2"}},
{"type":"Feature","geometry":{"type":"Polygon","coordinates":[[[106.59192,20.24405],[106.60282,20.26488],[106.62278,20.33608],[106.62086,20.37191],[106.60243,20.39701],[106.60258,20.40668],[106.6165,20.43127],[106.62863,20.44341],[106.60414,20.46116],[106.59811,20.47108],[106.58267,20.47572],[106.5632,20.47399],[106.52475,20.44686],[106.50687,20.4446],[106.49581,20.45286],[106.48149,20.45151],[106.47555,20.42432],[106.46357,20.41311],[106.47419,20.39685],[106.46515,20.34412],[106.47822,20.32631],[106.47563,20.30921],[106.49184,20.30293],[106.52499,20.31641],[106.55225,20.29271],[106.57605,20.268],[106.59192,20.24405]]]},"properties":{"shapeName":"Tien Hai","shapeISO":"","shapeID":"81297802B12405297659236","shapeGroup":"VNM","shapeType":"ADM2"}},
{"type":"Feature","geometry":{"type":"Polygon","coordinates":[[[106.50844,20.80109],[106.50034,20.80849],[106.48606,20.7998],[106.49676,20.78351],[106.49855,20.76028],[106.5195,20.76207],[106.52006,20.73668],[106.51315,20.71542],[106.51411,20.67078],[106.52972,20.66434],[106.55523,20.68119],[106.57897,20.67281],[106.59696,20.6539],[106.60141,20.63977],[106.61184,20.62694],[106.6311,20.62771],[106.65643,20.61268],[106.69326,20.63102],[106.7054,20.65993],[106.7065,20.67818],[106.69178,20.69364],[106.67793,20.69685],[106.66237,20.68973],[106.65114,20.69208],[106.64966,20.70373],[106.63798,20.70814],[106.6259,20.70016],[106.61515,20.70432],[106.60151,20.72562],[106.56771,20.74842],[106.54792,20.75854],[106.55222,20.77143],[106.54128,20.78117],[106.53746,20.79403],[106.51373,20.78948],[106.50844,20.80109]]]},"properties":{"shapeName":"Tien Lang","shapeISO":"","shapeID":"81297802B70010606578992","shapeGroup":"VNM","shapeType":"ADM2"}},
{"type":"Feature","geometry":{"type":"Polygon","coordinates":[[[106.09806,20.72751],[106.07831,20.72174],[106.08003,20.69494],[106.09365,20.67982],[106.09053,20.65626],[106.07413,20.62496],[106.07041,20.60363],[106.0787,20.60363],[106.10417,20.61778],[106.12085,20.61723],[106.1285,20.62844],[106.11344,20.64538],[106.12571,20.64774],[106.13626,20.65865],[106.14608,20.65882],[106.16365,20.64496],[106.17358,20.65802],[106.18938,20.65205],[106.19901,20.66425],[106.19732,20.67643],[106.17781,20.69169],[106.16517,20.70798],[106.11809,20.72195],[106.11798,20.73203],[106.09806,20.72751]]]},"properties":{"shapeName":"Tien Lu","shapeISO":"","shapeID":"81297802B93646092032264","shapeGroup":"VNM","shapeType":"ADM2"}},
{"type":"Feature","geometry":{"type":"Polygon","coordinates":[[[108.38142,15.39411],[108.37112,15.41479],[108.3812,15.43016],[108.37638,15.43787],[108.39228,15.4622],[108.39151,15.48034],[108.37639,15.50853],[108.38071,15.51924],[108.36313,15.54593],[108.32317,15.55351],[108.32149,15.56784],[108.33005,15.57667],[108.32283,15.58588],[108.29564,15.58842],[108.29056,15.60315],[108.25147,15.59045],[108.2266,15.5733],[108.20242,15.54385],[108.21274,15.52625],[108.21793,15.50254],[108.21158,15.49372],[108.17138,15.50782],[108.16368,15.49741],[108.14733,15.50663],[108.13178,15.50358],[108.12694,15.49028],[108.15069,15.47384],[108.14822,15.4503],[108.13553,15.43352],[108.15073,15.39618],[108.16969,15.38181],[108.18655,15.37887],[108.19554,15.39051],[108.21672,15.38682],[108.29426,15.40301],[108.3336,15.39977],[108.34783,15.39579],[108.35884,15.38239],[108.37489,15.38631],[108.38142,15.39411]]]},"properties":{"shapeName":"Tien Phuoc","shapeISO":"","shapeID":"81297802B51785257245499","shapeGroup":"VNM","shapeType":"ADM2"}},
{"type":"Feature","geometry":{"type":"Polygon","coordinates":[[[107.36015,21.22062],[107.37181,21.21637],[107.36635,21.19459],[107.37236,21.18458],[107.38639,21.18241],[107.42515,21.20961],[107.44571,21.2341],[107.44456,21.25721],[107.45022,21.27456],[107.46553,21.28042],[107.48151,21.27884],[107.48367,21.29633],[107.49596,21.29987],[107.51146,21.29416],[107.56065,21.28592],[107.54365,21.32195],[107.52591,21.33981],[107.52171,21.35228],[107.50188,21.38069],[107.48813,21.37519],[107.48168,21.3924],[107.47315,21.3951],[107.4758,21.42588],[107.46964,21.44476],[107.44218,21.44765],[107.43794,21.46442],[107.39404,21.46869],[107.38082,21.45145],[107.38696,21.43759],[107.37023,21.43823],[107.36143,21.4608],[107.34002,21.46685],[107.33952,21.48996],[107.31609,21.50697],[107.31342,21.51639],[107.29673,21.51661],[107.28419,21.53032],[107.28357,21.54625],[107.27229,21.56249],[107.25826,21.56291],[107.24632,21.54891],[107.23314,21.55493],[107.21589,21.55219],[107.20434,21.5421],[107.21142,21.53143],[107.23111,21.52204],[107.23844,21.5064],[107.23655,21.4961],[107.24639,21.48237],[107.23837,21.45931],[107.24181,21.43439],[107.25606,21.41857],[107.26103,21.39254],[107.25269,21.36643],[107.26277,21.3531],[107.25265,21.34275],[107.25414,21.32991],[107.28715,21.32103],[107.29822,21.32144],[107.33218,21.30726],[107.34018,21.29317],[107.33816,21.2797],[107.34702,21.24843],[107.35321,21.24072],[107.35189,21.22452],[107.36015,21.22062]]]},"properties":{"shapeName":"Tien Yen","shapeISO":"","shapeID":"81297802B1435628045096","shapeGroup":"VNM","shapeType":"ADM2"}},
{"type":"Feature","geometry":{"type":"Polygon","coordinates":[[[106.16568,9.8615],[106.16195,9.84317],[106.11768,9.80687],[106.11601,9.7958],[106.09952,9.7822],[106.11143,9.76349],[106.11141,9.75122],[106.13293,9.72637],[106.18787,9.73924],[106.2039,9.75085],[106.23019,9.75564],[106.23774,9.76418],[106.30012,9.78413],[106.30723,9.79535],[106.30286,9.80197],[106.28497,9.80696],[106.28542,9.81993],[106.27137,9.84956],[106.24895,9.84041],[106.23614,9.8448],[106.23247,9.86475],[106.2196,9.88965],[106.20332,9.88448],[106.1946,9.89206],[106.1619,9.88897],[106.17196,9.86408],[106.16568,9.8615]]]},"properties":{"shapeName":"Tieu Can","shapeISO":"","shapeID":"81297802B7308282486980","shapeGroup":"VNM","shapeType":"ADM2"}},
{"type":"Feature","geometry":{"type":"Polygon","coordinates":[[[105.0231,10.67932],[104.95561,10.63849],[104.93541,10.61492],[104.8982,10.55008],[104.95347,10.51431],[104.95861,10.50771],[104.97195,10.45743],[104.99606,10.45542],[105.01108,10.46552],[105.05439,10.43761],[105.07451,10.43935],[105.11378,10.43532],[105.11499,10.43691],[105.09873,10.48667],[105.06528,10.61056],[105.02489,10.66452],[105.0231,10.67932]]]},"properties":{"shapeName":"Tinh Bien","shapeISO":"","shapeID":"81297802B35428568609668","shapeGroup":"VNM","shapeType":"ADM2"}},
{"type":"Feature","geometry":{"type":"MultiPolygon","coordinates":[[[[105.93377,19.38027],[105.91843,19.37875],[105.91365,19.36928],[105.92478,19.35925],[105.93312,19.3635],[105.93377,19.38027]]],[[[105.80563,19.28699],[105.8102,19.30305],[105.82834,19.31543],[105.82605,19.33854],[105.80994,19.33233],[105.8007,19.34019],[105.79035,19.3625],[105.78466,19.39879],[105.7932,19.40379],[105.7986,19.42628],[105.81125,19.43506],[105.80687,19.48395],[105.80716,19.518],[105.81263,19.55971],[105.81743,19.57513],[105.80626,19.59122],[105.81627,19.59999],[105.81111,19.6169],[105.80233,19.61525],[105.79783,19.59887],[105.77201,19.59949],[105.76257,19.60751],[105.7419,19.58524],[105.72802,19.55966],[105.72717,19.54611],[105.71692,19.53253],[105.68819,19.52271],[105.68794,19.50259],[105.65888,19.48799],[105.64411,19.46341],[105.65687,19.45695],[105.65685,19.42666],[105.64781,19.41313],[105.66125,19.39871],[105.62915,19.37417],[105.63928,19.36638],[105.64399,19.35288],[105.65418,19.34621],[105.66505,19.33997],[105.67694,19.3136],[105.69368,19.30358],[105.71398,19.3031],[105.74279,19.31507],[105.75575,19.30702],[105.76733,19.29121],[105.80071,19.30094],[105.80563,19.28699]]]]},"properties":{"shapeName":"Tinh Gia","shapeISO":"","shapeID":"81297802B97652803071493","shapeGroup":"VNM","shapeType":"ADM2"}},
{"type":"Feature","geometry":{"type":"Polygon","coordinates":[[[108.36465,15.29415],[108.36852,15.26197],[108.36476,15.24679],[108.38849,15.23134],[108.40328,15.21248],[108.44795,15.20988],[108.46482,15.19998],[108.47265,15.20882],[108.48815,15.20122],[108.48172,15.18979],[108.47982,15.16387],[108.45682,15.13021],[108.46103,15.12158],[108.45515,15.10814],[108.46539,15.10352],[108.47815,15.10912],[108.49903,15.10702],[108.5036,15.11577],[108.52211,15.11544],[108.52341,15.1264],[108.55118,15.14129],[108.56617,15.15949],[108.57801,15.1562],[108.60284,15.1716],[108.59409,15.19386],[108.60084,15.20771],[108.61095,15.21053],[108.61688,15.23757],[108.63624,15.23849],[108.63663,15.26082],[108.624,15.26764],[108.60478,15.29334],[108.58906,15.29846],[108.57733,15.32329],[108.5869,15.34177],[108.58107,15.34458],[108.55959,15.33386],[108.54437,15.33507],[108.52567,15.3201],[108.50691,15.32647],[108.48689,15.30826],[108.43887,15.31213],[108.42856,15.32496],[108.41667,15.30614],[108.39248,15.29779],[108.38021,15.30302],[108.36465,15.29415]]]},"properties":{"shapeName":"Tra Bong","shapeISO":"","shapeID":"81297802B78342510004852","shapeGroup":"VNM","shapeType":"ADM2"}},
{"type":"Feature","geometry":{"type":"Polygon","coordinates":[[[106.34295,9.79402],[106.30723,9.79535],[106.30012,9.78413],[106.23774,9.76418],[106.23019,9.75564],[106.2039,9.75085],[106.18787,9.73924],[106.13293,9.72637],[106.17713,9.68057],[106.20853,9.65109],[106.24831,9.61703],[106.27234,9.60246],[106.28445,9.61021],[106.39945,9.6317],[106.40704,9.63059],[106.40765,9.65563],[106.40051,9.67893],[106.3957,9.70529],[106.41542,9.71195],[106.40358,9.73632],[106.38983,9.73715],[106.36454,9.72792],[106.35364,9.7338],[106.34163,9.75819],[106.32969,9.75653],[106.33061,9.77119],[106.3439,9.7793],[106.34295,9.79402]]]},"properties":{"shapeName":"Tra Cu","shapeISO":"","shapeID":"81297802B8258305147124","shapeGroup":"VNM","shapeType":"ADM2"}},
{"type":"Feature","geometry":{"type":"Polygon","coordinates":[[[106.21154,22.8081],[106.22387,22.80087],[106.23413,22.8101],[106.25169,22.80361],[106.26786,22.78971],[106.26961,22.7814],[106.28815,22.7738],[106.29017,22.75519],[106.32123,22.73884],[106.33484,22.72789],[106.33534,22.71723],[106.34888,22.69845],[106.36059,22.72089],[106.35297,22.73573],[106.36482,22.74619],[106.35673,22.7693],[106.36054,22.78278],[106.38962,22.78486],[106.40769,22.79143],[106.43971,22.8172],[106.45591,22.82361],[106.43313,22.85289],[106.43064,22.87005],[106.41022,22.87806],[106.37306,22.88436],[106.36452,22.86457],[106.34717,22.85581],[106.32587,22.87609],[106.31158,22.86322],[106.2961,22.87372],[106.28905,22.86675],[106.27419,22.87725],[106.27741,22.89644],[106.26515,22.91174],[106.26306,22.89625],[106.24779,22.88928],[106.23011,22.88771],[106.23026,22.87632],[106.21971,22.85538],[106.22136,22.84485],[106.21009,22.81901],[106.21154,22.8081]]]},"properties":{"shapeName":"Tra Linh","shapeISO":"","shapeID":"81297802B5716614329371","shapeGroup":"VNM","shapeType":"ADM2"}},
{"type":"Feature","geometry":{"type":"Polygon","coordinates":[[[105.83704,9.99348],[105.84547,9.98262],[105.87319,9.95518],[105.89681,9.93807],[105.92232,9.93002],[105.96203,9.90093],[105.98237,9.88287],[105.95473,9.91968],[105.96563,9.92012],[105.98674,9.90234],[105.99833,9.90433],[106.01619,9.91591],[106.0215,9.93215],[106.03941,9.92685],[106.04599,9.93641],[106.06537,9.94768],[106.07668,9.94485],[106.08778,9.95889],[106.06676,9.97382],[106.07909,9.99543],[106.0977,10.03994],[106.09296,10.06049],[106.09679,10.07405],[106.0832,10.07768],[106.07063,10.09069],[106.05551,10.09223],[106.04978,10.08096],[106.03713,10.07553],[106.02985,10.08558],[106.00983,10.05857],[105.98906,10.01947],[105.98408,10.01987],[105.94128,9.98859],[105.91573,9.96548],[105.88368,9.98297],[105.85112,9.99688],[105.83704,9.99348]]]},"properties":{"shapeName":"Tra On","shapeISO":"","shapeID":"81297802B90328181900706","shapeGroup":"VNM","shapeType":"ADM2"}},
{"type":"Feature","geometry":{"type":"Polygon","coordinates":[[[106.30611,9.96381],[106.32094,9.94773],[106.3192,9.92485],[106.30244,9.92479],[106.30864,9.91073],[106.34835,9.88658],[106.36552,9.89054],[106.36377,9.90268],[106.35372,9.9112],[106.34773,9.94838],[106.35222,9.96864],[106.3593,9.97591],[106.38023,9.95337],[106.39058,9.95105],[106.37804,9.97878],[106.35452,10.00086],[106.31987,10.01669],[106.30552,10.01177],[106.31495,9.99705],[106.30611,9.96381]]]},"properties":{"shapeName":"Tra Vinh","shapeISO":"","shapeID":"81297802B52504001228047","shapeGroup":"VNM","shapeType":"ADM2"}},
{"type":"Feature","geometry":{"type":"Polygon","coordinates":[[[104.55163,21.40931],[104.56953,21.413],[104.57894,21.40858],[104.58655,21.42193],[104.5895,21.43867],[104.60701,21.45344],[104.63394,21.44451],[104.6456,21.45775],[104.66215,21.46424],[104.64471,21.49322],[104.64654,21.51497],[104.61124,21.52334],[104.59524,21.54577],[104.57878,21.55288],[104.55699,21.55192],[104.53423,21.53497],[104.51467,21.52993],[104.50757,21.52163],[104.46735,21.52215],[104.4756,21.53915],[104.47135,21.56455],[104.45486,21.56812],[104.45203,21.58424],[104.4588,21.59448],[104.44349,21.60528],[104.45093,21.62846],[104.43633,21.64346],[104.42264,21.63926],[104.40381,21.65172],[104.39648,21.64349],[104.37142,21.65825],[104.36259,21.6679],[104.34624,21.66702],[104.33888,21.65313],[104.31882,21.61978],[104.30566,21.60824],[104.29009,21.60244],[104.29781,21.57129],[104.28879,21.56851],[104.27679,21.55124],[104.29346,21.52498],[104.29301,21.50276],[104.28462,21.49187],[104.28268,21.47192],[104.30202,21.45481],[104.29968,21.43863],[104.31941,21.42855],[104.33125,21.40795],[104.3542,21.41467],[104.36173,21.40281],[104.38208,21.40254],[104.41773,21.38067],[104.41956,21.36284],[104.43139,21.35373],[104.44419,21.35771],[104.46888,21.35129],[104.50389,21.37653],[104.52289,21.40732],[104.54,21.41386],[104.55163,21.40931]]]},"properties":{"shapeName":"Tram Tau","shapeISO":"","shapeID":"81297802B29855819440848","shapeGroup":"VNM","shapeType":"ADM2"}},
{"type":"Feature","geometry":{"type":"Polygon","coordinates":[[[106.18487,9.57815],[106.15509,9.57593],[106.15204,9.56758],[106.13397,9.55297],[106.11203,9.55707],[106.11225,9.54864],[106.07391,9.56468],[106.07394,9.57119],[106.05584,9.58475],[106.03233,9.58546],[106.0149,9.58056],[106.00818,9.56992],[105.99786,9.57179],[106.00913,9.53814],[105.9809,9.53933],[105.98401,9.52855],[105.96585,9.51079],[105.97324,9.49992],[105.96974,9.46518],[105.97464,9.45233],[105.97436,9.42817],[105.98828,9.42453],[106.00551,9.43422],[106.01748,9.43218],[106.03806,9.45075],[106.06205,9.45311],[106.09055,9.43724],[106.10735,9.43136],[106.14015,9.40196],[106.16398,9.41923],[106.17682,9.41996],[106.17599,9.42998],[106.20407,9.45521],[106.20952,9.48142],[106.21986,9.48653],[106.21719,9.51054],[106.1948,9.56009],[106.18487,9.57815]]]},"properties":{"shapeName":"Tran De","shapeISO":"","shapeID":"81297802B35680204276393","shapeGroup":"VNM","shapeType":"ADM2"}},
{"type":"Feature","geometry":{"type":"Polygon","coordinates":[[[105.11943,9.2084],[105.08657,9.20169],[105.08791,9.19184],[105.01911,9.18597],[104.99513,9.19835],[104.99216,9.23929],[104.93061,9.23977],[104.93098,9.27782],[104.8324,9.27397],[104.81582,9.27508],[104.81254,9.20775],[104.80453,9.17784],[104.80639,9.1383],[104.80052,9.01841],[104.80318,8.98041],[104.82364,8.97383],[104.84919,8.99212],[104.85497,8.98345],[104.86698,8.98561],[104.89704,9.00495],[104.91622,9.01098],[104.92976,9.00767],[104.94074,8.99465],[104.96802,8.99801],[104.96965,9.01359],[104.96023,9.02024],[104.96129,9.03145],[104.97534,9.05068],[104.98751,9.05839],[105.0044,9.06055],[105.02025,9.06797],[105.03722,9.09779],[105.06109,9.12553],[105.0823,9.13753],[105.09459,9.15106],[105.09601,9.16265],[105.10138,9.1725],[105.11395,9.17478],[105.11943,9.2084]]]},"properties":{"shapeName":"Tran Van Thoi","shapeISO":"","shapeID":"81297802B31922203315935","shapeGroup":"VNM","shapeType":"ADM2"}},
{"type":"Feature","geometry":{"type":"Polygon","coordinates":[[[104.93815,21.6519],[104.92618,21.65656],[104.91044,21.67353],[104.89229,21.6822],[104.87555,21.68172],[104.87132,21.66017],[104.86135,21.66812],[104.82668,21.67079],[104.8274,21.68174],[104.8205,21.7096],[104.83847,21.71437],[104.84211,21.73448],[104.85244,21.73738],[104.86312,21.72788],[104.88656,21.73763],[104.89955,21.76414],[104.88682,21.78423],[104.89127,21.79267],[104.87274,21.81531],[104.84912,21.82719],[104.8338,21.82827],[104.82685,21.85535],[104.8037,21.87499],[104.79293,21.87848],[104.77468,21.86884],[104.76885,21.84643],[104.74097,21.8377],[104.75547,21.81835],[104.7545,21.80151],[104.7648,21.79143],[104.7582,21.78078],[104.7423,21.7813],[104.72313,21.76612],[104.71269,21.74745],[104.71885,21.73337],[104.69147,21.72526],[104.68639,21.70985],[104.69549,21.66594],[104.67855,21.6616],[104.67458,21.64448],[104.66565,21.63956],[104.66471,21.62253],[104.65188,21.61432],[104.64981,21.58739],[104.66039,21.5733],[104.68756,21.56736],[104.69137,21.55049],[104.72588,21.53131],[104.76937,21.53513],[104.76772,21.54107],[104.78492,21.56552],[104.8038,21.55614],[104.82695,21.5529],[104.84542,21.53668],[104.86014,21.53186],[104.86847,21.5421],[104.87291,21.55609],[104.89871,21.56457],[104.89187,21.60888],[104.9062,21.60861],[104.9043,21.62398],[104.918,21.63977],[104.93105,21.64065],[104.93815,21.6519]]]},"properties":{"shapeName":"Tran Yen","shapeISO":"","shapeID":"81297802B887089272157","shapeGroup":"VNM","shapeType":"ADM2"}},
{"type":"Feature","geometry":{"type":"Polygon","coordinates":[[[106.18345,11.05651],[106.18776,11.04876],[106.1951,10.99256],[106.20499,10.97595],[106.17958,10.97391],[106.16357,10.98041],[106.16813,10.96309],[106.18782,10.96482],[106.19443,10.97119],[106.22273,10.97855],[106.23955,10.98714],[106.27297,10.98104],[106.28688,10.99355],[106.27841,11.01602],[106.30041,11.02634],[106.3254,11.0157],[106.35677,10.99173],[106.37438,10.99922],[106.38829,10.99857],[106.4139,11.00849],[106.40855,11.02209],[106.42301,11.04108],[106.43065,11.09182],[106.442,11.11439],[106.44736,11.13487],[106.42953,11.14884],[106.43269,11.1652],[106.4096,11.18073],[106.38783,11.18581],[106.38379,11.19395],[106.38919,11.21236],[106.38354,11.22837],[106.37099,11.24473],[106.35541,11.2468],[106.35876,11.23747],[106.35299,11.21354],[106.32595,11.18609],[106.3387,11.17247],[106.32946,11.15831],[106.35533,11.13106],[106.34374,11.12378],[106.34005,11.09812],[106.33106,11.09302],[106.32905,11.07725],[106.31416,11.06222],[106.3032,11.06817],[106.27784,11.05466],[106.26473,11.05822],[106.24612,11.06106],[106.23706,11.05226],[106.20181,11.06031],[106.18345,11.05651]]]},"properties":{"shapeName":"Trang Bang","shapeISO":"","shapeID":"81297802B3309919066987","shapeGroup":"VNM","shapeType":"ADM2"}},
{"type":"Feature","geometry":{"type":"Polygon","coordinates":[[[106.97706,10.87145],[106.98653,10.85898],[106.99818,10.86742],[107.04391,10.86622],[107.05321,10.84894],[107.06001,10.84925],[107.06886,10.86489],[107.06889,10.87838],[107.10005,10.89805],[107.09172,10.92878],[107.09597,10.94531],[107.11378,10.95257],[107.10814,10.97446],[107.12726,10.97884],[107.11967,10.9917],[107.12363,11.00965],[107.10802,11.02404],[107.10333,11.04423],[107.1056,11.05865],[107.11674,11.08385],[107.10873,11.08556],[107.10631,11.08406],[107.06351,11.10351],[107.0581,11.09837],[107.06334,11.07994],[107.05119,11.06521],[107.03091,11.03097],[107.00789,11.00373],[106.97814,11.01147],[106.96909,10.99493],[106.95391,10.99053],[106.91785,10.99944],[106.90307,10.99456],[106.91324,10.98482],[106.91688,10.96785],[106.93468,10.95835],[106.94334,10.9349],[106.96514,10.9317],[106.97076,10.91994],[106.96949,10.89926],[106.98656,10.89168],[106.971,10.87784],[106.97706,10.87145]]]},"properties":{"shapeName":"Trang Bom","shapeISO":"","shapeID":"81297802B42890675400166","shapeGroup":"VNM","shapeType":"ADM2"}},
{"type":"Feature","geometry":{"type":"Polygon","coordinates":[[[106.48506,22.15615],[106.50752,22.14655],[106.52943,22.14663],[106.53708,22.17089],[106.54944,22.17471],[106.58491,22.16752],[106.59746,22.15062],[106.61707,22.16694],[106.63161,22.16086],[106.6584,22.1816],[106.67224,22.18242],[106.67918,22.19419],[106.69893,22.2104],[106.70251,22.22854],[106.6924,22.24312],[106.6861,22.26937],[106.69124,22.27869],[106.68059,22.29039],[106.6706,22.28637],[106.66867,22.31109],[106.65705,22.32807],[106.65996,22.33487],[106.63575,22.3408],[106.62025,22.33341],[106.61221,22.34063],[106.57132,22.34226],[106.55989,22.34971],[106.57491,22.35996],[106.57159,22.3697],[106.58577,22.37636],[106.58534,22.39453],[106.57107,22.40515],[106.56146,22.42197],[106.53547,22.41921],[106.51969,22.39831],[106.50462,22.4053],[106.49081,22.40175],[106.48747,22.36897],[106.46664,22.35939],[106.45134,22.35698],[106.44013,22.36338],[106.42233,22.3604],[106.41431,22.37001],[106.3961,22.37382],[106.37809,22.35951],[106.362,22.35706],[106.34115,22.37543],[106.34449,22.39185],[106.32853,22.41281],[106.31297,22.41],[106.29601,22.42578],[106.28781,22.42684],[106.27686,22.4479],[106.23942,22.46146],[106.22163,22.45509],[106.20107,22.43181],[106.19301,22.4157],[106.1848,22.38706],[106.1848,22.38682],[106.21814,22.35605],[106.20131,22.32287],[106.19966,22.31273],[106.21201,22.29045],[106.22087,22.29029],[106.24456,22.26825],[106.24309,22.24847],[106.26318,22.25394],[106.27697,22.24959],[106.29426,22.25203],[106.31433,22.23917],[106.3368,22.22944],[106.36291,22.23052],[106.37993,22.22496],[106.39784,22.22526],[106.41204,22.21136],[106.40989,22.2044],[106.42042,22.1736],[106.44544,22.18032],[106.45672,22.16486],[106.45748,22.155],[106.47184,22.15133],[106.48506,22.15615]]]},"properties":{"shapeName":"Trang Dinh","shapeISO":"","shapeID":"81297802B55237865359696","shapeGroup":"VNM","shapeType":"ADM2"}},
{"type":"Feature","geometry":{"type":"Polygon","coordinates":[[[105.11378,10.43532],[105.07451,10.43935],[105.05439,10.43761],[105.01108,10.46552],[104.99606,10.45542],[104.97195,10.45743],[104.95861,10.50771],[104.95347,10.51431],[104.8982,10.55008],[104.86803,10.52315],[104.7785,10.51963],[104.78276,10.50341],[104.77807,10.48706],[104.79732,10.46733],[104.81017,10.439],[104.82595,10.40594],[104.86469,10.35565],[104.86878,10.35345],[105.01556,10.31927],[105.01791,10.31584],[105.09545,10.2707],[105.12473,10.31417],[105.11946,10.37285],[105.11378,10.43532]]]},"properties":{"shapeName":"Tri Ton","shapeISO":"","shapeID":"81297802B61282348708206","shapeGroup":"VNM","shapeType":"ADM2"}},
{"type":"Feature","geometry":{"type":"Polygon","coordinates":[[[107.00068,16.69918],[107.02116,16.68705],[107.03538,16.68433],[107.04731,16.68946],[107.05992,16.67948],[107.05542,16.66017],[107.06718,16.64826],[107.1129,16.664],[107.11774,16.6874],[107.13731,16.70132],[107.16476,16.70876],[107.17581,16.73579],[107.18046,16.75862],[107.19444,16.75799],[107.19857,16.76201],[107.20936,16.76453],[107.24193,16.76146],[107.26861,16.77983],[107.28342,16.79538],[107.30895,16.80232],[107.22724,16.87288],[107.20118,16.90204],[107.19317,16.90511],[107.15429,16.87893],[107.14777,16.86714],[107.13021,16.85903],[107.12487,16.84688],[107.12955,16.82923],[107.13899,16.82079],[107.14362,16.80295],[107.13365,16.79802],[107.12192,16.77921],[107.10595,16.77671],[107.08651,16.77979],[107.06304,16.7619],[107.0458,16.74368],[107.02976,16.75151],[107.01106,16.75081],[107.01394,16.73897],[107.00327,16.73214],[107.00545,16.71112],[107.00068,16.69918]]]},"properties":{"shapeName":"Trieu Phong","shapeISO":"","shapeID":"81297802B12813150904873","shapeGroup":"VNM","shapeType":"ADM2"}},
{"type":"Feature","geometry":{"type":"Polygon","coordinates":[[[105.65047,19.84932],[105.65057,19.8583],[105.62875,19.86561],[105.61702,19.85838],[105.60095,19.86414],[105.60116,19.87186],[105.58278,19.88914],[105.56776,19.89191],[105.55111,19.88178],[105.53731,19.89057],[105.52229,19.8823],[105.51343,19.88419],[105.49254,19.86408],[105.48148,19.86564],[105.4606,19.84633],[105.4338,19.83317],[105.42621,19.8158],[105.42857,19.79669],[105.44838,19.79123],[105.45745,19.7863],[105.4747,19.79974],[105.50415,19.7941],[105.52468,19.8014],[105.51909,19.78574],[105.52664,19.76733],[105.53952,19.7675],[105.55694,19.79363],[105.5783,19.79088],[105.57931,19.76881],[105.5658,19.75813],[105.57116,19.73707],[105.58866,19.73142],[105.59632,19.71904],[105.62106,19.71228],[105.62435,19.7251],[105.63926,19.73224],[105.65848,19.75414],[105.66979,19.75385],[105.68978,19.74439],[105.70074,19.75028],[105.70754,19.77253],[105.68651,19.78843],[105.672,19.78849],[105.64787,19.83502],[105.65047,19.84932]]]},"properties":{"shapeName":"Trieu Son","shapeISO":"","shapeID":"81297802B97142358911210","shapeGroup":"VNM","shapeType":"ADM2"}},
{"type":"Feature","geometry":{"type":"Polygon","coordinates":[[[106.29432,20.24506],[106.31925,20.265],[106.33003,20.29395],[106.3125,20.29985],[106.31182,20.33199],[106.31504,20.34553],[106.29608,20.34096],[106.27825,20.32961],[106.26467,20.32693],[106.25276,20.30687],[106.26827,20.29212],[106.24463,20.27018],[106.2302,20.26412],[106.22559,20.28014],[106.21499,20.28068],[106.21128,20.26636],[106.19739,20.26718],[106.17772,20.25204],[106.1818,20.23794],[106.19676,20.22175],[106.19769,20.20776],[106.18699,20.19754],[106.17855,20.16255],[106.17862,20.14211],[106.18683,20.15912],[106.22587,20.162],[106.24065,20.15967],[106.2539,20.21515],[106.24523,20.22076],[106.24253,20.23683],[106.25239,20.24835],[106.26408,20.24991],[106.27516,20.23871],[106.29432,20.24506]]]},"properties":{"shapeName":"Truc Ninh","shapeISO":"","shapeID":"81297802B30905014988311","shapeGroup":"VNM","shapeType":"ADM2"}},
{"type":"Feature","geometry":{"type":"Polygon","coordinates":[[[106.73719,22.84888],[106.71022,22.86518],[106.72054,22.8733],[106.71035,22.88805],[106.69457,22.89219],[106.67148,22.8918],[106.66699,22.87485],[106.6584,22.86897],[106.63871,22.87604],[106.62504,22.89906],[106.61075,22.91155],[106.59894,22.93243],[106.56919,22.91842],[106.54621,22.92829],[106.5445,22.94155],[106.52571,22.94721],[106.51408,22.94552],[106.50167,22.91801],[106.50244,22.90795],[106.48425,22.90322],[106.47342,22.90683],[106.46143,22.89608],[106.44897,22.90306],[106.44269,22.88987],[106.41935,22.89139],[106.41022,22.87806],[106.43064,22.87005],[106.43313,22.85289],[106.45591,22.82361],[106.43971,22.8172],[106.40769,22.79143],[106.42578,22.78167],[106.43777,22.79196],[106.44868,22.78604],[106.45015,22.77234],[106.47109,22.74462],[106.49196,22.74159],[106.50422,22.73089],[106.51962,22.73072],[106.52575,22.70854],[106.53882,22.70241],[106.55517,22.71194],[106.56059,22.73677],[106.58482,22.75265],[106.59414,22.77105],[106.60635,22.77227],[106.61415,22.78368],[106.65645,22.78313],[106.65687,22.79367],[106.7022,22.80746],[106.7144,22.8255],[106.73719,22.84888]]]},"properties":{"shapeName":"Trung Khanh","shapeISO":"","shapeID":"81297802B42277751936117","shapeGroup":"VNM","shapeType":"ADM2"}},
{"type":"Feature","geometry":{"type":"MultiPolygon","coordinates":[[[[114.8224,7.18985],[114.84382,7.18093],[114.86166,7.19342],[114.8688,7.21484],[114.8688,7.23804],[114.85631,7.24518],[114.83846,7.23625],[114.82062,7.2077],[114.8224,7.18985]]],[[[113.78847,7.38636],[113.79377,7.37729],[113.82029,7.37805],[113.83924,7.38482],[113.84735,7.39294],[113.84292,7.41585],[113.83082,7.42417],[113.81796,7.42115],[113.79301,7.40149],[113.78847,7.38636]]],[[[114.95803,7.47896],[114.97945,7.47361],[115.00978,7.48431],[115.02049,7.50037],[115.02049,7.52],[115.00265,7.53071],[114.97945,7.52893],[114.95089,7.51822],[114.94911,7.49859],[114.95803,7.47896]]],[[[109.46942,7.32062],[109.49611,7.31299],[109.59715,7.4636],[109.66006,7.50745],[109.71916,7.52842],[109.7878,7.53414],[109.86024,7.5227],[109.92315,7.50745],[109.94603,7.50554],[109.95747,7.5227],[109.93841,7.53605],[109.88814,7.55453],[109.79001,7.56543],[109.69189,7.55816],[109.61921,7.52545],[109.55016,7.45277],[109.47384,7.34011],[109.46942,7.32062]]],[[[111.54678,7.50865],[111.58101,7.52292],[111.60668,7.5657],[111.61809,7.59422],[111.60383,7.61704],[111.5696,7.60848],[111.54108,7.56855],[111.53538,7.52577],[111.54678,7.50865]]],[[[114.67963,7.55748],[114.7064,7.57711],[114.72425,7.59853],[114.72068,7.61459],[114.70819,7.61994],[114.68499,7.61816],[114.67071,7.60745],[114.66179,7.58247],[114.66357,7.56283],[114.67963,7.55748]]],[[[113.96304,7.61265],[113.96479,7.59427],[113.98193,7.5857],[114.00334,7.59427],[114.00905,7.60498],[114.00048,7.61854],[113.98264,7.6214],[113.96304,7.61265]]],[[[113.78835,7.60125],[113.80499,7.60157],[113.83146,7.61322],[113.83675,7.62275],[113.83463,7.63969],[113.82405,7.64922],[113.78699,7.64604],[113.77217,7.63757],[113.76581,7.61428],[113.77534,7.60369],[113.78835,7.60125]]],[[[111.66658,7.63986],[111.6951,7.63986],[111.72077,7.65982],[111.74074,7.6969],[111.73504,7.72257],[111.70936,7.72828],[111.67799,7.70831],[111.66373,7.67694],[111.66658,7.63986]]],[[[110.46241,7.78084],[110.48548,7.77622],[110.52239,7.81313],[110.51547,7.82928],[110.49701,7.83389],[110.46241,7.8016],[110.46241,7.78084]]],[[[112.91651,7.84672],[112.93387,7.85528],[112.94049,7.87347],[112.95703,7.88257],[112.9529,7.89415],[112.93139,7.89332],[112.90989,7.89663],[112.89914,7.87926],[112.90162,7.85693],[112.91651,7.84672]]],[[[111.59242,7.7568],[111.6238,7.8224],[111.63806,7.85663],[111.68369,7.88516],[111.72363,7.8766],[111.74074,7.90227],[111.72933,7.93364],[111.68655,7.9422],[111.64661,7.94505],[111.61524,7.90797],[111.59527,7.86804],[111.56675,7.84237],[111.54678,7.8167],[111.54393,7.79103],[111.5639,7.76251],[111.59242,7.7568]]],[[[109.98461,7.8103],[110.05453,7.84643],[110.07493,7.86886],[110.08711,7.91352],[110.08329,7.94212],[110.06042,7.95546],[110.04095,7.95384],[110.01011,7.93402],[109.95175,7.89255],[109.93191,7.87457],[109.92506,7.82964],[109.94984,7.81439],[109.98461,7.8103]]],[[[114.88009,7.94907],[114.89168,7.94696],[114.90958,7.95855],[114.91379,7.97119],[114.91169,7.99436],[114.90326,8.00805],[114.8822,8.01648],[114.86851,8.00805],[114.86429,7.98593],[114.86851,7.96908],[114.88009,7.94907]]],[[[113.9331,7.94568],[113.94581,7.94144],[113.96486,7.94674],[113.97016,7.97215],[113.94898,8.00815],[113.93734,8.02085],[113.91934,8.02297],[113.90346,8.01873],[113.89287,8.00073],[113.8971,7.97638],[113.90981,7.95838],[113.9331,7.94568]]],[[[110.61138,7.98215],[110.64379,7.98406],[110.63616,8.04125],[110.61519,8.04125],[110.60375,8.01266],[110.61138,7.98215]]],[[[111.92584,8.06028],[111.95408,8.04952],[111.98903,8.04549],[112.00651,8.04952],[112.01861,8.06297],[112.01727,8.08986],[112.00651,8.09927],[111.97693,8.10733],[111.94466,8.10733],[111.92719,8.09389],[111.92584,8.06028]]],[[[114.09928,8.07542],[114.12321,8.07542],[114.13996,8.09935],[114.13517,8.12328],[114.11363,8.12567],[114.0897,8.09696],[114.09928,8.07542]]],[[[113.28208,8.08515],[113.29816,8.07545],[113.31672,8.09925],[113.32101,8.12923],[113.28531,8.13066],[113.27913,8.1021],[113.28208,8.08515]]],[[[114.77653,8.11131],[114.80524,8.10414],[114.8196,8.1161],[114.81721,8.14243],[114.80524,8.16396],[114.78131,8.15918],[114.76935,8.14243],[114.77653,8.11131]]],[[[110.44943,8.13708],[110.46637,8.07131],[110.49148,8.06451],[110.55204,8.09017],[110.59422,8.14611],[110.59803,8.17661],[110.57566,8.1822],[110.47221,8.1442],[110.44943,8.13708]]],[[[114.5645,8.11718],[114.58233,8.12106],[114.60945,8.13533],[114.61659,8.15246],[114.61363,8.18183],[114.60415,8.18709],[114.57466,8.1713],[114.56729,8.16076],[114.55465,8.16392],[114.53885,8.16076],[114.53569,8.1397],[114.50668,8.13105],[114.51525,8.10964],[114.53523,8.10821],[114.5645,8.11718]]],[[[114.66405,8.20943],[114.6832,8.1855],[114.71431,8.18311],[114.74302,8.19029],[114.73106,8.20943],[114.69995,8.2214],[114.67602,8.2214],[114.66405,8.20943]]],[[[113.26723,8.13399],[113.27532,8.12733],[113.31054,8.17729],[113.32434,8.16873],[113.31529,8.14636],[113.32005,8.1397],[113.35146,8.17444],[113.37954,8.2225],[113.38525,8.23773],[113.38668,8.28532],[113.37859,8.30864],[113.35717,8.30959],[113.34813,8.28152],[113.35241,8.26581],[113.34908,8.24725],[113.33243,8.24344],[113.31672,8.2087],[113.28627,8.16825],[113.26723,8.13399]]],[[[115.18936,8.34661],[115.21727,8.33169],[115.2498,8.3197],[115.27549,8.3197],[115.28918,8.33169],[115.2909,8.35223],[115.2635,8.37107],[115.2361,8.38134],[115.22754,8.39846],[115.20871,8.40189],[115.19501,8.39504],[115.18302,8.38134],[115.18936,8.34661]]],[[[115.50491,8.49106],[115.51781,8.46311],[115.53286,8.45881],[115.55651,8.46096],[115.56511,8.48461],[115.56296,8.51041],[115.55221,8.52976],[115.52211,8.52976],[115.50921,8.51471],[115.50491,8.49106]]],[[[115.27056,8.47601],[115.29421,8.49321],[115.29851,8.51471],[115.28991,8.52976],[115.26841,8.53406],[115.25336,8.52116],[115.25336,8.49536],[115.27056,8.47601]]],[[[111.46121,8.52849],[111.47307,8.519],[111.50036,8.5273],[111.50866,8.54391],[111.49917,8.55696],[111.47189,8.54984],[111.46121,8.52849]]],[[[111.93648,8.62047],[111.92541,8.63062],[111.91704,8.62781],[111.92434,8.61075],[111.93648,8.62047]]],[[[111.65914,8.6279],[111.67711,8.62932],[111.69609,8.63881],[111.71269,8.65186],[111.71269,8.66609],[111.70439,8.67796],[111.68422,8.68033],[111.66168,8.67677],[111.64152,8.65304],[111.6427,8.64],[111.65914,8.6279]]],[[[114.21086,8.71109],[114.22229,8.71109],[114.22038,8.73869],[114.25084,8.72822],[114.24418,8.75202],[114.23085,8.78057],[114.21562,8.79485],[114.19564,8.79104],[114.18897,8.78247],[114.18897,8.7682],[114.19849,8.73393],[114.21086,8.71109]]],[[[113.97006,8.78723],[113.9872,8.77867],[114.00052,8.77867],[114.00528,8.79485],[113.97768,8.81674],[113.9653,8.84053],[113.94912,8.83863],[113.94722,8.82721],[113.95293,8.81198],[113.97006,8.78723]]],[[[112.56045,8.81724],[112.57306,8.81265],[112.62921,8.8136],[112.6492,8.82312],[112.64444,8.83359],[112.60256,8.86024],[112.59114,8.86119],[112.53879,8.85262],[112.53498,8.8393],[112.56045,8.81724]]],[[[112.21529,8.83057],[112.23803,8.83073],[112.26182,8.8412],[112.25611,8.85643],[112.23422,8.86024],[112.22375,8.86785],[112.20186,8.86785],[112.20947,8.8393],[112.21529,8.83057]]],[[[114.006,8.82052],[114.01575,8.80817],[114.01765,8.78438],[114.02717,8.77486],[114.0443,8.77676],[114.04811,8.79675],[114.04525,8.82626],[114.03859,8.83958],[114.00909,8.86338],[113.99291,8.87194],[113.98053,8.87099],[113.97482,8.85767],[113.98148,8.8472],[113.99957,8.83387],[114.006,8.82052]]],[[[113.91867,8.83577],[113.93104,8.83768],[113.92914,8.88051],[113.90915,8.88907],[113.89773,8.88146],[113.89297,8.86718],[113.89773,8.85386],[113.91867,8.83577]]],[[[112.2444,8.88699],[112.24877,8.87605],[112.27502,8.85964],[112.29252,8.87058],[112.28924,8.89902],[112.2794,8.90339],[112.25971,8.89792],[112.2444,8.88699]]],[[[112.82338,8.91258],[112.84146,8.8964],[112.85954,8.88974],[112.87572,8.90497],[112.87001,8.91734],[112.85193,8.92591],[112.82338,8.9221],[112.82338,8.91258]]],[[[116.29136,8.85579],[116.30405,8.86341],[116.31294,8.88753],[116.33071,8.90277],[116.32944,8.918],[116.31421,8.92816],[116.30278,8.92816],[116.2812,8.89896],[116.27231,8.88245],[116.27358,8.86849],[116.29136,8.85579]]],[[[114.63536,8.86147],[114.65154,8.86147],[114.66867,8.86909],[114.69342,8.90811],[114.69056,8.92715],[114.67629,8.9319],[114.65725,8.9281],[114.64012,8.90525],[114.64012,8.89003],[114.62489,8.88146],[114.62204,8.86718],[114.63536,8.86147]]],[[[112.34015,8.92627],[112.34939,8.91068],[112.36271,8.90783],[112.37889,8.91449],[112.38555,8.92876],[112.37509,8.94495],[112.34844,8.94399],[112.33797,8.93828],[112.34015,8.92627]]],[[[113.6551,8.97147],[113.6674,8.96902],[113.66549,8.98616],[113.64265,8.9852],[113.6436,8.97283],[113.6551,8.97147]]],[[[113.69358,8.97282],[113.71023,8.96617],[113.72831,8.97378],[113.73021,8.99092],[113.72165,8.99282],[113.69358,8.97282]]],[[[113.69029,9.02224],[113.69405,9.01376],[113.72545,9.00614],[113.72641,9.02042],[113.70642,9.03755],[113.69595,9.03755],[113.69029,9.02224]]],[[[113.64007,8.99793],[113.66362,9.00195],[113.67482,9.01651],[113.67594,9.02883],[113.6569,9.03891],[113.63114,9.01875],[113.64007,8.99793]]],[[[116.48688,9.14527],[116.49704,9.17828],[116.49196,9.19605],[116.47418,9.19732],[116.45514,9.18844],[116.44625,9.17828],[116.44752,9.16558],[116.46656,9.14654],[116.48688,9.14527]]],[[[113.6788,9.18203],[113.69498,9.17892],[113.70282,9.1834],[113.69834,9.19796],[113.70394,9.21812],[113.68714,9.2338],[113.66138,9.23492],[113.65018,9.19124],[113.66474,9.18228],[113.6788,9.18203]]],[[[115.91163,9.32357],[115.92511,9.29018],[115.94411,9.27849],[115.96312,9.28434],[115.97481,9.30626],[115.96458,9.33112],[115.94996,9.3472],[115.91341,9.33843],[115.91163,9.32357]]],[[[114.17377,9.34357],[114.18519,9.34357],[114.19519,9.35499],[114.19804,9.3707],[114.19376,9.3864],[114.17805,9.39211],[114.16521,9.3864],[114.16092,9.37498],[114.16378,9.35642],[114.17377,9.34357]]],[[[115.42092,9.39429],[115.42092,9.35809],[115.43045,9.33903],[115.44379,9.32188],[115.46475,9.32188],[115.47809,9.34284],[115.47428,9.37714],[115.46094,9.40572],[115.44188,9.41335],[115.42854,9.41335],[115.42092,9.39429]]],[[[116.9128,9.43322],[116.91602,9.41189],[116.92617,9.40554],[116.96299,9.40935],[116.98204,9.43475],[116.98965,9.45252],[116.9795,9.46903],[116.95918,9.47283],[116.9249,9.46522],[116.8957,9.45506],[116.8957,9.43982],[116.9128,9.43322]]],[[[112.85317,9.52865],[112.86122,9.52824],[112.88086,9.54052],[112.88724,9.55328],[112.87055,9.55622],[112.86466,9.54493],[112.85386,9.54052],[112.85317,9.52865]]],[[[112.52048,9.52018],[112.55708,9.51728],[112.5687,9.52716],[112.57045,9.55214],[112.55941,9.56144],[112.52861,9.55969],[112.51002,9.54052],[112.52048,9.52018]]],[[[112.89362,9.57095],[112.90638,9.57389],[112.90736,9.58371],[112.89018,9.58764],[112.89362,9.57095]]],[[[116.15609,9.5621],[116.17802,9.55918],[116.19118,9.56941],[116.1941,9.58696],[116.18533,9.59573],[116.16779,9.60011],[116.15463,9.5928],[116.14732,9.57965],[116.15609,9.5621]]],[[[112.90078,9.60573],[112.92741,9.61145],[112.93455,9.63001],[112.96167,9.63644],[112.96096,9.65714],[112.95096,9.66428],[112.94026,9.65214],[112.92741,9.65143],[112.92241,9.63287],[112.90599,9.63144],[112.89814,9.61931],[112.90078,9.60573]]],[[[112.9758,9.66888],[112.98166,9.65714],[113.00522,9.65571],[113.02877,9.64572],[113.04519,9.64786],[113.05162,9.66856],[113.03163,9.68569],[113.02306,9.68141],[113.00807,9.68926],[112.97381,9.67713],[112.9758,9.66888]]],[[[114.28173,9.68385],[114.29719,9.68623],[114.30552,9.69813],[114.30552,9.71121],[114.27221,9.72549],[114.26031,9.7243],[114.25793,9.70408],[114.26864,9.6898],[114.28173,9.68385]]],[[[114.68893,9.70554],[114.70058,9.70247],[114.71652,9.7178],[114.711,9.73803],[114.68709,9.73865],[114.67667,9.72148],[114.68893,9.70554]]],[[[114.34819,9.73814],[114.35652,9.73933],[114.36009,9.7548],[114.34522,9.75837],[114.34819,9.73814]]],[[[116.55241,9.74219],[116.58256,9.72238],[116.59152,9.73852],[116.57628,9.76361],[116.56104,9.76003],[116.55241,9.74219]]],[[[114.28921,9.73409],[114.29886,9.74215],[114.296,9.7707],[114.28839,9.77831],[114.28268,9.7983],[114.26079,9.80021],[114.25508,9.78403],[114.26269,9.76689],[114.26174,9.74786],[114.28077,9.73168],[114.28921,9.73409]]],[[[115.85738,9.64691],[115.8754,9.64251],[115.89002,9.64982],[115.89879,9.6776],[115.91926,9.71707],[115.92218,9.76239],[115.91049,9.79016],[115.90026,9.80478],[115.87102,9.8004],[115.85347,9.79455],[115.85201,9.76239],[115.83447,9.739],[115.83008,9.70976],[115.84909,9.67467],[115.85738,9.64691]]],[[[116.4059,9.78077],[116.41494,9.77079],[116.43287,9.77168],[116.44542,9.77975],[116.44721,9.80036],[116.43556,9.81022],[116.42122,9.81381],[116.40777,9.80933],[116.39791,9.78961],[116.4059,9.78077]]],[[[114.45004,9.80031],[114.45665,9.79645],[114.46822,9.80967],[114.45004,9.81463],[114.45004,9.80031]]],[[[116.47769,9.79319],[116.49023,9.78244],[116.50906,9.79588],[116.50816,9.80485],[116.49023,9.82008],[116.47141,9.82008],[116.46693,9.81202],[116.47769,9.79319]]],[[[114.25718,9.81964],[114.27146,9.81785],[114.27383,9.83451],[114.26134,9.83867],[114.25718,9.81964]]],[[[114.4974,9.82704],[114.51361,9.83456],[114.51042,9.84498],[114.49392,9.84816],[114.489,9.84035],[114.4974,9.82704]]],[[[114.37217,9.87199],[114.38317,9.85979],[114.38971,9.8699],[114.38406,9.88269],[114.37217,9.87199]]],[[[114.32844,9.86663],[114.33647,9.86425],[114.34569,9.87764],[114.33053,9.88686],[114.32844,9.86663]]],[[[114.44783,9.86917],[114.4572,9.86807],[114.46491,9.8835],[114.44288,9.89066],[114.43902,9.87303],[114.44783,9.86917]]],[[[114.54718,9.8719],[114.56541,9.86871],[114.56628,9.87971],[114.55442,9.89187],[114.54486,9.89071],[114.54718,9.8719]]],[[[114.48727,9.87856],[114.49392,9.88782],[114.49103,9.90663],[114.47829,9.89997],[114.47743,9.88463],[114.48727,9.87856]]],[[[114.50724,9.90229],[114.51939,9.90055],[114.52171,9.91358],[114.511,9.91937],[114.50724,9.90229]]],[[[115.55038,9.84577],[115.57501,9.84912],[115.58575,9.86525],[115.58755,9.88495],[115.56471,9.90729],[115.56471,9.91993],[115.54954,9.92583],[115.52594,9.91235],[115.51499,9.90055],[115.51499,9.86852],[115.5222,9.84999],[115.5369,9.8424],[115.55038,9.84577]]],[[[114.55181,9.93181],[114.56281,9.9295],[114.57526,9.93702],[114.56484,9.94802],[114.55181,9.94281],[114.55181,9.93181]]],[[[114.61692,9.90993],[114.62794,9.90157],[114.64103,9.90157],[114.66601,9.91942],[114.66958,9.94678],[114.66125,9.96582],[114.63627,9.97295],[114.61485,9.96939],[114.61247,9.95273],[114.6208,9.94083],[114.61692,9.90993]]],[[[117.35587,10.06111],[117.37253,10.05873],[117.38324,10.06349],[117.388,10.09204],[117.38086,10.10394],[117.36777,10.1087],[117.3523,10.10513],[117.34517,10.0968],[117.34636,10.08371],[117.35587,10.06111]]],[[[113.85618,10.07016],[113.85657,10.04633],[113.84563,9.98409],[113.85068,9.974],[113.8633,9.97147],[113.88264,9.97988],[113.88769,9.99334],[113.89442,10.04045],[113.89694,10.07325],[113.90283,10.08755],[113.89778,10.11699],[113.87507,10.11951],[113.85993,10.10101],[113.85618,10.07016]]],[[[116.06253,10.06208],[116.083,10.06647],[116.09323,10.08401],[116.09323,10.1074],[116.07423,10.13518],[116.05961,10.12787],[116.04206,10.10302],[116.04353,10.0884],[116.05668,10.07963],[116.06253,10.06208]]],[[[114.23759,10.13537],[114.26713,10.13537],[114.27486,10.14944],[114.27275,10.17124],[114.24814,10.17686],[114.23267,10.15928],[114.23759,10.13537]]],[[[114.30018,10.16139],[114.31776,10.15436],[114.32901,10.15576],[114.33675,10.16772],[114.33886,10.1846],[114.33042,10.19233],[114.31073,10.19726],[114.29385,10.17827],[114.30018,10.16139]]],[[[115.31261,10.14578],[115.3261,10.14831],[115.34295,10.16348],[115.34295,10.18708],[115.31683,10.2073],[115.30503,10.20646],[115.28902,10.19719],[115.28059,10.17612],[115.2907,10.15168],[115.31261,10.14578]]],[[[114.37502,10.17894],[114.40004,10.18389],[114.42536,10.20148],[114.43591,10.21976],[114.42325,10.2275],[114.40637,10.22328],[114.38176,10.21062],[114.35855,10.20781],[114.35644,10.19093],[114.36628,10.17827],[114.37502,10.17894]]],[[[115.36317,10.21488],[115.38761,10.20983],[115.3952,10.21741],[115.39436,10.24101],[115.38087,10.24775],[115.35475,10.23932],[115.35475,10.22837],[115.36317,10.21488]]],[[[113.61133,10.22364],[113.62498,10.22061],[113.63863,10.24336],[113.62422,10.25853],[113.60375,10.25625],[113.59464,10.23957],[113.61133,10.22364]]],[[[114.54983,10.23453],[114.56249,10.23664],[114.5871,10.24789],[114.60117,10.26125],[114.62227,10.26899],[114.61523,10.28657],[114.59765,10.28516],[114.58781,10.27743],[114.54842,10.26406],[114.53858,10.25563],[114.54069,10.23945],[114.54983,10.23453]]],[[[114.23151,10.22108],[114.24349,10.21709],[114.25695,10.22129],[114.26704,10.23138],[114.27798,10.25157],[114.28807,10.25998],[114.31162,10.27008],[114.32004,10.29026],[114.30237,10.29783],[114.28723,10.29447],[114.26031,10.27512],[114.2376,10.25241],[114.23003,10.23811],[114.23151,10.22108]]],[[[117.25594,10.3169],[117.26545,10.305],[117.2833,10.305],[117.29639,10.31571],[117.29996,10.33356],[117.29401,10.35259],[117.2833,10.36092],[117.26783,10.3633],[117.25831,10.35378],[117.25356,10.33713],[117.25594,10.3169]]],[[[114.69298,10.32041],[114.7069,10.3108],[114.71319,10.31909],[114.72578,10.31809],[114.73407,10.33135],[114.74699,10.36946],[114.7407,10.37708],[114.72247,10.38072],[114.70557,10.37741],[114.68867,10.34957],[114.69298,10.32041]]],[[[116.48938,10.39709],[116.46441,10.37212],[116.45306,10.34942],[116.4576,10.32444],[116.47349,10.30628],[116.50755,10.30174],[116.57792,10.30855],[116.63695,10.33125],[116.64603,10.34488],[116.63922,10.36077],[116.61651,10.36077],[116.52571,10.35169],[116.5189,10.36531],[116.52798,10.39028],[116.5416,10.41298],[116.53933,10.4266],[116.52571,10.42887],[116.50755,10.42206],[116.48938,10.39709]]],[[[115.74139,10.43771],[115.7396,10.46686],[115.72533,10.46805],[115.72176,10.4496],[115.73128,10.4389],[115.74139,10.43771]]],[[[115.76459,10.44425],[115.77827,10.43592],[115.79671,10.44425],[115.80147,10.45317],[115.79612,10.46626],[115.76161,10.46924],[115.76459,10.44425]]],[[[116.83391,10.47545],[116.85175,10.46903],[116.86888,10.47688],[116.87103,10.49401],[116.84533,10.49472],[116.83391,10.47545]]],[[[116.6376,10.50615],[116.63903,10.49687],[116.65402,10.49187],[116.69756,10.49116],[116.70756,10.50186],[116.69399,10.51757],[116.66687,10.51543],[116.64617,10.519],[116.6376,10.50615]]],[[[115.719,10.48415],[115.74079,10.4847],[115.74793,10.50076],[115.75864,10.51147],[115.75507,10.52932],[115.74198,10.53229],[115.71938,10.51504],[115.70986,10.49481],[115.719,10.48415]]],[[[115.79968,10.50017],[115.80742,10.50314],[115.80742,10.52039],[115.79076,10.53764],[115.77351,10.52991],[115.77648,10.5192],[115.79968,10.50017]]],[[[117.16909,10.59054],[117.19169,10.58459],[117.21073,10.58816],[117.20954,10.59887],[117.18931,10.6179],[117.17384,10.61909],[117.16909,10.59054]]],[[[117.6406,10.61964],[117.65256,10.62681],[117.66451,10.64952],[117.64897,10.65789],[117.63223,10.64833],[117.62626,10.63159],[117.6406,10.61964]]],[[[115.84222,10.67595],[115.8327,10.67584],[115.81843,10.64871],[115.83199,10.63729],[115.84627,10.64086],[115.84627,10.65228],[115.85483,10.66585],[115.84222,10.67595]]],[[[114.4674,10.6966],[114.48788,10.70056],[114.49284,10.71616],[114.47015,10.73034],[114.46447,10.71971],[114.45029,10.71049],[114.45951,10.69417],[114.4674,10.6966]]],[[[117.20597,10.70951],[117.21667,10.71784],[117.21073,10.73807],[117.18336,10.7452],[117.17979,10.72617],[117.19169,10.71427],[117.20597,10.70951]]],[[[115.80701,10.71225],[115.82414,10.71938],[115.82057,10.73723],[115.80986,10.74508],[115.79487,10.74365],[115.79487,10.72224],[115.80701,10.71225]]],[[[117.26307,10.69167],[117.27497,10.68334],[117.33922,10.67144],[117.38324,10.67144],[117.41298,10.67501],[117.41774,10.68691],[117.41536,10.70951],[117.39989,10.72855],[117.3642,10.74402],[117.32018,10.74758],[117.29401,10.74045],[117.27497,10.72141],[117.26307,10.69167]]],[[[114.33891,10.6883],[114.36939,10.69547],[114.37178,10.72296],[114.38433,10.73192],[114.45245,10.77077],[114.45783,10.78272],[114.44588,10.79408],[114.42855,10.7875],[114.32277,10.7391],[114.3168,10.73073],[114.31919,10.69248],[114.33891,10.6883]]],[[[114.55314,10.77028],[114.57511,10.75658],[114.57936,10.77077],[114.59284,10.77431],[114.59284,10.79133],[114.56518,10.79559],[114.55241,10.78353],[114.55314,10.77028]]],[[[115.8148,10.79839],[115.83342,10.80005],[115.83627,10.82931],[115.81914,10.83288],[115.80558,10.81361],[115.8148,10.79839]]],[[[114.85345,10.81499],[114.86839,10.8138],[114.87018,10.83172],[114.86241,10.8383],[114.84926,10.83471],[114.85345,10.81499]]],[[[117.7709,10.75592],[117.80079,10.75592],[117.82709,10.77983],[117.83546,10.8121],[117.83426,10.83482],[117.82828,10.84677],[117.81035,10.84797],[117.79959,10.8396],[117.7721,10.80852],[117.76732,10.78939],[117.7709,10.75592]]],[[[115.85912,10.82789],[115.8684,10.84359],[115.86054,10.85287],[115.8427,10.85573],[115.84127,10.84216],[115.85912,10.82789]]],[[[114.91739,10.84069],[114.9401,10.84368],[114.94847,10.85443],[114.96042,10.89388],[114.95086,10.90941],[114.93532,10.90762],[114.91201,10.87356],[114.90962,10.86459],[114.91739,10.84069]]],[[[114.47815,10.81081],[114.48712,10.8126],[114.50325,10.82814],[114.51461,10.84607],[114.53911,10.85204],[114.5648,10.83471],[114.58273,10.84069],[114.59409,10.85623],[114.59827,10.89089],[114.5911,10.91001],[114.56361,10.90822],[114.5397,10.88969],[114.51401,10.87774],[114.50026,10.86399],[114.46799,10.8389],[114.47815,10.81081]]],[[[114.06772,10.8996],[114.07987,10.88949],[114.09049,10.86975],[114.11984,10.87329],[114.12844,10.88898],[114.14261,10.89708],[114.1335,10.92288],[114.10719,10.92895],[114.08796,10.92389],[114.06772,10.8996]]],[[[117.65853,11.0213],[117.68842,11.01652],[117.69798,11.03804],[117.68603,11.05119],[117.66571,11.05478],[117.65614,11.04641],[117.65853,11.0213]]],[[[114.1985,11.03957],[114.22356,11.04836],[114.22154,11.0605],[114.2099,11.0605],[114.19725,11.04987],[114.1985,11.03957]]],[[[117.27002,11.03326],[117.28556,11.02728],[117.30349,11.03326],[117.30588,11.05238],[117.2999,11.07271],[117.28915,11.07749],[117.2748,11.0751],[117.26524,11.06195],[117.27002,11.03326]]],[[[114.23634,11.06354],[114.26404,11.0686],[114.26302,11.08124],[114.23722,11.08023],[114.23634,11.06354]]],[[[115.01278,11.06635],[115.0192,11.05778],[115.0399,11.05778],[115.04347,11.07848],[115.03705,11.08562],[115.01563,11.08277],[115.01278,11.06635]]],[[[117.03093,11.03565],[117.0381,11.04043],[117.06321,11.03684],[117.06799,11.06673],[117.06201,11.07868],[117.04886,11.08944],[117.03452,11.08944],[117.01659,11.06434],[117.03093,11.03565]]],[[[117.44694,11.06314],[117.46009,11.06195],[117.48281,11.07749],[117.4852,11.08944],[117.47444,11.09423],[117.45651,11.08825],[117.44575,11.0751],[117.44694,11.06314]]],[[[114.31666,11.05949],[114.3207,11.05038],[114.33436,11.04532],[114.35207,11.04937],[114.3799,11.06556],[114.3799,11.08124],[114.36826,11.09642],[114.35359,11.10047],[114.31969,11.06961],[114.31666,11.05949]]],[[[114.71225,10.99782],[114.7558,11.03922],[114.7665,11.04422],[114.79149,11.0742],[114.80077,11.09062],[114.80291,11.10418],[114.77364,11.11489],[114.76508,11.11275],[114.70868,11.04208],[114.69798,11.01281],[114.6994,11.00067],[114.71225,10.99782]]],[[[114.78649,11.13845],[114.81861,11.13345],[114.82647,11.14201],[114.81933,11.15272],[114.78935,11.15272],[114.78649,11.13845]]],[[[114.57791,11.30568],[114.59213,11.3108],[114.59782,11.32104],[114.59099,11.33527],[114.57904,11.33925],[114.56653,11.32446],[114.57791,11.30568]]],[[[114.32633,11.38524],[114.31095,11.41208],[114.29934,11.40363],[114.32633,11.38524]]],[[[114.70478,11.4354],[114.73152,11.42801],[114.73607,11.43313],[114.73892,11.46442],[114.72469,11.4923],[114.71218,11.49628],[114.69738,11.49343],[114.68828,11.48547],[114.69397,11.45019],[114.70478,11.4354]]],[[[114.62968,11.42061],[114.6513,11.42971],[114.65813,11.49514],[114.66325,11.52416],[114.64561,11.53155],[114.61603,11.52131],[114.62001,11.47238],[114.61659,11.43654],[114.62968,11.42061]]]]},"properties":{"shapeName":"Truong Sa","shapeISO":"","shapeID":"81297802B23443064350281","shapeGroup":"VNM","shapeType":"ADM2"}},
{"type":"Feature","geometry":{"type":"Polygon","coordinates":[[[106.3161,20.79811],[106.32101,20.78804],[106.34596,20.81118],[106.37363,20.80113],[106.39062,20.77727],[106.4018,20.77072],[106.41287,20.74362],[106.41154,20.73402],[106.42788,20.73218],[106.43769,20.72014],[106.46501,20.73098],[106.47355,20.75377],[106.49123,20.75279],[106.49855,20.76028],[106.49676,20.78351],[106.48606,20.7998],[106.47133,20.81887],[106.46324,20.82246],[106.4489,20.81363],[106.43937,20.82373],[106.44982,20.84689],[106.42497,20.84432],[106.39642,20.85263],[106.38272,20.8911],[106.3574,20.89486],[106.34516,20.91322],[106.33288,20.89295],[106.34698,20.88387],[106.35101,20.86782],[106.3428,20.84395],[106.31209,20.83422],[106.30955,20.81928],[106.32104,20.80736],[106.3161,20.79811]]]},"properties":{"shapeName":"Tu Ky","shapeISO":"","shapeID":"81297802B38910067880652","shapeGroup":"VNM","shapeType":"ADM2"}},
{"type":"Feature","geometry":{"type":"Polygon","coordinates":[[[107.78109,14.9727],[107.77718,14.94587],[107.79418,14.90647],[107.785,14.88555],[107.79461,14.87922],[107.782,14.86519],[107.77532,14.8379],[107.79339,14.8462],[107.8086,14.83999],[107.80878,14.82382],[107.81598,14.79812],[107.82719,14.79184],[107.86422,14.78149],[107.87733,14.79093],[107.8923,14.81084],[107.91393,14.81397],[107.90982,14.79474],[107.91721,14.7657],[107.93513,14.73796],[107.94815,14.74777],[107.97165,14.7465],[107.99971,14.75435],[108.00337,14.76032],[107.99995,14.79541],[108.01523,14.802],[108.01952,14.81228],[108.03517,14.81728],[108.04701,14.82799],[108.06345,14.81137],[108.09315,14.82357],[108.11415,14.79645],[108.1265,14.80024],[108.14087,14.79405],[108.13784,14.80267],[108.14388,14.82758],[108.1391,14.84328],[108.13932,14.87373],[108.12546,14.8854],[108.13988,14.90586],[108.15282,14.90682],[108.15697,14.92421],[108.14162,14.93823],[108.12521,14.96008],[108.10717,14.95138],[108.08814,14.95144],[108.08714,14.96258],[108.06334,14.96857],[108.04705,14.99234],[108.01734,15.0019],[107.99006,14.99852],[107.983,15.00941],[107.97175,15.01216],[107.95875,15.03806],[107.94932,15.0338],[107.94314,15.00545],[107.92271,15.00425],[107.90643,14.99775],[107.90818,15.01256],[107.89513,15.02874],[107.88232,15.01354],[107.86801,15.01966],[107.84644,15.01779],[107.82638,15.00329],[107.80673,15.00725],[107.8026,14.99212],[107.78752,14.98467],[107.78109,14.9727]]]},"properties":{"shapeName":"Tu Mo Rong","shapeISO":"","shapeID":"81297802B16541954250717","shapeGroup":"VNM","shapeType":"ADM2"}},
{"type":"Feature","geometry":{"type":"Polygon","coordinates":[[[108.69373,15.04437],[108.6875,15.05678],[108.70557,15.07573],[108.72422,15.08639],[108.73877,15.07336],[108.7536,15.07662],[108.76529,15.08725],[108.78898,15.08468],[108.79348,15.06121],[108.81663,15.05674],[108.82595,15.03492],[108.84115,15.02925],[108.84523,15.01975],[108.85088,15.03665],[108.87341,15.04563],[108.88985,15.06443],[108.88728,15.07423],[108.90212,15.09119],[108.89762,15.12542],[108.8977,15.145],[108.88021,15.14126],[108.85725,15.14273],[108.84276,15.0986],[108.81934,15.10091],[108.79882,15.0935],[108.75934,15.10484],[108.76094,15.12432],[108.76764,15.12883],[108.75061,15.14584],[108.73629,15.1461],[108.70307,15.15301],[108.68542,15.14639],[108.67474,15.13525],[108.66275,15.13668],[108.64531,15.16172],[108.63111,15.16088],[108.61326,15.14101],[108.6152,15.1264],[108.63828,15.11578],[108.64266,15.09843],[108.6585,15.0705],[108.64142,15.04503],[108.6443,15.02608],[108.6552,15.01924],[108.69373,15.04437]]]},"properties":{"shapeName":"Tu Nghia","shapeISO":"","shapeID":"81297802B55656475848083","shapeGroup":"VNM","shapeType":"ADM2"}},
{"type":"Feature","geometry":{"type":"Polygon","coordinates":[[[105.91559,21.11999],[105.93498,21.10494],[105.94028,21.08347],[105.95794,21.09139],[105.96792,21.07211],[105.98483,21.06996],[105.98032,21.07971],[105.98546,21.11453],[105.99677,21.12421],[105.9998,21.14816],[105.98984,21.16282],[105.96851,21.16254],[105.92299,21.16274],[105.92655,21.14051],[105.91559,21.11999]]]},"properties":{"shapeName":"Tu Son","shapeISO":"","shapeID":"81297802B85996690558528","shapeGroup":"VNM","shapeType":"ADM2"}},
{"type":"Feature","geometry":{"type":"Polygon","coordinates":[[[103.30347,21.80576],[103.32189,21.80524],[103.33507,21.78485],[103.35764,21.78461],[103.36757,21.79578],[103.36559,21.81181],[103.37758,21.81699],[103.39589,21.8353],[103.41664,21.84518],[103.45435,21.83016],[103.46882,21.84175],[103.49108,21.8472],[103.51912,21.86411],[103.50811,21.87356],[103.49314,21.87585],[103.48809,21.90399],[103.47992,21.91521],[103.48536,21.93443],[103.50575,21.95543],[103.49836,21.96921],[103.47709,21.97768],[103.45397,22.00878],[103.46833,22.0257],[103.45409,22.05301],[103.43568,22.0544],[103.42148,22.07242],[103.40664,22.11577],[103.40511,22.12806],[103.39135,22.14215],[103.38967,22.15645],[103.3526,22.1519],[103.3351,22.1536],[103.31887,22.14163],[103.30698,22.12583],[103.30849,22.11444],[103.29264,22.11256],[103.28424,22.10355],[103.2834,22.08796],[103.27487,22.0674],[103.28684,22.05586],[103.28805,22.04057],[103.28328,22.02934],[103.26168,22.0156],[103.26689,22.00102],[103.25773,21.97942],[103.26332,21.94558],[103.25054,21.93423],[103.27346,21.91278],[103.27761,21.90044],[103.29142,21.88359],[103.28971,21.85793],[103.30409,21.81789],[103.30347,21.80576]]]},"properties":{"shapeName":"Tua Chua","shapeISO":"","shapeID":"81297802B50800303075237","shapeGroup":"VNM","shapeType":"ADM2"}},
{"type":"Feature","geometry":{"type":"Polygon","coordinates":[[[103.41212,21.42803],[103.44183,21.43123],[103.45651,21.45794],[103.45334,21.48009],[103.44739,21.48718],[103.45176,21.5019],[103.46143,21.51244],[103.48296,21.52029],[103.52158,21.54452],[103.51982,21.56442],[103.53201,21.56658],[103.53914,21.60068],[103.54823,21.6028],[103.5587,21.6249],[103.54214,21.64687],[103.55354,21.6519],[103.56832,21.67776],[103.58359,21.68515],[103.59879,21.68329],[103.58426,21.70463],[103.57526,21.73262],[103.56207,21.74905],[103.55845,21.76216],[103.54151,21.77576],[103.54783,21.79759],[103.53919,21.81251],[103.54177,21.82305],[103.52805,21.83487],[103.52893,21.84427],[103.51912,21.86411],[103.49108,21.8472],[103.46882,21.84175],[103.45435,21.83016],[103.41664,21.84518],[103.39589,21.8353],[103.37758,21.81699],[103.36559,21.81181],[103.36757,21.79578],[103.35764,21.78461],[103.33507,21.78485],[103.32189,21.80524],[103.30347,21.80576],[103.28998,21.79703],[103.26263,21.76892],[103.23986,21.75026],[103.23582,21.72566],[103.21631,21.7126],[103.19805,21.71925],[103.16637,21.71515],[103.16244,21.6953],[103.14959,21.68223],[103.15614,21.66687],[103.15174,21.64031],[103.13923,21.6319],[103.1597,21.61703],[103.17289,21.62352],[103.19803,21.62183],[103.21468,21.62561],[103.26122,21.61964],[103.28471,21.6091],[103.28797,21.59231],[103.31232,21.56901],[103.32577,21.56348],[103.34302,21.53445],[103.35877,21.52058],[103.34858,21.50852],[103.35281,21.488],[103.34935,21.47685],[103.36279,21.47274],[103.38133,21.48008],[103.41052,21.47943],[103.41212,21.42803]]]},"properties":{"shapeName":"Tuan Giao","shapeISO":"","shapeID":"81297802B47935602128313","shapeGroup":"VNM","shapeType":"ADM2"}},
{"type":"Feature","geometry":{"type":"Polygon","coordinates":[[[104.92862,19.32225],[104.92246,19.33233],[104.89363,19.34681],[104.87268,19.36851],[104.86145,19.37186],[104.84312,19.3958],[104.82979,19.40014],[104.81754,19.41383],[104.77396,19.43779],[104.75353,19.4536],[104.72979,19.45378],[104.71633,19.46128],[104.70696,19.49498],[104.69366,19.50069],[104.69807,19.51752],[104.6919,19.53136],[104.65318,19.57699],[104.62617,19.5868],[104.63154,19.62308],[104.60762,19.63558],[104.57958,19.6298],[104.56877,19.61578],[104.54381,19.62074],[104.52679,19.6154],[104.50593,19.62581],[104.49853,19.64854],[104.48979,19.65562],[104.46201,19.65405],[104.44831,19.6608],[104.43929,19.65995],[104.41019,19.61743],[104.39222,19.61319],[104.39238,19.58332],[104.40441,19.57994],[104.42754,19.55791],[104.42442,19.54346],[104.40061,19.5332],[104.39631,19.51167],[104.43186,19.5007],[104.43922,19.48693],[104.44492,19.46348],[104.45686,19.45098],[104.44586,19.4376],[104.43903,19.39214],[104.42165,19.37599],[104.40241,19.36836],[104.39582,19.37983],[104.38043,19.3692],[104.36849,19.37461],[104.36662,19.39614],[104.34907,19.40155],[104.35094,19.38579],[104.35919,19.38309],[104.35174,19.33708],[104.34614,19.32857],[104.32783,19.3216],[104.31992,19.30334],[104.30015,19.29692],[104.28684,19.28328],[104.2734,19.2461],[104.26495,19.24602],[104.26838,19.21769],[104.29403,19.20704],[104.32554,19.18727],[104.33365,19.1731],[104.32141,19.14822],[104.30289,19.12923],[104.29933,19.11304],[104.3086,19.09071],[104.34647,19.07273],[104.36585,19.07418],[104.3779,19.06222],[104.39909,19.05118],[104.39767,19.04023],[104.41845,19.01811],[104.41938,19.00586],[104.44549,18.98396],[104.47174,18.98593],[104.48016,19.00298],[104.49706,19.00337],[104.51394,18.97992],[104.52999,18.98226],[104.54846,18.99677],[104.54532,19.00497],[104.56235,19.02556],[104.59471,19.02176],[104.62932,19.03862],[104.63827,19.03815],[104.64807,19.05724],[104.65962,19.06296],[104.66559,19.0769],[104.6803,19.09339],[104.69374,19.10221],[104.70722,19.11872],[104.7158,19.13618],[104.7213,19.16139],[104.71786,19.17771],[104.73122,19.1986],[104.75034,19.20182],[104.76132,19.21418],[104.77233,19.20251],[104.78792,19.20363],[104.81509,19.21614],[104.84555,19.21104],[104.84545,19.22246],[104.85855,19.24454],[104.87445,19.25708],[104.8845,19.25246],[104.90045,19.26165],[104.89664,19.30055],[104.92746,19.31718],[104.92862,19.32225]]]},"properties":{"shapeName":"Tuong Duong","shapeISO":"","shapeID":"81297802B26083936626584","shapeGroup":"VNM","shapeType":"ADM2"}},
{"type":"Feature","geometry":{"type":"Polygon","coordinates":[[[109.095,13.24606],[109.1102,13.23046],[109.12814,13.20267],[109.15565,13.15396],[109.16124,13.1429],[109.17782,13.14283],[109.17922,13.15294],[109.18753,13.16772],[109.20495,13.1623],[109.21372,13.1539],[109.23469,13.15273],[109.26407,13.17225],[109.27776,13.16829],[109.28734,13.17957],[109.29512,13.17262],[109.30055,13.18587],[109.29339,13.21758],[109.30552,13.2271],[109.30415,13.25081],[109.31733,13.25517],[109.30762,13.27689],[109.2956,13.29103],[109.28293,13.32007],[109.28752,13.3358],[109.29889,13.34098],[109.29431,13.36461],[109.2697,13.36461],[109.25516,13.36069],[109.20103,13.36784],[109.18915,13.36016],[109.19232,13.35057],[109.17803,13.33459],[109.14624,13.31775],[109.1146,13.32123],[109.10669,13.3097],[109.11021,13.25969],[109.095,13.24606]]]},"properties":{"shapeName":"Tuy An","shapeISO":"","shapeID":"81297802B47177978604160","shapeGroup":"VNM","shapeType":"ADM2"}},
{"type":"Feature","geometry":{"type":"Polygon","coordinates":[[[107.36715,11.93312],[107.38208,11.93453],[107.39098,11.94869],[107.40637,11.95229],[107.41691,11.98964],[107.44016,11.99522],[107.45448,11.99153],[107.4557,12.00406],[107.46773,12.01856],[107.50009,12.0155],[107.53255,12.03552],[107.54891,12.05005],[107.55688,12.04635],[107.58272,12.0459],[107.59181,12.06573],[107.578,12.07255],[107.58252,12.10126],[107.56092,12.12036],[107.56208,12.12799],[107.54897,12.14848],[107.55071,12.15526],[107.53634,12.17599],[107.53827,12.19008],[107.52464,12.20625],[107.51618,12.23222],[107.50261,12.24553],[107.4761,12.25163],[107.46327,12.24996],[107.45095,12.25884],[107.43478,12.25098],[107.42214,12.24656],[107.3979,12.25635],[107.38696,12.27228],[107.38902,12.28479],[107.36313,12.3197],[107.33925,12.3277],[107.31291,12.32327],[107.30264,12.32888],[107.28423,12.32283],[107.26979,12.32576],[107.26302,12.31473],[107.25118,12.3118],[107.23138,12.29632],[107.21965,12.29996],[107.20644,12.296],[107.22835,12.1539],[107.22877,12.11575],[107.24093,12.11434],[107.22961,12.08599],[107.23421,12.04397],[107.23107,12.0285],[107.2426,12.03909],[107.25226,12.02115],[107.29633,12.01574],[107.29435,12.00937],[107.32484,12.00385],[107.33766,11.99147],[107.3515,11.96798],[107.35352,11.94287],[107.36715,11.93312]]]},"properties":{"shapeName":"Tuy Duc","shapeISO":"","shapeID":"81297802B14510014839166","shapeGroup":"VNM","shapeType":"ADM2"}},
{"type":"Feature","geometry":{"type":"Polygon","coordinates":[[[109.34905,13.05239],[109.33153,13.08734],[109.31025,13.11274],[109.29929,13.13003],[109.29249,13.15176],[109.29512,13.17262],[109.28734,13.17957],[109.27776,13.16829],[109.26407,13.17225],[109.23469,13.15273],[109.21372,13.1539],[109.20495,13.1623],[109.18753,13.16772],[109.17922,13.15294],[109.21446,13.12853],[109.22007,13.11498],[109.24518,13.10679],[109.24721,13.09765],[109.27422,13.09547],[109.2945,13.08318],[109.3033,13.06341],[109.30629,13.04689],[109.3206,13.01435],[109.32981,13.01651],[109.33319,13.03066],[109.34905,13.05239]]]},"properties":{"shapeName":"Tuy Hoa","shapeISO":"","shapeID":"81297802B45106503001809","shapeGroup":"VNM","shapeType":"ADM2"}},
{"type":"Feature","geometry":{"type":"Polygon","coordinates":[[[108.50291,11.12732],[108.52364,11.15318],[108.56202,11.16276],[108.57647,11.17738],[108.58971,11.18374],[108.62217,11.18325],[108.65119,11.19355],[108.679,11.18935],[108.71291,11.1759],[108.73034,11.18485],[108.73314,11.20804],[108.74582,11.23138],[108.75613,11.28232],[108.7764,11.2881],[108.78682,11.31271],[108.81605,11.32164],[108.8379,11.32294],[108.85111,11.33459],[108.8665,11.33328],[108.87461,11.33909],[108.86641,11.35193],[108.84655,11.36623],[108.84412,11.37717],[108.80789,11.38216],[108.78579,11.3883],[108.78333,11.3941],[108.75728,11.41149],[108.76078,11.46994],[108.72563,11.46944],[108.71497,11.46252],[108.67874,11.47351],[108.66427,11.49945],[108.65929,11.50428],[108.6437,11.54976],[108.58217,11.55554],[108.5658,11.5368],[108.56055,11.52444],[108.55977,11.47341],[108.56196,11.4192],[108.55941,11.38964],[108.59041,11.37248],[108.60693,11.35855],[108.61583,11.3367],[108.61617,11.3094],[108.60142,11.2845],[108.60579,11.2584],[108.60006,11.24082],[108.57592,11.21468],[108.55477,11.18021],[108.52764,11.16569],[108.50743,11.16419],[108.50077,11.15129],[108.50291,11.12732]]]},"properties":{"shapeName":"Tuy Phong","shapeISO":"","shapeID":"81297802B73162737965460","shapeGroup":"VNM","shapeType":"ADM2"}},
{"type":"Feature","geometry":{"type":"Polygon","coordinates":[[[109.05544,13.78714],[109.06637,13.75503],[109.09157,13.75803],[109.11192,13.74774],[109.12609,13.74553],[109.13576,13.75416],[109.13264,13.79278],[109.15494,13.80123],[109.17292,13.81625],[109.21289,13.81661],[109.2248,13.81907],[109.23934,13.81408],[109.2528,13.84963],[109.24788,13.86441],[109.24594,13.88948],[109.2595,13.9013],[109.23884,13.90528],[109.23035,13.92414],[109.21177,13.92276],[109.17682,13.93818],[109.17431,13.92811],[109.15415,13.91822],[109.14667,13.90758],[109.12131,13.89356],[109.13435,13.8706],[109.10552,13.82954],[109.08888,13.82398],[109.07412,13.8259],[109.0729,13.8127],[109.05544,13.78714]]]},"properties":{"shapeName":"Tuy Phuoc","shapeISO":"","shapeID":"81297802B71017047307278","shapeGroup":"VNM","shapeType":"ADM2"}},
{"type":"Feature","geometry":{"type":"Polygon","coordinates":[[[106.30399,17.76077],[106.29272,17.77771],[106.27347,17.78862],[106.28441,17.82929],[106.28075,17.84445],[106.26965,17.86088],[106.27465,17.87417],[106.26685,17.88526],[106.27086,17.89982],[106.28421,17.90839],[106.27084,17.91977],[106.26357,17.91419],[106.24071,17.93033],[106.20918,17.92596],[106.1998,17.91648],[106.19095,17.92325],[106.1731,17.91502],[106.13081,17.92083],[106.11871,17.92775],[106.07698,17.93326],[106.0455,17.94644],[106.04748,17.96378],[106.0585,17.97456],[106.07125,17.99525],[106.06035,18.01374],[106.04347,18.02476],[106.01998,18.0256],[106.01606,18.03431],[105.986,18.0642],[105.96742,18.0556],[105.95107,18.0582],[105.94574,18.07375],[105.93183,18.08898],[105.91889,18.08073],[105.89539,18.08995],[105.87081,18.06638],[105.85138,18.06757],[105.81973,18.06085],[105.81299,18.05281],[105.83362,18.04511],[105.82858,18.03188],[105.81683,18.03801],[105.80999,18.02609],[105.78852,18.02532],[105.77741,18.01705],[105.75004,18.03394],[105.73089,18.03424],[105.7206,18.02136],[105.71974,18.00532],[105.70636,17.99282],[105.64347,17.99253],[105.64242,17.9625],[105.64615,17.95527],[105.67862,17.94429],[105.6796,17.92884],[105.70207,17.9209],[105.7114,17.91011],[105.72202,17.91763],[105.73034,17.90845],[105.74703,17.90493],[105.76323,17.89082],[105.78277,17.89752],[105.78323,17.90844],[105.79367,17.91932],[105.81134,17.92154],[105.8417,17.90614],[105.85025,17.91528],[105.83947,17.94037],[105.85464,17.9393],[105.85641,17.95056],[105.87644,17.95751],[105.88319,17.94145],[105.92189,17.93084],[105.93016,17.92091],[105.92611,17.90865],[105.94448,17.89464],[105.98003,17.89718],[106.00147,17.86467],[106.0228,17.84896],[106.02339,17.82975],[106.04494,17.8135],[106.08436,17.80323],[106.10832,17.79146],[106.09956,17.76996],[106.11411,17.74921],[106.11512,17.72203],[106.15193,17.72928],[106.16235,17.72227],[106.19594,17.71799],[106.23529,17.7096],[106.25685,17.72415],[106.25469,17.73842],[106.28171,17.74895],[106.29848,17.74542],[106.30399,17.76077]]]},"properties":{"shapeName":"Tuyen Hoa","shapeISO":"","shapeID":"81297802B14659466260998","shapeGroup":"VNM","shapeType":"ADM2"}},
{"type":"Feature","geometry":{"type":"Polygon","coordinates":[[[105.29217,21.77071],[105.29,21.7785],[105.26918,21.7843],[105.23969,21.81073],[105.24977,21.83131],[105.26943,21.84409],[105.25759,21.85542],[105.244,21.85608],[105.21562,21.86572],[105.20062,21.85325],[105.18768,21.85095],[105.18846,21.83681],[105.17529,21.81886],[105.17688,21.80859],[105.19734,21.79879],[105.19081,21.78391],[105.20297,21.767],[105.17622,21.72113],[105.1825,21.71595],[105.20138,21.7196],[105.21629,21.7019],[105.23979,21.71131],[105.25806,21.70835],[105.2669,21.71125],[105.27275,21.72774],[105.25632,21.76393],[105.26384,21.77467],[105.29217,21.77071]]]},"properties":{"shapeName":"Tuyen Quang","shapeISO":"","shapeID":"81297802B47439602304770","shapeGroup":"VNM","shapeType":"ADM2"}},
{"type":"Feature","geometry":{"type":"Polygon","coordinates":[[[104.83248,9.53103],[104.82371,9.37583],[104.81582,9.27508],[104.8324,9.27397],[104.93098,9.27782],[104.93061,9.23977],[104.99216,9.23929],[104.99513,9.19835],[105.01911,9.18597],[105.08791,9.19184],[105.08657,9.20169],[105.08112,9.22305],[105.07022,9.23893],[105.08151,9.25262],[105.08704,9.27016],[105.07492,9.26935],[105.06437,9.27806],[105.0454,9.3296],[105.06677,9.34127],[105.05874,9.36057],[105.03886,9.44024],[105.01045,9.50183],[104.95985,9.5517],[104.94587,9.53267],[104.91655,9.56202],[104.88127,9.49416],[104.85495,9.51764],[104.84537,9.52989],[104.83248,9.53103]]]},"properties":{"shapeName":"U Minh","shapeISO":"","shapeID":"81297802B9286931688743","shapeGroup":"VNM","shapeType":"ADM2"}},
{"type":"Feature","geometry":{"type":"Polygon","coordinates":[[[105.06779,9.71099],[105.05124,9.69478],[105.04619,9.67701],[105.0322,9.58642],[105.03733,9.58658],[105.03115,9.54774],[105.03401,9.54022],[105.07582,9.51438],[105.10684,9.4974],[105.1374,9.47788],[105.13989,9.49249],[105.2021,9.58192],[105.18475,9.60445],[105.16666,9.62049],[105.17123,9.6329],[105.19347,9.63046],[105.20268,9.65451],[105.22042,9.65954],[105.23142,9.67478],[105.24323,9.67387],[105.24691,9.68419],[105.24674,9.70543],[105.2355,9.72214],[105.21004,9.72181],[105.1602,9.7565],[105.14742,9.76931],[105.14047,9.76101],[105.12701,9.76041],[105.12908,9.73872],[105.11122,9.73862],[105.10866,9.71351],[105.0929,9.69356],[105.06779,9.71099]]]},"properties":{"shapeName":"U Minh Thuong","shapeISO":"","shapeID":"81297802B37875930391216","shapeGroup":"VNM","shapeType":"ADM2"}},
{"type":"Feature","geometry":{"type":"Polygon","coordinates":[[[105.70944,20.80959],[105.70565,20.79876],[105.72492,20.76839],[105.71482,20.75679],[105.69792,20.75091],[105.69735,20.74252],[105.73067,20.737],[105.73277,20.72154],[105.76078,20.73171],[105.76302,20.70712],[105.74299,20.6903],[105.77229,20.66863],[105.80311,20.63427],[105.78377,20.61874],[105.79769,20.61195],[105.81298,20.61822],[105.8148,20.6343],[105.83151,20.64422],[105.82786,20.66378],[105.85793,20.64491],[105.87849,20.64302],[105.89121,20.64812],[105.89614,20.66931],[105.90567,20.66836],[105.88629,20.67573],[105.88757,20.69643],[105.87203,20.70589],[105.84428,20.74178],[105.82609,20.73726],[105.7934,20.74967],[105.79388,20.75825],[105.8063,20.78026],[105.78214,20.79146],[105.77597,20.78766],[105.75445,20.79157],[105.74544,20.78832],[105.73532,20.80898],[105.70944,20.80959]]]},"properties":{"shapeName":"Ung Hoa","shapeISO":"","shapeID":"81297802B95308085705563","shapeGroup":"VNM","shapeType":"ADM2"}},
{"type":"Feature","geometry":{"type":"Polygon","coordinates":[[[106.65853,21.0173],[106.68849,21.00479],[106.723,20.9972],[106.74276,20.999],[106.75538,20.99206],[106.76809,20.97421],[106.78845,20.97967],[106.80201,21.01679],[106.81179,21.01175],[106.82983,21.01444],[106.83839,21.03304],[106.84834,21.055],[106.82891,21.07487],[106.83654,21.0905],[106.83352,21.10929],[106.84656,21.12951],[106.83362,21.15271],[106.81939,21.15636],[106.79217,21.14925],[106.76453,21.15632],[106.74448,21.15608],[106.73311,21.16131],[106.71442,21.16118],[106.70132,21.16734],[106.69949,21.13506],[106.69424,21.11752],[106.70722,21.09215],[106.71873,21.08487],[106.70434,21.05624],[106.70859,21.03685],[106.7014,21.03115],[106.67492,21.03278],[106.67429,21.0241],[106.65853,21.0173]]]},"properties":{"shapeName":"Uong Bi","shapeISO":"","shapeID":"81297802B42641748496229","shapeGroup":"VNM","shapeType":"ADM2"}},
{"type":"Feature","geometry":{"type":"Polygon","coordinates":[[[104.07893,22.20017],[104.07557,22.1867],[104.08246,22.16768],[104.06611,22.16681],[104.04413,22.17236],[104.03792,22.16913],[104.02154,22.14357],[104.00938,22.1374],[103.98722,22.13986],[103.9725,22.15006],[103.93831,22.13756],[103.93593,22.12146],[103.9439,22.09828],[103.93851,22.08115],[103.95307,22.06382],[103.95718,22.049],[103.95348,22.0263],[103.96523,22.01387],[103.95679,21.99754],[103.98531,21.96667],[103.99584,21.95452],[103.99026,21.94043],[103.99726,21.92703],[104.01031,21.91829],[104.0421,21.9167],[104.06919,21.90596],[104.08328,21.90615],[104.09369,21.91623],[104.12714,21.90673],[104.14026,21.89626],[104.19523,21.88757],[104.21349,21.89143],[104.23096,21.90242],[104.23107,21.92325],[104.20961,21.94053],[104.22296,21.94818],[104.25599,21.9318],[104.28399,21.94015],[104.29328,21.92756],[104.32556,21.91844],[104.33016,21.8988],[104.33923,21.88548],[104.3538,21.87511],[104.38548,21.89932],[104.38718,21.912],[104.427,21.93526],[104.43003,21.97417],[104.41489,22.0282],[104.40854,22.03223],[104.37964,22.07156],[104.37973,22.09133],[104.38998,22.09533],[104.39598,22.11364],[104.40643,22.1168],[104.39842,22.13608],[104.37551,22.1459],[104.36646,22.16854],[104.34327,22.1745],[104.31468,22.19752],[104.28268,22.18217],[104.26815,22.20302],[104.25399,22.21621],[104.25321,22.23266],[104.23327,22.25226],[104.22341,22.24338],[104.21379,22.25171],[104.19865,22.24913],[104.17953,22.23315],[104.17633,22.22318],[104.15045,22.2236],[104.13894,22.21284],[104.11778,22.2011],[104.07893,22.20017]]]},"properties":{"shapeName":"Van Ban","shapeISO":"","shapeID":"81297802B34365172713310","shapeGroup":"VNM","shapeType":"ADM2"}},
{"type":"Feature","geometry":{"type":"Polygon","coordinates":[[[108.95107,13.82853],[108.93666,13.82776],[108.91273,13.83388],[108.89756,13.82785],[108.89923,13.81684],[108.88377,13.81574],[108.87003,13.79334],[108.86404,13.79232],[108.85313,13.77109],[108.83403,13.75688],[108.83285,13.72772],[108.82652,13.72233],[108.83255,13.70655],[108.8138,13.6952],[108.82145,13.67386],[108.81987,13.65867],[108.8293,13.63051],[108.84169,13.6098],[108.85252,13.57548],[108.85033,13.56857],[108.85836,13.55216],[108.86981,13.54643],[108.86799,13.53522],[108.92116,13.54095],[108.92526,13.53632],[108.96272,13.51783],[108.99361,13.51652],[108.99864,13.5229],[109.0288,13.53152],[109.053,13.56928],[109.08317,13.56812],[109.09403,13.57291],[109.10759,13.58838],[109.1164,13.58482],[109.11523,13.60824],[109.10235,13.61992],[109.09735,13.63864],[109.10573,13.65709],[109.09551,13.6669],[109.09651,13.68645],[109.08944,13.69443],[109.09896,13.7156],[109.11595,13.72306],[109.11192,13.74774],[109.09157,13.75803],[109.06637,13.75503],[109.05544,13.78714],[109.04648,13.79287],[109.032,13.7893],[109.03296,13.77103],[109.02808,13.75826],[109.00939,13.75259],[108.99045,13.78136],[108.95987,13.80732],[108.95107,13.82853]]]},"properties":{"shapeName":"Van Canh","shapeISO":"","shapeID":"81297802B17102674968438","shapeGroup":"VNM","shapeType":"ADM2"}},
{"type":"Feature","geometry":{"type":"Polygon","coordinates":[[[104.86847,21.5421],[104.86014,21.53186],[104.84542,21.53668],[104.82695,21.5529],[104.8038,21.55614],[104.78492,21.56552],[104.76772,21.54107],[104.76937,21.53513],[104.72588,21.53131],[104.69137,21.55049],[104.68756,21.56736],[104.66039,21.5733],[104.64981,21.58739],[104.65188,21.61432],[104.66471,21.62253],[104.66565,21.63956],[104.67458,21.64448],[104.67855,21.6616],[104.63406,21.69724],[104.61863,21.69827],[104.59966,21.71434],[104.58669,21.73344],[104.55825,21.74136],[104.55023,21.73921],[104.53072,21.75918],[104.51931,21.75905],[104.48375,21.7478],[104.47422,21.74173],[104.44855,21.7457],[104.44343,21.7549],[104.424,21.76113],[104.40213,21.75886],[104.38977,21.76814],[104.36222,21.77536],[104.33002,21.79464],[104.31204,21.78994],[104.30978,21.8026],[104.2781,21.80576],[104.2678,21.79505],[104.27161,21.78237],[104.28365,21.77965],[104.2896,21.75285],[104.29903,21.75258],[104.29989,21.72823],[104.29465,21.70935],[104.30431,21.70015],[104.30908,21.68351],[104.34624,21.66702],[104.36259,21.6679],[104.37142,21.65825],[104.39648,21.64349],[104.40381,21.65172],[104.42264,21.63926],[104.43633,21.64346],[104.45093,21.62846],[104.44349,21.60528],[104.4588,21.59448],[104.47604,21.59412],[104.49319,21.61277],[104.50962,21.62209],[104.52955,21.60616],[104.52863,21.5956],[104.51523,21.57647],[104.4941,21.57723],[104.47135,21.56455],[104.4756,21.53915],[104.46735,21.52215],[104.50757,21.52163],[104.51467,21.52993],[104.53423,21.53497],[104.55699,21.55192],[104.57878,21.55288],[104.59524,21.54577],[104.61124,21.52334],[104.64654,21.51497],[104.64471,21.49322],[104.66215,21.46424],[104.6456,21.45775],[104.63394,21.44451],[104.60701,21.45344],[104.5895,21.43867],[104.58655,21.42193],[104.60454,21.41668],[104.61135,21.40541],[104.64493,21.38369],[104.67731,21.37524],[104.6851,21.37728],[104.69024,21.40021],[104.73548,21.40237],[104.73453,21.38177],[104.74951,21.35152],[104.76843,21.34592],[104.76883,21.33026],[104.77868,21.32592],[104.79372,21.33466],[104.81636,21.33473],[104.82185,21.33842],[104.84953,21.33882],[104.85672,21.36442],[104.88301,21.34194],[104.89738,21.34475],[104.8936,21.36492],[104.88443,21.37176],[104.88558,21.39248],[104.89507,21.39291],[104.90749,21.41331],[104.90576,21.42766],[104.9119,21.44598],[104.89723,21.46867],[104.88241,21.50991],[104.88531,21.52265],[104.87908,21.53438],[104.86847,21.5421]]]},"properties":{"shapeName":"Van Chan","shapeISO":"","shapeID":"81297802B1430654702420","shapeGroup":"VNM","shapeType":"ADM2"}},
{"type":"Feature","geometry":{"type":"MultiPolygon","coordinates":[[[[107.40814,20.8042],[107.40037,20.80106],[107.40115,20.77805],[107.41529,20.77389],[107.42187,20.79735],[107.40814,20.8042]]],[[[107.35013,20.8212],[107.3466,20.84142],[107.33372,20.84983],[107.34388,20.81631],[107.35184,20.80779],[107.37113,20.80511],[107.38017,20.82387],[107.35957,20.82912],[107.35013,20.8212]]],[[[107.33416,20.89402],[107.33014,20.87633],[107.34531,20.8698],[107.35075,20.86094],[107.37324,20.85909],[107.39291,20.88015],[107.37583,20.89142],[107.34553,20.88802],[107.33416,20.89402]]],[[[107.44664,20.90305],[107.42382,20.89681],[107.42853,20.88404],[107.44779,20.89201],[107.44664,20.90305]]],[[[107.51727,20.91517],[107.47914,20.89935],[107.50439,20.89413],[107.51727,20.91517]]],[[[107.38244,20.9562],[107.34909,20.94013],[107.33797,20.94397],[107.31229,20.93412],[107.33773,20.92601],[107.35157,20.92526],[107.36814,20.93391],[107.38401,20.95043],[107.38244,20.9562]]],[[[107.45202,20.96871],[107.43473,20.95862],[107.42205,20.94337],[107.41349,20.9252],[107.41926,20.91983],[107.44788,20.94663],[107.45202,20.96871]]],[[[107.5591,20.96709],[107.51965,20.9164],[107.51091,20.8892],[107.47569,20.88023],[107.49043,20.87251],[107.47847,20.83248],[107.49231,20.84542],[107.49701,20.86691],[107.51983,20.88898],[107.5201,20.89677],[107.5436,20.92152],[107.55932,20.93356],[107.55077,20.94805],[107.5591,20.96709]]],[[[107.47854,20.96514],[107.4703,20.9742],[107.4577,20.95463],[107.47346,20.95519],[107.47854,20.96514]]],[[[107.55325,21.03978],[107.53565,21.03283],[107.50292,21.01035],[107.4913,20.9938],[107.48288,20.97364],[107.48764,20.96059],[107.47168,20.94574],[107.40977,20.8997],[107.44252,20.91225],[107.46187,20.90515],[107.51138,20.92004],[107.52274,20.93221],[107.54758,20.99486],[107.54493,21.01933],[107.55325,21.03978]]],[[[107.58035,21.11886],[107.57184,21.11079],[107.54993,21.11465],[107.54386,21.09802],[107.52797,21.08339],[107.5361,21.06933],[107.55713,21.07434],[107.57083,21.08402],[107.58035,21.11886]]],[[[107.6197,21.09738],[107.5987,21.08686],[107.58691,21.06959],[107.58753,21.05471],[107.56557,20.99899],[107.58389,20.99899],[107.58895,21.02458],[107.59697,21.03033],[107.59961,21.04948],[107.60774,21.06111],[107.6197,21.09738]]],[[[107.6663,21.1512],[107.66483,21.16275],[107.67284,21.18534],[107.66169,21.19087],[107.65424,21.14896],[107.6663,21.1512]]],[[[107.36916,21.03646],[107.39568,21.04832],[107.41179,21.0513],[107.42538,21.06724],[107.44395,21.07883],[107.47143,21.08974],[107.47886,21.10351],[107.50639,21.12134],[107.51776,21.1485],[107.5366,21.15947],[107.54082,21.14326],[107.5647,21.16061],[107.58154,21.17704],[107.61078,21.21865],[107.59661,21.21882],[107.58379,21.20593],[107.55225,21.19714],[107.53738,21.1965],[107.53104,21.2157],[107.51801,21.2316],[107.48005,21.26472],[107.48151,21.27884],[107.46553,21.28042],[107.45022,21.27456],[107.44456,21.25721],[107.44571,21.2341],[107.42515,21.20961],[107.38639,21.18241],[107.41232,21.18285],[107.41413,21.13987],[107.39253,21.11731],[107.36532,21.07503],[107.37201,21.05811],[107.36916,21.03646]]]]},"properties":{"shapeName":"Van Don","shapeISO":"","shapeID":"81297802B23156291808671","shapeGroup":"VNM","shapeType":"ADM2"}},
{"type":"Feature","geometry":{"type":"Polygon","coordinates":[[[105.90846,20.92633],[105.91269,20.91719],[105.89945,20.90545],[105.89623,20.89394],[105.91487,20.88395],[105.95013,20.90439],[105.96563,20.90275],[105.97433,20.91416],[105.99064,20.92303],[106.01198,20.92603],[106.01641,20.938],[105.98094,20.96803],[105.96463,20.96315],[105.93862,20.96784],[105.91573,20.9755],[105.90415,20.94665],[105.91508,20.93708],[105.90846,20.92633]]]},"properties":{"shapeName":"Van Giang","shapeISO":"","shapeID":"81297802B33082020704537","shapeGroup":"VNM","shapeType":"ADM2"}},
{"type":"Feature","geometry":{"type":"Polygon","coordinates":[[[104.86868,21.02963],[104.84013,21.02997],[104.82403,21.03593],[104.80364,21.03175],[104.79289,21.04127],[104.76611,21.04462],[104.76301,21.02698],[104.77474,21.01386],[104.79153,20.98526],[104.79592,20.96567],[104.78427,20.94346],[104.81359,20.93801],[104.81599,20.9167],[104.80575,20.90245],[104.82047,20.88819],[104.81426,20.88209],[104.81539,20.86433],[104.77827,20.86331],[104.7825,20.84521],[104.76579,20.83568],[104.7627,20.81349],[104.74924,20.81323],[104.72839,20.80385],[104.67776,20.80639],[104.67042,20.79834],[104.7006,20.77072],[104.68334,20.77033],[104.66824,20.75133],[104.65914,20.74861],[104.65824,20.72453],[104.64757,20.70573],[104.64693,20.67741],[104.63754,20.67137],[104.64022,20.65262],[104.65841,20.63651],[104.66436,20.62316],[104.6986,20.60194],[104.72366,20.60259],[104.72982,20.58662],[104.74305,20.573],[104.76702,20.5815],[104.80242,20.58302],[104.7994,20.61827],[104.813,20.63259],[104.8371,20.64314],[104.8464,20.65222],[104.837,20.6602],[104.84159,20.68572],[104.83648,20.697],[104.84934,20.70322],[104.83875,20.71545],[104.84483,20.73103],[104.83675,20.73464],[104.84286,20.75226],[104.85928,20.75369],[104.87431,20.76761],[104.9035,20.75372],[104.91693,20.75312],[104.92373,20.74374],[104.95395,20.73976],[104.97296,20.72675],[104.99962,20.7281],[105.01342,20.74114],[104.99062,20.75499],[104.99834,20.76509],[105.00535,20.78916],[105.01252,20.78511],[105.02531,20.80216],[105.00182,20.81399],[105.0063,20.84485],[104.99138,20.87461],[104.97974,20.8922],[104.97844,20.90543],[104.95395,20.92509],[104.93958,20.93248],[104.92174,20.96495],[104.89523,20.98742],[104.89118,21.00689],[104.88184,21.0219],[104.86868,21.02963]]]},"properties":{"shapeName":"Van Ho","shapeISO":"","shapeID":"81297802B72197288944143","shapeGroup":"VNM","shapeType":"ADM2"}},
{"type":"Feature","geometry":{"type":"Polygon","coordinates":[[[106.12735,20.98375],[106.11581,20.99602],[106.1025,20.99736],[106.09032,21.00701],[106.07698,20.99545],[106.06707,21.00088],[106.04198,21.00355],[106.02663,20.99362],[106.00124,21.00003],[105.97752,20.99894],[105.9613,20.98824],[105.96463,20.96315],[105.98094,20.96803],[106.01641,20.938],[106.03197,20.95394],[106.05609,20.96313],[106.07003,20.96452],[106.06871,20.97767],[106.11337,20.95783],[106.13558,20.96005],[106.13806,20.97457],[106.12735,20.98375]]]},"properties":{"shapeName":"Van Lam","shapeISO":"","shapeID":"81297802B83094530275497","shapeGroup":"VNM","shapeType":"ADM2"}},
{"type":"Feature","geometry":{"type":"Polygon","coordinates":[[[106.49181,21.97277],[106.51224,21.9714],[106.52821,21.9827],[106.53197,21.9974],[106.57393,22.00528],[106.59099,22.00057],[106.59984,21.97289],[106.6105,21.96768],[106.60093,21.94283],[106.60179,21.91434],[106.59695,21.90895],[106.60734,21.8864],[106.61676,21.89178],[106.62638,21.88291],[106.63086,21.89918],[106.64802,21.91983],[106.66003,21.92361],[106.65944,21.93968],[106.69224,21.95853],[106.69924,21.96843],[106.68503,21.98107],[106.6859,22.0062],[106.70835,22.02626],[106.69755,22.0532],[106.70705,22.05962],[106.70935,22.10376],[106.69282,22.11901],[106.69773,22.15387],[106.69485,22.16191],[106.67861,22.17074],[106.67224,22.18242],[106.6584,22.1816],[106.63161,22.16086],[106.61707,22.16694],[106.59746,22.15062],[106.58491,22.16752],[106.54944,22.17471],[106.53708,22.17089],[106.52943,22.14663],[106.50752,22.14655],[106.48506,22.15615],[106.49132,22.139],[106.4793,22.13556],[106.47278,22.11629],[106.459,22.10408],[106.4439,22.098],[106.43782,22.08485],[106.4466,22.04158],[106.43431,22.02624],[106.4495,22.01365],[106.44185,21.98902],[106.44911,21.97763],[106.46649,21.98192],[106.48321,21.97123],[106.49181,21.97277]]]},"properties":{"shapeName":"Van Lang","shapeISO":"","shapeID":"81297802B84784766195181","shapeGroup":"VNM","shapeType":"ADM2"}},
{"type":"Feature","geometry":{"type":"MultiPolygon","coordinates":[[[[109.32261,12.63734],[109.30451,12.63002],[109.30241,12.61972],[109.31627,12.60756],[109.33293,12.60801],[109.33851,12.59003],[109.36671,12.57607],[109.37361,12.5664],[109.39783,12.54986],[109.41152,12.56012],[109.39489,12.58542],[109.39747,12.5927],[109.38491,12.6053],[109.38491,12.62376],[109.3635,12.63244],[109.35591,12.62573],[109.32261,12.63734]]],[[[109.33093,12.84631],[109.30194,12.84107],[109.28686,12.83188],[109.26088,12.83807],[109.22942,12.81251],[109.21006,12.82979],[109.1693,12.82681],[109.14108,12.78119],[109.1264,12.79585],[109.11796,12.79662],[109.10947,12.77314],[109.09257,12.76036],[109.08746,12.74295],[109.09894,12.72604],[109.10847,12.72205],[109.107,12.70843],[109.11424,12.68811],[109.1106,12.68066],[109.13321,12.66593],[109.11793,12.64158],[109.13432,12.6387],[109.15479,12.62751],[109.15942,12.61386],[109.1617,12.58538],[109.17051,12.58213],[109.20004,12.58848],[109.20379,12.61771],[109.19061,12.63137],[109.20345,12.64967],[109.21543,12.65523],[109.21046,12.66787],[109.22748,12.69326],[109.24128,12.7023],[109.25613,12.70316],[109.27088,12.72322],[109.28845,12.73833],[109.30439,12.76075],[109.32426,12.76418],[109.33179,12.79367],[109.35041,12.79912],[109.3552,12.78621],[109.35296,12.76463],[109.36054,12.7447],[109.3787,12.71629],[109.36849,12.6897],[109.35294,12.69227],[109.34431,12.65987],[109.36196,12.65055],[109.3664,12.66601],[109.40092,12.67509],[109.40639,12.6714],[109.41223,12.64906],[109.40918,12.63394],[109.39001,12.62955],[109.39743,12.6072],[109.41447,12.60336],[109.41569,12.57708],[109.44063,12.57874],[109.42955,12.59639],[109.43646,12.61962],[109.43491,12.64064],[109.43888,12.64803],[109.45719,12.65285],[109.45356,12.66817],[109.42435,12.67101],[109.39749,12.71],[109.37558,12.75086],[109.35997,12.79441],[109.35752,12.81842],[109.3656,12.83714],[109.39041,12.84363],[109.37669,12.85573],[109.35082,12.85668],[109.3432,12.84733],[109.33093,12.84631]]]]},"properties":{"shapeName":"Van Ninh","shapeISO":"","shapeID":"81297802B51561347842325","shapeGroup":"VNM","shapeType":"ADM2"}},
{"type":"Feature","geometry":{"type":"Polygon","coordinates":[[[106.39302,21.75207],[106.39105,21.73896],[106.39483,21.71033],[106.40899,21.69595],[106.42141,21.69592],[106.43733,21.68755],[106.465,21.7004],[106.45241,21.71204],[106.44823,21.72438],[106.45802,21.74554],[106.4745,21.74841],[106.48786,21.75983],[106.50727,21.74577],[106.52471,21.75289],[106.54423,21.75054],[106.55492,21.76545],[106.57165,21.76299],[106.60565,21.74044],[106.62341,21.7388],[106.63886,21.75713],[106.64333,21.77743],[106.63122,21.78905],[106.63388,21.80007],[106.65907,21.81381],[106.67339,21.82759],[106.67134,21.83497],[106.7124,21.83405],[106.71524,21.84671],[106.70197,21.86958],[106.68742,21.87482],[106.67613,21.86781],[106.65324,21.88201],[106.62638,21.88291],[106.61676,21.89178],[106.60734,21.8864],[106.59695,21.90895],[106.60179,21.91434],[106.60093,21.94283],[106.6105,21.96768],[106.59984,21.97289],[106.59099,22.00057],[106.57393,22.00528],[106.53197,21.9974],[106.52821,21.9827],[106.51224,21.9714],[106.49181,21.97277],[106.49445,21.94936],[106.51632,21.94775],[106.52786,21.94252],[106.54049,21.9229],[106.49511,21.91108],[106.48356,21.8976],[106.43657,21.86732],[106.41809,21.8685],[106.40735,21.85442],[106.41118,21.83648],[106.4047,21.81426],[106.40319,21.79357],[106.40813,21.77975],[106.40554,21.75972],[106.39302,21.75207]]]},"properties":{"shapeName":"Van Quan","shapeISO":"","shapeID":"81297802B89235073975729","shapeGroup":"VNM","shapeType":"ADM2"}},
{"type":"Feature","geometry":{"type":"Polygon","coordinates":[[[104.39842,22.13608],[104.40643,22.1168],[104.39598,22.11364],[104.38998,22.09533],[104.37973,22.09133],[104.37964,22.07156],[104.40854,22.03223],[104.41489,22.0282],[104.43003,21.97417],[104.427,21.93526],[104.38718,21.912],[104.38548,21.89932],[104.3538,21.87511],[104.34914,21.85037],[104.3397,21.84014],[104.34288,21.83015],[104.37844,21.81425],[104.39159,21.79578],[104.41274,21.79353],[104.41609,21.77427],[104.39441,21.7734],[104.38977,21.76814],[104.40213,21.75886],[104.424,21.76113],[104.44343,21.7549],[104.44855,21.7457],[104.47422,21.74173],[104.48375,21.7478],[104.51931,21.75905],[104.53072,21.75918],[104.55023,21.73921],[104.55825,21.74136],[104.58669,21.73344],[104.59966,21.71434],[104.61863,21.69827],[104.63406,21.69724],[104.67855,21.6616],[104.69549,21.66594],[104.68639,21.70985],[104.69147,21.72526],[104.71885,21.73337],[104.71269,21.74745],[104.72313,21.76612],[104.7423,21.7813],[104.7582,21.78078],[104.7648,21.79143],[104.7545,21.80151],[104.75547,21.81835],[104.74097,21.8377],[104.76885,21.84643],[104.77468,21.86884],[104.79293,21.87848],[104.78266,21.90366],[104.76813,21.91314],[104.75,21.91516],[104.74985,21.93981],[104.74126,21.93406],[104.71534,21.93476],[104.70832,21.94657],[104.6789,21.97375],[104.66659,21.98024],[104.66328,21.99182],[104.65052,21.99933],[104.63474,22.01789],[104.62549,22.01637],[104.61652,22.03031],[104.5916,22.04477],[104.5815,22.06468],[104.56252,22.08635],[104.52796,22.11038],[104.52073,22.12321],[104.48519,22.14477],[104.47238,22.16205],[104.45717,22.17047],[104.45351,22.18575],[104.41567,22.20001],[104.38873,22.17078],[104.40225,22.14747],[104.39842,22.13608]]]},"properties":{"shapeName":"Van Yen","shapeISO":"","shapeID":"81297802B29692958480362","shapeGroup":"VNM","shapeType":"ADM2"}},
{"type":"Feature","geometry":{"type":"Polygon","coordinates":[[[105.43248,9.80758],[105.4337,9.79059],[105.40516,9.76959],[105.41486,9.75385],[105.3938,9.74475],[105.39084,9.73585],[105.37237,9.72986],[105.35702,9.71263],[105.32932,9.69771],[105.3387,9.68062],[105.36481,9.68648],[105.3757,9.69301],[105.38352,9.68526],[105.39597,9.70162],[105.42183,9.69485],[105.45109,9.71175],[105.4595,9.72517],[105.45944,9.73777],[105.47052,9.74472],[105.48418,9.74418],[105.48997,9.78036],[105.50294,9.79868],[105.49428,9.80776],[105.46458,9.81045],[105.4611,9.82657],[105.43094,9.81651],[105.43248,9.80758]]]},"properties":{"shapeName":"Vi Thanh","shapeISO":"","shapeID":"81297802B29627750987730","shapeGroup":"VNM","shapeType":"ADM2"}},
{"type":"Feature","geometry":{"type":"Polygon","coordinates":[[[105.53953,9.91304],[105.51681,9.86313],[105.5208,9.85916],[105.47682,9.83295],[105.4611,9.82657],[105.46458,9.81045],[105.49428,9.80776],[105.50294,9.79868],[105.48997,9.78036],[105.48418,9.74418],[105.47052,9.74472],[105.45944,9.73777],[105.4595,9.72517],[105.45109,9.71175],[105.46667,9.68823],[105.47719,9.69916],[105.51105,9.71753],[105.52155,9.73147],[105.53525,9.72035],[105.54005,9.7067],[105.55665,9.71593],[105.56646,9.7313],[105.5754,9.75651],[105.58995,9.77568],[105.6135,9.81417],[105.62745,9.8326],[105.59154,9.86527],[105.53953,9.91304]]]},"properties":{"shapeName":"Vi Thuy","shapeISO":"","shapeID":"81297802B65836895267297","shapeGroup":"VNM","shapeType":"ADM2"}},
{"type":"Feature","geometry":{"type":"Polygon","coordinates":[[[105.05144,22.81808],[105.04101,22.82176],[105.03138,22.80699],[104.98183,22.80269],[104.98796,22.79218],[104.97959,22.7643],[104.95999,22.75199],[104.94113,22.76221],[104.93983,22.77003],[104.9121,22.7795],[104.90878,22.78791],[104.89045,22.78755],[104.86392,22.80188],[104.86796,22.81457],[104.8981,22.83792],[104.9144,22.83519],[104.93384,22.85387],[104.95509,22.83897],[104.96737,22.84505],[104.99288,22.8664],[105.01752,22.86797],[105.02599,22.87715],[105.07676,22.83996],[105.10048,22.82998],[105.11825,22.84128],[105.13623,22.83777],[105.15304,22.86212],[105.14937,22.88821],[105.14101,22.90539],[105.14461,22.92076],[105.13422,22.95723],[105.1244,22.96623],[105.10552,22.96598],[105.09735,22.95512],[105.08063,22.95613],[105.06099,22.94617],[105.03896,22.96715],[105.02737,22.99077],[105.00508,22.99827],[104.98713,22.98004],[104.98693,22.94605],[104.97508,22.94673],[104.96722,22.96295],[104.96567,22.99197],[104.93499,22.99368],[104.93004,22.99951],[104.93033,23.02657],[104.93716,23.04336],[104.91823,23.04072],[104.90589,23.03383],[104.90333,23.02367],[104.87911,23.02202],[104.87979,23.01287],[104.89332,23.00307],[104.8839,22.98936],[104.86736,22.98153],[104.83763,22.97347],[104.84571,22.97139],[104.86208,22.94539],[104.84351,22.92941],[104.8125,22.91943],[104.79204,22.90395],[104.77735,22.90209],[104.76607,22.88326],[104.75675,22.85648],[104.73501,22.85687],[104.73326,22.82226],[104.74005,22.80207],[104.7595,22.79243],[104.78732,22.80538],[104.80929,22.79726],[104.81388,22.77568],[104.80469,22.76011],[104.81258,22.74101],[104.80159,22.7298],[104.77736,22.71692],[104.78476,22.69803],[104.7985,22.68588],[104.7977,22.6744],[104.77882,22.66509],[104.77078,22.65104],[104.78513,22.62025],[104.79505,22.62258],[104.81134,22.60767],[104.83472,22.60248],[104.85239,22.59176],[104.8751,22.59116],[104.88488,22.58312],[104.89882,22.58278],[104.90734,22.59774],[104.9413,22.58649],[104.92651,22.56064],[104.91652,22.55299],[104.92284,22.53747],[104.93785,22.55649],[104.95611,22.54706],[104.95542,22.53552],[104.97073,22.53031],[104.98444,22.51063],[104.99789,22.52866],[105.01053,22.52923],[105.02384,22.54165],[105.01979,22.55325],[105.03532,22.55886],[105.04195,22.5431],[105.05296,22.53883],[105.05787,22.51803],[105.08162,22.4986],[105.0893,22.48287],[105.10852,22.48951],[105.12746,22.53558],[105.11388,22.57501],[105.1332,22.5889],[105.12681,22.60487],[105.15966,22.62224],[105.13047,22.66945],[105.14431,22.69153],[105.15404,22.71183],[105.1278,22.72813],[105.13605,22.73927],[105.10386,22.77093],[105.07644,22.78483],[105.06384,22.80718],[105.05144,22.81808]]]},"properties":{"shapeName":"Vi Xuyen","shapeISO":"","shapeID":"81297802B6357673458882","shapeGroup":"VNM","shapeType":"ADM2"}},
{"type":"Feature","geometry":{"type":"Polygon","coordinates":[[[105.44352,21.2649],[105.45366,21.29298],[105.45048,21.29965],[105.45662,21.30963],[105.44437,21.3268],[105.40218,21.35023],[105.39183,21.36926],[105.37993,21.37087],[105.36919,21.38439],[105.37646,21.39709],[105.35706,21.39647],[105.34001,21.37083],[105.31837,21.38372],[105.30705,21.36815],[105.31474,21.35097],[105.29906,21.34731],[105.29261,21.33431],[105.31818,21.31451],[105.35087,21.31075],[105.35631,21.29152],[105.37001,21.29202],[105.38932,21.30221],[105.40043,21.30318],[105.43657,21.28655],[105.44352,21.2649]]]},"properties":{"shapeName":"Viet Tri","shapeISO":"","shapeID":"81297802B93284854578765","shapeGroup":"VNM","shapeType":"ADM2"}},
{"type":"Feature","geometry":{"type":"Polygon","coordinates":[[[106.15399,21.31347],[106.1372,21.33416],[106.1239,21.3334],[106.1055,21.32523],[106.06779,21.3404],[106.05814,21.33627],[106.03524,21.33841],[106.02536,21.32464],[106.03018,21.2857],[106.04008,21.27969],[106.0224,21.26599],[106.00764,21.26785],[106.0031,21.25863],[106.02412,21.2542],[106.03577,21.24583],[106.03332,21.23603],[106.03626,21.20932],[106.05473,21.22793],[106.09059,21.20537],[106.12247,21.19817],[106.13129,21.21619],[106.15161,21.20938],[106.1524,21.22506],[106.14219,21.23298],[106.1671,21.252],[106.1583,21.26471],[106.14176,21.27183],[106.14026,21.27945],[106.15746,21.28684],[106.16169,21.29914],[106.15399,21.31347]]]},"properties":{"shapeName":"Viet Yen","shapeISO":"","shapeID":"81297802B30186135932553","shapeGroup":"VNM","shapeType":"ADM2"}},
{"type":"Feature","geometry":{"type":"Polygon","coordinates":[[[105.70662,18.64101],[105.71335,18.66338],[105.72759,18.67247],[105.74202,18.668],[105.76325,18.67037],[105.76896,18.6776],[105.75677,18.70506],[105.74545,18.70597],[105.74324,18.68887],[105.7175,18.70739],[105.69792,18.73634],[105.69433,18.7543],[105.67945,18.75215],[105.65532,18.76614],[105.64197,18.76084],[105.64678,18.74507],[105.63863,18.74131],[105.63652,18.72025],[105.64534,18.68853],[105.63997,18.68019],[105.64441,18.65918],[105.67455,18.64626],[105.68528,18.65396],[105.70662,18.64101]]]},"properties":{"shapeName":"Vinh","shapeISO":"","shapeID":"81297802B9978574523269","shapeGroup":"VNM","shapeType":"ADM2"}},
{"type":"Feature","geometry":{"type":"Polygon","coordinates":[[[106.40782,20.72843],[106.41711,20.71682],[106.40231,20.69347],[106.42462,20.67116],[106.43825,20.66226],[106.45497,20.63893],[106.45025,20.62017],[106.46434,20.61506],[106.47166,20.5982],[106.48186,20.59946],[106.49312,20.61664],[106.51175,20.61352],[106.51945,20.60254],[106.54004,20.60836],[106.54157,20.62252],[106.55894,20.62666],[106.56853,20.61969],[106.60141,20.63977],[106.59696,20.6539],[106.57897,20.67281],[106.55523,20.68119],[106.52972,20.66434],[106.51411,20.67078],[106.51315,20.71542],[106.52006,20.73668],[106.5195,20.76207],[106.49855,20.76028],[106.49123,20.75279],[106.47355,20.75377],[106.46501,20.73098],[106.43769,20.72014],[106.42788,20.73218],[106.41154,20.73402],[106.40782,20.72843]]]},"properties":{"shapeName":"Vinh Bao","shapeISO":"","shapeID":"81297802B55266176914642","shapeGroup":"VNM","shapeType":"ADM2"}},
{"type":"Feature","geometry":{"type":"Polygon","coordinates":[[[105.82776,9.2437],[105.88726,9.26885],[105.97492,9.29752],[106.01139,9.30813],[106.08576,9.33303],[106.10396,9.33716],[106.11195,9.33311],[106.13173,9.33847],[106.16534,9.35454],[106.18777,9.37854],[106.1873,9.41477],[106.17682,9.41996],[106.16398,9.41923],[106.14015,9.40196],[106.10735,9.43136],[106.09055,9.43724],[106.06205,9.45311],[106.03806,9.45075],[106.01748,9.43218],[106.00551,9.43422],[105.98828,9.42453],[105.97436,9.42817],[105.93804,9.40559],[105.93219,9.38518],[105.92389,9.3751],[105.89164,9.36737],[105.86864,9.35303],[105.85878,9.3596],[105.81216,9.33931],[105.82596,9.27674],[105.81925,9.27293],[105.82776,9.2437]]]},"properties":{"shapeName":"Vinh Chau","shapeISO":"","shapeID":"81297802B36990393529741","shapeGroup":"VNM","shapeType":"ADM2"}},
{"type":"Feature","geometry":{"type":"Polygon","coordinates":[[[106.81567,11.06333],[106.80281,11.0599],[106.81306,11.03272],[106.8083,11.02632],[106.78513,11.01828],[106.77468,11.006],[106.78226,10.98722],[106.7964,10.97281],[106.81056,10.99159],[106.83246,10.99155],[106.86268,11.00494],[106.87763,11.00451],[106.90307,10.99456],[106.91785,10.99944],[106.95391,10.99053],[106.96909,10.99493],[106.97814,11.01147],[107.00789,11.00373],[107.03091,11.03097],[107.05119,11.06521],[107.06334,11.07994],[107.0581,11.09837],[107.06351,11.10351],[107.10631,11.08406],[107.10873,11.08556],[107.11241,11.10811],[107.12158,11.12962],[107.11766,11.14506],[107.12283,11.17121],[107.1388,11.18996],[107.19451,11.20883],[107.17598,11.25549],[107.16897,11.28481],[107.15882,11.30381],[107.17934,11.33428],[107.1829,11.34617],[107.19861,11.35474],[107.20783,11.37449],[107.20479,11.3896],[107.22315,11.41474],[107.22799,11.43056],[107.19603,11.4564],[107.20433,11.46824],[107.20043,11.49089],[107.178,11.51251],[107.135,11.50214],[107.11398,11.48105],[107.10141,11.48359],[107.0955,11.46924],[107.06878,11.45042],[107.06877,11.42961],[107.07647,11.41989],[107.06828,11.40373],[107.05859,11.40064],[107.06045,11.38474],[107.0356,11.37096],[107.01418,11.34086],[106.99878,11.33329],[106.97885,11.33249],[106.97297,11.31796],[106.95784,11.30975],[106.93821,11.30817],[106.94181,11.29334],[106.92476,11.2713],[106.9282,11.24948],[106.91335,11.23094],[106.91605,11.21618],[106.90114,11.21043],[106.90542,11.19446],[106.93331,11.18975],[106.94127,11.16783],[106.95336,11.1641],[106.95615,11.15288],[106.95344,11.12922],[106.96576,11.10962],[106.95756,11.10702],[106.94662,11.08905],[106.95222,11.0721],[106.94782,11.05976],[106.93187,11.06481],[106.92333,11.04823],[106.91244,11.04091],[106.91141,11.027],[106.89456,11.02789],[106.87361,11.02008],[106.85837,11.03255],[106.83985,11.03985],[106.82712,11.06512],[106.81567,11.06333]]]},"properties":{"shapeName":"Vinh Cuu","shapeISO":"","shapeID":"81297802B24916871487669","shapeGroup":"VNM","shapeType":"ADM2"}},
{"type":"Feature","geometry":{"type":"Polygon","coordinates":[[[105.90028,10.84418],[105.84864,10.86399],[105.86466,10.90139],[105.80637,10.97904],[105.78077,11.02939],[105.75317,11.0251],[105.72753,11.02538],[105.70734,11.01521],[105.69414,11.00207],[105.66682,10.98812],[105.63571,10.98056],[105.70522,10.91529],[105.75795,10.88077],[105.75819,10.86567],[105.74366,10.86382],[105.73994,10.84283],[105.75104,10.82746],[105.76682,10.82991],[105.79547,10.78884],[105.80649,10.77915],[105.80635,10.73301],[105.81757,10.72949],[105.85237,10.78039],[105.87248,10.79117],[105.88245,10.81227],[105.87559,10.8216],[105.89613,10.83523],[105.90028,10.84418]]]},"properties":{"shapeName":"Vinh Hung","shapeISO":"","shapeID":"81297802B51272444346298","shapeGroup":"VNM","shapeType":"ADM2"}},
{"type":"Feature","geometry":{"type":"Polygon","coordinates":[[[107.11201,17.01542],[107.10952,17.03753],[107.11573,17.04416],[107.11175,17.08632],[107.09559,17.10036],[107.07291,17.10947],[107.04505,17.12673],[106.9942,17.16223],[106.95543,17.12518],[106.9535,17.12011],[106.91329,17.10201],[106.87544,17.07762],[106.8588,17.07492],[106.86479,17.0547],[106.8524,17.03909],[106.83462,17.03398],[106.81568,17.03946],[106.80349,17.02059],[106.80921,17.00213],[106.80479,16.99273],[106.78457,16.98662],[106.7746,16.95382],[106.77838,16.93034],[106.75828,16.92867],[106.74376,16.92143],[106.72337,16.9302],[106.71597,16.9416],[106.70201,16.94092],[106.6983,16.92962],[106.68142,16.90893],[106.68707,16.9016],[106.71536,16.8967],[106.75419,16.89997],[106.79473,16.89141],[106.82823,16.89561],[106.85078,16.90319],[106.87089,16.91468],[106.88251,16.9036],[106.89765,16.90744],[106.91622,16.92344],[106.93986,16.92371],[106.94974,16.93708],[106.94196,16.9451],[106.96103,16.9644],[106.97719,16.96271],[106.99004,16.97189],[107.01205,16.97975],[107.03041,16.9725],[107.05474,16.98162],[107.0504,17.00285],[107.06116,17.01005],[107.07299,17.00477],[107.08577,16.99108],[107.10451,17.00187],[107.11201,17.01542]]]},"properties":{"shapeName":"Vinh Linh","shapeISO":"","shapeID":"81297802B84418908504415","shapeGroup":"VNM","shapeType":"ADM2"}},
{"type":"Feature","geometry":{"type":"Polygon","coordinates":[[[105.56738,20.07257],[105.57463,20.06682],[105.60156,20.06428],[105.61277,20.05336],[105.61005,20.04372],[105.58723,20.04933],[105.58802,20.02636],[105.60904,20.02392],[105.64113,20.00695],[105.67333,20.01778],[105.69439,20.00015],[105.71701,19.99484],[105.72642,19.98715],[105.72699,19.97268],[105.7595,19.95787],[105.7645,19.97115],[105.74861,19.98817],[105.74479,19.99983],[105.75833,20.00694],[105.7643,20.0219],[105.76004,20.0331],[105.76594,20.0525],[105.75071,20.06328],[105.73856,20.05875],[105.7277,20.03602],[105.68713,20.05206],[105.66454,20.04925],[105.68153,20.06709],[105.67549,20.0937],[105.66435,20.10396],[105.65252,20.09786],[105.6144,20.10104],[105.59528,20.12305],[105.57189,20.10374],[105.5547,20.09518],[105.56738,20.07257]]]},"properties":{"shapeName":"Vinh Loc","shapeISO":"","shapeID":"81297802B11071874803157","shapeGroup":"VNM","shapeType":"ADM2"}},
{"type":"Feature","geometry":{"type":"Polygon","coordinates":[[[105.81216,9.33931],[105.85878,9.3596],[105.84787,9.39657],[105.82219,9.38555],[105.80902,9.37155],[105.78551,9.38283],[105.77844,9.40236],[105.76674,9.41075],[105.74589,9.40614],[105.73757,9.39519],[105.71625,9.39104],[105.70543,9.37804],[105.68534,9.37825],[105.6731,9.39067],[105.65619,9.38534],[105.6386,9.40914],[105.61753,9.40832],[105.58848,9.42476],[105.57829,9.41329],[105.55226,9.38986],[105.54962,9.38054],[105.57467,9.34939],[105.57791,9.35953],[105.62409,9.36269],[105.6532,9.33014],[105.63778,9.31377],[105.64934,9.2944],[105.65891,9.26048],[105.68997,9.27915],[105.68262,9.30634],[105.70631,9.31426],[105.72357,9.31414],[105.73067,9.32157],[105.74724,9.30061],[105.76704,9.31542],[105.81216,9.33931]]]},"properties":{"shapeName":"Vinh Loi","shapeISO":"","shapeID":"81297802B93911642889100","shapeGroup":"VNM","shapeType":"ADM2"}},
{"type":"Feature","geometry":{"type":"Polygon","coordinates":[[[105.89409,10.27581],[105.87777,10.26319],[105.89057,10.244],[105.9155,10.21909],[105.92684,10.24144],[105.94421,10.23856],[105.95354,10.22106],[105.97783,10.23165],[105.9901,10.2281],[105.99671,10.26316],[105.969,10.25773],[105.95418,10.26243],[105.9273,10.28415],[105.9033,10.27458],[105.89409,10.27581]]]},"properties":{"shapeName":"Vinh Long","shapeISO":"","shapeID":"81297802B51499597672373","shapeGroup":"VNM","shapeType":"ADM2"}},
{"type":"Feature","geometry":{"type":"Polygon","coordinates":[[[108.7545,14.04527],[108.76558,14.04881],[108.78218,14.04447],[108.79585,14.02062],[108.81008,14.02616],[108.83812,14.01881],[108.86498,14.01895],[108.86879,14.03996],[108.85721,14.06371],[108.86456,14.07308],[108.85652,14.08369],[108.86385,14.10588],[108.85838,14.11677],[108.87523,14.13137],[108.86888,14.14323],[108.84082,14.1581],[108.83988,14.18289],[108.82411,14.19357],[108.82583,14.21332],[108.81416,14.22512],[108.81051,14.26008],[108.80471,14.27572],[108.80802,14.28546],[108.80103,14.30374],[108.8052,14.32438],[108.79258,14.34446],[108.77904,14.34847],[108.77404,14.3654],[108.76075,14.37568],[108.75998,14.38787],[108.74254,14.39811],[108.72169,14.39565],[108.72013,14.42421],[108.69651,14.42765],[108.68185,14.44105],[108.64663,14.43955],[108.63855,14.45118],[108.63161,14.44696],[108.61647,14.45696],[108.60398,14.45233],[108.6175,14.41044],[108.63428,14.3722],[108.62376,14.35572],[108.63384,14.34825],[108.64692,14.2974],[108.66046,14.28067],[108.6556,14.25962],[108.6682,14.24439],[108.66519,14.23357],[108.67615,14.2234],[108.67391,14.20756],[108.68133,14.19358],[108.67711,14.1782],[108.6662,14.16522],[108.67866,14.16084],[108.67696,14.14933],[108.68695,14.12861],[108.70061,14.10654],[108.71273,14.09625],[108.7225,14.06523],[108.73453,14.05244],[108.7545,14.04527]]]},"properties":{"shapeName":"Vinh Thanh","shapeISO":"","shapeID":"81297802B21955309192571","shapeGroup":"VNM","shapeType":"ADM2"}},
{"type":"Feature","geometry":{"type":"Polygon","coordinates":[[[105.49874,10.23474],[105.49866,10.26143],[105.48489,10.28984],[105.48803,10.297],[105.47948,10.3124],[105.42669,10.30302],[105.44138,10.26976],[105.39813,10.25317],[105.33621,10.23442],[105.312,10.27393],[105.30135,10.277],[105.28892,10.25985],[105.26711,10.23884],[105.25312,10.23852],[105.23121,10.20878],[105.22575,10.20116],[105.27483,10.16164],[105.29821,10.13855],[105.31708,10.14129],[105.3531,10.10068],[105.34585,10.13642],[105.37169,10.16173],[105.41432,10.16637],[105.44156,10.18535],[105.45667,10.18318],[105.47043,10.19411],[105.48941,10.23359],[105.49874,10.23474]]]},"properties":{"shapeName":"Vinh Thanh","shapeISO":"","shapeID":"81297802B96455619083063","shapeGroup":"VNM","shapeType":"ADM2"}},
{"type":"Feature","geometry":{"type":"Polygon","coordinates":[[[105.24691,9.68419],[105.24323,9.67387],[105.23142,9.67478],[105.22042,9.65954],[105.20268,9.65451],[105.19347,9.63046],[105.17123,9.6329],[105.16666,9.62049],[105.18475,9.60445],[105.2021,9.58192],[105.13989,9.49249],[105.1374,9.47788],[105.2623,9.39932],[105.27817,9.43304],[105.29494,9.43338],[105.29128,9.45619],[105.29407,9.48993],[105.32358,9.51688],[105.32663,9.5393],[105.32391,9.55856],[105.30801,9.56295],[105.31267,9.57225],[105.29548,9.58404],[105.28628,9.60002],[105.28647,9.62487],[105.29469,9.63716],[105.30453,9.64151],[105.28861,9.66258],[105.27547,9.66939],[105.27449,9.67975],[105.24691,9.68419]]]},"properties":{"shapeName":"Vinh Thuan","shapeISO":"","shapeID":"81297802B62462651678890","shapeGroup":"VNM","shapeType":"ADM2"}},
{"type":"Feature","geometry":{"type":"Polygon","coordinates":[[[105.47401,21.17267],[105.49222,21.16094],[105.51557,21.15642],[105.53806,21.15621],[105.53776,21.1681],[105.52936,21.18382],[105.54529,21.19353],[105.53783,21.21799],[105.54785,21.23569],[105.53994,21.24181],[105.53876,21.25664],[105.52488,21.26188],[105.52281,21.27235],[105.53425,21.28552],[105.53272,21.29583],[105.53985,21.31413],[105.5108,21.32371],[105.50497,21.33848],[105.48828,21.33475],[105.47692,21.30596],[105.46568,21.29583],[105.45048,21.29965],[105.45366,21.29298],[105.44352,21.2649],[105.44601,21.24537],[105.46076,21.22117],[105.46956,21.17665],[105.47401,21.17267]]]},"properties":{"shapeName":"Vinh Tuong","shapeISO":"","shapeID":"81297802B74371944720443","shapeGroup":"VNM","shapeType":"ADM2"}},
{"type":"Feature","geometry":{"type":"Polygon","coordinates":[[[105.61729,21.34439],[105.59587,21.34374],[105.58586,21.33367],[105.56029,21.31894],[105.54947,21.30401],[105.55351,21.27511],[105.56972,21.2824],[105.60107,21.28023],[105.61095,21.26787],[105.62456,21.27483],[105.62554,21.29057],[105.63988,21.30121],[105.61729,21.34439]]]},"properties":{"shapeName":"Vinh Yen","shapeISO":"","shapeID":"81297802B55955468315553","shapeGroup":"VNM","shapeType":"ADM2"}},
{"type":"Feature","geometry":{"type":"Polygon","coordinates":[[[106.12973,21.90505],[106.13006,21.92317],[106.09861,21.93758],[106.08051,21.94239],[106.05934,21.9415],[106.04659,21.96036],[106.02613,21.96402],[106.01233,21.9375],[105.97023,21.93515],[105.97094,21.92476],[105.94654,21.90254],[105.93003,21.89587],[105.91045,21.89519],[105.89163,21.87484],[105.88162,21.85871],[105.8633,21.84979],[105.85469,21.83583],[105.85653,21.81874],[105.84859,21.81305],[105.8593,21.78181],[105.88811,21.77093],[105.9169,21.77615],[105.92289,21.74995],[105.91249,21.7298],[105.89356,21.72769],[105.88967,21.71255],[105.89946,21.69129],[105.93343,21.69506],[105.96071,21.70936],[105.98119,21.70982],[105.99715,21.6988],[105.99984,21.67929],[106.01631,21.67508],[106.03022,21.65915],[106.03164,21.64493],[106.04355,21.64245],[106.05167,21.62379],[106.07432,21.61167],[106.07855,21.61804],[106.09962,21.62473],[106.12711,21.61587],[106.15954,21.62627],[106.17394,21.60974],[106.18486,21.60404],[106.19751,21.62009],[106.19148,21.64592],[106.20592,21.66353],[106.21868,21.67175],[106.22418,21.69148],[106.23252,21.69879],[106.23789,21.71905],[106.22513,21.73315],[106.21818,21.72705],[106.17791,21.74402],[106.15995,21.75561],[106.13956,21.77751],[106.13724,21.7848],[106.11228,21.78142],[106.10747,21.80312],[106.09545,21.82073],[106.11423,21.84044],[106.1107,21.86029],[106.11541,21.87091],[106.1154,21.89447],[106.12973,21.90505]]]},"properties":{"shapeName":"Vo Nhai","shapeISO":"","shapeID":"81297802B13645799597087","shapeGroup":"VNM","shapeType":"ADM2"}},
{"type":"Feature","geometry":{"type":"Polygon","coordinates":[[[106.0281,20.40179],[106.04666,20.39763],[106.03897,20.36883],[106.04443,20.36264],[106.06443,20.36667],[106.06944,20.35505],[106.05572,20.31881],[106.06748,20.32087],[106.08048,20.30954],[106.10021,20.31172],[106.10057,20.30087],[106.13508,20.3084],[106.14417,20.30516],[106.14771,20.3109],[106.16769,20.32871],[106.16327,20.3479],[106.15398,20.35991],[106.15381,20.37483],[106.17052,20.40348],[106.14742,20.3919],[106.13098,20.39971],[106.13164,20.4189],[106.10088,20.41117],[106.08743,20.42843],[106.08312,20.44423],[106.06469,20.44849],[106.04288,20.4629],[106.04239,20.45049],[106.02457,20.43229],[106.01986,20.41655],[106.0281,20.40179]]]},"properties":{"shapeName":"Vu Ban","shapeISO":"","shapeID":"81297802B77828019918781","shapeGroup":"VNM","shapeType":"ADM2"}},
{"type":"Feature","geometry":{"type":"Polygon","coordinates":[[[105.54144,18.49427],[105.5042,18.47045],[105.50483,18.45328],[105.48058,18.43199],[105.48739,18.42175],[105.48215,18.40748],[105.45391,18.43255],[105.43629,18.42893],[105.41744,18.44534],[105.40938,18.43851],[105.39167,18.43918],[105.37907,18.42483],[105.38074,18.41126],[105.39552,18.40236],[105.38555,18.37365],[105.36947,18.36983],[105.34984,18.37959],[105.33287,18.36258],[105.33199,18.3509],[105.31874,18.32425],[105.30737,18.31301],[105.30799,18.29532],[105.29946,18.2791],[105.28266,18.27108],[105.25811,18.26775],[105.26145,18.25822],[105.28172,18.26077],[105.30683,18.25183],[105.31036,18.26612],[105.32861,18.26461],[105.33129,18.2527],[105.32325,18.22798],[105.32592,18.20977],[105.31991,18.20038],[105.33624,18.18241],[105.35189,18.18421],[105.36793,18.1609],[105.38351,18.17],[105.39218,18.15963],[105.40927,18.15409],[105.42046,18.18357],[105.43825,18.1804],[105.45232,18.20502],[105.46887,18.26304],[105.48582,18.27987],[105.49041,18.30269],[105.52065,18.30811],[105.5404,18.30339],[105.54926,18.29443],[105.56436,18.30815],[105.57389,18.3065],[105.59178,18.31423],[105.61931,18.33973],[105.61028,18.34758],[105.62539,18.38168],[105.63664,18.39337],[105.60638,18.40866],[105.58626,18.40862],[105.57013,18.4254],[105.55705,18.42959],[105.54494,18.42465],[105.53921,18.4423],[105.54257,18.47323],[105.55311,18.48441],[105.54144,18.49427]]]},"properties":{"shapeName":"Vu Quang","shapeISO":"","shapeID":"81297802B66107700635107","shapeGroup":"VNM","shapeType":"ADM2"}},
{"type":"Feature","geometry":{"type":"Polygon","coordinates":[[[106.23642,20.51668],[106.21805,20.51193],[106.19177,20.52172],[106.17958,20.5191],[106.17836,20.49652],[106.18331,20.48484],[106.18979,20.48002],[106.22037,20.47332],[106.22567,20.45998],[106.20978,20.42957],[106.21624,20.41469],[106.22777,20.40742],[106.26115,20.40617],[106.28451,20.39554],[106.28346,20.3802],[106.25738,20.36011],[106.25206,20.34573],[106.26467,20.32693],[106.27825,20.32961],[106.29608,20.34096],[106.33213,20.37339],[106.34257,20.37536],[106.35686,20.35268],[106.38276,20.34471],[106.36245,20.37008],[106.35698,20.38357],[106.35726,20.40597],[106.3676,20.41576],[106.36311,20.42794],[106.34592,20.41953],[106.32216,20.40111],[106.31782,20.42184],[106.30904,20.43676],[106.29603,20.44437],[106.30701,20.46317],[106.32169,20.48002],[106.33328,20.48228],[106.33666,20.49999],[106.33547,20.50684],[106.31484,20.5062],[106.28778,20.51019],[106.28428,20.49226],[106.27236,20.50249],[106.25044,20.50657],[106.23642,20.51668]]]},"properties":{"shapeName":"Vu Thu","shapeISO":"","shapeID":"81297802B99897160628736","shapeGroup":"VNM","shapeType":"ADM2"}},
{"type":"Feature","geometry":{"type":"Polygon","coordinates":[[[106.28964,10.04979],[106.27636,10.07196],[106.25178,10.10397],[106.22885,10.1384],[106.21842,10.14961],[106.18855,10.17736],[106.17761,10.17571],[106.1545,10.15579],[106.13029,10.16345],[106.12186,10.17501],[106.10286,10.1626],[106.10027,10.12194],[106.08071,10.10511],[106.07063,10.09069],[106.0832,10.07768],[106.09679,10.07405],[106.09296,10.06049],[106.0977,10.03994],[106.07909,9.99543],[106.06676,9.97382],[106.08778,9.95889],[106.1127,9.93842],[106.13198,9.96199],[106.13498,10.02385],[106.15034,10.01737],[106.1901,10.02606],[106.21074,10.00835],[106.2322,10.02332],[106.23131,10.04212],[106.22476,10.05689],[106.2277,10.06979],[106.24121,10.08176],[106.26083,10.07313],[106.28964,10.04979]]]},"properties":{"shapeName":"Vung Liem","shapeISO":"","shapeID":"81297802B24233120148790","shapeGroup":"VNM","shapeType":"ADM2"}},
{"type":"Feature","geometry":{"type":"Polygon","coordinates":[[[107.11441,10.47596],[107.10347,10.4742],[107.09079,10.48148],[107.04864,10.47416],[107.04599,10.46157],[107.05138,10.45082],[107.07225,10.43388],[107.09113,10.42571],[107.09784,10.40944],[107.09241,10.38783],[107.08035,10.3919],[107.07427,10.38277],[107.0592,10.38695],[107.05542,10.37394],[107.05993,10.35726],[107.07323,10.34644],[107.07365,10.33078],[107.08724,10.32421],[107.09998,10.34747],[107.11423,10.36253],[107.13351,10.37638],[107.15876,10.38966],[107.17436,10.40151],[107.18522,10.41581],[107.20471,10.41822],[107.21097,10.43783],[107.19964,10.44233],[107.17634,10.46232],[107.1441,10.46674],[107.13836,10.45503],[107.1203,10.45794],[107.11441,10.47596]]]},"properties":{"shapeName":"Vung Tau","shapeISO":"","shapeID":"81297802B39135443664879","shapeGroup":"VNM","shapeType":"ADM2"}},
{"type":"Feature","geometry":{"type":"Polygon","coordinates":[[[104.44362,22.50297],[104.4688,22.48987],[104.46637,22.47532],[104.48239,22.48037],[104.49731,22.46473],[104.51199,22.46164],[104.52861,22.46958],[104.535,22.48136],[104.55709,22.50151],[104.56865,22.50256],[104.62086,22.54767],[104.62079,22.57195],[104.62006,22.59802],[104.60569,22.60121],[104.59313,22.63096],[104.59477,22.65322],[104.60826,22.66397],[104.59977,22.68278],[104.59118,22.68777],[104.59343,22.70076],[104.58275,22.73611],[104.5944,22.74198],[104.59935,22.76571],[104.57205,22.77451],[104.5677,22.79034],[104.55545,22.78697],[104.54552,22.80084],[104.52574,22.80621],[104.52127,22.79843],[104.4713,22.75677],[104.42016,22.7347],[104.40779,22.72324],[104.39914,22.70071],[104.38768,22.70294],[104.37889,22.69205],[104.35692,22.69102],[104.34269,22.71082],[104.33533,22.68943],[104.36252,22.67266],[104.39781,22.67908],[104.40956,22.66394],[104.40979,22.65246],[104.42237,22.63023],[104.43626,22.61934],[104.46256,22.61237],[104.4651,22.57317],[104.42612,22.57338],[104.42217,22.54281],[104.41441,22.53029],[104.43378,22.5216],[104.44362,22.50297]]]},"properties":{"shapeName":"Xin Man","shapeISO":"","shapeID":"81297802B50713424689894","shapeGroup":"VNM","shapeType":"ADM2"}},
{"type":"Feature","geometry":{"type":"Polygon","coordinates":[[[107.40016,10.76534],[107.42075,10.7735],[107.43966,10.79966],[107.4553,10.80201],[107.45961,10.7906],[107.47324,10.79306],[107.4861,10.76858],[107.50682,10.77197],[107.52359,10.77476],[107.5588,10.79926],[107.5713,10.81419],[107.57729,10.83405],[107.57376,10.84791],[107.55997,10.86887],[107.56047,10.90816],[107.56,10.93662],[107.54254,10.9792],[107.51735,10.99878],[107.508,11.01104],[107.50007,11.01497],[107.47409,11.00708],[107.46496,11.01614],[107.44971,11.02095],[107.44392,11.03063],[107.42237,11.04155],[107.40578,11.04295],[107.3942,11.04955],[107.36249,11.05195],[107.34344,11.06356],[107.32583,11.08251],[107.31067,11.0801],[107.3037,11.06303],[107.30878,11.05034],[107.29754,11.03861],[107.283,11.04101],[107.27277,11.02644],[107.26207,11.02399],[107.26412,11.00592],[107.27809,11.00541],[107.2804,10.99497],[107.32503,10.99109],[107.31619,10.96791],[107.30512,10.95306],[107.3056,10.9367],[107.30016,10.90936],[107.28207,10.90872],[107.25836,10.91824],[107.24327,10.89785],[107.26151,10.86275],[107.28098,10.87626],[107.30776,10.8671],[107.31421,10.87415],[107.33052,10.86712],[107.33499,10.8508],[107.35601,10.84879],[107.41889,10.84726],[107.41649,10.82322],[107.40603,10.81041],[107.40557,10.79124],[107.39637,10.77181],[107.40016,10.76534]]]},"properties":{"shapeName":"Xuan Loc","shapeISO":"","shapeID":"81297802B96051805348654","shapeGroup":"VNM","shapeType":"ADM2"}},
{"type":"Feature","geometry":{"type":"Polygon","coordinates":[[[106.43317,20.29934],[106.40759,20.33158],[106.38276,20.34471],[106.35686,20.35268],[106.34257,20.37536],[106.33213,20.37339],[106.29608,20.34096],[106.31504,20.34553],[106.31182,20.33199],[106.3125,20.29985],[106.33003,20.29395],[106.31925,20.265],[106.29432,20.24506],[106.29717,20.23136],[106.31234,20.23283],[106.32415,20.24336],[106.3459,20.23711],[106.36541,20.23909],[106.37313,20.27371],[106.38033,20.281],[106.41014,20.28532],[106.43317,20.29934]]]},"properties":{"shapeName":"Xuan Truong","shapeISO":"","shapeID":"81297802B91982413663988","shapeGroup":"VNM","shapeType":"ADM2"}},
{"type":"Feature","geometry":{"type":"Polygon","coordinates":[[[107.35347,10.67799],[107.3705,10.65304],[107.36721,10.63975],[107.35421,10.62187],[107.35593,10.60519],[107.36423,10.59827],[107.36371,10.58253],[107.34899,10.56701],[107.34227,10.56091],[107.35785,10.54962],[107.37451,10.52767],[107.37819,10.49208],[107.36838,10.47081],[107.34471,10.45518],[107.37259,10.46807],[107.41717,10.46679],[107.44492,10.46899],[107.47033,10.49793],[107.51555,10.50332],[107.52855,10.52348],[107.5563,10.55656],[107.57138,10.5691],[107.56865,10.58613],[107.57327,10.60036],[107.56949,10.61844],[107.54683,10.66259],[107.5409,10.68102],[107.54782,10.69423],[107.53522,10.72213],[107.50721,10.74564],[107.50682,10.77197],[107.4861,10.76858],[107.47324,10.79306],[107.45961,10.7906],[107.4553,10.80201],[107.43966,10.79966],[107.42075,10.7735],[107.40016,10.76534],[107.38183,10.74683],[107.37787,10.73697],[107.36226,10.7274],[107.35125,10.70642],[107.35347,10.67799]]]},"properties":{"shapeName":"Xuyen Moc","shapeISO":"","shapeID":"81297802B24499966976565","shapeGroup":"VNM","shapeType":"ADM2"}},
{"type":"Feature","geometry":{"type":"Polygon","coordinates":[[[105.98159,20.44027],[105.9739,20.42308],[105.9648,20.4257],[105.95063,20.40344],[105.92442,20.39656],[105.92734,20.37883],[105.93469,20.3679],[105.93795,20.3562],[105.95197,20.35554],[105.94894,20.3388],[105.93618,20.32783],[105.96543,20.31379],[105.98062,20.29828],[105.9864,20.28592],[105.98334,20.27274],[105.98118,20.26373],[106.00427,20.25142],[106.02395,20.24999],[106.04019,20.2553],[106.04973,20.24648],[106.02952,20.23508],[106.04234,20.22026],[106.0534,20.217],[106.07715,20.23139],[106.08656,20.25243],[106.09765,20.25093],[106.11722,20.26847],[106.13439,20.26763],[106.14406,20.27814],[106.14417,20.30516],[106.13508,20.3084],[106.10057,20.30087],[106.10021,20.31172],[106.08048,20.30954],[106.06748,20.32087],[106.05572,20.31881],[106.06944,20.35505],[106.06443,20.36667],[106.04443,20.36264],[106.03897,20.36883],[106.04666,20.39763],[106.0281,20.40179],[106.01391,20.39934],[105.98966,20.40479],[105.99465,20.42831],[105.98159,20.44027]]]},"properties":{"shapeName":"Y Yen","shapeISO":"","shapeID":"81297802B2331859269186","shapeGroup":"VNM","shapeType":"ADM2"}},
{"type":"Feature","geometry":{"type":"Polygon","coordinates":[[[104.95498,21.66046],[104.9449,21.66702],[104.95529,21.68763],[104.94969,21.70117],[104.95543,21.71183],[104.95448,21.7288],[104.93844,21.73368],[104.90907,21.77497],[104.89127,21.79267],[104.88682,21.78423],[104.89955,21.76414],[104.88656,21.73763],[104.86312,21.72788],[104.85244,21.73738],[104.84211,21.73448],[104.83847,21.71437],[104.8205,21.7096],[104.8274,21.68174],[104.82668,21.67079],[104.86135,21.66812],[104.87132,21.66017],[104.87555,21.68172],[104.89229,21.6822],[104.91044,21.67353],[104.92618,21.65656],[104.93815,21.6519],[104.95498,21.66046]]]},"properties":{"shapeName":"Yen Bai","shapeISO":"","shapeID":"81297802B89523168412992","shapeGroup":"VNM","shapeType":"ADM2"}},
{"type":"Feature","geometry":{"type":"Polygon","coordinates":[[[105.08628,21.71828],[105.0738,21.72838],[105.06961,21.75177],[105.08091,21.77145],[105.08032,21.78684],[105.08816,21.80652],[105.10033,21.81205],[105.0886,21.82836],[105.06843,21.84043],[105.05875,21.85805],[105.0443,21.86471],[105.04242,21.88277],[105.0327,21.89255],[105.01846,21.89414],[105.01428,21.90719],[105.02209,21.91724],[105.01921,21.93572],[104.99755,21.92866],[104.98731,21.94287],[104.99533,21.96179],[104.99252,21.97203],[104.99984,21.98795],[104.98973,22.00221],[104.99712,22.04371],[104.97195,22.04016],[104.96236,22.02905],[104.94653,22.03565],[104.94159,22.05234],[104.9276,22.06179],[104.91812,22.05874],[104.8952,22.07183],[104.88196,22.07243],[104.87353,22.06135],[104.87783,22.04728],[104.86165,22.03564],[104.86965,22.01846],[104.86788,21.9999],[104.87407,21.98144],[104.86402,21.97381],[104.86792,21.96123],[104.84856,21.94914],[104.83644,21.93165],[104.82126,21.96144],[104.8099,21.95672],[104.79894,21.96687],[104.7499,21.94943],[104.74985,21.93981],[104.75,21.91516],[104.76813,21.91314],[104.78266,21.90366],[104.79293,21.87848],[104.8037,21.87499],[104.82685,21.85535],[104.8338,21.82827],[104.84912,21.82719],[104.87274,21.81531],[104.89127,21.79267],[104.90907,21.77497],[104.93844,21.73368],[104.95448,21.7288],[104.95543,21.71183],[104.94969,21.70117],[104.95529,21.68763],[104.9449,21.66702],[104.95498,21.66046],[104.96123,21.65308],[104.98566,21.66193],[104.9801,21.67248],[104.99956,21.68755],[105.01951,21.69031],[105.03064,21.7013],[105.04381,21.69065],[105.07254,21.68213],[105.09833,21.68151],[105.09642,21.70021],[105.08628,21.71828]]]},"properties":{"shapeName":"Yen Binh","shapeISO":"","shapeID":"81297802B76693228184167","shapeGroup":"VNM","shapeType":"ADM2"}},
{"type":"Feature","geometry":{"type":"Polygon","coordinates":[[[104.22793,21.18585],[104.20679,21.16651],[104.19979,21.15508],[104.20639,21.14346],[104.19759,21.12675],[104.2069,21.11037],[104.20952,21.0764],[104.20171,21.06708],[104.18064,21.05893],[104.16969,21.03714],[104.1553,21.01686],[104.13672,21.01656],[104.1177,21.00355],[104.12591,20.99623],[104.12034,20.97091],[104.13158,20.94809],[104.15544,20.95412],[104.19113,20.9561],[104.19691,20.94498],[104.22592,20.93887],[104.24378,20.92814],[104.24022,20.91101],[104.25759,20.89819],[104.26424,20.91501],[104.28128,20.92495],[104.29231,20.92271],[104.29638,20.9097],[104.31264,20.90393],[104.33355,20.88085],[104.32842,20.85994],[104.34849,20.84955],[104.37435,20.82117],[104.38419,20.82698],[104.40706,20.81008],[104.41768,20.79723],[104.43294,20.81212],[104.42292,20.82691],[104.42747,20.84549],[104.43628,20.85753],[104.43767,20.87504],[104.46103,20.88552],[104.47172,20.90006],[104.46851,20.91106],[104.48335,20.91387],[104.49654,20.92359],[104.50773,20.94158],[104.49942,20.96984],[104.51392,20.9733],[104.52168,20.98424],[104.53466,20.97966],[104.54791,21.00038],[104.54106,21.00592],[104.51685,21.02159],[104.47707,21.03296],[104.45212,21.05204],[104.41874,21.05655],[104.40829,21.06853],[104.38174,21.0761],[104.38108,21.09185],[104.35047,21.11606],[104.32186,21.13164],[104.30901,21.12786],[104.27468,21.14484],[104.26451,21.15696],[104.24048,21.17061],[104.22793,21.18585]]]},"properties":{"shapeName":"Yen Chau","shapeISO":"","shapeID":"81297802B99176770386813","shapeGroup":"VNM","shapeType":"ADM2"}},
{"type":"Feature","geometry":{"type":"Polygon","coordinates":[[[105.49879,20.0823],[105.49672,20.07543],[105.50764,20.05999],[105.49654,20.04021],[105.46135,20.03499],[105.47146,20.02111],[105.47208,20.00046],[105.48227,20.00149],[105.49574,19.98864],[105.50718,19.9963],[105.52002,19.99198],[105.52998,19.99782],[105.55426,19.9877],[105.56699,19.96562],[105.59058,19.96381],[105.60331,19.95661],[105.61912,19.95505],[105.62576,19.93541],[105.66379,19.94017],[105.6687,19.93602],[105.69965,19.94261],[105.70236,19.93544],[105.73889,19.92997],[105.75014,19.93111],[105.7519,19.9432],[105.76495,19.95005],[105.76071,19.95724],[105.7595,19.95787],[105.72699,19.97268],[105.72642,19.98715],[105.71701,19.99484],[105.69439,20.00015],[105.67333,20.01778],[105.64113,20.00695],[105.60904,20.02392],[105.58802,20.02636],[105.58723,20.04933],[105.61005,20.04372],[105.61277,20.05336],[105.60156,20.06428],[105.57463,20.06682],[105.56738,20.07257],[105.54419,20.07381],[105.52963,20.08545],[105.49879,20.0823]]]},"properties":{"shapeName":"Yen Dinh","shapeISO":"","shapeID":"81297802B9474885125507","shapeGroup":"VNM","shapeType":"ADM2"}},
{"type":"Feature","geometry":{"type":"Polygon","coordinates":[[[106.1671,21.252],[106.14219,21.23298],[106.1524,21.22506],[106.15161,21.20938],[106.17066,21.18156],[106.18455,21.17574],[106.19619,21.1818],[106.22085,21.17522],[106.21483,21.15885],[106.2284,21.15907],[106.25441,21.1706],[106.25679,21.1515],[106.27232,21.13296],[106.28997,21.13008],[106.29928,21.12195],[106.31385,21.13139],[106.32274,21.1548],[106.30937,21.18311],[106.32486,21.19204],[106.33565,21.19579],[106.327,21.21487],[106.3275,21.2313],[106.30781,21.25312],[106.30107,21.28526],[106.28921,21.28587],[106.25659,21.27502],[106.24447,21.27845],[106.22666,21.26672],[106.23618,21.25309],[106.22699,21.23648],[106.20678,21.2164],[106.19068,21.22892],[106.19873,21.2454],[106.17746,21.24029],[106.1671,21.252]]]},"properties":{"shapeName":"Yen Dung","shapeISO":"","shapeID":"81297802B99638089462809","shapeGroup":"VNM","shapeType":"ADM2"}},
{"type":"Feature","geometry":{"type":"Polygon","coordinates":[[[105.98849,20.19759],[106.0059,20.19314],[106.0226,20.19521],[106.03075,20.17839],[106.05041,20.17252],[106.05222,20.14182],[106.06313,20.12873],[106.07436,20.13685],[106.11509,20.15255],[106.1242,20.13579],[106.14028,20.1562],[106.16227,20.12362],[106.16815,20.13439],[106.16285,20.1631],[106.16203,20.1894],[106.15212,20.22561],[106.14521,20.22724],[106.10685,20.21662],[106.09765,20.25093],[106.08656,20.25243],[106.07715,20.23139],[106.0534,20.217],[106.04234,20.22026],[106.02952,20.23508],[106.04973,20.24648],[106.04019,20.2553],[106.02395,20.24999],[106.00345,20.2285],[106.00363,20.21652],[105.98739,20.19992],[105.98849,20.19759]]]},"properties":{"shapeName":"Yen Khanh","shapeISO":"","shapeID":"81297802B59755992581592","shapeGroup":"VNM","shapeType":"ADM2"}},
{"type":"Feature","geometry":{"type":"Polygon","coordinates":[[[105.61095,21.26787],[105.60107,21.28023],[105.56972,21.2824],[105.55351,21.27511],[105.53425,21.28552],[105.52281,21.27235],[105.52488,21.26188],[105.53876,21.25664],[105.53994,21.24181],[105.54785,21.23569],[105.53783,21.21799],[105.54529,21.19353],[105.52936,21.18382],[105.53776,21.1681],[105.53806,21.15621],[105.56354,21.1541],[105.59062,21.16126],[105.61489,21.17887],[105.62665,21.17528],[105.62239,21.20097],[105.63556,21.21646],[105.63044,21.23419],[105.6112,21.22356],[105.60146,21.2276],[105.61095,21.26787]]]},"properties":{"shapeName":"Yen Lac","shapeISO":"","shapeID":"81297802B65483274658502","shapeGroup":"VNM","shapeType":"ADM2"}},
{"type":"Feature","geometry":{"type":"Polygon","coordinates":[[[104.98016,21.48613],[104.9682,21.4838],[104.9511,21.49873],[104.93727,21.49446],[104.93884,21.51059],[104.91459,21.54299],[104.87908,21.53438],[104.88531,21.52265],[104.88241,21.50991],[104.89723,21.46867],[104.9119,21.44598],[104.90576,21.42766],[104.90749,21.41331],[104.89507,21.39291],[104.88558,21.39248],[104.88443,21.37176],[104.8936,21.36492],[104.89738,21.34475],[104.91049,21.32701],[104.92638,21.32663],[104.94144,21.30286],[104.96489,21.30615],[104.97333,21.29662],[105.00146,21.2874],[105.02366,21.29101],[105.06673,21.26576],[105.07859,21.25248],[105.09161,21.2298],[105.09956,21.22752],[105.10831,21.22779],[105.12356,21.21107],[105.14026,21.20228],[105.16509,21.20042],[105.16908,21.22527],[105.16207,21.24786],[105.14892,21.26756],[105.14956,21.28936],[105.13457,21.29591],[105.13221,21.32159],[105.1007,21.35883],[105.08469,21.35347],[105.02152,21.41579],[104.99592,21.43623],[104.99713,21.46642],[104.9839,21.47362],[104.98016,21.48613]]]},"properties":{"shapeName":"Yen Lap","shapeISO":"","shapeID":"81297802B78626005730568","shapeGroup":"VNM","shapeType":"ADM2"}},
{"type":"Feature","geometry":{"type":"Polygon","coordinates":[[[105.27299,22.87654],[105.30722,22.87332],[105.30646,22.89818],[105.31231,22.91224],[105.32468,22.91436],[105.33704,22.93132],[105.35945,22.93501],[105.36698,22.96318],[105.36184,22.97655],[105.37601,22.9888],[105.37148,23.00121],[105.38466,23.01469],[105.3676,23.03602],[105.34952,23.03753],[105.33311,23.05087],[105.33237,23.0725],[105.32197,23.11429],[105.3058,23.11652],[105.27196,23.09215],[105.25278,23.10388],[105.23834,23.10437],[105.19792,23.12816],[105.17921,23.1435],[105.17355,23.17401],[105.17652,23.18423],[105.15734,23.19307],[105.14543,23.19095],[105.14324,23.22285],[105.136,23.2241],[105.12229,23.25092],[105.11305,23.24638],[105.09864,23.26592],[105.08756,23.27026],[105.03494,23.23031],[105.02959,23.22217],[105.00858,23.21893],[105.0009,23.20684],[104.98537,23.20886],[104.96083,23.20504],[104.95984,23.19129],[104.98331,23.18428],[104.98812,23.17144],[105.00366,23.16899],[105.02313,23.15267],[105.02753,23.14026],[105.04731,23.12892],[105.07982,23.09697],[105.08765,23.08358],[105.0858,23.07009],[105.10408,23.04978],[105.12125,23.03802],[105.13362,23.02382],[105.12445,22.99916],[105.14206,22.99778],[105.14286,22.97914],[105.13422,22.95723],[105.14461,22.92076],[105.17629,22.92103],[105.17985,22.91093],[105.2066,22.90416],[105.22617,22.88297],[105.25962,22.88535],[105.27299,22.87654]]]},"properties":{"shapeName":"Yen Minh","shapeISO":"","shapeID":"81297802B77958779459732","shapeGroup":"VNM","shapeType":"ADM2"}},
{"type":"Feature","geometry":{"type":"Polygon","coordinates":[[[105.93008,20.09027],[105.9469,20.07443],[105.97004,20.06588],[105.99261,20.06867],[106.03215,20.06082],[106.02867,20.07162],[106.04083,20.0819],[106.04573,20.10415],[106.05938,20.11753],[106.06313,20.12873],[106.05222,20.14182],[106.05041,20.17252],[106.03075,20.17839],[106.0226,20.19521],[106.0059,20.19314],[105.98849,20.19759],[105.9814,20.19272],[105.95486,20.1936],[105.94608,20.18004],[105.95584,20.1738],[105.93684,20.14521],[105.94428,20.13596],[105.96764,20.12283],[105.95689,20.11486],[105.93488,20.11734],[105.92421,20.10218],[105.93008,20.09027]]]},"properties":{"shapeName":"Yen Mo","shapeISO":"","shapeID":"81297802B9308814425220","shapeGroup":"VNM","shapeType":"ADM2"}},
{"type":"Feature","geometry":{"type":"Polygon","coordinates":[[[106.08505,20.88256],[106.07298,20.90136],[106.06428,20.93009],[106.03164,20.94092],[106.03197,20.95394],[106.01641,20.938],[106.01198,20.92603],[105.99064,20.92303],[105.97433,20.91416],[105.96563,20.90275],[105.96341,20.87593],[105.97879,20.86478],[106.00718,20.86809],[106.02666,20.8406],[106.0388,20.83634],[106.06258,20.84403],[106.07544,20.85872],[106.07497,20.87689],[106.08505,20.88256]]]},"properties":{"shapeName":"Yen My","shapeISO":"","shapeID":"81297802B77847273364040","shapeGroup":"VNM","shapeType":"ADM2"}},
{"type":"Feature","geometry":{"type":"Polygon","coordinates":[[[106.03626,21.20932],[106.03332,21.23603],[106.03577,21.24583],[106.02412,21.2542],[106.0031,21.25863],[105.98695,21.25421],[105.99167,21.23699],[105.97663,21.22313],[105.94099,21.23343],[105.93801,21.24337],[105.91976,21.23132],[105.9072,21.19229],[105.92355,21.18271],[105.92299,21.16274],[105.96851,21.16254],[105.97325,21.17104],[105.99898,21.18377],[106.0194,21.17464],[106.02137,21.18732],[106.03257,21.1871],[106.03626,21.20932]]]},"properties":{"shapeName":"Yen Phong","shapeISO":"","shapeID":"81297802B41688796411548","shapeGroup":"VNM","shapeType":"ADM2"}},
{"type":"Feature","geometry":{"type":"Polygon","coordinates":[[[105.14448,22.01983],[105.13414,22.00669],[105.14233,21.99729],[105.13987,21.97959],[105.15324,21.97002],[105.14646,21.95791],[105.15751,21.94761],[105.14751,21.92874],[105.11784,21.91336],[105.10389,21.89277],[105.09228,21.89184],[105.09672,21.8709],[105.07822,21.8572],[105.07938,21.84722],[105.06843,21.84043],[105.0886,21.82836],[105.10033,21.81205],[105.08816,21.80652],[105.08032,21.78684],[105.08091,21.77145],[105.06961,21.75177],[105.0738,21.72838],[105.08628,21.71828],[105.10176,21.71762],[105.10919,21.70609],[105.13303,21.69678],[105.15124,21.69778],[105.15653,21.68742],[105.17775,21.68721],[105.18546,21.67747],[105.20844,21.66114],[105.23546,21.65873],[105.2353,21.66865],[105.24737,21.67479],[105.24901,21.69532],[105.25806,21.70835],[105.23979,21.71131],[105.21629,21.7019],[105.20138,21.7196],[105.1825,21.71595],[105.17622,21.72113],[105.20297,21.767],[105.19081,21.78391],[105.19734,21.79879],[105.17688,21.80859],[105.17529,21.81886],[105.18846,21.83681],[105.18768,21.85095],[105.20062,21.85325],[105.21562,21.86572],[105.244,21.85608],[105.25759,21.85542],[105.26943,21.84409],[105.24977,21.83131],[105.23969,21.81073],[105.26918,21.7843],[105.29,21.7785],[105.29217,21.77071],[105.30378,21.76458],[105.33261,21.76119],[105.35424,21.7282],[105.36972,21.73455],[105.37994,21.75054],[105.37311,21.76208],[105.37536,21.7861],[105.39325,21.79578],[105.40087,21.80991],[105.40957,21.81081],[105.4247,21.82871],[105.45113,21.83376],[105.45972,21.82741],[105.47435,21.8444],[105.49427,21.84071],[105.49681,21.83191],[105.51459,21.82721],[105.52817,21.83532],[105.52857,21.85242],[105.5184,21.8765],[105.52457,21.88775],[105.54364,21.89133],[105.55294,21.90854],[105.55184,21.94355],[105.55569,21.95748],[105.53224,21.96794],[105.52492,21.98148],[105.50504,21.99248],[105.50583,22.00772],[105.49476,22.01073],[105.48956,22.0299],[105.47796,22.02618],[105.48472,21.9981],[105.46394,21.99305],[105.46234,21.967],[105.44074,21.96596],[105.41769,21.94853],[105.39897,21.94099],[105.37795,21.94802],[105.37028,21.96205],[105.37748,21.971],[105.3721,21.98939],[105.36432,21.99427],[105.36803,22.01483],[105.35121,22.03672],[105.33637,22.03555],[105.32391,22.04118],[105.30798,22.02278],[105.29572,22.02217],[105.28805,22.01311],[105.27285,22.02363],[105.23846,22.0185],[105.24299,22.03671],[105.23785,22.059],[105.20784,22.06904],[105.19824,22.04878],[105.17496,22.03509],[105.17324,22.0192],[105.16048,22.01297],[105.14448,22.01983]]]},"properties":{"shapeName":"Yen Son","shapeISO":"","shapeID":"81297802B74193371644879","shapeGroup":"VNM","shapeType":"ADM2"}},
{"type":"Feature","geometry":{"type":"Polygon","coordinates":[[[105.48808,19.15397],[105.4597,19.13712],[105.4338,19.16571],[105.40796,19.14832],[105.38052,19.12267],[105.39412,19.11792],[105.39519,19.1023],[105.38747,19.08663],[105.35941,19.07003],[105.34927,19.07062],[105.30902,19.05623],[105.31427,19.04757],[105.3128,19.00892],[105.29977,18.98779],[105.31302,18.98839],[105.31597,18.97581],[105.33347,18.96573],[105.35664,18.96231],[105.3591,18.93664],[105.37027,18.92226],[105.3831,18.91641],[105.39357,18.89686],[105.41232,18.8998],[105.42808,18.89285],[105.44417,18.898],[105.46467,18.88355],[105.4802,18.87767],[105.49292,18.88605],[105.49678,18.89663],[105.51395,18.89784],[105.52215,18.90743],[105.51693,18.92606],[105.52554,18.93329],[105.51653,18.9559],[105.51829,18.96983],[105.52957,18.98972],[105.51485,18.99992],[105.51572,19.01988],[105.53408,19.02063],[105.54537,19.04474],[105.5723,19.04964],[105.58041,19.06981],[105.56184,19.08455],[105.56482,19.09583],[105.55119,19.10446],[105.54954,19.1147],[105.53295,19.11706],[105.52278,19.13641],[105.51284,19.14588],[105.49536,19.14322],[105.48808,19.15397]]]},"properties":{"shapeName":"Yen Thanh","shapeISO":"","shapeID":"81297802B75629290490646","shapeGroup":"VNM","shapeType":"ADM2"}},
{"type":"Feature","geometry":{"type":"Polygon","coordinates":[[[106.04386,21.52069],[106.04548,21.50799],[106.03757,21.49027],[106.04909,21.47989],[106.04039,21.47129],[106.05132,21.46062],[106.07072,21.4581],[106.07922,21.44899],[106.13532,21.44723],[106.15006,21.4367],[106.1584,21.43865],[106.17691,21.42115],[106.19799,21.43165],[106.19604,21.44078],[106.2138,21.45408],[106.23268,21.44851],[106.23792,21.45526],[106.26995,21.44726],[106.28391,21.45206],[106.28516,21.48791],[106.27401,21.49372],[106.25663,21.48697],[106.24146,21.48662],[106.23723,21.49494],[106.21025,21.49709],[106.16775,21.5132],[106.17006,21.5491],[106.16689,21.57727],[106.16917,21.59484],[106.18486,21.60404],[106.17394,21.60974],[106.15954,21.62627],[106.12711,21.61587],[106.09962,21.62473],[106.07855,21.61804],[106.07432,21.61167],[106.05721,21.60281],[106.04907,21.58122],[106.03316,21.57136],[106.03092,21.5621],[106.04775,21.55882],[106.05381,21.53863],[106.04386,21.52069]]]},"properties":{"shapeName":"Yen The","shapeISO":"","shapeID":"81297802B24165490506756","shapeGroup":"VNM","shapeType":"ADM2"}},
{"type":"Feature","geometry":{"type":"Polygon","coordinates":[[[105.56071,20.54954],[105.54741,20.54103],[105.54061,20.51948],[105.54712,20.50646],[105.56233,20.50231],[105.57722,20.47877],[105.56644,20.46823],[105.55001,20.46869],[105.54736,20.4443],[105.56327,20.43435],[105.55704,20.41491],[105.54622,20.40019],[105.54169,20.38471],[105.55014,20.36979],[105.54276,20.36216],[105.5703,20.35931],[105.58116,20.36978],[105.59911,20.36412],[105.61821,20.34912],[105.63546,20.34337],[105.65099,20.32691],[105.6763,20.30624],[105.68737,20.30564],[105.701,20.32084],[105.72456,20.32954],[105.72407,20.34212],[105.70966,20.36033],[105.70411,20.37869],[105.69497,20.3859],[105.6975,20.41183],[105.70025,20.43169],[105.68319,20.43767],[105.67001,20.45856],[105.67203,20.47407],[105.68267,20.48364],[105.67845,20.49408],[105.68938,20.50198],[105.67649,20.51086],[105.66155,20.50659],[105.65067,20.49512],[105.63308,20.49046],[105.61153,20.50341],[105.61171,20.52302],[105.58188,20.53405],[105.56071,20.54954]]]},"properties":{"shapeName":"Yen Thuy","shapeISO":"","shapeID":"81297802B65575052729344","shapeGroup":"VNM","shapeType":"ADM2"}}
]}