{
"type": "FeatureCollection",
"crs": { "type": "name", "properties": { "name": "urn:ogc:def:crs:OGC:1.3:CRS84" } },
"features": [
{ "type": "Feature", "properties": { "shapeName": "South Choiseul", "shapeISO": "", "shapeID": "97153195B92855886197372", "shapeGroup": "SLB", "shapeType": "ADM2" }, "geometry": { "type": "MultiPolygon", "coordinates": [ [ [ [ 156.692926080515463, -6.959773940866653 ], [ 156.689141039845595, -6.960517043577615 ], [ 156.686731919950347, -6.963831065620092 ], [ 156.69150299998509, -6.962662013041601 ], [ 156.692656080178722, -6.964908993741644 ], [ 156.69579204044507, -6.962417052930144 ], [ 156.699570959994588, -6.963620947754661 ], [ 156.701872079934816, -6.966312100104177 ], [ 156.702178080256573, -6.969522988793503 ], [ 156.704748840309094, -6.970439922412222 ], [ 156.711430079997683, -6.978248076049841 ], [ 156.713916959860569, -6.978781932097922 ], [ 156.715833960185307, -6.982539092681719 ], [ 156.734961120081806, -7.00247303440334 ], [ 156.736685880037385, -7.006735065259575 ], [ 156.733797959892371, -7.010734970609501 ], [ 156.736123920046822, -7.012697126228976 ], [ 156.738339000247436, -7.011337035337174 ], [ 156.746116080378073, -7.013896960546605 ], [ 156.748591080021328, -7.016797025661812 ], [ 156.748779000392261, -7.020397918610921 ], [ 156.758006880367958, -7.025852979024748 ], [ 156.758371919766802, -7.031403908697585 ], [ 156.761418960294804, -7.032338942360494 ], [ 156.76194707985033, -7.036221973524826 ], [ 156.76465500007032, -7.038607048890769 ], [ 156.762068039799942, -7.042501996295954 ], [ 156.76326900019825, -7.050191041355848 ], [ 156.766946040014744, -7.052937965498559 ], [ 156.768968879846256, -7.05811504316857 ], [ 156.772506960169778, -7.060257954663771 ], [ 156.78141696050244, -7.059050023147724 ], [ 156.782181960408508, -7.0606409487707 ], [ 156.779931959997839, -7.065621979653137 ], [ 156.780456119779615, -7.067583009900485 ], [ 156.789410039644821, -7.065549991154565 ], [ 156.79024595974596, -7.068099971597544 ], [ 156.793768920524911, -7.069611017461176 ], [ 156.794168159684915, -7.072874961416373 ], [ 156.80153591976142, -7.077468058253137 ], [ 156.80130588008177, -7.080286985636241 ], [ 156.804419880132713, -7.083646954814392 ], [ 156.802329000104976, -7.085405883117943 ], [ 156.804314039727586, -7.085568967840829 ], [ 156.806562960363294, -7.091048982017466 ], [ 156.809265119687382, -7.093004008924229 ], [ 156.809490119818292, -7.100122952584704 ], [ 156.816021959793687, -7.10379500131326 ], [ 156.814541999736122, -7.108013946001115 ], [ 156.816613079996699, -7.10988798731206 ], [ 156.821510879978689, -7.110865909013788 ], [ 156.833425080183417, -7.123061971869035 ], [ 156.844618920463461, -7.125927951833484 ], [ 156.846742920477453, -7.132303914692883 ], [ 156.850026120008749, -7.132036004170063 ], [ 156.852131039806125, -7.137859993242059 ], [ 156.857927040087816, -7.142442974871167 ], [ 156.868934039771972, -7.158108887995588 ], [ 156.865790159958067, -7.170159924590012 ], [ 156.869438040460466, -7.170654982412977 ], [ 156.870807840114708, -7.16836310304818 ], [ 156.870842039875896, -7.169695941798298 ], [ 156.873024000090311, -7.169360008566278 ], [ 156.876671160143843, -7.172835944739546 ], [ 156.880304999978307, -7.173017929702209 ], [ 156.882434040439335, -7.176167017719044 ], [ 156.893204880221816, -7.176675999601652 ], [ 156.896765999637438, -7.178702988974515 ], [ 156.899553840273313, -7.181675951115941 ], [ 156.900150000025121, -7.188996029015906 ], [ 156.904322040309268, -7.193769937492858 ], [ 156.905460000060032, -7.199317052456743 ], [ 156.911232960351327, -7.19901007166861 ], [ 156.914213040458037, -7.201391978686332 ], [ 156.914832959750782, -7.205170003387031 ], [ 156.91676508051836, -7.205285008714597 ], [ 156.917004839969366, -7.206708992053231 ], [ 156.926565000480508, -7.209226041443469 ], [ 156.926971080311404, -7.211542000548009 ], [ 156.928409999936889, -7.211952904091273 ], [ 156.923123039892403, -7.21105198754226 ], [ 156.922061039885392, -7.212398986883753 ], [ 156.923565119708314, -7.215284940407999 ], [ 156.926122919766243, -7.213617050382148 ], [ 156.93117408013353, -7.219034099040227 ], [ 156.946371119645164, -7.220553039950535 ], [ 156.954705120217653, -7.226541072955546 ], [ 156.966413040283669, -7.226151968703809 ], [ 156.971045880375982, -7.232997946221902 ], [ 156.971531160173896, -7.23593198141414 ], [ 156.976990920146505, -7.234895937738229 ], [ 156.978970920220434, -7.236673031104585 ], [ 156.984815880481761, -7.236448930348931 ], [ 156.989372040381397, -7.241238945289354 ], [ 156.996240119767606, -7.2428640562671 ], [ 156.9996230403803, -7.241471078605358 ], [ 157.00400711990244, -7.24417399815581 ], [ 157.010632920063273, -7.252962971914092 ], [ 157.011476040161369, -7.259175020791809 ], [ 157.009926960132589, -7.261476975169811 ], [ 157.004885160210591, -7.26119003536818 ], [ 157.002707159769955, -7.262555990450027 ], [ 156.994674119970426, -7.27247198290295 ], [ 156.994241040375357, -7.275248992783866 ], [ 157.004843040003522, -7.28297107302912 ], [ 157.01094791970749, -7.282640045461894 ], [ 157.011941880416572, -7.279785947668526 ], [ 157.01048496034943, -7.281315931819676 ], [ 157.009326839708734, -7.280639947428718 ], [ 157.011239880259666, -7.277641925888478 ], [ 157.012646040123371, -7.27834791096817 ], [ 157.01336100027487, -7.277278040350494 ], [ 157.012863840257268, -7.273857901739734 ], [ 157.01108004032622, -7.273024065051189 ], [ 157.012769160521287, -7.267176993124622 ], [ 157.011192000055047, -7.264141028272186 ], [ 157.011757919819388, -7.263018985146323 ], [ 157.014069119755447, -7.26411299476525 ], [ 157.014651960186512, -7.272313964131392 ], [ 157.016507039638725, -7.274011991123433 ], [ 157.015083960006649, -7.281570899213192 ], [ 157.016775960200476, -7.28141699006182 ], [ 157.014079920200118, -7.282275985533753 ], [ 157.015410839870555, -7.282783954687956 ], [ 157.014614159977668, -7.287086044660239 ], [ 157.011532919688534, -7.286688065916818 ], [ 157.012945920223075, -7.290113105939168 ], [ 157.011131159855807, -7.287791123087654 ], [ 157.008731040181345, -7.289574971358982 ], [ 157.011573960120586, -7.294074108149349 ], [ 157.009122000467755, -7.299980997803794 ], [ 157.015740959957668, -7.300145969650304 ], [ 157.016646000030022, -7.298606051526972 ], [ 157.014505080247631, -7.298960992227938 ], [ 157.014410040287231, -7.297761906242397 ], [ 157.018591079893923, -7.29655906775365 ], [ 157.022798040388096, -7.299024016905563 ], [ 157.019459040206243, -7.30090905299599 ], [ 157.01812703986252, -7.298025969948005 ], [ 157.019568119936253, -7.302583047092718 ], [ 157.024126080059744, -7.299719078063534 ], [ 157.025685960533139, -7.300352006104601 ], [ 157.024919879953785, -7.297786009889072 ], [ 157.018699079848915, -7.293968946542762 ], [ 157.021634159749766, -7.295181968901184 ], [ 157.024405079719003, -7.291988003167301 ], [ 157.022498879838906, -7.294544033833082 ], [ 157.023456120114076, -7.296663872654922 ], [ 157.029805080165573, -7.292116911315033 ], [ 157.033261080523289, -7.293229954203565 ], [ 157.031387999731095, -7.284869924597725 ], [ 157.033009079729908, -7.279675961378941 ], [ 157.031071920311859, -7.279167988657797 ], [ 157.031945999947936, -7.277369100789077 ], [ 157.030989840346024, -7.276629903113498 ], [ 157.033767960312247, -7.27542700804753 ], [ 157.033794960076392, -7.273037992720469 ], [ 157.035462840504891, -7.275800893867312 ], [ 157.035344040105173, -7.273920929994683 ], [ 157.036730039977272, -7.273292071471829 ], [ 157.035738960165361, -7.274501043189316 ], [ 157.036767119737277, -7.275833925566632 ], [ 157.039143119646297, -7.275608952062829 ], [ 157.040171999667081, -7.272721955524668 ], [ 157.038653880074577, -7.274589961281034 ], [ 157.03836012019687, -7.272065063193057 ], [ 157.042940039637472, -7.272107915512466 ], [ 157.044508920331737, -7.270260968983276 ], [ 157.045512960138268, -7.27045809059998 ], [ 157.044985920357675, -7.271867941394006 ], [ 157.046690879647826, -7.270538975057492 ], [ 157.049299079684744, -7.27309602212966 ], [ 157.051567079638801, -7.273359921161514 ], [ 157.050834119943971, -7.275498964735746 ], [ 157.058327880417124, -7.27775298368616 ], [ 157.060230840073984, -7.281302005307698 ], [ 157.062961079835532, -7.280807960980491 ], [ 157.070846880370055, -7.284299109567609 ], [ 157.085025840305576, -7.292548988383565 ], [ 157.095866160283691, -7.307292013994855 ], [ 157.096989000489913, -7.315149049371414 ], [ 157.095303840068652, -7.316538941276688 ], [ 157.09720788039877, -7.317959001597171 ], [ 157.0969011605265, -7.319191954431151 ], [ 157.092100920279307, -7.320453112230515 ], [ 157.092751080457759, -7.324001973506756 ], [ 157.094569080149995, -7.321465035455698 ], [ 157.095858960286677, -7.321699983317171 ], [ 157.096509120465157, -7.324169971447336 ], [ 157.097643120442115, -7.321684987183203 ], [ 157.099219919785639, -7.321373983214919 ], [ 157.097652840213556, -7.323772025263038 ], [ 157.098416039895767, -7.32460201710807 ], [ 157.100291999788425, -7.323330873513176 ], [ 157.100631839646923, -7.320836957668209 ], [ 157.102025040414304, -7.321312032629641 ], [ 157.102093079712262, -7.324548993744765 ], [ 157.098310919939536, -7.327374062176498 ], [ 157.095658079921151, -7.330970891904918 ], [ 157.096195920146386, -7.333536876882325 ], [ 157.093962840402384, -7.335566016897003 ], [ 157.097121839760888, -7.344759871488574 ], [ 157.102405919806586, -7.347297034669471 ], [ 157.101909120013431, -7.350199079620809 ], [ 157.102971120020413, -7.351047945702573 ], [ 157.103748000146112, -7.348500985582904 ], [ 157.107904919987419, -7.346078976616708 ], [ 157.104417960091723, -7.351248959343533 ], [ 157.10992704026836, -7.349752955423996 ], [ 157.112327159942794, -7.352917944055417 ], [ 157.113344880192813, -7.351024023444522 ], [ 157.115738160094622, -7.351497995831179 ], [ 157.121529119929278, -7.345585004017115 ], [ 157.123432080484463, -7.346338013201591 ], [ 157.128309000025979, -7.341661056894313 ], [ 157.131437039846475, -7.343377922550198 ], [ 157.133711160022557, -7.342276965979983 ], [ 157.135785839832494, -7.338344062794358 ], [ 157.142132999660134, -7.339543932439897 ], [ 157.146830999949827, -7.335968058271298 ], [ 157.149144000109715, -7.33696495017834 ], [ 157.150847160074335, -7.334925997682026 ], [ 157.154325840197998, -7.337948092679218 ], [ 157.155249960486969, -7.337361992037955 ], [ 157.15493100017062, -7.340376929473824 ], [ 157.156975079768699, -7.338444037109014 ], [ 157.161629160525905, -7.337481961301689 ], [ 157.165129080416136, -7.338796089188401 ], [ 157.166147880441088, -7.341480033402911 ], [ 157.168875959754388, -7.340246963701587 ], [ 157.175214120259568, -7.340519928370725 ], [ 157.177256040307725, -7.337658880591806 ], [ 157.179105000436209, -7.338998894096613 ], [ 157.177572840175799, -7.341427904449533 ], [ 157.181364000169367, -7.341571973851804 ], [ 157.180205880426996, -7.342940896283475 ], [ 157.18289184043158, -7.345091031758123 ], [ 157.183616879680528, -7.343375958440574 ], [ 157.186869840122768, -7.344793076494359 ], [ 157.189578840117747, -7.343701942222027 ], [ 157.192954920059549, -7.34482396134479 ], [ 157.189802040024801, -7.342275894237123 ], [ 157.189098960092934, -7.339717994396377 ], [ 157.193782919714806, -7.336969056034556 ], [ 157.194682920238421, -7.341658021929485 ], [ 157.19845716046359, -7.345144052642198 ], [ 157.198739040121637, -7.347802965661526 ], [ 157.200504840509325, -7.345343999047754 ], [ 157.205323080299848, -7.344545107936393 ], [ 157.207886999681506, -7.348022011843436 ], [ 157.212492120459046, -7.348181074310374 ], [ 157.209346080196894, -7.344284107084143 ], [ 157.214133000225019, -7.342587061889194 ], [ 157.216421879721196, -7.344597951309908 ], [ 157.216065120094299, -7.348394051363858 ], [ 157.224160079868, -7.351463005730275 ], [ 157.224878999793248, -7.354383053893917 ], [ 157.223747160264509, -7.357787937431168 ], [ 157.22649792024211, -7.357330039368616 ], [ 157.227477119834418, -7.360612973957587 ], [ 157.231667880110734, -7.362169993285677 ], [ 157.237677000303734, -7.36106604908969 ], [ 157.235888880374489, -7.359436011171593 ], [ 157.23793908019465, -7.357544081887829 ], [ 157.246053120184939, -7.355601981217313 ], [ 157.252007879726847, -7.356944975656346 ], [ 157.256053920512642, -7.355453989210339 ], [ 157.257110880072531, -7.360282002987033 ], [ 157.258644839658444, -7.353411016044387 ], [ 157.257330839756378, -7.350319045374776 ], [ 157.263729120011931, -7.347531969614215 ], [ 157.269183119986906, -7.348969961698437 ], [ 157.269278880396172, -7.35308700264979 ], [ 157.26649896020615, -7.353200005493983 ], [ 157.27156487989356, -7.357202041771973 ], [ 157.266848160509909, -7.361995047912551 ], [ 157.265886960460961, -7.358806916003437 ], [ 157.261920119642213, -7.358714980065729 ], [ 157.26278592040461, -7.362138932088374 ], [ 157.261091040211994, -7.36667696623517 ], [ 157.263144840479782, -7.3671710935138 ], [ 157.263446880129436, -7.364438927297057 ], [ 157.266528120418599, -7.364469988331121 ], [ 157.264467120153796, -7.368936057793557 ], [ 157.266735120107825, -7.371144977145588 ], [ 157.269579840270865, -7.366857086995309 ], [ 157.269585960492918, -7.364180972207123 ], [ 157.272256080504093, -7.367012037046952 ], [ 157.271604120101784, -7.369848974638436 ], [ 157.273220159653505, -7.373496872569841 ], [ 157.275488880056372, -7.370656030674692 ], [ 157.277246040447693, -7.371528956690326 ], [ 157.278270959796373, -7.377027101632665 ], [ 157.28024195964943, -7.377378052833606 ], [ 157.280789160319927, -7.380403071646907 ], [ 157.282440120081674, -7.377471056504677 ], [ 157.281617159975184, -7.375471026612405 ], [ 157.284874080191202, -7.374191102937298 ], [ 157.283631000484178, -7.371530028361636 ], [ 157.28160815975437, -7.371056969977923 ], [ 157.282175160191997, -7.366779968877639 ], [ 157.27921704030075, -7.366952056012223 ], [ 157.271969160398953, -7.363414963000968 ], [ 157.275554040253837, -7.358487013151527 ], [ 157.281602040430641, -7.358736937863087 ], [ 157.276581840499631, -7.356900881412483 ], [ 157.274489160248066, -7.35293097595292 ], [ 157.278926160421889, -7.352621958178339 ], [ 157.281392880293168, -7.351313940604673 ], [ 157.281810840343724, -7.348738954798506 ], [ 157.285481040387623, -7.348966033529276 ], [ 157.288836960337875, -7.347230981082244 ], [ 157.298698079825357, -7.354293080191609 ], [ 157.300226999862502, -7.357305938985317 ], [ 157.298843160438679, -7.359244104919642 ], [ 157.301286119870724, -7.362721964787927 ], [ 157.30374204019563, -7.360968935400952 ], [ 157.302862920112489, -7.348929080038356 ], [ 157.304055960064886, -7.34715903700073 ], [ 157.30770383966896, -7.346795030385632 ], [ 157.30823088034785, -7.344180028310909 ], [ 157.310670959781078, -7.344200915098219 ], [ 157.316316120350166, -7.340093968309683 ], [ 157.317477120091382, -7.343046047091608 ], [ 157.319831880233863, -7.338399941004945 ], [ 157.322970000050134, -7.340547957024389 ], [ 157.325604120076292, -7.337862042977495 ], [ 157.327061040143434, -7.339709067936885 ], [ 157.324390920132259, -7.342984991931389 ], [ 157.325688000265984, -7.345581076714491 ], [ 157.321689839684836, -7.346323017011696 ], [ 157.319961119955479, -7.348839997574821 ], [ 157.322635920189242, -7.349153124654523 ], [ 157.315470120253281, -7.356816085605081 ], [ 157.316712120185315, -7.360007979819641 ], [ 157.311721080466725, -7.369351101759395 ], [ 157.314209040104572, -7.369586917188516 ], [ 157.316807160145714, -7.367831058989517 ], [ 157.323246119710603, -7.370679059546166 ], [ 157.32229103988368, -7.373210003952725 ], [ 157.31957988033875, -7.371850993347072 ], [ 157.315146120388164, -7.372809959830755 ], [ 157.313198160525445, -7.37594104549069 ], [ 157.316083920222297, -7.378783102239906 ], [ 157.314116880142961, -7.380237059203984 ], [ 157.318941959706024, -7.38077401288339 ], [ 157.319607959877914, -7.382307934833287 ], [ 157.319486999928273, -7.383388977429997 ], [ 157.315083119740677, -7.38424188540874 ], [ 157.313175119636725, -7.387307914081249 ], [ 157.316844960354587, -7.393339052746976 ], [ 157.319053920333175, -7.394565013107888 ], [ 157.323089159775947, -7.392841028204407 ], [ 157.328519039985565, -7.393437943773396 ], [ 157.329951840287293, -7.394156063213366 ], [ 157.330279080375618, -7.396883939960318 ], [ 157.332647880287652, -7.39428994072945 ], [ 157.337975160315409, -7.39515996333512 ], [ 157.334364000246893, -7.396410016799869 ], [ 157.333777920490917, -7.398627009436083 ], [ 157.337236080398554, -7.399671062367148 ], [ 157.335966000029032, -7.400485026400951 ], [ 157.336237080140762, -7.402623101113893 ], [ 157.339604159861722, -7.407430965770798 ], [ 157.339126080060794, -7.409555977043365 ], [ 157.340724840518021, -7.40938497650352 ], [ 157.343886000324716, -7.412235029028902 ], [ 157.34460888002377, -7.411602975510607 ], [ 157.337727120194074, -7.403738009439563 ], [ 157.337060040247252, -7.400943058559341 ], [ 157.340084039886506, -7.400734927074528 ], [ 157.349147040380046, -7.406791050868385 ], [ 157.349556000209787, -7.403430990556286 ], [ 157.351367879679941, -7.401692045560653 ], [ 157.361109119891125, -7.400485026400951 ], [ 157.363295039879318, -7.400584986508274 ], [ 157.357487879826778, -7.402771970280367 ], [ 157.356119880396363, -7.404148021926935 ], [ 157.35711384020712, -7.405428037014123 ], [ 157.360848119775227, -7.404184971643529 ], [ 157.361725080308418, -7.405954964758762 ], [ 157.364471880512212, -7.405400905660657 ], [ 157.372062120046877, -7.400063942930401 ], [ 157.375527840175977, -7.401008032428835 ], [ 157.377786839909135, -7.404320987464375 ], [ 157.379940000135576, -7.40436400622511 ], [ 157.382757000085547, -7.403203939238666 ], [ 157.380694920045812, -7.399650892034003 ], [ 157.385142000215438, -7.401031951949904 ], [ 157.385579040482611, -7.397881943995388 ], [ 157.391251920366471, -7.401411086136906 ], [ 157.393596959839243, -7.400548036486065 ], [ 157.399020000276238, -7.403112904001042 ], [ 157.404115080176098, -7.40306006859988 ], [ 157.405705920187472, -7.406114007026686 ], [ 157.403346120496252, -7.406977045639576 ], [ 157.404182039699037, -7.408934092909123 ], [ 157.402158839643107, -7.411101043356977 ], [ 157.403673000360129, -7.412696976411913 ], [ 157.40479800011633, -7.412074026095515 ], [ 157.405403879639493, -7.414700942354327 ], [ 157.4013268802141, -7.417909018998469 ], [ 157.397553000213321, -7.418906082577157 ], [ 157.400452080129156, -7.420163029746855 ], [ 157.399616160028046, -7.422661027396353 ], [ 157.400606160065024, -7.423433003060961 ], [ 157.405875119667854, -7.42047896162159 ], [ 157.409359920013571, -7.420746878852009 ], [ 157.410955080023143, -7.415060966571998 ], [ 157.410623880161069, -7.422008104191394 ], [ 157.413484080093042, -7.422541080638606 ], [ 157.414753079789307, -7.419122059543289 ], [ 157.413133080463808, -7.416350945988007 ], [ 157.414320000194181, -7.414097093904529 ], [ 157.408864920444273, -7.41038098896017 ], [ 157.413546000067271, -7.410943074487101 ], [ 157.416008039715905, -7.408856982231074 ], [ 157.414704840258537, -7.403160920363226 ], [ 157.417286040531309, -7.403774066048133 ], [ 157.416339960026903, -7.407048979868979 ], [ 157.418511840245486, -7.40872703592971 ], [ 157.419118079993098, -7.411464997266747 ], [ 157.417979040467344, -7.414237034207051 ], [ 157.422709080069978, -7.41564107430712 ], [ 157.418454959820053, -7.419491004925617 ], [ 157.418439840275482, -7.423725014284945 ], [ 157.42001196029463, -7.425197029243189 ], [ 157.423492080417731, -7.424051117388723 ], [ 157.428803879778172, -7.425182927965876 ], [ 157.431443040251366, -7.42284701537491 ], [ 157.426756920181276, -7.418671007607895 ], [ 157.428371879958036, -7.416240993944268 ], [ 157.428280080220816, -7.412846020576042 ], [ 157.423439880214914, -7.410741016755977 ], [ 157.429059119896465, -7.407111989900456 ], [ 157.43201508023779, -7.406804973397927 ], [ 157.429968119742597, -7.411713999403576 ], [ 157.431597120187234, -7.410956996883733 ], [ 157.430423880001996, -7.414581886518837 ], [ 157.431423960034749, -7.417972027455711 ], [ 157.433640120010352, -7.418566053456397 ], [ 157.437928079797075, -7.416494990673473 ], [ 157.434140160026715, -7.411901063641266 ], [ 157.434504840099464, -7.410414903660118 ], [ 157.437340920266109, -7.411556030756465 ], [ 157.441701959797854, -7.407552879624023 ], [ 157.440317039700744, -7.41584295131601 ], [ 157.44187404017535, -7.417276080617953 ], [ 157.438811880102833, -7.419102960769906 ], [ 157.438332000078049, -7.422785079170282 ], [ 157.436543159699937, -7.42229190626609 ], [ 157.436308080471576, -7.424956958655757 ], [ 157.433812919938418, -7.424798994825037 ], [ 157.43141892048601, -7.42682700235784 ], [ 157.433347079683216, -7.428207976812239 ], [ 157.441105080495475, -7.428255990401247 ], [ 157.442821920005287, -7.429474000103459 ], [ 157.447095120471857, -7.425278063606159 ], [ 157.443908039777597, -7.422378117770887 ], [ 157.446604079778012, -7.421879054928608 ], [ 157.446907919651494, -7.423369995396174 ], [ 157.448772000222817, -7.423773028370018 ], [ 157.449003119677457, -7.421189004734157 ], [ 157.444936919798408, -7.417736951084231 ], [ 157.447902960135508, -7.412437979190706 ], [ 157.454570160054516, -7.418359893281958 ], [ 157.455950039704561, -7.417836907226063 ], [ 157.453156079744957, -7.416053931574645 ], [ 157.452684839716596, -7.412648961102415 ], [ 157.455934920160018, -7.411201001921921 ], [ 157.459539960006509, -7.41212703974426 ], [ 157.460376959882609, -7.409643083309398 ], [ 157.466607120432741, -7.41200209180063 ], [ 157.464366839793456, -7.413061999657969 ], [ 157.465761120335799, -7.416647960198309 ], [ 157.470783840041179, -7.414207939612164 ], [ 157.472071919954033, -7.410620888260661 ], [ 157.474990080086513, -7.411196895866411 ], [ 157.479748919677149, -7.408707936699484 ], [ 157.482028080300296, -7.409944921957734 ], [ 157.485459959994273, -7.409230933740608 ], [ 157.485398040020044, -7.406746961659556 ], [ 157.487599080451076, -7.4101178851902 ], [ 157.489305120414514, -7.40943709824564 ], [ 157.48891596035196, -7.408084981564584 ], [ 157.491046079689653, -7.408137994802988 ], [ 157.489349039947086, -7.405730949277977 ], [ 157.490546039673262, -7.405212946383939 ], [ 157.489512120103768, -7.40437400205814 ], [ 157.490367839972038, -7.402859077904715 ], [ 157.4922520796367, -7.404450935081904 ], [ 157.491016920375557, -7.398485993403826 ], [ 157.489003079866535, -7.399809043454512 ], [ 157.489479000117541, -7.396682946414268 ], [ 157.484243880051451, -7.396255969444846 ], [ 157.483527119676125, -7.394400969038835 ], [ 157.489277039977054, -7.393965064480837 ], [ 157.48861284002902, -7.39253096702759 ], [ 157.490035919661096, -7.392683944976875 ], [ 157.491123120106749, -7.390378027453585 ], [ 157.492396080475032, -7.390866950939948 ], [ 157.492347840045994, -7.393839933766683 ], [ 157.495636080024383, -7.391753938903593 ], [ 157.4951079604688, -7.389458012636426 ], [ 157.497103080087271, -7.387745967661752 ], [ 157.501217160170995, -7.388454991660378 ], [ 157.505331959805233, -7.382817038477834 ], [ 157.508966159864144, -7.380380936478805 ], [ 157.508978040083804, -7.378126008658278 ], [ 157.512948839777948, -7.37710403948231 ], [ 157.512303000496047, -7.375203974731019 ], [ 157.514312159884071, -7.375256991968321 ], [ 157.518946079751345, -7.371847958591395 ], [ 157.519114919905661, -7.370131025167127 ], [ 157.522272840387416, -7.373856929935036 ], [ 157.536815040396306, -7.382343993214826 ], [ 157.539115079663219, -7.385084081617562 ], [ 157.542170039738721, -7.383862914744043 ], [ 157.55076683975264, -7.38912992059265 ], [ 157.556859840135331, -7.390830000990321 ], [ 157.557720959776759, -7.388936063476343 ], [ 157.55561496020448, -7.388187947722453 ], [ 157.556615040237233, -7.386812024123719 ], [ 157.55523803968768, -7.386056943130454 ], [ 157.560424920222999, -7.385639951119541 ], [ 157.562975160059494, -7.380694040986162 ], [ 157.560496920193032, -7.378237041978487 ], [ 157.553632080131706, -7.375743077023657 ], [ 157.548323159871785, -7.377496048076726 ], [ 157.55167512004823, -7.374191995243936 ], [ 157.550545079844994, -7.372422945762866 ], [ 157.54785300051671, -7.372791929798386 ], [ 157.549184999962108, -7.371108917839589 ], [ 157.547761920330032, -7.370139951006742 ], [ 157.552228079817979, -7.370777954809735 ], [ 157.554559080419523, -7.373612012579381 ], [ 157.556795040162285, -7.373851931220405 ], [ 157.557107880256609, -7.36890303308151 ], [ 157.558776120011174, -7.374728957251968 ], [ 157.561539839983396, -7.37539587398033 ], [ 157.561625879722982, -7.372634125506922 ], [ 157.56365483977649, -7.372470965503945 ], [ 157.559452919729409, -7.368323042502779 ], [ 157.560226919856319, -7.36708112243975 ], [ 157.558160160492207, -7.366108040201961 ], [ 157.558367160181461, -7.362214086998846 ], [ 157.555612080205663, -7.359173948381726 ], [ 157.560140880116705, -7.359035061218606 ], [ 157.56157800041666, -7.353088965819063 ], [ 157.560491879745967, -7.347297034669471 ], [ 157.55649696028641, -7.341999003325262 ], [ 157.556742120408899, -7.336143907310249 ], [ 157.557976920343947, -7.335070069217469 ], [ 157.55342508044248, -7.330010943279204 ], [ 157.552377120205108, -7.330303909360802 ], [ 157.549993920299073, -7.325959030598262 ], [ 157.460874840349021, -7.36633707483066 ], [ 157.23804600037468, -7.282279020907525 ], [ 157.071296879733524, -7.17494492447877 ], [ 156.891003839790756, -7.001448968979403 ], [ 156.7769770803298, -6.896477041660805 ], [ 156.692926080515463, -6.959773940866653 ] ] ], [ [ [ 157.819618080328098, -7.45531896074255 ], [ 157.811297039750229, -7.425467977943504 ], [ 157.810038120049796, -7.425414965923202 ], [ 157.809917879650726, -7.426838960511343 ], [ 157.808408039830198, -7.424284048155228 ], [ 157.809004920030816, -7.42280203558806 ], [ 157.805938079735682, -7.420309036931529 ], [ 157.803144840224945, -7.421426042098686 ], [ 157.796058959806544, -7.413030942084768 ], [ 157.796237160406065, -7.4096309453389 ], [ 157.793857920273808, -7.407804026268586 ], [ 157.792674960317186, -7.40430902779441 ], [ 157.791121920514655, -7.40782794451938 ], [ 157.791944160172278, -7.404164979071878 ], [ 157.789761839733472, -7.402914055621903 ], [ 157.789315079694887, -7.397154906306477 ], [ 157.785657120095038, -7.393334055152256 ], [ 157.784223960467159, -7.39428297836789 ], [ 157.779474839749525, -7.392873872651978 ], [ 157.778205840053317, -7.394834910179019 ], [ 157.771486079707046, -7.392753918576487 ], [ 157.774273920342921, -7.392552030856215 ], [ 157.773643920156076, -7.390826074093968 ], [ 157.770779040001429, -7.391027962613589 ], [ 157.767702119710464, -7.397260936336028 ], [ 157.769648999798164, -7.398416912981904 ], [ 157.766145120134155, -7.400320091411537 ], [ 157.765025159926722, -7.39954289872905 ], [ 157.765092120348015, -7.401820030116118 ], [ 157.761698039964529, -7.407784926997878 ], [ 157.763049120524897, -7.401949978480327 ], [ 157.759179119890405, -7.401177964662459 ], [ 157.763212920232121, -7.397303954897673 ], [ 157.761044999787259, -7.395021980775006 ], [ 157.762126080010887, -7.392125942109078 ], [ 157.758654960108657, -7.389685071118538 ], [ 157.755535920508976, -7.389464975075057 ], [ 157.753310039863692, -7.392110947489424 ], [ 157.753796040110473, -7.398972944829496 ], [ 157.750532999672458, -7.396212057621378 ], [ 157.749767999766391, -7.398573101885701 ], [ 157.74769692040411, -7.397926034102126 ], [ 157.746175919914521, -7.407359030707847 ], [ 157.744437839739874, -7.406454939025663 ], [ 157.743320039980688, -7.407843117045346 ], [ 157.745334960264643, -7.411415018914206 ], [ 157.74133896013177, -7.408317027757803 ], [ 157.743721080262873, -7.401587087310756 ], [ 157.742276040415362, -7.399967017263575 ], [ 157.742074080274875, -7.40153300167669 ], [ 157.74191891966575, -7.399472033964936 ], [ 157.740044040446378, -7.398607017505937 ], [ 157.737367079764283, -7.402140080565027 ], [ 157.739407920037479, -7.402220940777323 ], [ 157.738367880245931, -7.403826902259306 ], [ 157.735400039684976, -7.403600029597551 ], [ 157.734088919781726, -7.409323930614465 ], [ 157.72998600036712, -7.412761948525842 ], [ 157.724727840310578, -7.412539008122003 ], [ 157.721294879943343, -7.414999029256961 ], [ 157.716945000182363, -7.415497029338584 ], [ 157.717247039832046, -7.41705903207131 ], [ 157.713351839657207, -7.422687087023523 ], [ 157.717755000294289, -7.421426042098686 ], [ 157.718678039909975, -7.422664954005337 ], [ 157.712426999817694, -7.42530894275986 ], [ 157.721186879988267, -7.424047904555865 ], [ 157.723113960308837, -7.426895006729718 ], [ 157.721419080116192, -7.427346050119128 ], [ 157.721643000472113, -7.425627012172168 ], [ 157.719979079817421, -7.424838084072662 ], [ 157.720812119919742, -7.427517043587555 ], [ 157.718886120272487, -7.427374965394125 ], [ 157.71936708007226, -7.430106920695604 ], [ 157.714192079756515, -7.43254810275892 ], [ 157.717000080384025, -7.432394960401166 ], [ 157.720394880318054, -7.433610994773216 ], [ 157.729772160007002, -7.425506888690513 ], [ 157.726808999668691, -7.43132403300958 ], [ 157.72838904013372, -7.432170065473831 ], [ 157.730528159692199, -7.430464968418328 ], [ 157.730322960226829, -7.433917993219367 ], [ 157.724165880319987, -7.432084034352641 ], [ 157.724025840153729, -7.433911032389308 ], [ 157.722923880387953, -7.433036979716618 ], [ 157.718936880475923, -7.434789008901877 ], [ 157.716943920407431, -7.432914002394746 ], [ 157.713990120514325, -7.43325402027138 ], [ 157.715732880013292, -7.437540015442103 ], [ 157.714671959781299, -7.437488076406718 ], [ 157.715069040289706, -7.438923990951579 ], [ 157.716320040442582, -7.438210942583579 ], [ 157.715295120195577, -7.440831991600921 ], [ 157.716511919688969, -7.442922036781089 ], [ 157.71518495979231, -7.442557038661694 ], [ 157.717592999912597, -7.444118944825236 ], [ 157.721087159805222, -7.451580002569896 ], [ 157.73131404003874, -7.463179969348942 ], [ 157.732868880065098, -7.463221018699239 ], [ 157.74197616031563, -7.47160908993047 ], [ 157.753996920476027, -7.477110980756786 ], [ 157.773764159656821, -7.476779920133876 ], [ 157.774658039958439, -7.47797905557806 ], [ 157.784258160228291, -7.476540056602081 ], [ 157.792439159741605, -7.478549085733944 ], [ 157.816483920285549, -7.478789125669008 ], [ 157.818368880399049, -7.46608803309817 ], [ 157.817310840165874, -7.463226015488832 ], [ 157.81509504041469, -7.462013097591951 ], [ 157.814119080147293, -7.459027011612944 ], [ 157.816546920034767, -7.455938101921639 ], [ 157.819618080328098, -7.45531896074255 ] ], [ [ 157.808814119661122, -7.4502590712952 ], [ 157.806857880026485, -7.450719014540224 ], [ 157.807670039688333, -7.449544077970609 ], [ 157.808814119661122, -7.4502590712952 ] ], [ [ 157.808008080221327, -7.458093933348145 ], [ 157.806282960041244, -7.458325061533746 ], [ 157.806902880232286, -7.455763907080006 ], [ 157.808008080221327, -7.458093933348145 ] ] ], [ [ [ 157.647420000159059, -7.426267078667108 ], [ 157.644680039727803, -7.416322922199128 ], [ 157.64305499995524, -7.416360941545473 ], [ 157.637896920306218, -7.411811101796077 ], [ 157.638902039887711, -7.413848986255029 ], [ 157.637550960225667, -7.414625974933139 ], [ 157.637968920276251, -7.417004056142471 ], [ 157.635186120087411, -7.414247029813142 ], [ 157.635258120057443, -7.412497060843704 ], [ 157.634036999667529, -7.412741065017467 ], [ 157.635864000478904, -7.407850970531091 ], [ 157.634763120488117, -7.406456009714398 ], [ 157.633315920192359, -7.408622972509662 ], [ 157.631855040351411, -7.406182014640973 ], [ 157.63304196008184, -7.402059041887775 ], [ 157.629796920085454, -7.403108977215398 ], [ 157.627841039776911, -7.40117189555916 ], [ 157.62978791986464, -7.399738000282858 ], [ 157.629224880099088, -7.398567925002887 ], [ 157.626191880238963, -7.397125095864733 ], [ 157.624971120073496, -7.397834997760902 ], [ 157.622339880046184, -7.395008950132728 ], [ 157.618469880309988, -7.396205096187293 ], [ 157.616345880296024, -7.40142500973528 ], [ 157.616376120283462, -7.395754020487406 ], [ 157.598636040033995, -7.391934942486834 ], [ 157.598048880503029, -7.389737015867025 ], [ 157.599815040216839, -7.387978024691479 ], [ 157.597539119816958, -7.387481064760406 ], [ 157.591262159735464, -7.390072069882896 ], [ 157.591257120186725, -7.3933449435059 ], [ 157.582626839962188, -7.397497986743718 ], [ 157.573932119989053, -7.403641083694063 ], [ 157.573712879855776, -7.405014991207961 ], [ 157.570473960081415, -7.40479204593604 ], [ 157.565055960091456, -7.402358921953285 ], [ 157.559462999725213, -7.397834997760902 ], [ 157.559625000106905, -7.396567990945052 ], [ 157.556243879718039, -7.396019096813713 ], [ 157.556423879643091, -7.393097002479108 ], [ 157.552130880307601, -7.392811039910561 ], [ 157.544471880127816, -7.387861996192054 ], [ 157.536835919938454, -7.385714032145303 ], [ 157.525140959867002, -7.37579895046308 ], [ 157.51858607990124, -7.372935988884119 ], [ 157.514673959958031, -7.378817019399301 ], [ 157.512668039894919, -7.379544979955311 ], [ 157.512245040295596, -7.384008933208274 ], [ 157.506064920398359, -7.384862019328994 ], [ 157.507419959834209, -7.389657938784431 ], [ 157.504790159806277, -7.389502103595438 ], [ 157.5021801604438, -7.396483024385487 ], [ 157.507922160298847, -7.394857936877957 ], [ 157.509794879968268, -7.392592015271312 ], [ 157.509117000475101, -7.397074937413258 ], [ 157.502736000212366, -7.400051090889715 ], [ 157.503089160289875, -7.404787048472755 ], [ 157.499295120297518, -7.401991032732496 ], [ 157.499497080438005, -7.40329997193773 ], [ 157.494809879694628, -7.4079220132751 ], [ 157.496987159686398, -7.409484935462992 ], [ 157.495434119883868, -7.410812950362794 ], [ 157.496031000084514, -7.412366938081247 ], [ 157.499822880526921, -7.412554001141228 ], [ 157.501009079808483, -7.414102984382471 ], [ 157.503633119838838, -7.411888925733818 ], [ 157.50675107966353, -7.413330992134489 ], [ 157.505146920331413, -7.414970113157716 ], [ 157.506060959726312, -7.420007027039777 ], [ 157.510611000302191, -7.418976945071118 ], [ 157.51053612033337, -7.41687589671525 ], [ 157.508209080403958, -7.415274981663609 ], [ 157.50991691969287, -7.414866050335473 ], [ 157.509070920494281, -7.413926096047637 ], [ 157.512520080181048, -7.41511701431078 ], [ 157.513742999896493, -7.413493958396598 ], [ 157.516292880406866, -7.414071033761919 ], [ 157.518280080477808, -7.410870961558792 ], [ 157.520557079754354, -7.414079066476894 ], [ 157.525076159893985, -7.415794044132658 ], [ 157.535493120048358, -7.414609018196134 ], [ 157.543031879829073, -7.418880022723061 ], [ 157.544700840032476, -7.417686972556315 ], [ 157.546303920487958, -7.41949493156329 ], [ 157.542956999860252, -7.422042017983713 ], [ 157.548854879874966, -7.423638981488787 ], [ 157.547341080280688, -7.428265985684562 ], [ 157.548929040293274, -7.427638951803527 ], [ 157.548206159695894, -7.429996972136429 ], [ 157.549205159953715, -7.430869959412993 ], [ 157.551008040101379, -7.428056081996449 ], [ 157.556284920150091, -7.429140939272508 ], [ 157.556369880114715, -7.424430947054208 ], [ 157.562254079685999, -7.427693926385464 ], [ 157.566912839767468, -7.426777024876467 ], [ 157.577618880475256, -7.428976016055954 ], [ 157.584489839860254, -7.427943990749149 ], [ 157.585555080090472, -7.425975961354238 ], [ 157.588836840520713, -7.426065920265313 ], [ 157.594323960481915, -7.422870040590731 ], [ 157.594569119706108, -7.420978919180795 ], [ 157.591842120167769, -7.420262985330296 ], [ 157.595232960327991, -7.420805960271745 ], [ 157.595420879800599, -7.423638981488787 ], [ 157.598767079979439, -7.424307966395451 ], [ 157.600182960512797, -7.427135968442951 ], [ 157.598179920448473, -7.425182927965876 ], [ 157.594246920064819, -7.426334904686773 ], [ 157.592102040508706, -7.429022958030126 ], [ 157.597053120468473, -7.429649097717308 ], [ 157.585694040481769, -7.430838009129886 ], [ 157.587140879654783, -7.432525970243884 ], [ 157.584152880000545, -7.432100991303608 ], [ 157.584156839774323, -7.434682094951119 ], [ 157.58240903982832, -7.432487060126575 ], [ 157.579822080456267, -7.433026984543312 ], [ 157.578203880456272, -7.436048052178544 ], [ 157.582599119749176, -7.436501942811266 ], [ 157.577379839676439, -7.438421019789117 ], [ 157.576433040519817, -7.440081999716245 ], [ 157.571661960485102, -7.439423035072769 ], [ 157.569337080105612, -7.436075004077709 ], [ 157.566480120396818, -7.438305896930018 ], [ 157.562497080258538, -7.43757696231705 ], [ 157.560041159933633, -7.439849077437839 ], [ 157.557247920422896, -7.439639000924962 ], [ 157.556522880275594, -7.442471901769789 ], [ 157.558327919973237, -7.443211001514537 ], [ 157.560648120130054, -7.440508042329678 ], [ 157.560746040089299, -7.442170085749014 ], [ 157.564179000456619, -7.442411038969122 ], [ 157.559334120228016, -7.444634046359966 ], [ 157.561643159715771, -7.4450649030608 ], [ 157.562798040133259, -7.449189079341017 ], [ 157.561605000180805, -7.450193033322895 ], [ 157.564284839963364, -7.450710090354574 ], [ 157.565757960248362, -7.454486002379091 ], [ 157.565934000399608, -7.453109929309451 ], [ 157.567343040262102, -7.453421018685196 ], [ 157.569158880404416, -7.447816916691898 ], [ 157.565053080092639, -7.444383099466031 ], [ 157.570868880141546, -7.44303305355543 ], [ 157.572529919899125, -7.444684913943728 ], [ 157.574908080256449, -7.444161066581412 ], [ 157.575167999699062, -7.446021033430797 ], [ 157.573031039690505, -7.447051945084548 ], [ 157.572865080433331, -7.44892706969888 ], [ 157.575012839988261, -7.447708043215357 ], [ 157.576892040104156, -7.451337983878194 ], [ 157.580685000321552, -7.451032961409524 ], [ 157.582751040135065, -7.453198990439988 ], [ 157.585266000435411, -7.451976941802466 ], [ 157.585899960396034, -7.448869063593563 ], [ 157.589088840415798, -7.450803971379454 ], [ 157.588111079924573, -7.452016920744361 ], [ 157.59060984000709, -7.452693001678818 ], [ 157.589673119947918, -7.453446004992562 ], [ 157.587823080044501, -7.452129005760764 ], [ 157.587981119754119, -7.45361805962381 ], [ 157.591135080462152, -7.454532941587452 ], [ 157.590978120527467, -7.452648024990911 ], [ 157.589450999815853, -7.451329951853653 ], [ 157.591535040071051, -7.448849073080926 ], [ 157.590572039798275, -7.447122088355187 ], [ 157.59247788035222, -7.446800999592829 ], [ 157.592039039861191, -7.444198012891441 ], [ 157.593830039789253, -7.444559976275401 ], [ 157.593777840484705, -7.437178047086491 ], [ 157.59652788001344, -7.443121046162362 ], [ 157.593038040118955, -7.449449126089621 ], [ 157.594249080513066, -7.450199993891181 ], [ 157.593431880404182, -7.452009960205348 ], [ 157.594659120117768, -7.452319978900514 ], [ 157.595537879976462, -7.450387041525167 ], [ 157.596479999808764, -7.451050988197028 ], [ 157.594587120147736, -7.454880975336446 ], [ 157.601460960429847, -7.454278966256903 ], [ 157.603278960122083, -7.452842032091643 ], [ 157.604326920359512, -7.450599968596591 ], [ 157.602134880149265, -7.447310921633395 ], [ 157.604281920153653, -7.448552973087112 ], [ 157.60447307984947, -7.44502492347633 ], [ 157.605567120067718, -7.44744299844799 ], [ 157.608749879865428, -7.444884993108359 ], [ 157.610503080482943, -7.445613023257438 ], [ 157.608813960287904, -7.446452067182321 ], [ 157.606486920358464, -7.453331957600447 ], [ 157.613055119644969, -7.450840916225538 ], [ 157.618153080441914, -7.451274980271934 ], [ 157.620900960420698, -7.448700042188576 ], [ 157.619810879976228, -7.448088029677416 ], [ 157.620174840498436, -7.445507004139316 ], [ 157.622902919811736, -7.442577920734697 ], [ 157.619912040158709, -7.441231974965581 ], [ 157.61984904040952, -7.442361063284914 ], [ 157.617011880467885, -7.438480990975831 ], [ 157.615365960254849, -7.44065993278134 ], [ 157.613739120258487, -7.438116880391901 ], [ 157.616204039905938, -7.436365936173967 ], [ 157.615503120422346, -7.433307031333483 ], [ 157.612177080235085, -7.431725987966907 ], [ 157.60952207976851, -7.432804053650806 ], [ 157.610860919884772, -7.431516085953585 ], [ 157.609353960063089, -7.430607937790509 ], [ 157.60745603995494, -7.431911972058991 ], [ 157.606533000339311, -7.43094099749473 ], [ 157.609693080371017, -7.42945508022433 ], [ 157.609059120410421, -7.427907936146351 ], [ 157.613330160428774, -7.43123603800643 ], [ 157.614104880106169, -7.427880983739466 ], [ 157.611908159673334, -7.426083054994975 ], [ 157.616569080203107, -7.427721057243412 ], [ 157.615615080151144, -7.431372046253561 ], [ 157.621406039985828, -7.439685942640872 ], [ 157.622428080234016, -7.435842079644694 ], [ 157.626840959744158, -7.431191059089424 ], [ 157.636945079804207, -7.433156923572071 ], [ 157.643025839742819, -7.432633955350678 ], [ 157.647420000159059, -7.426267078667108 ] ] ], [ [ [ 157.645571040030546, -7.452747080934854 ], [ 157.644442080500596, -7.447338943419288 ], [ 157.645005120266205, -7.435658952216968 ], [ 157.631694119744708, -7.432988074470962 ], [ 157.628574000370065, -7.43324206229478 ], [ 157.62526704039945, -7.436401990073341 ], [ 157.624435080072146, -7.443799995924331 ], [ 157.625727119758778, -7.444533024904309 ], [ 157.624513919814746, -7.447458883313423 ], [ 157.626799920210402, -7.453524000781257 ], [ 157.631391000320065, -7.452837926430496 ], [ 157.630443840040698, -7.450224981281284 ], [ 157.631775840384449, -7.447977014199941 ], [ 157.631803919923584, -7.449879977995145 ], [ 157.636198080339796, -7.45253611764159 ], [ 157.636337039832796, -7.45485206189827 ], [ 157.638678120430114, -7.453039965438953 ], [ 157.64201891993747, -7.454870980667577 ], [ 157.645571040030546, -7.452747080934854 ] ] ], [ [ [ 157.482537119639176, -7.412658956745005 ], [ 157.480594919774092, -7.411953897968532 ], [ 157.474456920083895, -7.416619044208806 ], [ 157.475081879823705, -7.41917507233209 ], [ 157.473961920514597, -7.420455044067109 ], [ 157.469289119765193, -7.420455044067109 ], [ 157.469591879863742, -7.42289592176395 ], [ 157.468125960474083, -7.42406504026193 ], [ 157.466179080386354, -7.423302882677904 ], [ 157.460943960320265, -7.425590065175482 ], [ 157.457449079978744, -7.425466014203359 ], [ 157.456520999915995, -7.424420058582121 ], [ 157.45147883976955, -7.428294008702461 ], [ 157.452127920173069, -7.431047019281401 ], [ 157.46148288032046, -7.434168053096792 ], [ 157.464178920320819, -7.431822906549048 ], [ 157.467034079805785, -7.432494020979457 ], [ 157.465938959812604, -7.430154934074325 ], [ 157.467880079902699, -7.429157003247915 ], [ 157.469327999749027, -7.432225932565708 ], [ 157.470788880488271, -7.432383893691545 ], [ 157.476359879740755, -7.428763970547282 ], [ 157.477647959653609, -7.425351066344371 ], [ 157.475601000056713, -7.424453972185986 ], [ 157.47575400021762, -7.423086907791511 ], [ 157.480239960371051, -7.418536959151425 ], [ 157.478705999886813, -7.417937934902097 ], [ 157.481517960288073, -7.415737104259661 ], [ 157.482537119639176, -7.412658956745005 ] ] ], [ [ [ 157.122673920350962, -7.363677916476677 ], [ 157.119942960140577, -7.36284496193029 ], [ 157.118469120305065, -7.358816912879676 ], [ 157.114856880461559, -7.35685803733982 ], [ 157.10772204006355, -7.36075703615772 ], [ 157.106954879709207, -7.358706053993031 ], [ 157.109619960171642, -7.356148962082421 ], [ 157.108480919747592, -7.35291098193147 ], [ 157.107116880090928, -7.354647083609433 ], [ 157.108681079664251, -7.35576907472198 ], [ 157.102067159723049, -7.359509917274889 ], [ 157.095582839727911, -7.357895941062656 ], [ 157.09494599976847, -7.352718002000439 ], [ 157.093827120234351, -7.352350072758655 ], [ 157.094309159809058, -7.358294035676813 ], [ 157.096173959930951, -7.360808092011757 ], [ 157.107305159787927, -7.36326393881953 ], [ 157.111827119926403, -7.368042954806948 ], [ 157.120320960432338, -7.369705985314344 ], [ 157.122673920350962, -7.363677916476677 ] ] ], [ [ [ 157.585163040029101, -7.378169029107277 ], [ 157.584152160450003, -7.378534974477367 ], [ 157.584473999866844, -7.375331967060244 ], [ 157.581781919640264, -7.370973069226915 ], [ 157.58007011967922, -7.371232091086059 ], [ 157.582455119809111, -7.372857979529279 ], [ 157.581507960428041, -7.37409506382794 ], [ 157.579907040420892, -7.374175929240124 ], [ 157.579954919727214, -7.37256093546886 ], [ 157.579407000404501, -7.374047044265316 ], [ 157.576925879640868, -7.373007036420819 ], [ 157.57639812030979, -7.374022945699743 ], [ 157.576104000207692, -7.372728914807089 ], [ 157.573983959967478, -7.371899013150947 ], [ 157.573695960087377, -7.373045059546807 ], [ 157.573181880301405, -7.371927932108111 ], [ 157.572695880054624, -7.373165019039393 ], [ 157.575752999680077, -7.374919963507971 ], [ 157.569018119789234, -7.376838952558713 ], [ 157.563674999768097, -7.386174042848608 ], [ 157.567467959985521, -7.387576030189908 ], [ 157.573459079736836, -7.385923955369059 ], [ 157.578379919709249, -7.381481977461057 ], [ 157.582686959712589, -7.381274015143345 ], [ 157.585163040029101, -7.378169029107277 ] ] ], [ [ [ 157.609540080210138, -7.305882096769972 ], [ 157.608606959700353, -7.301441996635539 ], [ 157.605593040056903, -7.300991003728759 ], [ 157.601439000214441, -7.306974930355064 ], [ 157.59469007965572, -7.307535896527109 ], [ 157.591820159952334, -7.311040940618151 ], [ 157.593295080461104, -7.312018963145816 ], [ 157.593054959887354, -7.319725054450889 ], [ 157.599757080016388, -7.3207700076877 ], [ 157.603034879774526, -7.316027975817552 ], [ 157.604736959964157, -7.316407004228465 ], [ 157.603246919910845, -7.313442965626261 ], [ 157.605361919703967, -7.311103072031982 ], [ 157.603641120420434, -7.308125964530974 ], [ 157.60647684036266, -7.308744061528223 ], [ 157.607669880315086, -7.306274881141979 ], [ 157.609540080210138, -7.305882096769972 ] ] ], [ [ [ 157.214729880425665, -7.366347071534932 ], [ 157.213274040133484, -7.363662028552147 ], [ 157.208177880458692, -7.360419996523063 ], [ 157.210283160480458, -7.357174014182853 ], [ 157.209678000507864, -7.355207990738755 ], [ 157.204033919713709, -7.361403087330132 ], [ 157.204077119695739, -7.364338065687617 ], [ 157.201341119936558, -7.365129066453658 ], [ 157.202369999957341, -7.367741980371057 ], [ 157.200657839771907, -7.376858945486701 ], [ 157.203725040291459, -7.375637041763825 ], [ 157.205804040099622, -7.378661001879196 ], [ 157.209222959799007, -7.379513026799985 ], [ 157.209145920280235, -7.377539960887604 ], [ 157.205148840372402, -7.3734529584558 ], [ 157.20549012023028, -7.370551958168346 ], [ 157.214729880425665, -7.366347071534932 ] ] ], [ [ [ 157.182865920442339, -7.357110104600592 ], [ 157.178891160076091, -7.354729916674748 ], [ 157.177199880331102, -7.357597102162421 ], [ 157.173911999678808, -7.358300997715165 ], [ 157.17107304041167, -7.364193111442376 ], [ 157.172988960063151, -7.368722913163976 ], [ 157.177262880080264, -7.367334076133642 ], [ 157.181136120039696, -7.371939891769336 ], [ 157.181851080191137, -7.369368952573564 ], [ 157.178795040340674, -7.362867991212998 ], [ 157.182865920442339, -7.357110104600592 ] ] ], [ [ [ 157.388775840049931, -7.419126878398876 ], [ 157.382883000482252, -7.41226109017826 ], [ 157.379060880052407, -7.412869938549467 ], [ 157.379162040234888, -7.411416981821173 ], [ 157.376349000058639, -7.410520930459051 ], [ 157.375209960532914, -7.407732983505328 ], [ 157.373389079943564, -7.407757973342282 ], [ 157.375424879769668, -7.413166062912246 ], [ 157.372629120484561, -7.418259045044054 ], [ 157.376210039667313, -7.416106051620396 ], [ 157.377363840309869, -7.418229950718534 ], [ 157.381089119657105, -7.420047009828325 ], [ 157.387722840263763, -7.420623004937956 ], [ 157.388775840049931, -7.419126878398876 ] ] ], [ [ [ 157.30240212030435, -7.388999076128304 ], [ 157.301971919809716, -7.387087994397349 ], [ 157.299275160258816, -7.387026053102535 ], [ 157.297076999826544, -7.384488939184666 ], [ 157.293875880261055, -7.385475011408936 ], [ 157.293236160302854, -7.388939991286481 ], [ 157.291263000001464, -7.389810024570444 ], [ 157.291518959670356, -7.392050077632276 ], [ 157.287205079894392, -7.394315108894405 ], [ 157.293354959804191, -7.397891939977217 ], [ 157.29388308025807, -7.392738031709696 ], [ 157.294955160260827, -7.39542307704375 ], [ 157.301318160081905, -7.3976970160481 ], [ 157.302295919674833, -7.39477993144189 ], [ 157.294253879654519, -7.388999968404676 ], [ 157.297686120471269, -7.387396988709233 ], [ 157.299986159738211, -7.388064956817984 ], [ 157.300355880257996, -7.38980395530883 ], [ 157.30240212030435, -7.388999076128304 ] ] ], [ [ [ 157.30453188031592, -7.366578961469511 ], [ 157.30412112026238, -7.364622976110699 ], [ 157.300990919993581, -7.363331060784017 ], [ 157.297610880278, -7.367472960662894 ], [ 157.294761840116763, -7.367047025905315 ], [ 157.296588840029813, -7.370056049183008 ], [ 157.295557080010241, -7.373874959923462 ], [ 157.297461120340358, -7.377976060317551 ], [ 157.299795000042366, -7.374040974784523 ], [ 157.30319807974837, -7.37288493444571 ], [ 157.30453188031592, -7.366578961469511 ] ] ], [ [ [ 157.586245920476586, -7.485226982138691 ], [ 157.585138920263745, -7.483274915148517 ], [ 157.577128920454669, -7.479784980204312 ], [ 157.571858159729658, -7.47561593988207 ], [ 157.572611999864961, -7.47820696067981 ], [ 157.575517920451716, -7.479293121233034 ], [ 157.579134120068971, -7.483163016639969 ], [ 157.581884880046545, -7.483526017849366 ], [ 157.58288315985547, -7.48548611508956 ], [ 157.580817120041957, -7.486065057865414 ], [ 157.579561080340341, -7.485263031958851 ], [ 157.580120879882685, -7.483789077878006 ], [ 157.576245120148911, -7.48151397884005 ], [ 157.575003120216877, -7.479716984152498 ], [ 157.569950160524087, -7.478312970872291 ], [ 157.568974919807232, -7.472525006085969 ], [ 157.567020120171975, -7.472394008363937 ], [ 157.563208079737933, -7.466360027632597 ], [ 157.561826039639641, -7.467290053943381 ], [ 157.569176160397205, -7.478757001406506 ], [ 157.577968079880691, -7.482539987576357 ], [ 157.579299000449453, -7.486634898901497 ], [ 157.58393615964161, -7.487747094793877 ], [ 157.586245920476586, -7.485226982138691 ] ] ], [ [ [ 157.498425000435219, -7.429626965054275 ], [ 157.495910040134873, -7.427484023317215 ], [ 157.49539596034893, -7.422881107543054 ], [ 157.491934920442475, -7.421145095428085 ], [ 157.488815160393955, -7.423034967024938 ], [ 157.490421119949872, -7.425715008313269 ], [ 157.488401879667691, -7.429372975112678 ], [ 157.488983999649918, -7.431047019281401 ], [ 157.497819120013759, -7.430806952828398 ], [ 157.498425000435219, -7.429626965054275 ] ] ], [ [ [ 157.251706919852154, -7.372896001771455 ], [ 157.250930039726455, -7.368349998595596 ], [ 157.245631919911148, -7.361119960374298 ], [ 157.24258415983266, -7.365513051280725 ], [ 157.243795919777284, -7.367924064692174 ], [ 157.248060120023069, -7.369938052827699 ], [ 157.245567119938187, -7.377121890876548 ], [ 157.247624879979696, -7.37740607912805 ], [ 157.248585000253712, -7.374750021043113 ], [ 157.251706919852154, -7.372896001771455 ] ] ], [ [ [ 157.544828999979131, -7.43493893766157 ], [ 157.540592880170834, -7.430401962671542 ], [ 157.53629304016448, -7.429781000582418 ], [ 157.534333920531026, -7.43283296856186 ], [ 157.532451840416314, -7.432391926067562 ], [ 157.537080000285982, -7.43410897439358 ], [ 157.539485879957965, -7.437146990342627 ], [ 157.544145000263939, -7.436405024378828 ], [ 157.544828999979131, -7.43493893766157 ] ] ], [ [ [ 157.573643040333991, -7.493412968019283 ], [ 157.571922959702704, -7.49075796953582 ], [ 157.570061040477924, -7.491365994621923 ], [ 157.571961120135938, -7.491568015577399 ], [ 157.571538119638348, -7.494107009026666 ], [ 157.566836160473144, -7.493749013180722 ], [ 157.568435999807036, -7.494542992941603 ], [ 157.566466079728912, -7.494763036467689 ], [ 157.564046879837861, -7.493452051057918 ], [ 157.565613960308298, -7.492991974084666 ], [ 157.562754840151229, -7.490691937764629 ], [ 157.562093880426403, -7.484228998300029 ], [ 157.560049080379486, -7.482511075992024 ], [ 157.560900120025138, -7.490654995435827 ], [ 157.564252080201584, -7.495693002338646 ], [ 157.571532000314647, -7.496085975011627 ], [ 157.573643040333991, -7.493412968019283 ] ] ], [ [ [ 157.161575160099204, -7.346632039225886 ], [ 157.160186999778858, -7.344627942910283 ], [ 157.154835960210164, -7.347897046449959 ], [ 157.157596079734731, -7.350035018899275 ], [ 157.155833879794699, -7.355703915652617 ], [ 157.158915120083833, -7.358827981458152 ], [ 157.159941120105827, -7.356294990699683 ], [ 157.158563039781285, -7.354056898686751 ], [ 157.160674079800657, -7.352172087674129 ], [ 157.159307879695717, -7.350254063966158 ], [ 157.161575160099204, -7.346632039225886 ] ] ], [ [ [ 157.547941920255084, -7.425940977228604 ], [ 157.54429583997657, -7.424553034577983 ], [ 157.544931960385412, -7.426707056751556 ], [ 157.543219079751111, -7.425723040812806 ], [ 157.54266792020519, -7.42692302983619 ], [ 157.540057919944388, -7.423155984293793 ], [ 157.538832120230182, -7.42520095582926 ], [ 157.540835160294534, -7.42537498362909 ], [ 157.540395960477383, -7.426878050471871 ], [ 157.537605960291557, -7.429006001855456 ], [ 157.541277959660988, -7.428448044704023 ], [ 157.541802120341089, -7.430420882509362 ], [ 157.542833880360661, -7.4288969452117 ], [ 157.545417959733925, -7.43109592474607 ], [ 157.545358919758513, -7.427040118554689 ], [ 157.546769040294265, -7.427472956482293 ], [ 157.547941920255084, -7.425940977228604 ] ] ], [ [ [ 157.237602839885454, -7.367007931472139 ], [ 157.22931492019211, -7.368006002925847 ], [ 157.230857879998837, -7.370411111525434 ], [ 157.235757119980207, -7.373097006275393 ], [ 157.237549920132068, -7.371646061201181 ], [ 157.23558683982651, -7.369272020087998 ], [ 157.237602839885454, -7.367007931472139 ] ] ], [ [ [ 157.590257040153972, -7.330792006652719 ], [ 157.585237919997951, -7.329257014596917 ], [ 157.583117879757737, -7.323714002513523 ], [ 157.582185839921209, -7.325498064252725 ], [ 157.585593960074277, -7.333318894340163 ], [ 157.589386920291673, -7.333505098848453 ], [ 157.590257040153972, -7.330792006652719 ] ] ], [ [ [ 157.517583840318508, -7.425668958182291 ], [ 157.51456812045123, -7.423241124979565 ], [ 157.508227079947261, -7.427494018618328 ], [ 157.515229080176056, -7.428171921334699 ], [ 157.517583840318508, -7.425668958182291 ] ] ], [ [ [ 157.58494992011785, -7.348969068443535 ], [ 157.584108960467972, -7.346988905285884 ], [ 157.580498159725579, -7.346629004295446 ], [ 157.578003000090717, -7.346753970050234 ], [ 157.575758040127113, -7.348801972346346 ], [ 157.579772039803345, -7.350503993373985 ], [ 157.582109159728589, -7.349544978022885 ], [ 157.581944999796917, -7.350585041615991 ], [ 157.58494992011785, -7.348969068443535 ] ] ], [ [ [ 157.183045920367391, -7.351547088691356 ], [ 157.181915880164155, -7.346627933460074 ], [ 157.17826908033507, -7.346575982694003 ], [ 157.179983039846036, -7.353364957379993 ], [ 157.183045920367391, -7.351547088691356 ] ] ], [ [ [ 157.326860159777908, -7.407181961181469 ], [ 157.324556880287759, -7.405496937874878 ], [ 157.326465960166644, -7.40321000831362 ], [ 157.324744080209797, -7.402949041601341 ], [ 157.323867119676635, -7.400925921941779 ], [ 157.31964395986293, -7.402947970903994 ], [ 157.322567879992988, -7.406899042374861 ], [ 157.324349160149666, -7.40642602235818 ], [ 157.324804920409065, -7.408391997163658 ], [ 157.326860159777908, -7.407181961181469 ] ] ], [ [ [ 157.503824999983522, -7.423851029502248 ], [ 157.497891119983791, -7.419936879380913 ], [ 157.495829039944056, -7.421582044295921 ], [ 157.496078880289133, -7.425221124976848 ], [ 157.496640840279781, -7.421668077499802 ], [ 157.498707959868256, -7.424865928871411 ], [ 157.503824999983522, -7.423851029502248 ] ] ], [ [ [ 157.823602919791881, -7.465609008598093 ], [ 157.821919919818868, -7.465985946115907 ], [ 157.822734960377858, -7.463600991520612 ], [ 157.821463079784536, -7.464796951080453 ], [ 157.822948080289109, -7.462496052330382 ], [ 157.820886000249345, -7.460562980258024 ], [ 157.820742000309309, -7.456554921759485 ], [ 157.818762000235381, -7.458032002184696 ], [ 157.820265000283342, -7.465521913584873 ], [ 157.821056999953583, -7.467227944779412 ], [ 157.823602919791881, -7.465609008598093 ] ] ], [ [ [ 157.569148079959746, -7.348984064542962 ], [ 157.567740119872184, -7.346231077558331 ], [ 157.565845079762909, -7.346174129508318 ], [ 157.565599919640391, -7.355332060805962 ], [ 157.569148079959746, -7.348984064542962 ] ] ], [ [ [ 157.614806880263075, -7.390190061693727 ], [ 157.611295080153212, -7.387445006803433 ], [ 157.607204040059884, -7.387641006052515 ], [ 157.60996595980825, -7.388539960681692 ], [ 157.609841040084831, -7.391449946192273 ], [ 157.614806880263075, -7.390190061693727 ] ] ], [ [ [ 157.826062080340051, -7.471649067951227 ], [ 157.821225119659005, -7.471193072270653 ], [ 157.819703040292723, -7.475176010663117 ], [ 157.81862412051737, -7.473798932133581 ], [ 157.818310920198627, -7.476358017833822 ], [ 157.8203431204754, -7.476338029490577 ], [ 157.821882120508349, -7.474396987848984 ], [ 157.823610119788867, -7.476081032068406 ], [ 157.824745919989738, -7.474028088387938 ], [ 157.823790119713919, -7.47210399172653 ], [ 157.826062080340051, -7.471649067951227 ] ] ], [ [ [ 157.566134160316267, -7.392683052708034 ], [ 157.561626960396268, -7.388245069654725 ], [ 157.56059088037847, -7.389149020681536 ], [ 157.561175880359485, -7.392225010967906 ], [ 157.564454040342071, -7.394056100733962 ], [ 157.566134160316267, -7.392683052708034 ] ] ], [ [ [ 157.395707999858644, -7.41070692363508 ], [ 157.393092960049074, -7.40881396481135 ], [ 157.392106919785931, -7.405793067258378 ], [ 157.388064120121669, -7.407360994529848 ], [ 157.391885880327095, -7.410425077800564 ], [ 157.395707999858644, -7.41070692363508 ] ] ], [ [ [ 157.366410119705193, -7.411421980105017 ], [ 157.363125840398908, -7.411571024706332 ], [ 157.360149000515435, -7.415113979856405 ], [ 157.363378920068925, -7.415000992147771 ], [ 157.366410119705193, -7.411421980105017 ] ] ], [ [ [ 157.24618811990419, -7.381289902427616 ], [ 157.24434312044778, -7.380525886252213 ], [ 157.241139840434016, -7.384596936219365 ], [ 157.244307120462736, -7.384451095512238 ], [ 157.24618811990419, -7.381289902427616 ] ] ], [ [ [ 156.914143920486822, -7.201673063674053 ], [ 156.908744999815184, -7.201370906635414 ], [ 156.912802919922285, -7.204773916063896 ], [ 156.914143920486822, -7.201673063674053 ] ] ], [ [ [ 157.539842999809309, -7.463677021908988 ], [ 157.53468311993646, -7.461113043485898 ], [ 157.532391000217046, -7.458111067706839 ], [ 157.529936880115969, -7.458775002513081 ], [ 157.539842999809309, -7.463677021908988 ] ] ], [ [ [ 157.8262320002693, -7.46963697348436 ], [ 157.823633880228158, -7.46791399626972 ], [ 157.825101960066064, -7.465605082378701 ], [ 157.821261119644021, -7.467355017867051 ], [ 157.821351120055709, -7.47001997562205 ], [ 157.8262320002693, -7.46963697348436 ] ] ], [ [ [ 157.534891919849542, -7.416792004785268 ], [ 157.533378120255236, -7.415723002675132 ], [ 157.529077920024463, -7.416237959497741 ], [ 157.533356160039801, -7.418938032842073 ], [ 157.534891919849542, -7.416792004785268 ] ] ], [ [ [ 157.560424920222999, -7.462682915319989 ], [ 157.554792000097962, -7.462237976109837 ], [ 157.552580160120527, -7.459093940367741 ], [ 157.556508120057202, -7.460790002433405 ], [ 157.55125103977565, -7.457761965997516 ], [ 157.554752040339167, -7.462969011150405 ], [ 157.560424920222999, -7.462682915319989 ] ] ], [ [ [ 157.548340079640184, -7.436962079110616 ], [ 157.547322000064071, -7.436289900983971 ], [ 157.543692840452167, -7.438459037198759 ], [ 157.545366119755499, -7.439912082707733 ], [ 157.544880120407015, -7.441240006280934 ], [ 157.548340079640184, -7.436962079110616 ] ] ], [ [ [ 157.105370159919858, -7.352107106540196 ], [ 157.101944040223458, -7.353372991212438 ], [ 157.100770080487706, -7.358794062748339 ], [ 157.105370159919858, -7.352107106540196 ] ] ], [ [ [ 157.808891880527057, -7.409205051753358 ], [ 157.805603999874762, -7.407493082611722 ], [ 157.804670880263302, -7.41136307585528 ], [ 157.805535959678537, -7.412100978586862 ], [ 157.808891880527057, -7.409205051753358 ] ] ], [ [ [ 157.647625920073295, -7.469418879761915 ], [ 157.645101960450432, -7.466189049515131 ], [ 157.642727040316373, -7.469396927556151 ], [ 157.643607959724989, -7.470314097362835 ], [ 157.645968119640628, -7.469058008633536 ], [ 157.645033920254207, -7.469862027347994 ], [ 157.646127960472427, -7.471195035803236 ], [ 157.647625920073295, -7.469418879761915 ] ] ], [ [ [ 157.585295159749535, -7.456841913786129 ], [ 157.582411919827081, -7.455564904412667 ], [ 157.579863119989994, -7.456889925096041 ], [ 157.582542959772525, -7.458561008012508 ], [ 157.585295159749535, -7.456841913786129 ] ] ], [ [ [ 157.008790080156814, -7.294848986150217 ], [ 157.007444040043481, -7.293261021165356 ], [ 157.005483120186227, -7.296280006172873 ], [ 157.007558879771096, -7.296441051661001 ], [ 157.008790080156814, -7.294848986150217 ] ] ], [ [ [ 157.547170079678125, -7.458590992659071 ], [ 157.544618040516127, -7.458225114734297 ], [ 157.542404040090503, -7.460602066276342 ], [ 157.547170079678125, -7.458590992659071 ] ] ], [ [ [ 157.149385920008996, -7.352282949111094 ], [ 157.14554687981078, -7.352897950033368 ], [ 157.147868880191481, -7.35513497625506 ], [ 157.149385920008996, -7.352282949111094 ] ] ], [ [ [ 157.623950880049136, -7.46985506709658 ], [ 157.620758040255623, -7.468762993027334 ], [ 157.623005880218017, -7.468527051228135 ], [ 157.622717159889078, -7.465003981264188 ], [ 157.619922839705026, -7.470044068859202 ], [ 157.623950880049136, -7.46985506709658 ] ] ], [ [ [ 157.308437880037076, -7.360207026211834 ], [ 157.303995119865647, -7.358779067881466 ], [ 157.305858840212579, -7.361127994064494 ], [ 157.308150959931993, -7.361413977376644 ], [ 157.308437880037076, -7.360207026211834 ] ] ], [ [ [ 157.085421840140668, -7.332498916424932 ], [ 157.083411960303778, -7.331177985711616 ], [ 157.082482080017229, -7.33390589276456 ], [ 157.085421840140668, -7.332498916424932 ] ] ], [ [ [ 157.188311999971461, -7.361227963183854 ], [ 157.186454040520431, -7.358252084079626 ], [ 157.185402840059822, -7.360928055757317 ], [ 157.188311999971461, -7.361227963183854 ] ] ], [ [ [ 157.519146960116899, -7.417768009217769 ], [ 157.518129960315719, -7.415904888510732 ], [ 157.51697615967322, -7.418637985767901 ], [ 157.518314999789538, -7.419205951023198 ], [ 157.519146960116899, -7.417768009217769 ] ] ], [ [ [ 157.521066840440398, -7.423313056516528 ], [ 157.519326960041923, -7.42097302879607 ], [ 157.516902000153266, -7.421363926352623 ], [ 157.518969119741769, -7.422106988699904 ], [ 157.519793160521544, -7.424339024058953 ], [ 157.521066840440398, -7.423313056516528 ] ] ], [ [ [ 157.451574960403292, -7.416544969338485 ], [ 157.450012920379919, -7.415595915329589 ], [ 157.448469959674838, -7.416704007732365 ], [ 157.45027283982256, -7.418036998780863 ], [ 157.451574960403292, -7.416544969338485 ] ] ], [ [ [ 157.816734840405672, -7.461620985962232 ], [ 157.815470880258175, -7.457484969190665 ], [ 157.814546040418691, -7.458496934898999 ], [ 157.815534959782383, -7.461771083847512 ], [ 157.816411920315574, -7.462378972307546 ], [ 157.816734840405672, -7.461620985962232 ] ] ], [ [ [ 157.111089840233376, -7.352420945167117 ], [ 157.109985000468811, -7.350794089348916 ], [ 157.108848120493008, -7.35141498368435 ], [ 157.110715080164823, -7.354528011386912 ], [ 157.111089840233376, -7.352420945167117 ] ] ], [ [ [ 157.46136192037082, -7.422631933365761 ], [ 157.458968999795076, -7.422229076877346 ], [ 157.457972880434397, -7.424857004153184 ], [ 157.46136192037082, -7.422631933365761 ] ] ], [ [ [ 157.164786000334402, -7.347694959542628 ], [ 157.163641920361613, -7.345982931340343 ], [ 157.164724080360173, -7.343583938766816 ], [ 157.163331960266078, -7.343364890368811 ], [ 157.161526919670166, -7.344765049008697 ], [ 157.164786000334402, -7.347694959542628 ] ] ], [ [ [ 157.642749000531808, -7.412784082048629 ], [ 157.641126120309195, -7.410902020183038 ], [ 157.639564080285822, -7.411383960326638 ], [ 157.641886079768199, -7.413960902696219 ], [ 157.642749000531808, -7.412784082048629 ] ] ], [ [ [ 157.094807040275498, -7.349283980145929 ], [ 157.093390079967122, -7.346517962956269 ], [ 157.093605000102229, -7.35106597573381 ], [ 157.094807040275498, -7.349283980145929 ] ] ], [ [ [ 157.530732120009446, -7.418802913809674 ], [ 157.529437919874567, -7.417407987243357 ], [ 157.527695879926142, -7.418455922633438 ], [ 157.529757959965877, -7.419861019753553 ], [ 157.530732120009446, -7.418802913809674 ] ] ], [ [ [ 157.435164000498759, -7.421072091982492 ], [ 157.432606919991372, -7.420065037008246 ], [ 157.432924080083893, -7.421743043705471 ], [ 157.434549119856456, -7.422231932840367 ], [ 157.435164000498759, -7.421072091982492 ] ] ], [ [ [ 157.480320959663572, -7.429545930607034 ], [ 157.479562079979559, -7.42676506582456 ], [ 157.479023880428201, -7.430202947447755 ], [ 157.480320959663572, -7.429545930607034 ] ] ], [ [ [ 157.165316999888745, -7.352678013937221 ], [ 157.163921999795804, -7.348416008781534 ], [ 157.163444999769837, -7.34992290759522 ], [ 157.165316999888745, -7.352678013937221 ] ] ], [ [ [ 157.331037960059689, -7.398484029541789 ], [ 157.329843119883435, -7.397597947536652 ], [ 157.328188919898423, -7.399756029201525 ], [ 157.331037960059689, -7.398484029541789 ] ] ], [ [ [ 157.648478040392234, -7.450705985569887 ], [ 157.646819160184634, -7.44830399210279 ], [ 157.646919960142668, -7.450385077897995 ], [ 157.648478040392234, -7.450705985569887 ] ] ], [ [ [ 157.627665000523933, -7.458764114904706 ], [ 157.625718839986774, -7.459348983426094 ], [ 157.62542112033529, -7.45697595128634 ], [ 157.625060039811927, -7.45991493260789 ], [ 157.627665000523933, -7.458764114904706 ] ] ], [ [ [ 157.557854879720992, -7.473193023287841 ], [ 157.555639079969836, -7.471891075258695 ], [ 157.555950119840332, -7.473863002975041 ], [ 157.557854879720992, -7.473193023287841 ] ] ], [ [ [ 157.615367040029838, -7.455564012273097 ], [ 157.614314040243698, -7.454557036585486 ], [ 157.612471919887781, -7.457727876575349 ], [ 157.61432808001328, -7.458076978312254 ], [ 157.612973039679133, -7.45711105841204 ], [ 157.615367040029838, -7.455564012273097 ] ] ], [ [ [ 157.808792879894554, -7.418639057323325 ], [ 157.807204919881968, -7.417265013522748 ], [ 157.806375120002883, -7.419285915847393 ], [ 157.808792879894554, -7.418639057323325 ] ] ], [ [ [ 157.559193000286768, -7.480220978630898 ], [ 157.557652920478859, -7.477208068477707 ], [ 157.55704704005737, -7.47816805377874 ], [ 157.559193000286768, -7.480220978630898 ] ] ], [ [ [ 157.584651840241946, -7.460834978273733 ], [ 157.582144079938615, -7.462554056606486 ], [ 157.582869839636459, -7.46399310135202 ], [ 157.584651840241946, -7.460834978273733 ] ] ], [ [ [ 157.550960159896732, -7.442320011953806 ], [ 157.548732119701526, -7.440520001002399 ], [ 157.548227040136396, -7.441915032558458 ], [ 157.550960159896732, -7.442320011953806 ] ] ], [ [ [ 157.529306160378582, -7.423811047064056 ], [ 157.529019959823984, -7.422711004455057 ], [ 157.527460080248886, -7.423388915540676 ], [ 157.528753920159346, -7.424788999461851 ], [ 157.529306160378582, -7.423811047064056 ] ] ], [ [ [ 157.560018840392104, -7.386921984497484 ], [ 157.558767840239199, -7.386928052902447 ], [ 157.55848992035493, -7.389916056387021 ], [ 157.560018840392104, -7.386921984497484 ] ] ], [ [ [ 156.904562159984721, -7.199412057439368 ], [ 156.903228000091048, -7.199272049853421 ], [ 156.903194159655953, -7.201091964729495 ], [ 156.904562159984721, -7.199412057439368 ] ] ], [ [ [ 157.097428919857606, -7.326045082630479 ], [ 157.096185119701744, -7.324627011694509 ], [ 157.096522080459721, -7.326784912365655 ], [ 157.097428919857606, -7.326045082630479 ] ] ], [ [ [ 157.543161839999527, -7.385599966066985 ], [ 157.541073120420009, -7.38496501768391 ], [ 157.541907959847862, -7.386164046598035 ], [ 157.543161839999527, -7.385599966066985 ] ] ], [ [ [ 157.646613959820911, -7.415080957746024 ], [ 157.645380960109691, -7.414215079203188 ], [ 157.644645120416072, -7.41565892322559 ], [ 157.646613959820911, -7.415080957746024 ] ] ], [ [ [ 157.615120079683521, -7.467628975151593 ], [ 157.614000120374413, -7.466197973380969 ], [ 157.614054119902761, -7.468587018238106 ], [ 157.615120079683521, -7.467628975151593 ] ] ], [ [ [ 157.526511119745692, -7.427874915009093 ], [ 157.524171840270498, -7.427877057177657 ], [ 157.525525080380788, -7.428886056851709 ], [ 157.526511119745692, -7.427874915009093 ] ] ], [ [ [ 157.532522040162519, -7.421701990421959 ], [ 157.530022919855554, -7.421491012907062 ], [ 157.531150080060002, -7.422639072818302 ], [ 157.532522040162519, -7.421701990421959 ] ] ], [ [ [ 157.582226159904451, -7.461446971837807 ], [ 157.580754120292738, -7.463252965694378 ], [ 157.581398879799735, -7.464363972062464 ], [ 157.582226159904451, -7.461446971837807 ] ] ], [ [ [ 157.806046079690759, -7.417099014234523 ], [ 157.805411039955118, -7.416181019682898 ], [ 157.805133120070849, -7.419105995196394 ], [ 157.806046079690759, -7.417099014234523 ] ] ], [ [ [ 157.104618120008411, -7.357388057675138 ], [ 157.104375120334169, -7.356517959842187 ], [ 157.103166959938875, -7.357697964428213 ], [ 157.104618120008411, -7.357388057675138 ] ] ], [ [ [ 157.060387080458099, -7.281992987067684 ], [ 157.058321039746261, -7.282597015663119 ], [ 157.059542160136147, -7.283202113526663 ], [ 157.060387080458099, -7.281992987067684 ] ] ], [ [ [ 157.579787160246184, -7.463570115995517 ], [ 157.579542000123695, -7.462604029956472 ], [ 157.579166160280153, -7.464572965119974 ], [ 157.579787160246184, -7.463570115995517 ] ] ], [ [ [ 157.550654880023842, -7.435089936987546 ], [ 157.549944960319408, -7.43418001194452 ], [ 157.549292999917128, -7.435431025567685 ], [ 157.550654880023842, -7.435089936987546 ] ] ], [ [ [ 157.627406159957985, -7.456270963708351 ], [ 157.626218880003165, -7.454726947842169 ], [ 157.626276119754749, -7.456501021407398 ], [ 157.627406159957985, -7.456270963708351 ] ] ], [ [ [ 157.629152159680189, -7.458221009124332 ], [ 157.62821688051875, -7.457570995262508 ], [ 157.627933920187417, -7.458625974146371 ], [ 157.629152159680189, -7.458221009124332 ] ] ], [ [ [ 157.531764959804008, -7.426086089372686 ], [ 157.53076992021829, -7.425597026139124 ], [ 157.531510079910106, -7.427021020129741 ], [ 157.531764959804008, -7.426086089372686 ] ] ] ] } },
{ "type": "Feature", "properties": { "shapeName": "North West Choiseul", "shapeISO": "", "shapeID": "97153195B88202120204491", "shapeGroup": "SLB", "shapeType": "ADM2" }, "geometry": { "type": "MultiPolygon", "coordinates": [ [ [ [ 156.7769770803298, -6.896477041660805 ], [ 156.862834920065609, -6.832518098827113 ], [ 156.866415119697876, -6.828572980383561 ], [ 156.862708919668933, -6.824239997265645 ], [ 156.855020039726128, -6.820471928231373 ], [ 156.854890080453998, -6.817868953618014 ], [ 156.851058959803311, -6.81489206510803 ], [ 156.848295960279984, -6.813521039121484 ], [ 156.84342191983896, -6.813697979725071 ], [ 156.841764120304617, -6.807481040585071 ], [ 156.838284000181574, -6.805025986030378 ], [ 156.837083039783266, -6.80029492861855 ], [ 156.834727920314691, -6.798784983624433 ], [ 156.830862960127263, -6.792173916368707 ], [ 156.828273119858096, -6.791949065399921 ], [ 156.827465999744987, -6.790332924827021 ], [ 156.826326960219234, -6.794225988122857 ], [ 156.821549040411952, -6.794081927106324 ], [ 156.817027080273476, -6.789508050612903 ], [ 156.804800039974424, -6.786483978179869 ], [ 156.797951039906536, -6.786292012811431 ], [ 156.792717000513733, -6.777001969778027 ], [ 156.787012080418634, -6.775889119009157 ], [ 156.78397907966027, -6.772077950953808 ], [ 156.780326880057999, -6.770947034821122 ], [ 156.775847040126564, -6.770495884018683 ], [ 156.773991959776055, -6.772193062506073 ], [ 156.767109120171426, -6.773354003923523 ], [ 156.761985959834135, -6.770281032578335 ], [ 156.757616999856538, -6.770865885412312 ], [ 156.754420919839788, -6.766633015239965 ], [ 156.754334880100203, -6.759134913176736 ], [ 156.743588160083107, -6.763798986751395 ], [ 156.742208999983603, -6.762720960769355 ], [ 156.740680079946429, -6.763958071356547 ], [ 156.735711000443303, -6.763344074674822 ], [ 156.732332040502683, -6.760880035782696 ], [ 156.732130080362197, -6.75837808937791 ], [ 156.728328119923958, -6.757625018033018 ], [ 156.725363160260144, -6.752715996129088 ], [ 156.718797120523618, -6.749130052081082 ], [ 156.706849079883824, -6.746345078436118 ], [ 156.702740040247164, -6.746820026353805 ], [ 156.695334119737424, -6.740563971449844 ], [ 156.68800415986982, -6.741100953250976 ], [ 156.683472119735569, -6.736427007716351 ], [ 156.681683999806296, -6.736761999276127 ], [ 156.680409959663024, -6.739792103058704 ], [ 156.677766840314348, -6.739853952653025 ], [ 156.676416119978427, -6.737913015499637 ], [ 156.677358960259596, -6.734451913822868 ], [ 156.673999079637298, -6.728110072757767 ], [ 156.676628160114689, -6.716964056213169 ], [ 156.674330999948268, -6.714356053569828 ], [ 156.668510160350593, -6.71382905276996 ], [ 156.668823000444917, -6.711791120808902 ], [ 156.6642571198756, -6.710443935492196 ], [ 156.661464960139824, -6.707865930710305 ], [ 156.654466919684836, -6.698641959981729 ], [ 156.654615960071936, -6.695780002840092 ], [ 156.652169039967845, -6.694270090482943 ], [ 156.651914880522838, -6.68337394422592 ], [ 156.643517880201159, -6.676164001439215 ], [ 156.639629880023335, -6.670138024869715 ], [ 156.639043079818464, -6.666806060053513 ], [ 156.635457839739189, -6.666289019217268 ], [ 156.633770879992369, -6.662224012519511 ], [ 156.628157040083977, -6.658187041897587 ], [ 156.619261080419221, -6.655129076355164 ], [ 156.601766879842813, -6.656936074779753 ], [ 156.597576120464765, -6.655176991453181 ], [ 156.587479919952273, -6.643952073593097 ], [ 156.583204920160142, -6.64448594295624 ], [ 156.581915040023461, -6.648683044131076 ], [ 156.576540960464399, -6.650997110222089 ], [ 156.570873839679848, -6.648113062450497 ], [ 156.566124000310026, -6.650281955501955 ], [ 156.566498039929684, -6.648846993781712 ], [ 156.56510484006057, -6.649423946470151 ], [ 156.564777960196693, -6.647243071062034 ], [ 156.560235840066639, -6.64470388927126 ], [ 156.558516119659771, -6.646490007211228 ], [ 156.557544840513287, -6.644792927432072 ], [ 156.547754999648674, -6.647405948737604 ], [ 156.545987039711036, -6.645485025938571 ], [ 156.550988879874268, -6.641845014424107 ], [ 156.551087880506799, -6.638844876893445 ], [ 156.545484119695828, -6.636520919064581 ], [ 156.538046159873204, -6.630118984176722 ], [ 156.537741959775275, -6.628199067339783 ], [ 156.5341729199138, -6.626696992523891 ], [ 156.53249604016284, -6.621905018518916 ], [ 156.528666000185439, -6.620302975895897 ], [ 156.528995040497563, -6.618730965890208 ], [ 156.52675007963569, -6.618543940502459 ], [ 156.527984160020168, -6.617534075107758 ], [ 156.525861960230031, -6.614798951483745 ], [ 156.523689000236431, -6.614160092936121 ], [ 156.522776039718224, -6.615576917675286 ], [ 156.521721960157151, -6.614235905164348 ], [ 156.522750119729039, -6.610349986455855 ], [ 156.508979039848271, -6.607316935794382 ], [ 156.513503879985507, -6.605021976067643 ], [ 156.503075040509827, -6.594711955971444 ], [ 156.496492080106577, -6.591562940376107 ], [ 156.495151080440337, -6.592929047427936 ], [ 156.488177159750734, -6.592953008037943 ], [ 156.485260080291567, -6.595138951299982 ], [ 156.485437919768373, -6.602315035405009 ], [ 156.4841739605192, -6.60267497201556 ], [ 156.483438119927229, -6.605732905291561 ], [ 156.484485000389697, -6.610336039798868 ], [ 156.481583040475073, -6.610709024255928 ], [ 156.477659040312204, -6.610216956926513 ], [ 156.473912160075628, -6.607483045379294 ], [ 156.472782840321258, -6.604395978093357 ], [ 156.477426119735441, -6.60089191375052 ], [ 156.475933920132178, -6.601107912309437 ], [ 156.475680840462132, -6.599578039783912 ], [ 156.479761080110734, -6.596868923818624 ], [ 156.47007707965119, -6.589688111911911 ], [ 156.462647040274391, -6.589246985803057 ], [ 156.460070880448683, -6.593830069041931 ], [ 156.455105040270439, -6.598208016751267 ], [ 156.447992160087836, -6.598783062165385 ], [ 156.442321080427831, -6.596427982946459 ], [ 156.439788119685858, -6.597757063729176 ], [ 156.42991187975548, -6.610800034964071 ], [ 156.429590040338638, -6.61365300998955 ], [ 156.42544716026697, -6.614022057484591 ], [ 156.418093079735627, -6.62022001267049 ], [ 156.416528880162303, -6.625057953258055 ], [ 156.392565840258015, -6.641226036665785 ], [ 156.384997920264908, -6.654898977652087 ], [ 156.387506039894362, -6.662166086984743 ], [ 156.393105840033201, -6.665507022397263 ], [ 156.392913959888517, -6.667976013596672 ], [ 156.395436839736419, -6.667770055761947 ], [ 156.400180920006989, -6.671120965221649 ], [ 156.408543000118641, -6.684188987067333 ], [ 156.415377960416919, -6.688124020619679 ], [ 156.409413119980911, -6.691110985179908 ], [ 156.408792840463747, -6.694523947310528 ], [ 156.410817120294638, -6.698397936982631 ], [ 156.417164999672849, -6.701171029527598 ], [ 156.411677160161133, -6.703953044923908 ], [ 156.407707080017502, -6.717533956586456 ], [ 156.40924500027549, -6.735530002684386 ], [ 156.414157919801966, -6.739493044100394 ], [ 156.421790999992567, -6.739562043906793 ], [ 156.424475880222161, -6.737117010650699 ], [ 156.424412880472971, -6.734035050134106 ], [ 156.426027840249731, -6.738296090660738 ], [ 156.42330300026137, -6.742130941986535 ], [ 156.428748000015503, -6.74783105540862 ], [ 156.434708160228894, -6.74996393239045 ], [ 156.438591119959653, -6.753449948476607 ], [ 156.442652999840504, -6.76099497133818 ], [ 156.446651879972165, -6.764829999632431 ], [ 156.448204919774696, -6.764641957829364 ], [ 156.446242920142453, -6.766047979408677 ], [ 156.447973079871218, -6.767739989677567 ], [ 156.457639079889105, -6.770094065114276 ], [ 156.460733999723402, -6.774379097349958 ], [ 156.470970959952751, -6.778928986656402 ], [ 156.472383960487321, -6.781104982803724 ], [ 156.478679999887134, -6.780290102141453 ], [ 156.479910120497863, -6.781671054115398 ], [ 156.479069880398555, -6.78500294640966 ], [ 156.482683920465831, -6.78729402175732 ], [ 156.488974920316934, -6.787812006054972 ], [ 156.490863840204156, -6.786732961408834 ], [ 156.493790999659154, -6.789431908609436 ], [ 156.492060120379847, -6.793200042250315 ], [ 156.492915840248116, -6.795098039607705 ], [ 156.499721999660096, -6.794704999937128 ], [ 156.506234039868303, -6.796110040104349 ], [ 156.509679960230187, -6.804111055780993 ], [ 156.514073039973141, -6.805563074719851 ], [ 156.519700919651115, -6.812188077444659 ], [ 156.523123080472061, -6.821033128219008 ], [ 156.52253699981776, -6.822393945971049 ], [ 156.520330919838017, -6.822351051502625 ], [ 156.520090079713668, -6.824406926120401 ], [ 156.523386959688452, -6.828827124887012 ], [ 156.523950000352357, -6.833520905129803 ], [ 156.528371160532771, -6.836881032880259 ], [ 156.531071879857478, -6.836775051151058 ], [ 156.533797080070258, -6.839963049152993 ], [ 156.538671120511282, -6.842442052637653 ], [ 156.555406080280932, -6.842402913872327 ], [ 156.557717999767476, -6.846641012198744 ], [ 156.560775120291254, -6.847801059128612 ], [ 156.560457960198733, -6.852297888763582 ], [ 156.561807960085787, -6.854239079045739 ], [ 156.57066612044008, -6.860275090767686 ], [ 156.573755999827284, -6.859454983920541 ], [ 156.57582708008789, -6.863163056243231 ], [ 156.579153120275095, -6.864070009050248 ], [ 156.584008080499473, -6.868750040204513 ], [ 156.584531880056829, -6.873342994446578 ], [ 156.5909078398725, -6.876152070758161 ], [ 156.611724119964038, -6.880031926276273 ], [ 156.612783960421069, -6.882550929360787 ], [ 156.617412120290709, -6.880054979239381 ], [ 156.620136960279126, -6.880303019821516 ], [ 156.641896079753508, -6.896004028785321 ], [ 156.645326879672552, -6.896784044215686 ], [ 156.64799411968491, -6.899378010387589 ], [ 156.654573120314382, -6.900966083672996 ], [ 156.662353080443808, -6.914311088262657 ], [ 156.66649199984343, -6.916515950183765 ], [ 156.670306920276232, -6.921214046988859 ], [ 156.672055080446682, -6.921207971410218 ], [ 156.674669040481263, -6.926145996591099 ], [ 156.677090039697816, -6.925606006221743 ], [ 156.679138079967998, -6.927140028839173 ], [ 156.678693839703811, -6.929178117174531 ], [ 156.679902000099105, -6.929866948741949 ], [ 156.678544079766169, -6.929951109374135 ], [ 156.67755299995423, -6.933216923146959 ], [ 156.686798159922773, -6.951517000234184 ], [ 156.69237311984736, -6.955807010757053 ], [ 156.692926080515463, -6.959773940866653 ], [ 156.7769770803298, -6.896477041660805 ] ] ], [ [ [ 156.394284119767207, -6.674268935760482 ], [ 156.390312959848586, -6.668105094221712 ], [ 156.391725960383155, -6.665338965636699 ], [ 156.389060160370207, -6.663990937395804 ], [ 156.386365919695351, -6.665154103941014 ], [ 156.386786040194153, -6.675141024290713 ], [ 156.390995879788846, -6.678886983795194 ], [ 156.394284119767207, -6.674268935760482 ] ] ], [ [ [ 156.399747840411862, -6.702463000970639 ], [ 156.396621960141317, -6.69457704335765 ], [ 156.392864999908909, -6.696628991519351 ], [ 156.391918920302828, -6.701317085410356 ], [ 156.393624960266237, -6.703604087387691 ], [ 156.396884040032205, -6.705856933614249 ], [ 156.399747840411862, -6.702463000970639 ] ] ], [ [ [ 156.521945160064178, -6.829772032902657 ], [ 156.518163000291452, -6.823588008500106 ], [ 156.514861079869604, -6.823104021116572 ], [ 156.515783039710328, -6.829441932012605 ], [ 156.519655920343581, -6.835880913817482 ], [ 156.521392919844942, -6.835750090894715 ], [ 156.521945160064178, -6.829772032902657 ] ] ], [ [ [ 156.399451920085909, -6.711286998740745 ], [ 156.396569040387931, -6.706814059856868 ], [ 156.394064160083389, -6.707494987895314 ], [ 156.393997920110934, -6.712080006430822 ], [ 156.398034959777561, -6.716033049331297 ], [ 156.399451920085909, -6.711286998740745 ] ] ], [ [ [ 156.400838999732969, -6.687266078718011 ], [ 156.395730959838545, -6.682682971382695 ], [ 156.394249920006018, -6.682928074720038 ], [ 156.39340896035614, -6.685651018924397 ], [ 156.396259080292396, -6.688364115897082 ], [ 156.400838999732969, -6.687266078718011 ] ] ], [ [ [ 156.625121160225092, -6.891564975168579 ], [ 156.623893920511506, -6.888557988828889 ], [ 156.620810160448002, -6.889165928135776 ], [ 156.621340080227299, -6.891420943008302 ], [ 156.625121160225092, -6.891564975168579 ] ] ], [ [ [ 156.407259959754469, -6.701883071520312 ], [ 156.405587039777288, -6.699994004804398 ], [ 156.404486880235339, -6.700553020439645 ], [ 156.406213080190355, -6.702811959334423 ], [ 156.407259959754469, -6.701883071520312 ] ] ], [ [ [ 156.577285079929965, -6.649319891162158 ], [ 156.575918879825053, -6.647343014813607 ], [ 156.575634120168218, -6.649556966177623 ], [ 156.577285079929965, -6.649319891162158 ] ] ] ] } },
{ "type": "Feature", "properties": { "shapeName": "East Choiseul", "shapeISO": "", "shapeID": "97153195B70410485956536", "shapeGroup": "SLB", "shapeType": "ADM2" }, "geometry": { "type": "MultiPolygon", "coordinates": [ [ [ [ 157.549993920299073, -7.325959030598262 ], [ 157.549544999812213, -7.323557072969846 ], [ 157.553900999795161, -7.321342025819327 ], [ 157.550453999658316, -7.318076119510808 ], [ 157.550978160338389, -7.31602404825084 ], [ 157.552616879656085, -7.315899966184177 ], [ 157.553448839983474, -7.312289088652461 ], [ 157.549367879885949, -7.308696928152368 ], [ 157.550722920220124, -7.305215968670027 ], [ 157.545127079855035, -7.301811931866914 ], [ 157.537968840140479, -7.292236000427445 ], [ 157.531595039874759, -7.289210918035861 ], [ 157.529773080408773, -7.290466982491676 ], [ 157.526729999654549, -7.286928032002036 ], [ 157.522797000169192, -7.288716882541411 ], [ 157.520936880269943, -7.285322005840268 ], [ 157.519042919935629, -7.287560977469476 ], [ 157.51852811970079, -7.285704988456017 ], [ 157.515634080232019, -7.28479904131548 ], [ 157.515797879939214, -7.288065012739254 ], [ 157.514138999731614, -7.288467097448568 ], [ 157.513235040332546, -7.28691392627299 ], [ 157.511311919785783, -7.289330007034231 ], [ 157.509408960128951, -7.289358931423884 ], [ 157.507350839862966, -7.295261955475603 ], [ 157.501716120412397, -7.297616037578538 ], [ 157.49772696005212, -7.301673028373414 ], [ 157.488626879798602, -7.303355945872282 ], [ 157.484635920112794, -7.306252028278533 ], [ 157.472939880266381, -7.304894954974995 ], [ 157.469748120247829, -7.307772103029309 ], [ 157.466987999824966, -7.314609873509417 ], [ 157.457382840006346, -7.316782104753198 ], [ 157.448634120504835, -7.324056068723261 ], [ 157.44660983977559, -7.322593001275123 ], [ 157.443716160531267, -7.323188048402509 ], [ 157.441149000028048, -7.320627003262818 ], [ 157.44017303976068, -7.311295890852728 ], [ 157.438172879695173, -7.309929906008331 ], [ 157.433995080311718, -7.309997036123841 ], [ 157.426130879768209, -7.301849961157429 ], [ 157.418255879678327, -7.301001894375175 ], [ 157.415213160046903, -7.29379504499874 ], [ 157.413116880245951, -7.293108901922109 ], [ 157.412040120020549, -7.290433058510997 ], [ 157.409021159930035, -7.290520009953062 ], [ 157.407958080148092, -7.291167055871978 ], [ 157.409411040441455, -7.291886053969898 ], [ 157.40903087970139, -7.29387610368495 ], [ 157.406141160230845, -7.296691010739409 ], [ 157.408295040007772, -7.301202930888343 ], [ 157.406650920018592, -7.304415934643988 ], [ 157.407929999710603, -7.306107948207818 ], [ 157.413323879935177, -7.305816036962764 ], [ 157.41222299994439, -7.30995400899027 ], [ 157.414515840112614, -7.310102016320761 ], [ 157.41646811997353, -7.314139968301446 ], [ 157.419698040425374, -7.316560901182894 ], [ 157.419245879715305, -7.318306964047392 ], [ 157.421160000041255, -7.317639961407795 ], [ 157.422500999707495, -7.321395050465896 ], [ 157.418237159686129, -7.322128103890752 ], [ 157.415973120404203, -7.320364023992913 ], [ 157.414011119873635, -7.321729977377311 ], [ 157.409574119699784, -7.318128966066608 ], [ 157.40660808026098, -7.318000064622925 ], [ 157.402150920095579, -7.319975001227598 ], [ 157.399117920235511, -7.319068945056489 ], [ 157.397815080104209, -7.321422901856295 ], [ 157.399540919834806, -7.325029063073213 ], [ 157.394757960478756, -7.325029063073213 ], [ 157.39257996003812, -7.321480924011008 ], [ 157.39359912028749, -7.318800966410704 ], [ 157.390685999703777, -7.317165953391241 ], [ 157.39670016034384, -7.313194979387057 ], [ 157.393647000492166, -7.310250916038219 ], [ 157.393959120137595, -7.307623023089358 ], [ 157.390656840389681, -7.305335946695999 ], [ 157.386156840466668, -7.307335934727707 ], [ 157.384931039854081, -7.30397404955395 ], [ 157.386210120444446, -7.303202044307983 ], [ 157.386143160023181, -7.299370923348731 ], [ 157.387988879928457, -7.297922951190124 ], [ 157.386205079997382, -7.295444069825851 ], [ 157.38809004011091, -7.294221942311832 ], [ 157.382738999643891, -7.290020977150321 ], [ 157.381191000288425, -7.28236401046806 ], [ 157.378907879891528, -7.281500015402467 ], [ 157.377234959914347, -7.282492921421155 ], [ 157.367986919947015, -7.277303037616919 ], [ 157.368297959817511, -7.279062109507081 ], [ 157.365695880002562, -7.281551972945321 ], [ 157.36639607993564, -7.283306921594661 ], [ 157.364668079756768, -7.288414069740957 ], [ 157.370041080439194, -7.29357097309919 ], [ 157.363234920128917, -7.292046030091536 ], [ 157.362996960003386, -7.295195894976001 ], [ 157.360804919793196, -7.295150009607272 ], [ 157.35921588000565, -7.29096101513336 ], [ 157.356338039856382, -7.289100040712991 ], [ 157.349495880459358, -7.288704919718892 ], [ 157.346714880494403, -7.285223983843622 ], [ 157.34678400046559, -7.283717938223093 ], [ 157.349107079722955, -7.285337003210148 ], [ 157.350680999965959, -7.283702047411065 ], [ 157.34915712037585, -7.277231974622165 ], [ 157.352698079799865, -7.272285039524888 ], [ 157.350660120423782, -7.268400979465073 ], [ 157.343520960027604, -7.269824942178662 ], [ 157.337682840437139, -7.273738986183105 ], [ 157.333479839716716, -7.273815942099814 ], [ 157.320619920130298, -7.265886045108762 ], [ 157.319683920520021, -7.264196023348167 ], [ 157.321267919860503, -7.263108084944212 ], [ 157.313490120179353, -7.263378953458456 ], [ 157.311983160357642, -7.259546955831825 ], [ 157.315005000446916, -7.25718606741968 ], [ 157.314043079949101, -7.254568935011339 ], [ 157.305319920212384, -7.248653947706862 ], [ 157.302244079696408, -7.249128028225725 ], [ 157.299968879745393, -7.246982966628436 ], [ 157.299909839769981, -7.244730043691657 ], [ 157.296585960031024, -7.242564961865605 ], [ 157.294488959781205, -7.243617059354007 ], [ 157.29174000002746, -7.239512045657319 ], [ 157.288548960457746, -7.238634041120362 ], [ 157.285418039740136, -7.233307046767111 ], [ 157.287093120165565, -7.232875091425136 ], [ 157.289407919650955, -7.228288914229879 ], [ 157.292201160060017, -7.229901036931111 ], [ 157.289717879746462, -7.225993933467371 ], [ 157.297316039727008, -7.226411073741837 ], [ 157.295994120277413, -7.225023938542144 ], [ 157.297087079822347, -7.223368048586923 ], [ 157.294221119892711, -7.217518010253438 ], [ 157.293970920221483, -7.213234006555249 ], [ 157.29178104045954, -7.212682922275495 ], [ 157.288615919980714, -7.216279064568889 ], [ 157.283136000016526, -7.213767946263432 ], [ 157.276377000360327, -7.213957057438623 ], [ 157.275996840518644, -7.211668968235666 ], [ 157.278345120214652, -7.210636976143635 ], [ 157.279113000119509, -7.208349942010638 ], [ 157.278246840030988, -7.205461979886876 ], [ 157.285293840465556, -7.203214920855421 ], [ 157.283510039636241, -7.200876953900599 ], [ 157.281411960509786, -7.200709087808259 ], [ 157.277809080213245, -7.195452009247657 ], [ 157.27801895990126, -7.19410299501298 ], [ 157.280991120460413, -7.192870950009646 ], [ 157.28162291997279, -7.189218010243292 ], [ 157.277599920075744, -7.1896630435829 ], [ 157.276702080000405, -7.185845957989387 ], [ 157.274993880487074, -7.186047939227686 ], [ 157.274166959708481, -7.188449023020802 ], [ 157.275484920282594, -7.188934953543328 ], [ 157.275972000304392, -7.195050019922121 ], [ 157.269925079902549, -7.198408074711789 ], [ 157.269472920090806, -7.200728017514196 ], [ 157.266747000327484, -7.201423944720171 ], [ 157.261799880141439, -7.196562075930442 ], [ 157.257113040520807, -7.19792804782867 ], [ 157.249236959757638, -7.19571202475006 ], [ 157.247232839918354, -7.196162052363164 ], [ 157.247948879844785, -7.197404089732964 ], [ 157.246578000415582, -7.198335927931145 ], [ 157.239423000025937, -7.197709999529749 ], [ 157.236757920461855, -7.194474983429942 ], [ 157.237125839859516, -7.192051964957089 ], [ 157.231557000156897, -7.188681897915622 ], [ 157.229834040425118, -7.184658893472103 ], [ 157.219416000495755, -7.180072050453741 ], [ 157.217623919894464, -7.181528973175013 ], [ 157.21867115968297, -7.184204926475916 ], [ 157.215543840311341, -7.187105882112708 ], [ 157.209167160046803, -7.187149992357013 ], [ 157.206877920326235, -7.183982942767239 ], [ 157.208371920153326, -7.182898026034603 ], [ 157.207475159852947, -7.181106076902169 ], [ 157.204162079660364, -7.179582003019593 ], [ 157.203326160457578, -7.182072951552368 ], [ 157.20112116025274, -7.179316978150602 ], [ 157.203317160236708, -7.174625069310385 ], [ 157.200950159650176, -7.174038934343138 ], [ 157.20034716012583, -7.172326066690225 ], [ 157.202696160270676, -7.166153901719367 ], [ 157.199068080433818, -7.161699925816251 ], [ 157.2012010797703, -7.158112995503592 ], [ 157.200300000370049, -7.155873025323262 ], [ 157.197472920424218, -7.155948929355503 ], [ 157.196157120298352, -7.152780054782447 ], [ 157.194003960071939, -7.155008074833305 ], [ 157.196099160097901, -7.160864096892132 ], [ 157.189575960118958, -7.162900979407265 ], [ 157.193157959974997, -7.17167402845051 ], [ 157.189388039748053, -7.173439939983481 ], [ 157.185798839894915, -7.169653972363847 ], [ 157.182523920135594, -7.168796012476155 ], [ 157.18182011975486, -7.165382017377351 ], [ 157.176618119674998, -7.164214010369012 ], [ 157.172641920207639, -7.15958302606773 ], [ 157.174268039755134, -7.154715887862417 ], [ 157.177362960487756, -7.15375288428219 ], [ 157.176221040064888, -7.148345951628126 ], [ 157.178765880128225, -7.147841047099155 ], [ 157.174292879969386, -7.140728023827689 ], [ 157.170206159874311, -7.139628001454931 ], [ 157.163217119640137, -7.133139974209977 ], [ 157.160235959758467, -7.134482917250357 ], [ 157.151482920258786, -7.127073016489808 ], [ 157.142775959841572, -7.125982070178168 ], [ 157.137978959817644, -7.12393805708863 ], [ 157.132013040504972, -7.114035965880824 ], [ 157.129252920082109, -7.104997993619192 ], [ 157.130691120157053, -7.097990049248327 ], [ 157.135056839911414, -7.094643938892953 ], [ 157.133342880400448, -7.08246105486924 ], [ 157.1300740799648, -7.077945888972205 ], [ 157.123339920522852, -7.073531962826849 ], [ 157.123703880146735, -7.068796993361528 ], [ 157.119608880279657, -7.063979088690888 ], [ 157.121115119652558, -7.056068048765542 ], [ 157.115441880442575, -7.05389010423742 ], [ 157.112798039746735, -7.049584918252869 ], [ 157.113401040169435, -7.047597909540878 ], [ 157.111386840334291, -7.040732008377518 ], [ 157.115518919961318, -7.032003981746841 ], [ 157.111349040125447, -7.018249999205914 ], [ 157.112674920247144, -7.01129397964553 ], [ 157.111031880032954, -7.007512038557692 ], [ 157.107336839774746, -7.004093096360144 ], [ 157.106603880079916, -7.000290014704479 ], [ 157.108435920440058, -6.998580074782034 ], [ 157.106082960521405, -6.992008955374352 ], [ 157.109869080067938, -6.985819906675524 ], [ 157.10993100004211, -6.980248065558788 ], [ 157.107530880367705, -6.978662046745033 ], [ 157.108109039677828, -6.977655081256684 ], [ 157.105236960424492, -6.973004895656737 ], [ 157.102013879745243, -6.970978074394788 ], [ 157.099626000514888, -6.971313973409995 ], [ 157.100493959928912, -6.969167078300232 ], [ 157.097441879852198, -6.967497939400527 ], [ 157.098943079676303, -6.966592078181669 ], [ 157.096872000314022, -6.964493045870804 ], [ 157.100127839856754, -6.964169113313363 ], [ 157.101396120002448, -6.960311926624323 ], [ 157.097783159710076, -6.957068098630473 ], [ 157.088743919655826, -6.956527964683463 ], [ 157.085957159693237, -6.953135094634941 ], [ 157.083690959963036, -6.954248960845064 ], [ 157.080147840090802, -6.952763984530584 ], [ 157.078952999914549, -6.94648507733382 ], [ 157.075059960187929, -6.942064008773211 ], [ 157.068933120268525, -6.939366106249444 ], [ 157.065387839948045, -6.933291970939338 ], [ 157.057940879904493, -6.930218064385825 ], [ 157.052976839950134, -6.931397025509172 ], [ 157.055696999715877, -6.930505926071294 ], [ 157.047500879759724, -6.927356060077922 ], [ 157.045511159914412, -6.924440967896033 ], [ 157.044488039891263, -6.918680061506456 ], [ 157.039863120244831, -6.917216057632452 ], [ 157.037546879861736, -6.913907067796442 ], [ 157.038458040156115, -6.910596983510539 ], [ 157.036223879738856, -6.911537082164158 ], [ 157.034099879724891, -6.910207969590117 ], [ 157.034472840467913, -6.909063979211543 ], [ 157.028523120474745, -6.907200030427705 ], [ 157.024460159920608, -6.90348890698732 ], [ 157.021728119935261, -6.90424800281775 ], [ 157.020644880161683, -6.902028966148236 ], [ 157.018618079658069, -6.902998031057188 ], [ 157.018824000470659, -6.901785046887331 ], [ 157.016183039773637, -6.900614052756866 ], [ 157.014294840335197, -6.9010289849752 ], [ 157.013471880228707, -6.903249991518318 ], [ 157.01540615964791, -6.896361960425549 ], [ 157.013034120410993, -6.895685052547015 ], [ 157.009348080373599, -6.891193994658162 ], [ 157.00407011965163, -6.889598025668035 ], [ 157.001604839779731, -6.890492061675831 ], [ 156.999902040039558, -6.897062990451408 ], [ 156.993957000269035, -6.899871927151742 ], [ 156.990006000341992, -6.898405006785937 ], [ 156.986088839951748, -6.892584990954894 ], [ 156.983780880238953, -6.89262305362767 ], [ 156.984041880354908, -6.894017976896974 ], [ 156.975093000038385, -6.886020969494176 ], [ 156.973780079911307, -6.886577981363676 ], [ 156.974780159944061, -6.87809798889273 ], [ 156.978663840123716, -6.871340942167214 ], [ 156.975189119773773, -6.865948066954647 ], [ 156.969771119783843, -6.862421050880973 ], [ 156.970334160447749, -6.860588013836624 ], [ 156.966527160460743, -6.860437003372409 ], [ 156.967183079738504, -6.866168057925616 ], [ 156.962388959713365, -6.866044927671912 ], [ 156.959808119664984, -6.864708003448328 ], [ 156.960154079745536, -6.862535961786916 ], [ 156.956982120392496, -6.864311982662906 ], [ 156.953576159789378, -6.85941906252688 ], [ 156.949629119636143, -6.858897939848955 ], [ 156.949794000016624, -6.857438040550485 ], [ 156.948338159724443, -6.857639091634091 ], [ 156.947079960472934, -6.855277046169219 ], [ 156.944243159857422, -6.856768941343324 ], [ 156.944741040323862, -6.852987010390069 ], [ 156.941767080439178, -6.852558990280592 ], [ 156.939199919935987, -6.849553008282006 ], [ 156.932690040176084, -6.850100055328199 ], [ 156.930545880170513, -6.848723054188658 ], [ 156.930513120408733, -6.845482928674644 ], [ 156.927435120342807, -6.847517973324397 ], [ 156.923548920388811, -6.844634917261014 ], [ 156.924096839711524, -6.846404034926967 ], [ 156.922932959971519, -6.847500995299545 ], [ 156.917784960318301, -6.846464977286804 ], [ 156.911973840492067, -6.847327998079786 ], [ 156.903377040478148, -6.840715991570959 ], [ 156.899333160140628, -6.844907996596691 ], [ 156.895155000532753, -6.846140963736056 ], [ 156.883617000395986, -6.835250924245607 ], [ 156.879492840316459, -6.836091982492509 ], [ 156.872259000184243, -6.829772032902657 ], [ 156.87107712000261, -6.832182996070528 ], [ 156.866465879901313, -6.831062051320039 ], [ 156.862834920065609, -6.832518098827113 ], [ 156.7769770803298, -6.896477041660805 ], [ 156.891003839790756, -7.001448968979403 ], [ 157.071296879733524, -7.17494492447877 ], [ 157.23804600037468, -7.282279020907525 ], [ 157.460874840349021, -7.36633707483066 ], [ 157.549993920299073, -7.325959030598262 ] ] ], [ [ [ 157.163624999694889, -7.125783099336376 ], [ 157.162391999983669, -7.122610979264802 ], [ 157.157862120297665, -7.122487023786404 ], [ 157.160436119675126, -7.129113979896131 ], [ 157.16010312048752, -7.132867956444969 ], [ 157.162453919957898, -7.132393040504006 ], [ 157.160294999733907, -7.127009967553875 ], [ 157.161223079796656, -7.125959029526784 ], [ 157.163496120197721, -7.127366114157442 ], [ 157.163624999694889, -7.125783099336376 ] ] ], [ [ [ 156.969281159763284, -6.855309929662311 ], [ 156.966927120069613, -6.852681052065677 ], [ 156.964053960142991, -6.854417971504808 ], [ 156.962867040412618, -6.855344063813853 ], [ 156.963528000137444, -6.859192992909941 ], [ 156.965720040347662, -6.859609927108318 ], [ 156.968462879879354, -6.857779023977937 ], [ 156.969281159763284, -6.855309929662311 ] ] ], [ [ [ 157.115086920141181, -6.974307924106339 ], [ 157.11059304044025, -6.970469045833291 ], [ 157.106912039951624, -6.969774020087107 ], [ 157.110334920323112, -6.975367068244589 ], [ 157.113551879882039, -6.976009914305295 ], [ 157.115086920141181, -6.974307924106339 ] ] ], [ [ [ 157.348149119897244, -7.262019071934923 ], [ 157.342380120277966, -7.2618960466489 ], [ 157.34182895983372, -7.265440908431889 ], [ 157.348033919945181, -7.264126029287703 ], [ 157.348149119897244, -7.262019071934923 ] ] ], [ [ [ 157.374266040476755, -7.275465932114397 ], [ 157.371963839863241, -7.274649954902745 ], [ 157.371167159970355, -7.276009976185474 ], [ 157.372863119937989, -7.277126094111509 ], [ 157.374266040476755, -7.275465932114397 ] ] ] ] } },
{ "type": "Feature", "properties": { "shapeName": "East Honiara", "shapeISO": "", "shapeID": "97153195B54570082610262", "shapeGroup": "SLB", "shapeType": "ADM2" }, "geometry": { "type": "Polygon", "coordinates": [ [ [ 159.976676880084256, -9.458317078104203 ], [ 160.003213920264272, -9.447210072022957 ], [ 160.003200960269652, -9.433911911086764 ], [ 160.007241959710001, -9.43388101476126 ], [ 160.008288119723602, -9.432500084940095 ], [ 160.013448000494776, -9.434663012580495 ], [ 160.01966808015078, -9.43252902795177 ], [ 160.022692079790005, -9.422496032848358 ], [ 160.021186920192093, -9.421585090265994 ], [ 160.019524080210715, -9.423335056850894 ], [ 160.016199119798472, -9.423164944239655 ], [ 160.017302879788076, -9.419463987370429 ], [ 160.013805839896634, -9.417542997044137 ], [ 160.014539880264749, -9.415989043714655 ], [ 160.007055120012382, -9.423435029235144 ], [ 159.998420160463553, -9.429351997705821 ], [ 159.978960000481123, -9.431975020567753 ], [ 159.975299880432971, -9.433733990921443 ], [ 159.982553160107955, -9.438518996535594 ], [ 159.980383080113171, -9.440825001758773 ], [ 159.976676880084256, -9.458317078104203 ] ] ] } },
{ "type": "Feature", "properties": { "shapeName": "Central Honiara", "shapeISO": "", "shapeID": "97153195B38090868085036", "shapeGroup": "SLB", "shapeType": "ADM2" }, "geometry": { "type": "Polygon", "coordinates": [ [ [ 159.975299880432971, -9.433733990921443 ], [ 159.967661040244792, -9.434355114901219 ], [ 159.966618120454427, -9.435940058996746 ], [ 159.966662039986971, -9.434511904719693 ], [ 159.958091880411132, -9.429855934919811 ], [ 159.959882880339194, -9.427800050794554 ], [ 159.958724040147928, -9.425944986016573 ], [ 159.955779960026263, -9.429760048835615 ], [ 159.951620160186195, -9.428943058556358 ], [ 159.952880880110399, -9.434259940097661 ], [ 159.948156959831465, -9.44267590296575 ], [ 159.958400040282839, -9.444227960430272 ], [ 159.954855839737291, -9.453932911428932 ], [ 159.956787960504869, -9.456295986768888 ], [ 159.976676880084256, -9.458317078104203 ], [ 159.980383080113171, -9.440825001758773 ], [ 159.982553160107955, -9.438518996535594 ], [ 159.975299880432971, -9.433733990921443 ] ] ] } },
{ "type": "Feature", "properties": { "shapeName": "West Honiara", "shapeISO": "", "shapeID": "97153195B79685360325521", "shapeGroup": "SLB", "shapeType": "ADM2" }, "geometry": { "type": "Polygon", "coordinates": [ [ [ 159.951620160186195, -9.428943058556358 ], [ 159.94070999978797, -9.428254094030036 ], [ 159.923507040213195, -9.423094980644821 ], [ 159.91806492045788, -9.42378590909375 ], [ 159.918488999832164, -9.433832006821691 ], [ 159.923540879749964, -9.440676915027058 ], [ 159.948156959831465, -9.44267590296575 ], [ 159.952880880110399, -9.434259940097661 ], [ 159.951620160186195, -9.428943058556358 ] ] ] } },
{ "type": "Feature", "properties": { "shapeName": "Shortland Islands", "shapeISO": "", "shapeID": "97153195B13226737525008", "shapeGroup": "SLB", "shapeType": "ADM2" }, "geometry": { "type": "MultiPolygon", "coordinates": [ [ [ [ 155.865453120087892, -7.045086045174261 ], [ 155.865076920019959, -7.042811046873135 ], [ 155.863231919665225, -7.043693000684816 ], [ 155.863036079746792, -7.038540057704025 ], [ 155.85443892040675, -7.032955985434998 ], [ 155.850968880279481, -7.032924007508519 ], [ 155.845725120216969, -7.035557952309796 ], [ 155.848278960501119, -7.032350911998165 ], [ 155.846692080263523, -7.028921970036676 ], [ 155.842016040189208, -7.025372950648269 ], [ 155.838236039966432, -7.027286094855236 ], [ 155.839386959711817, -7.024194941004533 ], [ 155.836456920258001, -7.023785119963233 ], [ 155.836656000399728, -7.020002028767841 ], [ 155.834840879807956, -7.020469915108626 ], [ 155.834696160317378, -7.022867040487504 ], [ 155.83329611977743, -7.023545015455733 ], [ 155.827683000317876, -7.024025045744183 ], [ 155.821461839988558, -7.021943957428401 ], [ 155.819262960005773, -7.023623084795657 ], [ 155.820932999984166, -7.021488936417944 ], [ 155.819959919715586, -7.020541910697596 ], [ 155.818950119911477, -7.02171707208608 ], [ 155.817903959897876, -7.019391043459016 ], [ 155.811377160369574, -7.019354955825584 ], [ 155.808966959801012, -7.017681887162816 ], [ 155.800260000282151, -7.0165440544316 ], [ 155.800415159992923, -7.012905078480398 ], [ 155.795198040368518, -7.010949892076986 ], [ 155.794681079685432, -7.006573917118955 ], [ 155.791339919953657, -7.006814030493549 ], [ 155.791135079814381, -7.004728042714267 ], [ 155.789411040307613, -7.004770026472192 ], [ 155.786627879894382, -7.000712005761792 ], [ 155.780955000010522, -7.000568007465822 ], [ 155.779926840438577, -6.993242074591786 ], [ 155.775947040523562, -6.991008093667146 ], [ 155.772521999703855, -6.992763084755339 ], [ 155.77415783992106, -6.999761007823891 ], [ 155.771409959942275, -7.000244993267007 ], [ 155.77033716038892, -6.997976921699986 ], [ 155.765746080279257, -6.999317041411019 ], [ 155.768670000409372, -6.995590030581519 ], [ 155.765707919845994, -6.993540080727644 ], [ 155.765945879971497, -6.986385912851906 ], [ 155.76451307966974, -6.985219952888037 ], [ 155.760270120088848, -6.987549904205883 ], [ 155.756665080242385, -6.986855975848734 ], [ 155.755553040480805, -6.982360963863933 ], [ 155.749514040524815, -6.97247603701525 ], [ 155.747172959927525, -6.974153912139899 ], [ 155.747460959807597, -6.980297020337995 ], [ 155.746321920281844, -6.982417957984305 ], [ 155.747400120506654, -6.983816009939906 ], [ 155.742814079945731, -6.986626036746554 ], [ 155.743981920357783, -6.982395981796242 ], [ 155.742549120056054, -6.976161066843297 ], [ 155.744133120294862, -6.971747067275855 ], [ 155.74231403992934, -6.968420057983609 ], [ 155.740340880526333, -6.968102024517204 ], [ 155.744781120025067, -6.965676030055365 ], [ 155.744660160075426, -6.963241983877012 ], [ 155.739782159860653, -6.960105022425322 ], [ 155.733306840086328, -6.961618921467069 ], [ 155.73115908053137, -6.959589012802601 ], [ 155.728933920334953, -6.960187034067596 ], [ 155.725719120326005, -6.958127995830689 ], [ 155.719936080038906, -6.961355021142523 ], [ 155.714780159939806, -6.962217117838482 ], [ 155.715001919847481, -6.9657280238756 ], [ 155.734018920238981, -6.984951956965873 ], [ 155.723406839716688, -6.981344001165477 ], [ 155.72054016023651, -6.983022917583602 ], [ 155.70806400004119, -6.983580886747392 ], [ 155.70182987971728, -6.981086008273238 ], [ 155.697590879910194, -6.982322014556604 ], [ 155.699130959718133, -6.989670987138811 ], [ 155.701515959847995, -6.990792091209276 ], [ 155.702508839883762, -6.993388040816336 ], [ 155.70483696048646, -6.99344503357454 ], [ 155.704511879948086, -6.996188005251478 ], [ 155.708044919824573, -6.997818987289625 ], [ 155.708006039840768, -6.999059951625667 ], [ 155.705295960070799, -6.999027972237697 ], [ 155.704533840163521, -7.001793957598299 ], [ 155.709492120120302, -7.002840889618045 ], [ 155.707486920506057, -7.006760970553675 ], [ 155.709834839977617, -7.008275967738679 ], [ 155.70920412024023, -7.0105170127359 ], [ 155.705486039991655, -7.012656035323981 ], [ 155.704321080476689, -7.015458027594798 ], [ 155.712665879697227, -7.024068993247369 ], [ 155.710281960240621, -7.024539911656311 ], [ 155.710339920441044, -7.026274053615216 ], [ 155.708485919865524, -7.027014013840942 ], [ 155.705658839919693, -7.025114982430087 ], [ 155.703566880116938, -7.026180084827676 ], [ 155.701515959847995, -7.022629972622944 ], [ 155.697459120414209, -7.021734936759707 ], [ 155.696186160045897, -7.019659019335555 ], [ 155.69012807987329, -7.018184969681561 ], [ 155.681152920241487, -7.012822004574805 ], [ 155.681372879925306, -7.016097960069166 ], [ 155.678285879638565, -7.016847048179624 ], [ 155.686741919935685, -7.030921027660379 ], [ 155.685616920179484, -7.036631962047431 ], [ 155.686929119857723, -7.038602940301668 ], [ 155.685205080350954, -7.040193043191647 ], [ 155.685464999793595, -7.043465947513593 ], [ 155.682173160265876, -7.042117022459824 ], [ 155.679532920017664, -7.044146036028091 ], [ 155.682595080090181, -7.046083933372461 ], [ 155.680853040141756, -7.050669972180601 ], [ 155.682785880459903, -7.053145006546942 ], [ 155.683874880231059, -7.06102197720704 ], [ 155.685884040517436, -7.062779919522265 ], [ 155.67724007984944, -7.059747951669629 ], [ 155.67100199975178, -7.063747936337309 ], [ 155.666886839893095, -7.061981959578362 ], [ 155.665087920417477, -7.065309014737564 ], [ 155.665043999986636, -7.070632074122329 ], [ 155.663817840047955, -7.065912973061977 ], [ 155.662066080328174, -7.067581937499275 ], [ 155.660961960114179, -7.072438031442278 ], [ 155.663053919916905, -7.080062093614763 ], [ 155.671445160240978, -7.085864056673005 ], [ 155.675516040342643, -7.08533496830999 ], [ 155.679536879791442, -7.081986979930788 ], [ 155.687732999747595, -7.083270947263922 ], [ 155.692216079902238, -7.080786070555563 ], [ 155.695128840261532, -7.08177102036154 ], [ 155.715477840098458, -7.1034048989246 ], [ 155.724490080388534, -7.103905030775721 ], [ 155.740883039851411, -7.100244056143331 ], [ 155.747657880399316, -7.100132062407614 ], [ 155.756676960462016, -7.103708014505641 ], [ 155.763438119668166, -7.111854901528433 ], [ 155.767870080293221, -7.113516019899942 ], [ 155.77187292019866, -7.110865909013788 ], [ 155.771679960278988, -7.105494908573532 ], [ 155.774000160435861, -7.103851981212177 ], [ 155.794052879722415, -7.103833940285275 ], [ 155.796366959657234, -7.101287015436889 ], [ 155.799119880083111, -7.10176607201622 ], [ 155.795074919970631, -7.096951905632548 ], [ 155.798013959645232, -7.097126061289887 ], [ 155.79541187983034, -7.090801945752353 ], [ 155.800177920316315, -7.091012007169236 ], [ 155.800906920237395, -7.098211896680096 ], [ 155.803623839779874, -7.093846927646121 ], [ 155.805636959840029, -7.095351995132412 ], [ 155.80339812009845, -7.098005053785676 ], [ 155.805690960266702, -7.098463036068986 ], [ 155.809212840372396, -7.092325064707799 ], [ 155.813942879975059, -7.092594963919048 ], [ 155.81645316005276, -7.089848989440169 ], [ 155.819036880099901, -7.089693051058588 ], [ 155.82267288038264, -7.089842916984833 ], [ 155.825145000027106, -7.092006937691701 ], [ 155.827649159882782, -7.097345050192424 ], [ 155.83061412044492, -7.097918065868578 ], [ 155.832176880018835, -7.096790968760807 ], [ 155.834816040492058, -7.099709983625476 ], [ 155.835494999760215, -7.097617983045964 ], [ 155.837502000496613, -7.09739006296959 ], [ 155.838228839969446, -7.098715069972418 ], [ 155.843085959743746, -7.099481886027639 ], [ 155.838246840411074, -7.093074028768979 ], [ 155.842839000295754, -7.094320991118916 ], [ 155.844785880383455, -7.093025979806478 ], [ 155.845128960465189, -7.090838027743429 ], [ 155.847633120320864, -7.092738040380796 ], [ 155.849082119942125, -7.091209028946815 ], [ 155.852404919906121, -7.091790981982335 ], [ 155.854235880491274, -7.089683941026386 ], [ 155.855795040515858, -7.090304122743252 ], [ 155.857880880096531, -7.086534079018211 ], [ 155.861594999673031, -7.084878937148356 ], [ 155.86419384016304, -7.081680991710238 ], [ 155.86491491963821, -7.078306003732584 ], [ 155.86159391989807, -7.076427010508017 ], [ 155.855513880408353, -7.078503923910565 ], [ 155.854146959854575, -7.080509913178756 ], [ 155.852265960413177, -7.079101076937897 ], [ 155.849652000378597, -7.08143305746505 ], [ 155.848515839953336, -7.079136981277502 ], [ 155.846575080087661, -7.078819023618841 ], [ 155.846989080364466, -7.077434119060514 ], [ 155.848587839923368, -7.078525001697296 ], [ 155.847836879786882, -7.076504892239349 ], [ 155.849272920311876, -7.078381920765557 ], [ 155.852816040184138, -7.07687197456657 ], [ 155.856501000446485, -7.071482893698144 ], [ 155.856417120256822, -7.073101999967756 ], [ 155.857984920277829, -7.072928014593638 ], [ 155.86424207969381, -7.069397017338552 ], [ 155.861134920313759, -7.065854023980579 ], [ 155.859270839742436, -7.057053944003051 ], [ 155.861283959802535, -7.051532975788104 ], [ 155.865011040271952, -7.048368026258384 ], [ 155.865453120087892, -7.045086045174261 ] ] ], [ [ [ 156.144957840045521, -6.92875498997324 ], [ 156.142837080254765, -6.92614796251547 ], [ 156.130800840325435, -6.919232031575319 ], [ 156.10773996049474, -6.912344948208484 ], [ 156.104030880466979, -6.908488945547283 ], [ 156.105552959833233, -6.903637938454727 ], [ 156.102195960108048, -6.898364085295197 ], [ 156.099153960027166, -6.897811017750445 ], [ 156.091214880413133, -6.900934990764457 ], [ 156.087774000498285, -6.8986189066445 ], [ 156.08858796038399, -6.890913078849297 ], [ 156.084257880390226, -6.885089932694429 ], [ 156.084346079679761, -6.882387951555057 ], [ 156.091206959967309, -6.879222933359172 ], [ 156.089265120326587, -6.875456013649084 ], [ 156.087588960126169, -6.868058975520265 ], [ 156.088680839896142, -6.866900943840568 ], [ 156.086912879958533, -6.862523987768539 ], [ 156.080107079872647, -6.861842028448165 ], [ 156.074222159852525, -6.857651065776929 ], [ 156.069871919867154, -6.859658893666443 ], [ 156.065324039739465, -6.857597987919871 ], [ 156.058365959941597, -6.86187294528752 ], [ 156.052923119737386, -6.859283063081985 ], [ 156.046382999990101, -6.852033927530599 ], [ 156.047648039912502, -6.849079948993388 ], [ 156.045863879757036, -6.844431894355027 ], [ 156.047352120484874, -6.839681030670246 ], [ 156.046884119781424, -6.834138029800025 ], [ 156.048266159879745, -6.831116918916806 ], [ 156.051087120501847, -6.830385944523615 ], [ 156.051461160121534, -6.825560056629658 ], [ 156.055291919649449, -6.822452925073142 ], [ 156.058701120475803, -6.822665966108788 ], [ 156.064015080284491, -6.819325935181176 ], [ 156.063196079951723, -6.814412000711655 ], [ 156.066246000478543, -6.811099079338635 ], [ 156.073331160448078, -6.807257984611605 ], [ 156.078681120241782, -6.809767005155797 ], [ 156.079322999749962, -6.80705190801264 ], [ 156.084280920380621, -6.80321399770805 ], [ 156.091080960468901, -6.804570933823425 ], [ 156.094622999667848, -6.80203793645439 ], [ 156.09308003986115, -6.799134945554272 ], [ 156.086425080386192, -6.798709915232643 ], [ 156.076179119936057, -6.802064924323886 ], [ 156.073204080276383, -6.801679933995436 ], [ 156.072698999812985, -6.800144077554219 ], [ 156.07001196003344, -6.800672950399885 ], [ 156.06070092031689, -6.808091943521029 ], [ 156.049813080358547, -6.814029879322112 ], [ 156.050139960222452, -6.818723090025355 ], [ 156.039953039747729, -6.828660018918336 ], [ 156.039103079877037, -6.831119957289803 ], [ 156.03555312023218, -6.832794939137799 ], [ 156.03743808034568, -6.836229954936983 ], [ 156.037213080214798, -6.83949802316106 ], [ 156.03266483986269, -6.84459291816373 ], [ 156.036182039745739, -6.844829003895421 ], [ 156.03958512035004, -6.848443899644517 ], [ 156.042469079823036, -6.847551929372306 ], [ 156.042108000197942, -6.849297088268611 ], [ 156.039599879670192, -6.848866026544949 ], [ 156.039080039886613, -6.851993001993672 ], [ 156.042507959806841, -6.86146691426337 ], [ 156.046215960059612, -6.863205052784989 ], [ 156.046055040351206, -6.872171036778155 ], [ 156.049909919644534, -6.873591931873788 ], [ 156.055898160295357, -6.87236010778817 ], [ 156.057566039825474, -6.870185956704779 ], [ 156.05820684045699, -6.871656896872097 ], [ 156.061905840488976, -6.871149904590838 ], [ 156.065894999950899, -6.873278124175537 ], [ 156.0667071605111, -6.875921898268495 ], [ 156.068526960427107, -6.87569601525531 ], [ 156.070825919919116, -6.877987014051 ], [ 156.068605079720868, -6.879809975686699 ], [ 156.070438920304809, -6.885369065453869 ], [ 156.074950079998615, -6.888079964754741 ], [ 156.076975080278345, -6.891047997209204 ], [ 156.075812999863899, -6.89280800739839 ], [ 156.069132120399757, -6.892343031935486 ], [ 156.067683119880144, -6.893994924621388 ], [ 156.056609880223618, -6.896450058305152 ], [ 156.050443079647096, -6.903473002873461 ], [ 156.048597000415725, -6.911812982635058 ], [ 156.052973879940851, -6.913216068903559 ], [ 156.05134488039451, -6.92645798330045 ], [ 156.052371960191437, -6.928166042351708 ], [ 156.056303879901861, -6.926707071970299 ], [ 156.057383159901605, -6.929219035961506 ], [ 156.059678880068702, -6.93022789212631 ], [ 156.057611040031333, -6.936121061813336 ], [ 156.056055120229985, -6.937046994114374 ], [ 156.05865107982288, -6.939432039140434 ], [ 156.058943040375055, -6.942364013727678 ], [ 156.0570231600515, -6.945669050827032 ], [ 156.05229096000059, -6.94664892589335 ], [ 156.052757880030782, -6.949529037903238 ], [ 156.044108160263505, -6.954592018007756 ], [ 156.044175119786445, -6.957471902960517 ], [ 156.036890160124671, -6.958132105137579 ], [ 156.03576587991904, -6.963784967984248 ], [ 156.031782120230218, -6.965130903783115 ], [ 156.025824840015616, -6.970921972868844 ], [ 156.027651120378124, -6.975320971758299 ], [ 156.026075039686873, -6.978888952401785 ], [ 156.030414119901479, -6.983372921258692 ], [ 156.032304120462015, -6.987805927822552 ], [ 156.035729879933996, -6.984023975229032 ], [ 156.034877040064544, -6.981901079271594 ], [ 156.037232160431444, -6.977275056265169 ], [ 156.035832119891438, -6.975437106064472 ], [ 156.036347999901238, -6.973550013548111 ], [ 156.03887087974914, -6.977841073812886 ], [ 156.038307839983531, -6.983650923321898 ], [ 156.041399160268497, -6.988304933952004 ], [ 156.046578839908534, -6.989619889981976 ], [ 156.048603119739454, -6.983953045628574 ], [ 156.051703080020815, -6.984027012606923 ], [ 156.053755080064747, -6.980866963772646 ], [ 156.053575080139666, -6.977312040290573 ], [ 156.055340160078515, -6.974717074691179 ], [ 156.058059960518136, -6.974732975469029 ], [ 156.05688492010907, -6.971928952127314 ], [ 156.060050039689571, -6.969951082024835 ], [ 156.059119080526358, -6.967172044093111 ], [ 156.056038920012185, -6.966254032257894 ], [ 156.055029839758561, -6.958359021760756 ], [ 156.060790919830282, -6.959026012262581 ], [ 156.062256840118266, -6.956703959924472 ], [ 156.061559159959558, -6.95410191049428 ], [ 156.065352120176954, -6.95443603457498 ], [ 156.068045999729094, -6.959354056815867 ], [ 156.068110080151513, -6.96779703388431 ], [ 156.064588920494714, -6.968591045480966 ], [ 156.064345919922147, -6.971498002785332 ], [ 156.068044919954104, -6.97329505375257 ], [ 156.06738108023049, -6.975448004565433 ], [ 156.070995120297823, -6.977890027949583 ], [ 156.071606040268023, -6.98057395254609 ], [ 156.073551839682438, -6.981895898472015 ], [ 156.079657080509179, -6.980642916972303 ], [ 156.080489039938215, -6.975776931472982 ], [ 156.084174000200562, -6.973340971820264 ], [ 156.087279000030662, -6.968149014836227 ], [ 156.087065880119411, -6.965863099170562 ], [ 156.085565040519697, -6.965674958313917 ], [ 156.083460119824053, -6.962335041682755 ], [ 156.082983119798087, -6.957590007537036 ], [ 156.090150000407334, -6.957546053698275 ], [ 156.090704039952072, -6.952078044977583 ], [ 156.103554960215973, -6.933348971095412 ], [ 156.098338920366501, -6.92760800737653 ], [ 156.099457080350135, -6.92442595769395 ], [ 156.0975188402588, -6.921687034313814 ], [ 156.100625999638822, -6.917541987996946 ], [ 156.104287919910803, -6.916765044169899 ], [ 156.106001159871226, -6.91482196571124 ], [ 156.106143000261312, -6.925696064505675 ], [ 156.105124919786903, -6.927247955151925 ], [ 156.106605960517726, -6.928025953321348 ], [ 156.11609915970925, -6.9275199144834 ], [ 156.11997995989006, -6.923830035852631 ], [ 156.125969999866442, -6.926464952003935 ], [ 156.127375079955158, -6.928930995739849 ], [ 156.135688919637687, -6.926768003878949 ], [ 156.143498039979562, -6.931144008440985 ], [ 156.144957840045521, -6.92875498997324 ] ] ], [ [ [ 155.625090840227216, -7.366433115644286 ], [ 155.615167080316667, -7.365387912412455 ], [ 155.614861079994881, -7.361651047246099 ], [ 155.610794159666938, -7.355335988021222 ], [ 155.599819919744618, -7.346725049430377 ], [ 155.599626959824974, -7.344230014358026 ], [ 155.602883160490421, -7.339960966580246 ], [ 155.597789879916093, -7.33384090892577 ], [ 155.587813919802699, -7.330883949338737 ], [ 155.585234160427603, -7.331573961928676 ], [ 155.573219879815412, -7.329556943675423 ], [ 155.565192960237965, -7.330896981890532 ], [ 155.550457079860564, -7.330260883315083 ], [ 155.539593000341512, -7.333783065982705 ], [ 155.529097919995081, -7.342035958296795 ], [ 155.526306120483724, -7.342475127155781 ], [ 155.520190080110666, -7.348708070223766 ], [ 155.512275120262018, -7.366995970779231 ], [ 155.51835983997438, -7.389707027359625 ], [ 155.527045919951121, -7.389868038564885 ], [ 155.547438840218945, -7.397203994037222 ], [ 155.571312960384773, -7.395807036124265 ], [ 155.574730079860359, -7.399842066724357 ], [ 155.577579840470463, -7.396655100707267 ], [ 155.583771120138437, -7.39582595657134 ], [ 155.594187000517906, -7.390077960685966 ], [ 155.598576840037623, -7.384217965863002 ], [ 155.601992160187677, -7.383588013175359 ], [ 155.608616160124654, -7.379423058266828 ], [ 155.625090840227216, -7.366433115644286 ] ] ], [ [ [ 156.04574400048071, -6.781898948636663 ], [ 156.044320919950337, -6.777953950219128 ], [ 156.038174999814316, -6.77527799684175 ], [ 156.029802839706861, -6.778712888158871 ], [ 156.028074840426314, -6.775575067721217 ], [ 156.024794880219901, -6.775896983421482 ], [ 156.020469839774904, -6.773572964899556 ], [ 156.012005160379715, -6.780815958402052 ], [ 155.996386919695965, -6.782258931638607 ], [ 155.99290500024739, -6.784107997433783 ], [ 155.990032920095729, -6.787743013230577 ], [ 155.991085919881897, -6.799013048620656 ], [ 155.994213959702392, -6.807720004703864 ], [ 155.995691039761113, -6.818061978280391 ], [ 155.99910203991297, -6.820106969427451 ], [ 156.012167880311949, -6.811419898854341 ], [ 156.019147920325281, -6.810906050938177 ], [ 156.023228880422721, -6.80806602719917 ], [ 156.027236040326414, -6.809195962429149 ], [ 156.029897160116718, -6.802568951417094 ], [ 156.029186880187865, -6.798097928978324 ], [ 156.036537000047133, -6.793022020960542 ], [ 156.042002159792872, -6.783978947135002 ], [ 156.04574400048071, -6.781898948636663 ] ] ], [ [ [ 155.850507360022476, -7.114125988118371 ], [ 155.847808079798881, -7.107011012280023 ], [ 155.845440000335685, -7.105679956354909 ], [ 155.842518960204416, -7.106783096920463 ], [ 155.838749039977415, -7.101806082585514 ], [ 155.828180879885991, -7.10195201417063 ], [ 155.827081079670194, -7.099967910585592 ], [ 155.825452080123824, -7.099890031974945 ], [ 155.821632839692796, -7.091155977002918 ], [ 155.819476079917024, -7.090514004917826 ], [ 155.81441016022967, -7.094262045715511 ], [ 155.809915920304235, -7.094177021390509 ], [ 155.808137159921955, -7.09595198500057 ], [ 155.808965880026022, -7.098396947430788 ], [ 155.80262016019779, -7.100363910569283 ], [ 155.801391120260348, -7.103337024409223 ], [ 155.796234839936858, -7.103049090623734 ], [ 155.795400000509034, -7.104553949936169 ], [ 155.796842160357699, -7.106555895721073 ], [ 155.794650120147509, -7.111668963433722 ], [ 155.796866999673625, -7.115474881144044 ], [ 155.802456000266119, -7.117488924664387 ], [ 155.808875160063849, -7.117082044508508 ], [ 155.816051039995614, -7.12030689294788 ], [ 155.823743879712168, -7.118844059203582 ], [ 155.827631879889992, -7.11666801870798 ], [ 155.836991160035581, -7.122026921226492 ], [ 155.84333831986325, -7.122525067443127 ], [ 155.848151520105034, -7.120396913041708 ], [ 155.850507360022476, -7.114125988118371 ] ] ], [ [ [ 155.590305119663753, -7.402182027945358 ], [ 155.586049919638839, -7.40241996881961 ], [ 155.584446840081711, -7.405104954458928 ], [ 155.582691840138693, -7.404488062324962 ], [ 155.580576119896676, -7.406452975199566 ], [ 155.573907119753869, -7.406711975985449 ], [ 155.572211880235074, -7.409092955640764 ], [ 155.569890960527715, -7.40898193018183 ], [ 155.555223839897138, -7.420038977223689 ], [ 155.551942080365166, -7.419079043139599 ], [ 155.555317080532035, -7.411632070279851 ], [ 155.552760000024648, -7.411227062236561 ], [ 155.548932840046035, -7.413447014743386 ], [ 155.550179880425162, -7.416134967644033 ], [ 155.54698812040661, -7.417253947323962 ], [ 155.547708120106847, -7.413327957667645 ], [ 155.54491884036986, -7.414245959143579 ], [ 155.544162839786281, -7.41192997994469 ], [ 155.545745039801261, -7.408224030668636 ], [ 155.543304960368062, -7.408282042210004 ], [ 155.540999879755788, -7.411518903220006 ], [ 155.541871080291344, -7.419926883905747 ], [ 155.544561000069649, -7.422848979126912 ], [ 155.552051879645745, -7.423174904447633 ], [ 155.557979999647898, -7.427464031817639 ], [ 155.564886959916208, -7.421079945229136 ], [ 155.569160160382808, -7.414630080059558 ], [ 155.581052040147682, -7.416956933527971 ], [ 155.587228919821683, -7.414502991497656 ], [ 155.588693039885811, -7.412678055801675 ], [ 155.590305119663753, -7.402182027945358 ] ] ], [ [ [ 155.882517120169666, -7.092247006212561 ], [ 155.882156039646276, -7.087570996396539 ], [ 155.877468839801168, -7.085244941261128 ], [ 155.875942080212297, -7.082740069208119 ], [ 155.865117960452011, -7.087156944572458 ], [ 155.86142184041887, -7.094033051616481 ], [ 155.85934212016187, -7.094441024784009 ], [ 155.854744919830182, -7.100765089662255 ], [ 155.852394839910318, -7.108419941458865 ], [ 155.855730960093354, -7.111663068939579 ], [ 155.859985080343336, -7.11032005907969 ], [ 155.86654896052994, -7.103559046900515 ], [ 155.865587040032153, -7.100418031967007 ], [ 155.867276160227163, -7.099908073058635 ], [ 155.865551040047109, -7.097540104032301 ], [ 155.867623920531543, -7.096899033828997 ], [ 155.867010840113068, -7.098373011620254 ], [ 155.869283160065265, -7.099248965088983 ], [ 155.869601039708328, -7.100779021784947 ], [ 155.871254159918351, -7.098792947887224 ], [ 155.872888920360595, -7.100003991848716 ], [ 155.871596879775666, -7.101509038930998 ], [ 155.87239608034119, -7.103948077738523 ], [ 155.879908920132692, -7.101970055172351 ], [ 155.882517120169666, -7.092247006212561 ] ] ], [ [ [ 155.891603880204144, -7.104284057832608 ], [ 155.89019807966659, -7.094128971647246 ], [ 155.888971919727936, -7.094105036509207 ], [ 155.883490919988816, -7.102545029283956 ], [ 155.878333920114756, -7.105843033799822 ], [ 155.876591159717464, -7.109092074238625 ], [ 155.873712960242102, -7.109241040923985 ], [ 155.874265920011879, -7.115595980603151 ], [ 155.87805815978038, -7.123789988943477 ], [ 155.88127908001141, -7.123215041785814 ], [ 155.888130960078087, -7.117962963430938 ], [ 155.891603880204144, -7.104284057832608 ] ] ], [ [ [ 156.148098120310095, -6.821047962152613 ], [ 156.14570592018319, -6.810704979940723 ], [ 156.139129080001993, -6.805814014365977 ], [ 156.131161919950529, -6.806015980862214 ], [ 156.129505919741689, -6.808563970873503 ], [ 156.130586999965317, -6.810190059151177 ], [ 156.128182920517105, -6.816633947144149 ], [ 156.132417959652116, -6.82293691312346 ], [ 156.14075916022162, -6.818095936447746 ], [ 156.142479960403449, -6.819537011254797 ], [ 156.144654000172011, -6.829864075027826 ], [ 156.146133960229548, -6.830289077368639 ], [ 156.147230880446585, -6.829490008328233 ], [ 156.148098120310095, -6.821047962152613 ] ] ], [ [ [ 156.03313212011733, -6.878176976899858 ], [ 156.032517959923865, -6.874568025132401 ], [ 156.028923000073149, -6.87377599986447 ], [ 156.029069160461461, -6.867763033824031 ], [ 156.032063999888294, -6.864333070214105 ], [ 156.029769000170091, -6.863101043171593 ], [ 156.025371959755034, -6.864165976842499 ], [ 156.024312839746869, -6.867256038234792 ], [ 156.019174920089455, -6.868293083304731 ], [ 156.018147119843661, -6.87112810270651 ], [ 156.013535879742363, -6.871385976988409 ], [ 156.012195959851084, -6.872750939769904 ], [ 156.014425079821308, -6.87736708659648 ], [ 156.018508919917565, -6.879396990774953 ], [ 156.021950160056861, -6.888868927845819 ], [ 156.026387160230712, -6.884641927145045 ], [ 156.028876920092358, -6.878044914244928 ], [ 156.032272080250834, -6.87907907605971 ], [ 156.03313212011733, -6.878176976899858 ] ] ], [ [ [ 156.116059920399294, -6.694995907278562 ], [ 156.113484840348576, -6.693563937005539 ], [ 156.11160888045589, -6.690117895345743 ], [ 156.107526839685164, -6.69005300007474 ], [ 156.098090880245195, -6.684785921635697 ], [ 156.092258879978459, -6.675860969875808 ], [ 156.085349039711332, -6.671572924402379 ], [ 156.081876120483571, -6.672281968909844 ], [ 156.084132959768482, -6.676490989305712 ], [ 156.083207040154008, -6.67948803664919 ], [ 156.085511040093053, -6.684699930138049 ], [ 156.088240920528477, -6.686948930940312 ], [ 156.089496960230093, -6.691466924829565 ], [ 156.090056040221896, -6.686822894642967 ], [ 156.09320099981079, -6.684131956917027 ], [ 156.095502119750989, -6.685706975620209 ], [ 156.094817040260835, -6.689773039426 ], [ 156.09890987967961, -6.689171999383531 ], [ 156.100317120216602, -6.69325805584536 ], [ 156.105939960345836, -6.698326965286145 ], [ 156.107490120149578, -6.697981936517096 ], [ 156.109452119781821, -6.694146915721078 ], [ 156.115006919714858, -6.696736970397472 ], [ 156.116059920399294, -6.694995907278562 ] ] ], [ [ [ 156.15605196014252, -6.850211037655835 ], [ 156.15289115966192, -6.846500005425717 ], [ 156.147784919991352, -6.853129088117853 ], [ 156.138933960532398, -6.857623008197024 ], [ 156.139454880090938, -6.864516962275228 ], [ 156.131627039756893, -6.871273033505579 ], [ 156.131766000148161, -6.873074040786337 ], [ 156.142775879831078, -6.871233897139691 ], [ 156.148098839860609, -6.864469068197484 ], [ 156.154613040517063, -6.863133926117413 ], [ 156.153125880462511, -6.858556063909998 ], [ 156.150600119717524, -6.856508020828322 ], [ 156.153003120289043, -6.852120068398559 ], [ 156.15605196014252, -6.850211037655835 ] ] ], [ [ [ 155.660650920243683, -7.062040016229232 ], [ 155.659505040047037, -7.059874961132993 ], [ 155.65682196004127, -7.059399969771411 ], [ 155.651333039856269, -7.061292072655485 ], [ 155.645188919944076, -7.060199005749429 ], [ 155.641704840047197, -7.064118958709984 ], [ 155.638361880091594, -7.064815986556715 ], [ 155.642437080191485, -7.074126085590517 ], [ 155.648867040433856, -7.066414038151325 ], [ 155.654550000313463, -7.063852973296533 ], [ 155.658762000356404, -7.063924962960219 ], [ 155.660650920243683, -7.062040016229232 ] ] ], [ [ [ 156.004512839905914, -7.017036062075477 ], [ 155.998023839688187, -7.010227949699421 ], [ 155.991184920514371, -7.012085951703773 ], [ 155.988804959933248, -7.014867938357996 ], [ 155.991953880194217, -7.021749943803028 ], [ 155.999838960279902, -7.020367012320931 ], [ 156.004512839905914, -7.017036062075477 ] ] ], [ [ [ 156.051795960431292, -7.006347025086884 ], [ 156.05076887973604, -6.999774049972551 ], [ 156.049504920486896, -6.998267957151115 ], [ 156.046434839968498, -6.998093943359542 ], [ 156.043006920048271, -7.00362090673937 ], [ 156.042995039828639, -7.009601051821473 ], [ 156.045524039898538, -7.011416893707938 ], [ 156.04954884001944, -7.01091291075036 ], [ 156.051579960521224, -7.009355044086448 ], [ 156.051795960431292, -7.006347025086884 ] ] ], [ [ [ 155.824160040437192, -7.01545409740269 ], [ 155.822636880397653, -7.011051010015864 ], [ 155.814756839860735, -7.005542000265044 ], [ 155.811090959815004, -7.01279502799012 ], [ 155.811247919749633, -7.015145029288415 ], [ 155.815958880033975, -7.015024974791884 ], [ 155.821389120468012, -7.018134054293147 ], [ 155.823454080506565, -7.017608998108239 ], [ 155.824160040437192, -7.01545409740269 ] ] ], [ [ [ 156.097956960300962, -6.866954019749002 ], [ 156.095920079801544, -6.858192027010384 ], [ 156.093557039887116, -6.857074003683121 ], [ 156.091020120269633, -6.861422951369812 ], [ 156.092352119715059, -6.865166035809319 ], [ 156.091704119984854, -6.868596886639209 ], [ 156.094396919762005, -6.870643984619633 ], [ 156.097956960300962, -6.866954019749002 ] ] ], [ [ [ 155.832131879813005, -7.013916076656174 ], [ 155.827679039645773, -7.006201062969232 ], [ 155.82635712019615, -7.007472019731309 ], [ 155.827191960522299, -7.010595084289695 ], [ 155.82439799966437, -7.010733898972706 ], [ 155.82653712012123, -7.016571923815566 ], [ 155.830070880446527, -7.016427930484353 ], [ 155.832131879813005, -7.013916076656174 ] ] ], [ [ [ 155.672997120268519, -7.061244020340221 ], [ 155.668467960133086, -7.057474989897168 ], [ 155.664645120152699, -7.058194000449872 ], [ 155.661284880204278, -7.060898897864958 ], [ 155.664068039719268, -7.062812073049993 ], [ 155.666975040080956, -7.061280103775014 ], [ 155.670840000268356, -7.063367089659415 ], [ 155.672997120268519, -7.061244020340221 ] ] ], [ [ [ 155.656145879873606, -7.031346027654299 ], [ 155.653148879998525, -7.029493998239848 ], [ 155.649293999806901, -7.029684971514466 ], [ 155.64853295967464, -7.034960920954927 ], [ 155.653314840153996, -7.036579977129912 ], [ 155.656145879873606, -7.031346027654299 ] ] ], [ [ [ 155.619025920282041, -7.042853921013349 ], [ 155.617730999698296, -7.039562968845306 ], [ 155.614470840157367, -7.03682203936823 ], [ 155.611866960118647, -7.036541032413803 ], [ 155.609519039748733, -7.038667073057587 ], [ 155.613457079681126, -7.042351044151891 ], [ 155.618744039725669, -7.043984008058772 ], [ 155.619025920282041, -7.042853921013349 ] ] ], [ [ [ 155.625669000435636, -7.010304950561999 ], [ 155.623385160488226, -7.008590044158179 ], [ 155.619779039968478, -7.008446941362036 ], [ 155.616554880412536, -7.013230942371745 ], [ 155.625391079653042, -7.012569924183724 ], [ 155.625669000435636, -7.010304950561999 ] ] ], [ [ [ 155.87207496047489, -7.069186053032231 ], [ 155.870115839943168, -7.065648953126234 ], [ 155.867308919988943, -7.073352082625801 ], [ 155.865133079996554, -7.07533004930043 ], [ 155.86612488025736, -7.077363024430576 ], [ 155.871623880438165, -7.071458063559461 ], [ 155.87207496047489, -7.069186053032231 ] ] ], [ [ [ 156.176926919985078, -6.846335049749924 ], [ 156.17599595992354, -6.84438596360225 ], [ 156.172695120174978, -6.843713092868603 ], [ 156.171497039775488, -6.850437112487178 ], [ 156.174606000277663, -6.85110693536919 ], [ 156.176926919985078, -6.846335049749924 ] ] ], [ [ [ 156.022417080086996, -6.959954043267842 ], [ 156.017345040177588, -6.955929939593621 ], [ 156.016972080332891, -6.953365051283618 ], [ 156.019304880259909, -6.9521620229569 ], [ 156.019543920160373, -6.95051104926941 ], [ 156.015978840072705, -6.951077097745109 ], [ 156.015497159824093, -6.957958970259087 ], [ 156.02158691998352, -6.961013040738947 ], [ 156.022417080086996, -6.959954043267842 ] ] ], [ [ [ 156.014129160393651, -6.980774058319509 ], [ 156.013313040059728, -6.97870296116503 ], [ 156.011473080152086, -6.978736907663502 ], [ 156.008241000150292, -6.981467101834451 ], [ 156.007814039878923, -6.983655033299565 ], [ 156.011499000141242, -6.985065944559858 ], [ 156.014129160393651, -6.980774058319509 ] ] ], [ [ [ 155.676812039803053, -7.028464990456231 ], [ 155.674558080516931, -7.023720984228216 ], [ 155.670522840175835, -7.024673898111444 ], [ 155.67075792030252, -7.027109054953804 ], [ 155.673281879925383, -7.027900999740343 ], [ 155.674836000401228, -7.03070290076966 ], [ 155.676812039803053, -7.028464990456231 ] ] ], [ [ [ 156.187225079739733, -6.850080039145661 ], [ 156.186389880087489, -6.848249993168303 ], [ 156.182169960497021, -6.848125964879985 ], [ 156.180734999747017, -6.849351060402561 ], [ 156.184161120341713, -6.853375892256952 ], [ 156.187225079739733, -6.850080039145661 ] ] ], [ [ [ 156.05227116023346, -6.936428931435857 ], [ 156.050948879661064, -6.930414975532376 ], [ 156.047707079887942, -6.931375940983151 ], [ 156.047695920117178, -6.935137948205214 ], [ 156.050997120090187, -6.937073081947238 ], [ 156.05227116023346, -6.936428931435857 ] ] ], [ [ [ 156.010694040476437, -6.988928109011065 ], [ 156.008612880220028, -6.988051947066059 ], [ 156.006834840286615, -6.989578082560287 ], [ 156.00629807983637, -6.993333012792836 ], [ 156.008970000071372, -6.993956003342144 ], [ 156.010694040476437, -6.988928109011065 ] ] ], [ [ [ 156.052887840201265, -6.882050024946687 ], [ 156.052265040011378, -6.877923037708489 ], [ 156.050380079897906, -6.87828991782243 ], [ 156.048315119859353, -6.883317920896915 ], [ 156.051618840505029, -6.884023974596172 ], [ 156.052887840201265, -6.882050024946687 ] ] ], [ [ [ 155.816819999675459, -6.995509990852995 ], [ 155.809922040526232, -6.995746894084157 ], [ 155.811431880346788, -7.000246064928228 ], [ 155.816819999675459, -6.995509990852995 ] ] ], [ [ [ 155.684334960488655, -7.031100031568156 ], [ 155.682542160336823, -7.029304989473746 ], [ 155.679127919961701, -7.030926923198608 ], [ 155.681737920222503, -7.032840044238033 ], [ 155.684334960488655, -7.031100031568156 ] ] ], [ [ [ 155.839926960385327, -7.015145029288415 ], [ 155.836946880278617, -7.014653912642836 ], [ 155.836086840412122, -7.016877954706413 ], [ 155.838641040022367, -7.017987024297721 ], [ 155.839926960385327, -7.015145029288415 ] ] ], [ [ [ 155.688461999668647, -6.989340997544968 ], [ 155.686448160057978, -6.987135941479698 ], [ 155.68441992045328, -6.987935994547376 ], [ 155.685693959698256, -6.990370985036255 ], [ 155.688461999668647, -6.989340997544968 ] ] ], [ [ [ 155.834908920004239, -7.018280012622351 ], [ 155.831452919646551, -7.018238922216537 ], [ 155.831814000169942, -7.020971922063036 ], [ 155.83259484006939, -7.021558967225939 ], [ 155.834908920004239, -7.018280012622351 ] ] ], [ [ [ 155.554364879805576, -7.407693000480617 ], [ 155.546808840032128, -7.407570908218974 ], [ 155.546251920488544, -7.408773088753422 ], [ 155.554364879805576, -7.407693000480617 ] ] ], [ [ [ 156.021018120220333, -6.970213011710537 ], [ 156.019242960285681, -6.967105935625808 ], [ 156.018458159714157, -6.971144951755245 ], [ 156.020492879765271, -6.97197594205752 ], [ 156.021018120220333, -6.970213011710537 ] ] ], [ [ [ 155.572374960391784, -7.401104957863913 ], [ 155.570807879921347, -7.399485956728618 ], [ 155.568642119924789, -7.400809896889949 ], [ 155.571419160116022, -7.40260400161571 ], [ 155.572374960391784, -7.401104957863913 ] ] ], [ [ [ 155.564355960361894, -7.40724193668435 ], [ 155.563108919982767, -7.406092051612708 ], [ 155.559417119947852, -7.4069759749521 ], [ 155.561173920114669, -7.408729891981456 ], [ 155.564355960361894, -7.40724193668435 ] ] ], [ [ [ 155.635794000037862, -7.012954029790192 ], [ 155.634470999914981, -7.01144708617646 ], [ 155.632966920092031, -7.012263891321787 ], [ 155.634041880093633, -7.016256067706618 ], [ 155.635794000037862, -7.012954029790192 ] ] ], [ [ [ 156.166297919694387, -6.843599964966348 ], [ 156.165051959988546, -6.841308979936914 ], [ 156.162267000249813, -6.841476974780817 ], [ 156.16419299989704, -6.844254071019403 ], [ 156.166297919694387, -6.843599964966348 ] ] ], [ [ [ 156.135897000000256, -6.850344001474447 ], [ 156.135137039642899, -6.847005951379471 ], [ 156.133436040126554, -6.846476950816101 ], [ 156.133113120036427, -6.848590983254158 ], [ 156.135897000000256, -6.850344001474447 ] ] ], [ [ [ 156.034274039641872, -6.943280106122559 ], [ 156.032449919727611, -6.942781946407204 ], [ 156.03162696051939, -6.947115991634145 ], [ 156.034100159938816, -6.94590687274439 ], [ 156.034274039641872, -6.943280106122559 ] ] ], [ [ [ 156.041858880301675, -7.033862968105286 ], [ 156.040068960148631, -7.034127006394305 ], [ 156.038819039770686, -7.036787918559548 ], [ 156.041858880301675, -7.033862968105286 ] ] ], [ [ [ 155.673582120249534, -7.050728029371606 ], [ 155.672496000477196, -7.049413960861613 ], [ 155.670899040243768, -7.05081502629774 ], [ 155.672629920421429, -7.051740017472826 ], [ 155.673582120249534, -7.050728029371606 ] ] ], [ [ [ 155.792881080434881, -7.104870996746689 ], [ 155.790784080185091, -7.104122051245039 ], [ 155.789912160098964, -7.105866075474415 ], [ 155.792881080434881, -7.104870996746689 ] ] ], [ [ [ 155.703625920092406, -7.01335189036247 ], [ 155.702904839718855, -7.012446117402236 ], [ 155.701083960027859, -7.013484987056056 ], [ 155.703012839673931, -7.015086073670735 ], [ 155.703625920092406, -7.01335189036247 ] ] ], [ [ [ 156.01874112004549, -7.029848969126823 ], [ 156.017437919689797, -7.02979501795661 ], [ 156.01714308003713, -7.032318041040772 ], [ 156.01874112004549, -7.029848969126823 ] ] ], [ [ [ 155.696933879959147, -7.006733992715928 ], [ 155.695822919972557, -7.005677064805343 ], [ 155.694242880405852, -7.006733992715928 ], [ 155.696933879959147, -7.006733992715928 ] ] ], [ [ [ 156.016306080161002, -7.014284995246311 ], [ 156.014732159918026, -7.016214977119806 ], [ 156.015368999877438, -7.017557010137616 ], [ 156.016306080161002, -7.014284995246311 ] ] ], [ [ [ 155.831173919987293, -7.100189934724895 ], [ 155.827699920086246, -7.099422048436612 ], [ 155.828540879736096, -7.100909057302321 ], [ 155.831173919987293, -7.100189934724895 ] ] ], [ [ [ 156.057864119701378, -7.014365031709728 ], [ 156.056866919667414, -7.013861051984088 ], [ 156.05544888048243, -7.016952988916603 ], [ 156.057864119701378, -7.014365031709728 ] ] ], [ [ [ 155.680173000200313, -7.028940013028852 ], [ 155.679751080376008, -7.027678047430619 ], [ 155.67795899977466, -7.029119910704861 ], [ 155.680173000200313, -7.028940013028852 ] ] ], [ [ [ 155.822523120444998, -6.995273087500045 ], [ 155.819945879946005, -6.994600967759669 ], [ 155.821577039940621, -6.996288947821454 ], [ 155.822523120444998, -6.995273087500045 ] ] ], [ [ [ 155.824526880059864, -7.093727965266358 ], [ 155.822531039992526, -7.091498040788564 ], [ 155.823738840163429, -7.094200956524794 ], [ 155.824526880059864, -7.093727965266358 ] ] ], [ [ [ 155.688734160453635, -7.086675907351832 ], [ 155.687849999923458, -7.084305905933246 ], [ 155.686634999755597, -7.086780939025432 ], [ 155.688734160453635, -7.086675907351832 ] ] ], [ [ [ 156.120096960065922, -6.691340888815099 ], [ 156.118390920102513, -6.692941985268289 ], [ 156.119577839832914, -6.693147037833492 ], [ 156.120096960065922, -6.691340888815099 ] ] ], [ [ [ 156.019556880155022, -6.986437010366934 ], [ 156.0183901204162, -6.986331062608589 ], [ 156.017778119772686, -6.988379971921635 ], [ 156.019556880155022, -6.986437010366934 ] ] ], [ [ [ 155.648266920009974, -7.071166896003586 ], [ 155.646883079687825, -7.069901115409717 ], [ 155.647625040501794, -7.072137932711217 ], [ 155.648266920009974, -7.071166896003586 ] ] ], [ [ [ 155.793885120241413, -7.105933057664261 ], [ 155.793056039912898, -7.105357015533603 ], [ 155.792598120103548, -7.107024051368532 ], [ 155.793885120241413, -7.105933057664261 ] ] ], [ [ [ 155.839025880086723, -7.011536949146791 ], [ 155.837746079945845, -7.010763019849318 ], [ 155.837690999744211, -7.011824045800059 ], [ 155.839025880086723, -7.011536949146791 ] ] ], [ [ [ 155.557527120285584, -7.410156083525962 ], [ 155.556188999719808, -7.408983893996476 ], [ 155.556986039837142, -7.410998051182643 ], [ 155.557527120285584, -7.410156083525962 ] ] ], [ [ [ 156.032863920004388, -6.893509042751831 ], [ 156.031070040077537, -6.893792994969687 ], [ 156.032660159640045, -6.894807108626048 ], [ 156.032863920004388, -6.893509042751831 ] ] ], [ [ [ 155.801760120331267, -7.098775086228318 ], [ 155.800757160299696, -7.098528947023092 ], [ 155.800829160269728, -7.099883958756465 ], [ 155.801760120331267, -7.098775086228318 ] ] ] ] } },
{ "type": "Feature", "properties": { "shapeName": "North Vella la Vella", "shapeISO": "", "shapeID": "97153195B19966779892851", "shapeGroup": "SLB", "shapeType": "ADM2" }, "geometry": { "type": "MultiPolygon", "coordinates": [ [ [ [ 156.706863840102244, -7.703476048321095 ], [ 156.705590160183419, -7.702768075111644 ], [ 156.709163159818644, -7.700978961985929 ], [ 156.708984960117419, -7.699868031171896 ], [ 156.705197040347088, -7.696702005857365 ], [ 156.704581079929795, -7.692557007668841 ], [ 156.701157119783318, -7.69116599724079 ], [ 156.696406920189077, -7.691543094130983 ], [ 156.691740960110565, -7.689420002884752 ], [ 156.695344920182123, -7.687256944928452 ], [ 156.693764879717065, -7.686109944928192 ], [ 156.694497840310191, -7.680841018857557 ], [ 156.689061120328006, -7.679325991478517 ], [ 156.68441496001671, -7.680017948899772 ], [ 156.681545040313296, -7.677548018683601 ], [ 156.680507160071699, -7.678904110031847 ], [ 156.674093039822765, -7.676615948045674 ], [ 156.674769840439296, -7.674053949350449 ], [ 156.672627839983619, -7.672325010369869 ], [ 156.674876040170489, -7.670251059239606 ], [ 156.672569879783197, -7.666386055469208 ], [ 156.674741040451266, -7.665176027314657 ], [ 156.677682960124685, -7.666952981576707 ], [ 156.681753119777511, -7.66459500543695 ], [ 156.673649159782968, -7.661067113649325 ], [ 156.681178920241194, -7.655007940687109 ], [ 156.678656040393264, -7.655585051343534 ], [ 156.677410079789126, -7.652368922696261 ], [ 156.675700080051968, -7.651727050163026 ], [ 156.672871920331175, -7.652386940977486 ], [ 156.672029160457498, -7.651509940461032 ], [ 156.673271160389561, -7.648830940039067 ], [ 156.670262999845363, -7.648192986649965 ], [ 156.668685119828609, -7.644821059159538 ], [ 156.673446840316387, -7.638139922720225 ], [ 156.672971999840371, -7.63339794705483 ], [ 156.661725960255751, -7.634861042866212 ], [ 156.660247079973146, -7.636771034239486 ], [ 156.661890839737936, -7.635675992493341 ], [ 156.661552079654399, -7.636696997460469 ], [ 156.660626160039925, -7.63737599995368 ], [ 156.659138999985373, -7.636627062770236 ], [ 156.65874983992282, -7.638573976544484 ], [ 156.65618015964526, -7.637645032557935 ], [ 156.652156079973281, -7.62986890486167 ], [ 156.657465000233202, -7.619744045333389 ], [ 156.651890040308587, -7.619686062397141 ], [ 156.647607840519498, -7.616630948315817 ], [ 156.644057160425803, -7.620169019062442 ], [ 156.641945039733116, -7.615566006349808 ], [ 156.639314159930223, -7.616845934743039 ], [ 156.635174159857286, -7.616493927842846 ], [ 156.634830000000591, -7.610137063392862 ], [ 156.631403880304191, -7.613511047936366 ], [ 156.631934879858534, -7.606870993151799 ], [ 156.634305840218815, -7.601575040858453 ], [ 156.631814999683883, -7.602967948905715 ], [ 156.631686120186657, -7.600646908297547 ], [ 156.629500919749034, -7.601267982337221 ], [ 156.629756880316194, -7.5914090114632 ], [ 156.626894159711469, -7.595558917244341 ], [ 156.62719296003624, -7.591467891023664 ], [ 156.622605120149785, -7.593071012072321 ], [ 156.621353040221948, -7.590716018616683 ], [ 156.623736959678524, -7.590107952958406 ], [ 156.624249959689507, -7.588379032205459 ], [ 156.623279039869175, -7.585767080287623 ], [ 156.621134160313062, -7.587401983123754 ], [ 156.620765160242144, -7.583351025137417 ], [ 156.618374039890227, -7.588478056767531 ], [ 156.615815160057338, -7.587826096538794 ], [ 156.614373000208644, -7.583010053243942 ], [ 156.627295920442492, -7.571561027972828 ], [ 156.620610000531315, -7.573197946730733 ], [ 156.617591040440828, -7.57194590295476 ], [ 156.614390999751976, -7.573425980418327 ], [ 156.611379960107314, -7.567100062144078 ], [ 156.612736080216422, -7.572750088015168 ], [ 156.61202184051379, -7.576876978081949 ], [ 156.610013040451889, -7.578942995002553 ], [ 156.608719920091971, -7.57293494166036 ], [ 156.610207080146495, -7.568861007681867 ], [ 156.608057879693888, -7.567405002999091 ], [ 156.606680160492061, -7.568506998775257 ], [ 156.606104880282459, -7.570605888143993 ], [ 156.608366040463892, -7.576828088324539 ], [ 156.607680960075385, -7.584687966516493 ], [ 156.613381920396677, -7.588443977749797 ], [ 156.61088387986473, -7.588961049015795 ], [ 156.610901159857519, -7.591161896308358 ], [ 156.605033160504092, -7.581602984427408 ], [ 156.605168160223286, -7.573084108668237 ], [ 156.603597840427966, -7.572277069273367 ], [ 156.601612080356432, -7.576719068322338 ], [ 156.600593999881994, -7.575058966782774 ], [ 156.601095840122213, -7.57194197681328 ], [ 156.603462120259877, -7.569360080956555 ], [ 156.603546000449541, -7.566203972849745 ], [ 156.600663840302076, -7.564452116524794 ], [ 156.598621920253919, -7.568943978938949 ], [ 156.596290919652404, -7.568799091618915 ], [ 156.598310159934584, -7.563859002839401 ], [ 156.596319000089892, -7.562915087460941 ], [ 156.590965080522409, -7.565105896420173 ], [ 156.592338120399887, -7.566921986257604 ], [ 156.592140840481989, -7.571218976344165 ], [ 156.59427095981971, -7.572555063984466 ], [ 156.592917000158849, -7.574388073364414 ], [ 156.587002919926277, -7.569784925895826 ], [ 156.585417839912509, -7.564873041051948 ], [ 156.584476080304626, -7.567698880411676 ], [ 156.58109495991576, -7.56879106268983 ], [ 156.580082999663347, -7.571382953952894 ], [ 156.576863879656173, -7.568834065012123 ], [ 156.576543120014321, -7.566187022087552 ], [ 156.573362879990952, -7.570739890083923 ], [ 156.575872080293721, -7.572989897649435 ], [ 156.57525287965322, -7.574226059077956 ], [ 156.572786880230808, -7.574171995141355 ], [ 156.57138900013905, -7.571685037665485 ], [ 156.568521960434509, -7.573649017585364 ], [ 156.569861159876922, -7.5777800033928 ], [ 156.56473512043911, -7.574592910054632 ], [ 156.562256879674322, -7.576357037168926 ], [ 156.560939999773439, -7.574315987842793 ], [ 156.556749959945932, -7.577260955470449 ], [ 156.554673840136644, -7.580736009908543 ], [ 156.557505960529483, -7.586192979967196 ], [ 156.555601920199365, -7.588318010848734 ], [ 156.553368120006553, -7.587643033996508 ], [ 156.54994812053215, -7.581589959435016 ], [ 156.545643960527627, -7.581986958442434 ], [ 156.546979919746803, -7.585766010045502 ], [ 156.541067999962507, -7.586019016462508 ], [ 156.542412960300823, -7.590033908013174 ], [ 156.540548160178929, -7.591151012066295 ], [ 156.541928039829003, -7.592531108072468 ], [ 156.539553119694915, -7.593110978740992 ], [ 156.541070160410754, -7.598607044162319 ], [ 156.534199919677974, -7.589877966132436 ], [ 156.532598999670796, -7.589713995660553 ], [ 156.531681000502175, -7.592100932951781 ], [ 156.530404080360114, -7.59086892608055 ], [ 156.527501039772147, -7.592237960419109 ], [ 156.524150160269016, -7.599303950003888 ], [ 156.526630919909849, -7.604842042873937 ], [ 156.525270840026991, -7.605479882489051 ], [ 156.520697039910118, -7.602793991384834 ], [ 156.518098919868976, -7.604078061712827 ], [ 156.516139079786655, -7.608186987284897 ], [ 156.5160649202667, -7.612704084547033 ], [ 156.511794960023309, -7.612362957897741 ], [ 156.509547120060887, -7.614587057077959 ], [ 156.502605960031389, -7.629190068643761 ], [ 156.5068348798427, -7.63682705295586 ], [ 156.504297960225244, -7.636490941442249 ], [ 156.502810079721826, -7.634635004131479 ], [ 156.501722159725659, -7.639690954207476 ], [ 156.505619160124297, -7.644099964831766 ], [ 156.502234079961653, -7.643323030669789 ], [ 156.500254079887725, -7.650590123346885 ], [ 156.50455499966904, -7.65626295422341 ], [ 156.50398512013092, -7.663672005010885 ], [ 156.505960079757756, -7.668840888105202 ], [ 156.504769919804176, -7.670723077545335 ], [ 156.509348039919217, -7.673124011889084 ], [ 156.506163840122099, -7.675484974533416 ], [ 156.502207080197479, -7.675091095137855 ], [ 156.502249919955062, -7.677420114901286 ], [ 156.505517999941844, -7.677992022168395 ], [ 156.504787920245832, -7.680151024466129 ], [ 156.501933839637502, -7.681659091183069 ], [ 156.5012339999289, -7.685878047016223 ], [ 156.504007080346327, -7.683835022434823 ], [ 156.505939919766178, -7.684708032159805 ], [ 156.503921039708416, -7.688401087607939 ], [ 156.504785040246986, -7.690136025299247 ], [ 156.508836119683224, -7.688172045146336 ], [ 156.509004959837483, -7.690020969569635 ], [ 156.506397120024957, -7.690578053826767 ], [ 156.507816960332121, -7.693619973309185 ], [ 156.507249959894466, -7.697063935519583 ], [ 156.512553120156809, -7.703608046489477 ], [ 156.512310120482567, -7.706449914300602 ], [ 156.515060160011274, -7.708321056238243 ], [ 156.531087000300317, -7.696845065106728 ], [ 156.53541600051912, -7.700435092115626 ], [ 156.536286839931961, -7.706615980989832 ], [ 156.534165000366272, -7.709093056269666 ], [ 156.53684808037201, -7.709982958282954 ], [ 156.537303120182571, -7.714388029467828 ], [ 156.534955920261524, -7.71490102392952 ], [ 156.534595920411419, -7.71672896335166 ], [ 156.531900960185993, -7.718331971025107 ], [ 156.53252808037405, -7.722975966868279 ], [ 156.531399119945775, -7.724961903447614 ], [ 156.533695919887805, -7.729789007206356 ], [ 156.535804079908388, -7.729978965656278 ], [ 156.543545880502847, -7.738981987511472 ], [ 156.55179311998856, -7.74338408031534 ], [ 156.551990039681982, -7.745904994748019 ], [ 156.556017000251131, -7.750142928120069 ], [ 156.559722120505086, -7.751444031115123 ], [ 156.565443960368526, -7.750753082707743 ], [ 156.567394079781195, -7.748474941106688 ], [ 156.563452080074995, -7.747680005524115 ], [ 156.564180000221057, -7.745179969930948 ], [ 156.56978915990689, -7.74500589303773 ], [ 156.570252839713817, -7.74358205905138 ], [ 156.571486920098323, -7.744700008363662 ], [ 156.570607080464612, -7.746908076075536 ], [ 156.571702920008363, -7.749173028162605 ], [ 156.57748308029673, -7.749468029406134 ], [ 156.581105039911563, -7.745019091272951 ], [ 156.583985040509077, -7.744215052766053 ], [ 156.581786880076834, -7.747581017591524 ], [ 156.581772119858385, -7.751315972563176 ], [ 156.574608839696765, -7.759111988542867 ], [ 156.575234880109889, -7.761178904716453 ], [ 156.577286880153821, -7.761904079905327 ], [ 156.577402080105827, -7.764231016667214 ], [ 156.575684159922815, -7.773039979001785 ], [ 156.571089120039346, -7.775616002044148 ], [ 156.571451999888268, -7.777417995985052 ], [ 156.573536040143466, -7.778755040867533 ], [ 156.576813839901604, -7.776660923726739 ], [ 156.581173080107817, -7.769201061718227 ], [ 156.580746840285286, -7.773466047820355 ], [ 156.5831170801967, -7.777740977055783 ], [ 156.588414839787589, -7.778821027567465 ], [ 156.590426160522213, -7.777653945448409 ], [ 156.591230040412086, -7.774540937180449 ], [ 156.594187080528371, -7.77739106580279 ], [ 156.593670119845285, -7.781271104829034 ], [ 156.597189119952191, -7.780507976832774 ], [ 156.600510119692359, -7.782298000461246 ], [ 156.604807079699867, -7.790838005746236 ], [ 156.706863840102244, -7.703476048321095 ] ] ], [ [ [ 156.565712160481468, -7.824202027472699 ], [ 156.563642159995851, -7.819260097335924 ], [ 156.560020919931532, -7.81901293678645 ], [ 156.558079080290895, -7.815930017630309 ], [ 156.561207120111391, -7.813046981971443 ], [ 156.558788999995301, -7.810120948592535 ], [ 156.558228840228537, -7.804655088899247 ], [ 156.556832039911768, -7.803786965352155 ], [ 156.554173079671415, -7.805197041319961 ], [ 156.552490079698373, -7.801959047384638 ], [ 156.549552119798705, -7.800344945444913 ], [ 156.549252960147868, -7.801809068643572 ], [ 156.546011160374718, -7.798978901315015 ], [ 156.543992999867527, -7.80009795273513 ], [ 156.542900040322593, -7.798258962186675 ], [ 156.542468040502456, -7.800286986676314 ], [ 156.540422159782224, -7.798470111241317 ], [ 156.538995120376399, -7.801067021215349 ], [ 156.536373960344832, -7.801526944551106 ], [ 156.539364120447345, -7.796636999499185 ], [ 156.547455120447268, -7.796518049190124 ], [ 156.54619187985034, -7.793148909819973 ], [ 156.54287808010713, -7.79194905366669 ], [ 156.541817880324004, -7.793510043296303 ], [ 156.540566880171127, -7.791941919542571 ], [ 156.538360079742489, -7.793335985803285 ], [ 156.53431115985623, -7.792642966030904 ], [ 156.534195959904196, -7.794394060283134 ], [ 156.529661039771156, -7.797410976605166 ], [ 156.525065999887715, -7.802804884249611 ], [ 156.523307040170863, -7.80806604335728 ], [ 156.518413920411547, -7.814978994425318 ], [ 156.510361079946591, -7.820817953866041 ], [ 156.509814959949381, -7.824620910838492 ], [ 156.523052160277018, -7.841541918966615 ], [ 156.533901839802098, -7.844707031437818 ], [ 156.548616120188456, -7.845575961772375 ], [ 156.558890879728324, -7.838419044533176 ], [ 156.562498080023033, -7.832902021317357 ], [ 156.562152840391377, -7.827241018461685 ], [ 156.565712160481468, -7.824202027472699 ] ] ], [ [ [ 156.572832960211599, -7.784121902062695 ], [ 156.571332840162455, -7.781482975722557 ], [ 156.567339000477858, -7.779242987944587 ], [ 156.562563959771012, -7.779479114659111 ], [ 156.561896879824189, -7.782041009132826 ], [ 156.560531039943726, -7.782360955665584 ], [ 156.562273079892151, -7.785044996039344 ], [ 156.562435080273872, -7.791315952752223 ], [ 156.56470811977664, -7.792199974432916 ], [ 156.571621919817517, -7.788575062390792 ], [ 156.572832960211599, -7.784121902062695 ] ] ], [ [ [ 156.705702840361056, -7.682209051448017 ], [ 156.70303883967361, -7.67965689707604 ], [ 156.701752920209003, -7.68068992644354 ], [ 156.702125880053728, -7.682491077247882 ], [ 156.699425880279563, -7.681818924257568 ], [ 156.697441920431885, -7.683340006828123 ], [ 156.701279879956815, -7.685553924718365 ], [ 156.705702840361056, -7.682209051448017 ] ] ], [ [ [ 156.573479159717976, -7.751814118791247 ], [ 156.570261839934631, -7.750654987025521 ], [ 156.569263920350124, -7.751704964975668 ], [ 156.571414920128291, -7.753265926142879 ], [ 156.573479159717976, -7.751814118791247 ] ] ], [ [ [ 156.699002879781943, -7.676422933647532 ], [ 156.690944999768249, -7.677272946417665 ], [ 156.696140160075572, -7.677932976347411 ], [ 156.699002879781943, -7.676422933647532 ] ] ], [ [ [ 156.638422079852461, -7.606168034447212 ], [ 156.63517991985492, -7.606584992702095 ], [ 156.634822080453063, -7.609558999659041 ], [ 156.638422079852461, -7.606168034447212 ] ] ], [ [ [ 156.569065919983416, -7.570851944077831 ], [ 156.564861840386357, -7.572403040929589 ], [ 156.567066839692842, -7.572825028764517 ], [ 156.569065919983416, -7.570851944077831 ] ] ], [ [ [ 156.564591120499074, -7.816726963204959 ], [ 156.561518159981887, -7.815164098580933 ], [ 156.562466039811795, -7.817115895908186 ], [ 156.564591120499074, -7.816726963204959 ] ] ], [ [ [ 156.584262960393346, -7.566433080575999 ], [ 156.583440000286828, -7.564095962462408 ], [ 156.58153200018296, -7.565111070404803 ], [ 156.584262960393346, -7.566433080575999 ] ] ], [ [ [ 156.609972000019809, -7.566536036441681 ], [ 156.608898840242063, -7.564130043431729 ], [ 156.607986960397142, -7.566215036112586 ], [ 156.609972000019809, -7.566536036441681 ] ] ] ] } },
{ "type": "Feature", "properties": { "shapeName": "South Vella la Vella", "shapeISO": "", "shapeID": "97153195B32598831162283", "shapeGroup": "SLB", "shapeType": "ADM2" }, "geometry": { "type": "MultiPolygon", "coordinates": [ [ [ [ 156.606581159859559, -7.790885979116418 ], [ 156.606715079803791, -7.796040108201582 ], [ 156.604296959687701, -7.798187984867083 ], [ 156.607144920074006, -7.80477100520145 ], [ 156.603678120169974, -7.812235940010155 ], [ 156.601161000319678, -7.82625310852222 ], [ 156.604566960024471, -7.830600075286226 ], [ 156.605778000418525, -7.841158002561893 ], [ 156.593373840193209, -7.853547998083313 ], [ 156.594698999866068, -7.857850993883789 ], [ 156.592301039741585, -7.861681963110112 ], [ 156.593233080476381, -7.867530966253554 ], [ 156.596985000261725, -7.874176009525741 ], [ 156.603408840282071, -7.877283995055387 ], [ 156.611786039938266, -7.874557042995334 ], [ 156.625277040384788, -7.872733002231298 ], [ 156.639151079773541, -7.876784928298342 ], [ 156.639326040149854, -7.875091058401775 ], [ 156.639899880360076, -7.876396052145288 ], [ 156.637838880095273, -7.879522029209933 ], [ 156.638939039637222, -7.881509897121012 ], [ 156.650414040024828, -7.885837920417991 ], [ 156.652912079658478, -7.888213018662668 ], [ 156.656278080502801, -7.893631066706281 ], [ 156.653042039828932, -7.903377952119094 ], [ 156.646407959896152, -7.912244944470799 ], [ 156.643476120218565, -7.918697970316642 ], [ 156.644244000123422, -7.930611065783999 ], [ 156.647051999852607, -7.939629004367968 ], [ 156.65142996005099, -7.94214195517994 ], [ 156.659442120308341, -7.94104806764583 ], [ 156.662291160469579, -7.938005989843795 ], [ 156.676137120319169, -7.930631033315653 ], [ 156.68284608022077, -7.930933036850761 ], [ 156.690336959796838, -7.937364020023283 ], [ 156.692459880035813, -7.943758000784428 ], [ 156.69186516028347, -7.947273881275198 ], [ 156.692879999636347, -7.946915021228706 ], [ 156.696329879772009, -7.950893127368845 ], [ 156.698090999937023, -7.958631918709589 ], [ 156.70006596046224, -7.960242016591126 ], [ 156.704325839811474, -7.960136126991093 ], [ 156.709491120355835, -7.944351114004698 ], [ 156.706806959676754, -7.939850956473229 ], [ 156.710198160061452, -7.941050028972124 ], [ 156.710926080207514, -7.939305970871481 ], [ 156.712627079723859, -7.939128944698544 ], [ 156.714204959740641, -7.935053027907519 ], [ 156.718001879731816, -7.934482899130852 ], [ 156.714712920202857, -7.934029006585828 ], [ 156.714900120124952, -7.930119908975954 ], [ 156.710332080005657, -7.925162127479947 ], [ 156.711117960352226, -7.920375972106232 ], [ 156.707022960485148, -7.91167603222406 ], [ 156.705104880385448, -7.908840907313499 ], [ 156.700199159957606, -7.906071017756162 ], [ 156.697988040429067, -7.902190894031492 ], [ 156.697458119751417, -7.897840933504949 ], [ 156.703680000529545, -7.892154964311367 ], [ 156.704551919717375, -7.889249991511434 ], [ 156.701021040289135, -7.887602886771877 ], [ 156.700076040458043, -7.884276028514709 ], [ 156.694206960431302, -7.881624008359773 ], [ 156.693029040023447, -7.879044896871783 ], [ 156.689549999675336, -7.878662085102453 ], [ 156.68722800019296, -7.874744081930502 ], [ 156.682802880238768, -7.871557980599428 ], [ 156.681194039785737, -7.867080031228925 ], [ 156.674834999738408, -7.864216072233321 ], [ 156.633861960179075, -7.818008957902369 ], [ 156.606581159859559, -7.790885979116418 ] ] ], [ [ [ 156.717099000107737, -7.94955592446824 ], [ 156.716263080006627, -7.947720984915747 ], [ 156.713814000352585, -7.949012022118265 ], [ 156.709644120516714, -7.946815011142008 ], [ 156.708932040364004, -7.951517962508574 ], [ 156.706539840237156, -7.954129065727771 ], [ 156.707241119945166, -7.95941611172255 ], [ 156.710015999688125, -7.959065996670771 ], [ 156.71353499979503, -7.955696932149452 ], [ 156.717099000107737, -7.94955592446824 ] ] ] ] } },
{ "type": "Feature", "properties": { "shapeName": "Ranongga-Simbo", "shapeISO": "", "shapeID": "97153195B5229435776265", "shapeGroup": "SLB", "shapeType": "ADM2" }, "geometry": { "type": "MultiPolygon", "coordinates": [ [ [ [ 156.61622411988705, -8.138647983441752 ], [ 156.613254119776144, -8.134115946797278 ], [ 156.614605919887055, -8.13247303934005 ], [ 156.612462120105903, -8.129737994265954 ], [ 156.613952879709814, -8.124882080055993 ], [ 156.609110880378353, -8.122602982496367 ], [ 156.606206040464883, -8.119476908477742 ], [ 156.606416999927887, -8.116381994689375 ], [ 156.604286160141356, -8.113668936487054 ], [ 156.605136840460915, -8.111288023052058 ], [ 156.60327492033781, -8.10868897871177 ], [ 156.60871884031701, -8.103909971960569 ], [ 156.608622000132726, -8.099341011001227 ], [ 156.606140880267446, -8.095455064115807 ], [ 156.602747160108379, -8.093777961211783 ], [ 156.603187080374397, -8.089981065171125 ], [ 156.600577080113652, -8.08694491186753 ], [ 156.599691120257916, -8.087678067160017 ], [ 156.600447119943169, -8.081856983760618 ], [ 156.602031120181948, -8.080508982987158 ], [ 156.605064120042016, -8.081482024331143 ], [ 156.605031000055845, -8.072210950395251 ], [ 156.603171959931558, -8.07098107605086 ], [ 156.601971000431575, -8.065640944389818 ], [ 156.597665040203168, -8.063221964150136 ], [ 156.597326999670173, -8.056488916400944 ], [ 156.595561919731352, -8.054990053793835 ], [ 156.595564080179628, -8.051479023302834 ], [ 156.592311119737388, -8.045539074241058 ], [ 156.593252880243597, -8.043195900287218 ], [ 156.590234999928072, -8.041826918761986 ], [ 156.58867295990467, -8.03811989781031 ], [ 156.589570080429496, -8.037354927693952 ], [ 156.587641920333965, -8.037072964328056 ], [ 156.587447879741035, -8.033887946307988 ], [ 156.585344039718649, -8.032588087600288 ], [ 156.585412079914903, -8.028541978271425 ], [ 156.587415840428093, -8.028047017071586 ], [ 156.585566880299609, -8.027955047121319 ], [ 156.580862040237292, -8.022830017296929 ], [ 156.581678159672919, -8.019003936228279 ], [ 156.580590960125591, -8.015417020662008 ], [ 156.585152160472319, -8.012620044635563 ], [ 156.584445840317215, -8.010613918296011 ], [ 156.580800120263092, -8.010041042460044 ], [ 156.579215040249323, -8.007363989655214 ], [ 156.580518960155587, -8.00453505298522 ], [ 156.583213920380985, -8.003301943292849 ], [ 156.579575040099456, -8.000925014913969 ], [ 156.581709120109224, -7.998620976876976 ], [ 156.580233119825436, -7.994124981549042 ], [ 156.576944879847048, -7.993457966012029 ], [ 156.575000160207566, -7.988154960625452 ], [ 156.575438999800298, -7.986129996729234 ], [ 156.578073840275323, -7.985124997670139 ], [ 156.573795960484404, -7.981868983457399 ], [ 156.576003120239136, -7.976882058475031 ], [ 156.574519919958391, -7.974957042030034 ], [ 156.57112296047444, -7.975465972186811 ], [ 156.57041699964546, -7.972609005865069 ], [ 156.572055000310939, -7.971159925416623 ], [ 156.56818896034855, -7.968966955324173 ], [ 156.568755959887881, -7.967154920005307 ], [ 156.56448096009575, -7.964060091849864 ], [ 156.564779039971683, -7.960813001071373 ], [ 156.562559999997262, -7.95981310985202 ], [ 156.561050160176734, -7.952644979778189 ], [ 156.55665708043378, -7.944701953763723 ], [ 156.553323840249533, -7.94454810474374 ], [ 156.551893919946593, -7.947560897617144 ], [ 156.549906000325109, -7.945917056981064 ], [ 156.55260095965221, -7.941738878430621 ], [ 156.552302160225793, -7.939614030170922 ], [ 156.542563080462912, -7.945382953585379 ], [ 156.54207203976901, -7.942965042867092 ], [ 156.539161080531869, -7.942409009101423 ], [ 156.538393920177555, -7.940661035085953 ], [ 156.541165919921724, -7.939671969205211 ], [ 156.544926120377312, -7.940774952414971 ], [ 156.550500000526966, -7.938147896873461 ], [ 156.548116080172065, -7.934414976130756 ], [ 156.546482040178688, -7.933843063320564 ], [ 156.545031959884113, -7.936912983161886 ], [ 156.541191839910908, -7.935269990467192 ], [ 156.540665879905333, -7.936385999511822 ], [ 156.538248120013691, -7.936124111886094 ], [ 156.538258920458333, -7.939233056678169 ], [ 156.536346959682362, -7.940126925659759 ], [ 156.527418959806312, -7.934070901776336 ], [ 156.520035000410331, -7.938437951244981 ], [ 156.517183080250277, -7.946122960582917 ], [ 156.510689040483754, -7.946219940226962 ], [ 156.508219080389267, -7.948108011628618 ], [ 156.51562895977446, -7.956288958598258 ], [ 156.515550840480756, -7.958816959532548 ], [ 156.517364880399157, -7.960562003777084 ], [ 156.516189839990119, -7.963061990772941 ], [ 156.521783159682514, -7.96631298499959 ], [ 156.52560384011295, -7.973043068814173 ], [ 156.529046880476017, -7.975842098218031 ], [ 156.533109840131857, -7.983613929892168 ], [ 156.535094160203982, -7.991777946195695 ], [ 156.534699959694336, -7.997040976276831 ], [ 156.529785960392871, -8.005340903412481 ], [ 156.535368120314502, -8.013836906082169 ], [ 156.536750879963307, -8.026456971270502 ], [ 156.53646900030526, -8.045677023549883 ], [ 156.533573880163232, -8.058431012434887 ], [ 156.534542999759708, -8.079347033673596 ], [ 156.531324960425849, -8.090238041441463 ], [ 156.536197920193558, -8.096410960949747 ], [ 156.545498879914277, -8.102580044369658 ], [ 156.549881160110886, -8.11136696560205 ], [ 156.553351919788696, -8.112893951736886 ], [ 156.555048960429588, -8.115513996621184 ], [ 156.557642040023666, -8.115755988753156 ], [ 156.560879880023066, -8.123521037560336 ], [ 156.561076080165947, -8.127909927929556 ], [ 156.567090960356552, -8.133721079310359 ], [ 156.566361960435501, -8.138409034456281 ], [ 156.568850999848308, -8.141696931712634 ], [ 156.568668119924467, -8.145741906099261 ], [ 156.570352920121309, -8.14672708374637 ], [ 156.57189011993043, -8.16060894267202 ], [ 156.578488920327061, -8.169020961421484 ], [ 156.575468880461614, -8.181156001644922 ], [ 156.578766119762463, -8.18272708522143 ], [ 156.584147039992445, -8.177090004993174 ], [ 156.589306919865322, -8.177405009165957 ], [ 156.594251160052522, -8.173815049009431 ], [ 156.596024879987766, -8.170506036171613 ], [ 156.602814120529672, -8.173631889027289 ], [ 156.603709079707897, -8.16784109450596 ], [ 156.607301880008634, -8.168752988401566 ], [ 156.609327960063382, -8.167482073611909 ], [ 156.60731015978061, -8.162009948453917 ], [ 156.613583879638867, -8.150647993121968 ], [ 156.61256904028599, -8.148789018357574 ], [ 156.61423115981853, -8.148601035490174 ], [ 156.616088040392867, -8.142630979667285 ], [ 156.614470920167861, -8.14002394151971 ], [ 156.61622411988705, -8.138647983441752 ] ] ], [ [ [ 156.55013100045602, -8.267934900371705 ], [ 156.548738159913057, -8.263115942564959 ], [ 156.544585920294395, -8.260950038022232 ], [ 156.543725880427928, -8.256280984330994 ], [ 156.545515080132105, -8.25319105263012 ], [ 156.54162600017932, -8.245111976060761 ], [ 156.540036960391774, -8.243672963434706 ], [ 156.536822160382798, -8.244032983992767 ], [ 156.531733920255562, -8.252539074865394 ], [ 156.525752880500022, -8.257380963016379 ], [ 156.526419960446844, -8.261641012262535 ], [ 156.528794879682607, -8.264436071889039 ], [ 156.528344880319139, -8.266896940327211 ], [ 156.530913119698994, -8.269470014516202 ], [ 156.530630160265929, -8.273926941356349 ], [ 156.532907879991342, -8.279090080618825 ], [ 156.528605159986199, -8.279462893888281 ], [ 156.52685411981696, -8.277994972064926 ], [ 156.528416159840305, -8.277815066109044 ], [ 156.527529120209607, -8.276289959533974 ], [ 156.526516080182233, -8.276509053322464 ], [ 156.522821039924111, -8.287515973167956 ], [ 156.519951120220725, -8.291709081367401 ], [ 156.515083920450536, -8.293259954547629 ], [ 156.513587039726332, -8.297736026894068 ], [ 156.515526000266505, -8.307418988199306 ], [ 156.5216038802063, -8.310336083244948 ], [ 156.524808960443863, -8.308299035061236 ], [ 156.529643040227796, -8.309820988884988 ], [ 156.530639880037342, -8.305428945184167 ], [ 156.529091160233008, -8.30399994892133 ], [ 156.530480040103868, -8.301768011155565 ], [ 156.527992080465992, -8.299604990275196 ], [ 156.528893880315138, -8.292419059959476 ], [ 156.532727160515748, -8.290646959172003 ], [ 156.533355000254346, -8.286643895678372 ], [ 156.535922159859211, -8.283578070568018 ], [ 156.544661880038234, -8.279590964897228 ], [ 156.543734879750446, -8.277696969112485 ], [ 156.548279160328747, -8.272568903212782 ], [ 156.55013100045602, -8.267934900371705 ] ] ], [ [ [ 156.537389880371023, -8.294027107122634 ], [ 156.53614896021395, -8.289835983569681 ], [ 156.5339468400079, -8.288762991611325 ], [ 156.530954160131074, -8.29821498030978 ], [ 156.532019040136817, -8.306627995384689 ], [ 156.530711880007374, -8.308082986172431 ], [ 156.532212000056489, -8.309514996101335 ], [ 156.535637039977956, -8.30884797184922 ], [ 156.537249840204737, -8.306219941342016 ], [ 156.53462616039883, -8.30181396375299 ], [ 156.537389880371023, -8.294027107122634 ] ] ] ] } },
{ "type": "Feature", "properties": { "shapeName": "Gizo-Kolombangara", "shapeISO": "", "shapeID": "97153195B6288223256746", "shapeGroup": "SLB", "shapeType": "ADM2" }, "geometry": { "type": "MultiPolygon", "coordinates": [ [ [ [ 157.197644999903446, -8.057332981359847 ], [ 157.194897119924633, -8.04908188066787 ], [ 157.191147000363117, -8.044604979077407 ], [ 157.191635160159876, -8.041981978754997 ], [ 157.188575880086177, -8.041135029671999 ], [ 157.189987080396918, -8.043213901413409 ], [ 157.188413160153942, -8.045420018576287 ], [ 157.188018959644296, -8.040804946895371 ], [ 157.185388079841374, -8.039327058517378 ], [ 157.191609959721234, -8.038639977698944 ], [ 157.187192039764028, -8.026079108927753 ], [ 157.187509920305416, -8.023803018175519 ], [ 157.184503920209522, -8.022140056342252 ], [ 157.187346840148706, -8.021511051530283 ], [ 157.185934920287451, -8.01052194435149 ], [ 157.187757960426694, -8.00388605759245 ], [ 157.19004612037233, -8.00438799899629 ], [ 157.191801120315347, -8.002896074699423 ], [ 157.191207120113518, -7.999541096298127 ], [ 157.193493120509203, -7.992054949116642 ], [ 157.192197839701009, -7.987997919646832 ], [ 157.18963715964432, -7.987684014811018 ], [ 157.191121080373932, -7.985221968851301 ], [ 157.19005908036695, -7.983726052203017 ], [ 157.191829920303377, -7.977715059413713 ], [ 157.189664160306791, -7.964151006237172 ], [ 157.18819104002182, -7.962548945229274 ], [ 157.185694080163159, -7.962502953223455 ], [ 157.186343880117136, -7.966032041994235 ], [ 157.183760160070022, -7.964844095229644 ], [ 157.184529840198735, -7.961490943290627 ], [ 157.187625120257422, -7.962197050773063 ], [ 157.188431880146112, -7.96061993981431 ], [ 157.187127960239877, -7.955798009329268 ], [ 157.183972919756883, -7.954515908100489 ], [ 157.184322840509509, -7.95242802651992 ], [ 157.186702079743441, -7.952282024626874 ], [ 157.186019880252076, -7.947927066714257 ], [ 157.179573000241362, -7.941022040217704 ], [ 157.181703120477323, -7.939597984852446 ], [ 157.182134040522499, -7.936261028432303 ], [ 157.178348999852659, -7.921367045525113 ], [ 157.174949160369863, -7.920433913886065 ], [ 157.176308880028301, -7.917748965496117 ], [ 157.171277160102107, -7.911293963125152 ], [ 157.172010119796937, -7.906565056288563 ], [ 157.170800160076141, -7.904438956462621 ], [ 157.167321840176925, -7.903461035863032 ], [ 157.168658880069358, -7.906381062849587 ], [ 157.166475120529469, -7.90732599296954 ], [ 157.162470120175755, -7.898985927223428 ], [ 157.163519160188116, -7.897209063545421 ], [ 157.161332879975504, -7.894510948588222 ], [ 157.157763119665162, -7.892767050955226 ], [ 157.155332040452805, -7.894824032577591 ], [ 157.15636703979726, -7.891159006343751 ], [ 157.152239999719001, -7.888587085734335 ], [ 157.145722919962054, -7.878574895701338 ], [ 157.142841120039037, -7.877357989837585 ], [ 157.141585080337393, -7.874798107800852 ], [ 157.138781040382014, -7.875656098396163 ], [ 157.13718984014622, -7.872974068112098 ], [ 157.129216920097122, -7.870050952777724 ], [ 157.127528879677044, -7.866389986878234 ], [ 157.128289919809333, -7.864512952905008 ], [ 157.117101119976297, -7.854986971252627 ], [ 157.114047960124651, -7.850696961988138 ], [ 157.10540796012873, -7.847364993324367 ], [ 157.101461999750427, -7.84901707308257 ], [ 157.099691880262867, -7.846577022038302 ], [ 157.095978120012489, -7.845365906453964 ], [ 157.090485960502576, -7.845381063269516 ], [ 157.091860080155016, -7.846386937989879 ], [ 157.090965120078494, -7.847456112028028 ], [ 157.090007160252753, -7.845328995306009 ], [ 157.074315120273468, -7.841072053926672 ], [ 157.073455080407001, -7.843174050355307 ], [ 157.07242691993676, -7.841827047923637 ], [ 157.0705239602799, -7.842146056732974 ], [ 157.071333960391826, -7.842873943690046 ], [ 157.070129040219769, -7.844510884680208 ], [ 157.065942960166041, -7.844106999288321 ], [ 157.067201160315904, -7.844401933627699 ], [ 157.064199840442626, -7.846911004757264 ], [ 157.055587919985868, -7.84716795652709 ], [ 157.038770880250439, -7.852410011072778 ], [ 157.035197160166319, -7.851711918519732 ], [ 157.032252000269693, -7.854570970994973 ], [ 157.0307540397705, -7.852191043575286 ], [ 157.029293880378418, -7.852372031000139 ], [ 157.023214919765365, -7.855468054219031 ], [ 157.021039079772976, -7.860792026420762 ], [ 157.018092119652522, -7.863753899922413 ], [ 157.011149879848006, -7.866356107935761 ], [ 157.007819160336481, -7.865546953769144 ], [ 157.005060840137446, -7.866649956745441 ], [ 156.994567920239234, -7.872287956121394 ], [ 156.988968839650965, -7.879740090848622 ], [ 156.984544079921193, -7.879790905806849 ], [ 156.984576839682973, -7.882687921231832 ], [ 156.982853160400651, -7.8832620439699 ], [ 156.981169079754352, -7.881911962259585 ], [ 156.977856000460065, -7.890835043137023 ], [ 156.973470840264639, -7.89257003512676 ], [ 156.975927119915696, -7.892762949594686 ], [ 156.97509912026041, -7.894929939208082 ], [ 156.969057959856173, -7.899875960756953 ], [ 156.964344120471367, -7.900263923346017 ], [ 156.962943000156429, -7.902674953266122 ], [ 156.964061879690547, -7.904229109619875 ], [ 156.960078120001782, -7.903612938934728 ], [ 156.959201160366888, -7.90473402552485 ], [ 156.958706880348132, -7.910521089471538 ], [ 156.961189079988344, -7.91185592299712 ], [ 156.960181080408063, -7.914972003693865 ], [ 156.958488000439246, -7.915357991344051 ], [ 156.958215120103716, -7.912755913056623 ], [ 156.953333160115164, -7.917971107792543 ], [ 156.94865604026586, -7.930298900457826 ], [ 156.947250960177143, -7.931120050801248 ], [ 156.949412039951085, -7.933195026386622 ], [ 156.946825079680707, -7.934347944238917 ], [ 156.946602960446938, -7.936712958028607 ], [ 156.947758919741091, -7.936036043672847 ], [ 156.9487770002155, -7.938667033778698 ], [ 156.949728120268645, -7.937416968251403 ], [ 156.95051687971565, -7.939103985582643 ], [ 156.95010503988712, -7.940188073500757 ], [ 156.948454080125373, -7.939468913873087 ], [ 156.94646292028068, -7.943067015220549 ], [ 156.94965504052368, -7.945664980240865 ], [ 156.949239960471886, -7.951622071305024 ], [ 156.946434120292679, -7.954003029933119 ], [ 156.949086960311007, -7.948208021396153 ], [ 156.946186080171344, -7.945244079709203 ], [ 156.946551840019083, -7.951455033317892 ], [ 156.942158039827262, -7.954625007937145 ], [ 156.940904880124435, -7.957479960128946 ], [ 156.941592120062893, -7.96080408777079 ], [ 156.939173999946803, -7.960811039840801 ], [ 156.938650919940017, -7.96211611848847 ], [ 156.940917840119027, -7.965291002141563 ], [ 156.939059879769729, -7.973760030291662 ], [ 156.937524840408855, -7.973943103020958 ], [ 156.937997879762747, -7.97908693062993 ], [ 156.940395839887231, -7.979122938625808 ], [ 156.940638840459769, -7.977117002695062 ], [ 156.943137959868409, -7.978613122058606 ], [ 156.940242120175839, -7.983169003489614 ], [ 156.939792119914017, -7.987723052341488 ], [ 156.941390880371273, -7.989039987851777 ], [ 156.942920880183379, -7.986843904640127 ], [ 156.944313000277475, -7.992297015116767 ], [ 156.949034039659296, -7.994829962743848 ], [ 156.949076880315204, -8.00773295645139 ], [ 156.952737000363328, -8.01160192120075 ], [ 156.949800120238649, -8.01362693690179 ], [ 156.944851920277699, -8.011883010626386 ], [ 156.944358000483334, -8.020145917817395 ], [ 156.945633120401595, -8.022004059862411 ], [ 156.94865604026586, -8.022045054994008 ], [ 156.949624080087403, -8.023701957158785 ], [ 156.948451919677126, -8.022258940739407 ], [ 156.9458998805151, -8.0222461078307 ], [ 156.944489040428806, -8.024679055945956 ], [ 156.950841960254053, -8.030006003788582 ], [ 156.953445119843934, -8.03574905461349 ], [ 156.960152999970575, -8.03448894854524 ], [ 156.96045107984645, -8.036699033715442 ], [ 156.95553707964666, -8.040369887138917 ], [ 156.957721919859893, -8.04792803943554 ], [ 156.961387080355081, -8.048789054306956 ], [ 156.961702079999355, -8.050233045981319 ], [ 156.959952120503402, -8.051092986856197 ], [ 156.961626120255545, -8.052373002142232 ], [ 156.967229159719295, -8.051269964704957 ], [ 156.96561995994017, -8.058107895217409 ], [ 156.96651887979047, -8.060501063117831 ], [ 156.968304840169736, -8.060437972813061 ], [ 156.968414999674735, -8.062465952206594 ], [ 156.974420879644498, -8.069767058980945 ], [ 156.976419959935043, -8.067525967015277 ], [ 156.977034120128479, -8.069581000278609 ], [ 156.978962999774552, -8.070351968967874 ], [ 156.974969879640497, -8.070271949296323 ], [ 156.977972999737574, -8.075432913957194 ], [ 156.980414880292955, -8.076006944221398 ], [ 156.982091040493373, -8.074468055971671 ], [ 156.983100119848672, -8.076400977399919 ], [ 156.984575040357441, -8.075775978368483 ], [ 156.981488040070701, -8.077155003164846 ], [ 156.981306960370688, -8.078776037834519 ], [ 156.992346000266053, -8.087699986605408 ], [ 156.990970080389758, -8.089836003191081 ], [ 156.993500879785188, -8.090881017645122 ], [ 156.995380079901111, -8.089493129046996 ], [ 156.997190880494657, -8.094106040483341 ], [ 157.00019111969462, -8.094364083901528 ], [ 157.00733892008725, -8.100556007685253 ], [ 157.010172839805676, -8.09940997590782 ], [ 157.008889079890992, -8.096050985389041 ], [ 157.011194160503294, -8.095895054754948 ], [ 157.012342919800432, -8.099269016624927 ], [ 157.020453000016971, -8.101986983278946 ], [ 157.011796080252708, -8.099378077983818 ], [ 157.011213960270481, -8.10310200074292 ], [ 157.023484920102106, -8.108206055455272 ], [ 157.029302879700936, -8.108901928189807 ], [ 157.032870839787421, -8.112715039888 ], [ 157.036140000447517, -8.111471033780665 ], [ 157.042047960458063, -8.11483702409201 ], [ 157.048692839937189, -8.11425004000049 ], [ 157.050592920493557, -8.110353901175566 ], [ 157.05371196009321, -8.108034091904003 ], [ 157.052595959659556, -8.10755098880856 ], [ 157.055604120203725, -8.106228914592085 ], [ 157.056603840012059, -8.109215916940956 ], [ 157.05256895989541, -8.113083020429448 ], [ 157.056415919641154, -8.118186948560504 ], [ 157.067537040400651, -8.120604885577158 ], [ 157.069330920327502, -8.119997951918267 ], [ 157.069104119972764, -8.113297036416157 ], [ 157.072313880433001, -8.117177109015902 ], [ 157.074297119831812, -8.115587948524301 ], [ 157.075461000470142, -8.116290045110739 ], [ 157.07593908027107, -8.114392955338495 ], [ 157.077397080113201, -8.116210925397338 ], [ 157.079383919959696, -8.113560057197859 ], [ 157.07867400025529, -8.111557994619742 ], [ 157.081671000130342, -8.110547070219464 ], [ 157.082982840482458, -8.111566904566393 ], [ 157.081120920359382, -8.112099898589248 ], [ 157.081192920329386, -8.115190923950339 ], [ 157.089119039948798, -8.113446010796716 ], [ 157.091762879746341, -8.120678123071004 ], [ 157.091366879911192, -8.118539064008285 ], [ 157.096747079692335, -8.11706698369057 ], [ 157.096392120289266, -8.114720125966814 ], [ 157.094661959662176, -8.113712060827179 ], [ 157.098372120363194, -8.109174040031462 ], [ 157.100941080191888, -8.110016034611156 ], [ 157.101359040242471, -8.116408902346695 ], [ 157.107234960041779, -8.118881021472491 ], [ 157.109083920170264, -8.115239928653249 ], [ 157.113488880132849, -8.115056919663312 ], [ 157.113030960323471, -8.111678101185007 ], [ 157.116287879641163, -8.108804986986366 ], [ 157.116897000285888, -8.117385955762694 ], [ 157.119593040286276, -8.116388944954116 ], [ 157.119843960406371, -8.117490022362139 ], [ 157.112352000157017, -8.121815006468248 ], [ 157.108307040044537, -8.121823025481369 ], [ 157.109952960257573, -8.125552976914861 ], [ 157.114094040105442, -8.124492014914008 ], [ 157.119856920400991, -8.126477084537584 ], [ 157.123031040202278, -8.130079942958828 ], [ 157.118563080490503, -8.127597913501772 ], [ 157.117257000135993, -8.128626080027427 ], [ 157.12304507997186, -8.132063025073018 ], [ 157.125651840009397, -8.137357015386897 ], [ 157.127513039683663, -8.134037008779373 ], [ 157.129035119948242, -8.135161024551062 ], [ 157.126836960414295, -8.136693979112836 ], [ 157.127856840214235, -8.137499030824765 ], [ 157.137496920242938, -8.134769900727939 ], [ 157.136951880020717, -8.136372884087368 ], [ 157.140818999758039, -8.136978010413683 ], [ 157.142112120117986, -8.138935934053649 ], [ 157.14528408036935, -8.137631068050448 ], [ 157.148180999836939, -8.138410994816043 ], [ 157.150011960422091, -8.136352926805586 ], [ 157.156359839800274, -8.134858994965695 ], [ 157.158771839694367, -8.131543957002096 ], [ 157.15856700045336, -8.129014003449246 ], [ 157.157299080532141, -8.130151041058443 ], [ 157.154444999923811, -8.129252958108216 ], [ 157.15715507969378, -8.12712802094779 ], [ 157.155909119987967, -8.118724030953167 ], [ 157.157813879868627, -8.118725100700383 ], [ 157.163369040026055, -8.114247902272325 ], [ 157.166930879890486, -8.117547936593191 ], [ 157.159968119870001, -8.123830025929417 ], [ 157.163015160397947, -8.123323955758044 ], [ 157.162573079683739, -8.124670029856206 ], [ 157.160214000441357, -8.126180928692261 ], [ 157.160005920078873, -8.12479102314569 ], [ 157.158122039740306, -8.125461029463876 ], [ 157.159334159909378, -8.128759010901105 ], [ 157.166706960432919, -8.121936891332371 ], [ 157.168963080167288, -8.112318013333798 ], [ 157.172618880217215, -8.110456010016968 ], [ 157.175132040293732, -8.106648043785405 ], [ 157.180196159757287, -8.106412996538495 ], [ 157.182126840525484, -8.104634007718655 ], [ 157.18104108007924, -8.10239792028929 ], [ 157.178504160461756, -8.102127942492821 ], [ 157.17828492032848, -8.103700939972878 ], [ 157.174070040286779, -8.102098004431166 ], [ 157.176646919663, -8.10119094866789 ], [ 157.177938960247957, -8.098657061214114 ], [ 157.1788529996428, -8.101982884944805 ], [ 157.182819840461548, -8.10226605037119 ], [ 157.182532920356408, -8.099350099372709 ], [ 157.180754880422967, -8.099077980800173 ], [ 157.180240080188184, -8.097190076251305 ], [ 157.183139879654561, -8.087384021139371 ], [ 157.172241959700415, -8.088681921729766 ], [ 157.170506039974015, -8.086376956478759 ], [ 157.177208160103049, -8.086055998890389 ], [ 157.176482040180815, -8.08252599176779 ], [ 157.168815840004015, -8.077784099512314 ], [ 157.173731999753755, -8.075399053440552 ], [ 157.174255079760542, -8.077526936148367 ], [ 157.178631960183964, -8.078938925200195 ], [ 157.181028840533514, -8.085267952141045 ], [ 157.185401039835995, -8.084978002849429 ], [ 157.185674999946514, -8.082105054668885 ], [ 157.182779879804428, -8.083940100990258 ], [ 157.181195880463946, -8.081809043892733 ], [ 157.183585920142548, -8.078642021271403 ], [ 157.187144880008219, -8.076868077595586 ], [ 157.187318040160704, -8.074190040147464 ], [ 157.189763160040968, -8.071835091074812 ], [ 157.191692039687041, -8.072519977760006 ], [ 157.191415920026571, -8.074794012319643 ], [ 157.193047080021159, -8.074432948240101 ], [ 157.193745839954829, -8.068340959758057 ], [ 157.192281000340159, -8.067394976370908 ], [ 157.192670160402685, -8.065139077931436 ], [ 157.195986119695789, -8.064385029448545 ], [ 157.1962730398009, -8.065931085018656 ], [ 157.197141000113277, -8.061950002948624 ], [ 157.190294880044178, -8.061652908205392 ], [ 157.187391119905726, -8.060071013503142 ], [ 157.181595120522303, -8.063809022625822 ], [ 157.18043016010904, -8.062565042701209 ], [ 157.183395840221692, -8.057823094876952 ], [ 157.189548960354756, -8.052351080755395 ], [ 157.18746311987573, -8.050766120294224 ], [ 157.190928120454259, -8.052443045101626 ], [ 157.189903919757796, -8.055492111177148 ], [ 157.190955120218433, -8.057486966323784 ], [ 157.196253960482579, -8.05999598227331 ], [ 157.197644999903446, -8.057332981359847 ] ] ], [ [ [ 156.846984119927868, -8.105891044516753 ], [ 156.840631919653163, -8.100914019515647 ], [ 156.835856160294099, -8.100705877597191 ], [ 156.838667040022074, -8.097158890755878 ], [ 156.839771160236126, -8.091540922830308 ], [ 156.835631879713731, -8.087372971882496 ], [ 156.830829119692226, -8.089450002077902 ], [ 156.828382920036972, -8.088728077424905 ], [ 156.830936039872284, -8.088061039553681 ], [ 156.833133840080109, -8.084655976084729 ], [ 156.835139039694354, -8.084055938329492 ], [ 156.834856080261318, -8.080417916800002 ], [ 156.838359959925327, -8.081675028350015 ], [ 156.83833799970995, -8.079486931056707 ], [ 156.835499040442784, -8.076950947410188 ], [ 156.837087000455369, -8.075924965911744 ], [ 156.836341079867623, -8.074589955356235 ], [ 156.830919839654399, -8.075690078672368 ], [ 156.831537960519967, -8.077130053512787 ], [ 156.829502880244377, -8.081683048173375 ], [ 156.827471040192052, -8.080675077402631 ], [ 156.825866160411096, -8.083154009790279 ], [ 156.824615879808761, -8.082044997370675 ], [ 156.823347959887542, -8.08504590130376 ], [ 156.822861959640704, -8.082542922171266 ], [ 156.817599120259928, -8.078370957497818 ], [ 156.82338000009878, -8.075805026709112 ], [ 156.824214840424929, -8.073385929944898 ], [ 156.826995840389884, -8.071778061895873 ], [ 156.824570160052389, -8.067090043728887 ], [ 156.821290920294814, -8.0665589510203 ], [ 156.820443119974101, -8.068695079150659 ], [ 156.818504160332225, -8.066034986914971 ], [ 156.81674484039101, -8.065884034959325 ], [ 156.817034999821033, -8.06164898762375 ], [ 156.820370040229079, -8.061594094999988 ], [ 156.822900120073967, -8.059678034101978 ], [ 156.818643840274063, -8.05300498919163 ], [ 156.819580919659359, -8.051754916879906 ], [ 156.817608840031255, -8.05310497288994 ], [ 156.815325000083845, -8.051901952602837 ], [ 156.815155080154568, -8.053137053584301 ], [ 156.810560040271156, -8.050677007216883 ], [ 156.80638799998701, -8.053649093564792 ], [ 156.810873960140441, -8.078017024859459 ], [ 156.809977920288958, -8.080785034653688 ], [ 156.80894184027116, -8.079743914996126 ], [ 156.806470079952817, -8.080939010564942 ], [ 156.805857000432667, -8.070485097499958 ], [ 156.799127879641162, -8.071495053836793 ], [ 156.805270919778366, -8.06764501698833 ], [ 156.804220080440473, -8.06064898646224 ], [ 156.800244959849778, -8.052903043791606 ], [ 156.805113959843737, -8.050539951390457 ], [ 156.805397999950031, -8.047769951897667 ], [ 156.807698040115298, -8.047602952920229 ], [ 156.805643880521387, -8.0429599247433 ], [ 156.806949959977629, -8.040725991263338 ], [ 156.80214287995787, -8.038772046833566 ], [ 156.801489120230059, -8.040940046112087 ], [ 156.803757120184059, -8.046019043583069 ], [ 156.80233800032579, -8.049143012860984 ], [ 156.80036196002564, -8.049642046857565 ], [ 156.799078919661497, -8.047447004235966 ], [ 156.796432920314061, -8.047412962276734 ], [ 156.796112880222722, -8.045799109897565 ], [ 156.79254096036243, -8.046299930705569 ], [ 156.787968960469385, -8.043905965980516 ], [ 156.786758999850321, -8.045076928085974 ], [ 156.78212112020924, -8.040599090799898 ], [ 156.779426880432709, -8.041542998603548 ], [ 156.775157999964307, -8.040711910812297 ], [ 156.77516807996011, -8.04467306257548 ], [ 156.772051920359246, -8.046075898265558 ], [ 156.769943039889824, -8.049868038096399 ], [ 156.770462879673374, -8.06023996801642 ], [ 156.768422040298532, -8.07467799412561 ], [ 156.77947008041474, -8.087407010432507 ], [ 156.782944080315758, -8.089323118000959 ], [ 156.786245999839309, -8.096088943439266 ], [ 156.796517880278657, -8.092457088246716 ], [ 156.802773959919676, -8.095951902327561 ], [ 156.806880840006357, -8.096449987877609 ], [ 156.810454920314896, -8.099530976900581 ], [ 156.815034120204928, -8.108636053080829 ], [ 156.817973880328452, -8.109887018453913 ], [ 156.820240080058625, -8.109828924958402 ], [ 156.822108839954268, -8.106208065054108 ], [ 156.825848159969411, -8.105652966517479 ], [ 156.838268160188164, -8.111652974658588 ], [ 156.846984119927868, -8.105891044516753 ] ] ], [ [ [ 156.895140959864875, -8.123642031200735 ], [ 156.889580039709841, -8.118019978215782 ], [ 156.883017959747093, -8.118608025579302 ], [ 156.876429959795104, -8.114072020378869 ], [ 156.877008120003524, -8.117029918359643 ], [ 156.879448919885618, -8.11863190377559 ], [ 156.884565960000856, -8.11977200048476 ], [ 156.888374039762795, -8.122839980586237 ], [ 156.891449880278799, -8.122367053106942 ], [ 156.892343040131522, -8.124859983628792 ], [ 156.895140959864875, -8.123642031200735 ] ] ], [ [ [ 156.949939079731678, -8.010023039844844 ], [ 156.947457959866398, -8.007262924501637 ], [ 156.948917040381787, -8.003909051683934 ], [ 156.947469119637162, -7.996072010023341 ], [ 156.947027039821251, -7.999151979645994 ], [ 156.944709000112624, -7.998347007800083 ], [ 156.945076920408582, -8.008638974346331 ], [ 156.946816080358218, -8.010659013861476 ], [ 156.949939079731678, -8.010023039844844 ] ] ], [ [ [ 156.849518879995372, -8.091888962571939 ], [ 156.847992120406502, -8.089507920397606 ], [ 156.84288408051205, -8.088303048408818 ], [ 156.842132039702278, -8.09276788233287 ], [ 156.846173040040981, -8.096150959186488 ], [ 156.848883119810949, -8.09594388368696 ], [ 156.849518879995372, -8.091888962571939 ] ] ], [ [ [ 157.106426039704843, -8.121259929770654 ], [ 157.100716080061005, -8.116648934360308 ], [ 157.095911880040092, -8.120540913202019 ], [ 157.099428000148151, -8.123277981328961 ], [ 157.098988079882162, -8.119288020975274 ], [ 157.102998119784587, -8.121032018610775 ], [ 157.103129159730031, -8.124717963656165 ], [ 157.101148079881114, -8.125570974317819 ], [ 157.105091160260599, -8.126729939103955 ], [ 157.104523080047983, -8.123673037370523 ], [ 157.106426039704843, -8.121259929770654 ] ] ], [ [ [ 156.867242040476441, -8.102331985335724 ], [ 156.861071999676739, -8.093851026396738 ], [ 156.862145879903323, -8.097993069463614 ], [ 156.866433839690075, -8.103075982928569 ], [ 156.867242040476441, -8.102331985335724 ] ] ], [ [ [ 156.871483920282344, -8.112772954816318 ], [ 156.870057959753183, -8.110751999463758 ], [ 156.86586000037812, -8.112630930513582 ], [ 156.870775080352928, -8.114180008807343 ], [ 156.871483920282344, -8.112772954816318 ] ] ], [ [ [ 156.8153059198672, -8.045405938290394 ], [ 156.81047904008031, -8.042900039732151 ], [ 156.808586879969795, -8.038592924427354 ], [ 156.808320840305129, -8.041020962541564 ], [ 156.812317920212962, -8.046340923351309 ], [ 156.8153059198672, -8.045405938290394 ] ] ], [ [ [ 157.191098040383508, -8.076474936578887 ], [ 157.18738787968249, -8.078051064209212 ], [ 157.186222920167523, -8.080885012286439 ], [ 157.189089959872121, -8.079800052238019 ], [ 157.191098040383508, -8.076474936578887 ] ] ], [ [ [ 156.991118040103601, -8.088671941441774 ], [ 156.987884159878007, -8.085728982816788 ], [ 156.98935691993853, -8.088566976514365 ], [ 156.991118040103601, -8.088671941441774 ] ] ], [ [ [ 157.116993120021277, -8.126781971627736 ], [ 157.111634880455625, -8.125608038849894 ], [ 157.116601079959935, -8.128174007840407 ], [ 157.116993120021277, -8.126781971627736 ] ] ], [ [ [ 157.116345120291101, -8.113745027360242 ], [ 157.114287000025115, -8.112684924479991 ], [ 157.114470959723917, -8.116306083360357 ], [ 157.116345120291101, -8.113745027360242 ] ] ], [ [ [ 156.973311000331194, -7.893426027724924 ], [ 156.970742040502472, -7.896700929093694 ], [ 156.972389040490498, -7.896156064791381 ], [ 156.973311000331194, -7.893426027724924 ] ] ], [ [ [ 156.766628879922223, -8.017943942495593 ], [ 156.765575159687245, -8.016324981294709 ], [ 156.763650960263789, -8.016290937587314 ], [ 156.766628879922223, -8.017943942495593 ] ] ], [ [ [ 156.826261080471227, -8.054818067264559 ], [ 156.825375119717222, -8.053566040740462 ], [ 156.823476119834169, -8.053905024223553 ], [ 156.826261080471227, -8.054818067264559 ] ] ] ] } },
{ "type": "Feature", "properties": { "shapeName": "West New Georgia-Vonavona", "shapeISO": "", "shapeID": "97153195B60589272182469", "shapeGroup": "SLB", "shapeType": "ADM2" }, "geometry": { "type": "MultiPolygon", "coordinates": [ [ [ [ 157.489160039801163, -8.127579916190935 ], [ 157.32095004021744, -8.130886968524377 ], [ 157.322653919732602, -8.132744066184697 ], [ 157.32037116045845, -8.132241036611489 ], [ 157.318543079872114, -8.133984978104333 ], [ 157.31665596020872, -8.133342961530978 ], [ 157.315397040508259, -8.134989963369325 ], [ 157.313694960318628, -8.134720007766994 ], [ 157.315889880527635, -8.136618070781745 ], [ 157.313148119872579, -8.143444038761071 ], [ 157.312737000492916, -8.148784028970136 ], [ 157.318055999850316, -8.137732991728289 ], [ 157.320046079920075, -8.138850047127256 ], [ 157.317995880099971, -8.144440982326401 ], [ 157.314156120351214, -8.147678048329565 ], [ 157.312355040427377, -8.159452926309845 ], [ 157.308977160261691, -8.161114966005247 ], [ 157.306110119658797, -8.165876007686617 ], [ 157.311335159729111, -8.161898053493596 ], [ 157.311182160466529, -8.162821898902662 ], [ 157.306196160296736, -8.16967396783782 ], [ 157.298339159750185, -8.175516048150893 ], [ 157.297417920358328, -8.179726021457457 ], [ 157.300257960298751, -8.181464944906576 ], [ 157.301889839843881, -8.180731070119032 ], [ 157.303104120461228, -8.18256406155022 ], [ 157.30190100051297, -8.185492946873785 ], [ 157.303096920464213, -8.188456018343278 ], [ 157.306752000065273, -8.188906953685288 ], [ 157.308625079959143, -8.187454017312442 ], [ 157.315064040422328, -8.189701923732924 ], [ 157.312931040187522, -8.189022938400102 ], [ 157.311318960409579, -8.191153068911568 ], [ 157.30670087963739, -8.192307924422582 ], [ 157.301352000516999, -8.191057039339192 ], [ 157.298024160105939, -8.186706079327196 ], [ 157.297516920092562, -8.18359493736356 ], [ 157.29583104012076, -8.184423057795051 ], [ 157.295827080346982, -8.181294081915901 ], [ 157.29407099973065, -8.180561987950707 ], [ 157.296661919774778, -8.176331000526519 ], [ 157.291102080293058, -8.172791096848659 ], [ 157.288219920145593, -8.184338072232549 ], [ 157.279181040315734, -8.188338963902609 ], [ 157.275852120129713, -8.187976932930628 ], [ 157.283862119938817, -8.183728919291706 ], [ 157.287933000040454, -8.177924017818279 ], [ 157.282900919889812, -8.183204038781366 ], [ 157.274246159675499, -8.187101071879161 ], [ 157.269587040267879, -8.19267494023569 ], [ 157.271472000381408, -8.192984053447738 ], [ 157.271832000231512, -8.194661096970947 ], [ 157.270613040289845, -8.199329094529716 ], [ 157.273257959862349, -8.201393073515073 ], [ 157.271841000452326, -8.207145076447297 ], [ 157.269516120072836, -8.20965208668118 ], [ 157.265420040430769, -8.207442954261451 ], [ 157.268823839687343, -8.204509064070319 ], [ 157.271727960050214, -8.204654975357592 ], [ 157.271342040210925, -8.201214914211299 ], [ 157.267019879764661, -8.200819934958506 ], [ 157.264260840015112, -8.198501006412597 ], [ 157.263796080433195, -8.195254019817614 ], [ 157.267260000338467, -8.194701004734002 ], [ 157.254804000134698, -8.188580020847869 ], [ 157.240437840277139, -8.18672104515371 ], [ 157.253698079696846, -8.190068050536407 ], [ 157.245191999645186, -8.188373884316835 ], [ 157.236959879704017, -8.188983920611705 ], [ 157.229799839765633, -8.185743983403423 ], [ 157.227118920208113, -8.18709697442765 ], [ 157.226289120329028, -8.191398044323032 ], [ 157.223959919951341, -8.190546064742222 ], [ 157.224470039963535, -8.188700994541154 ], [ 157.216251959791947, -8.190159093277137 ], [ 157.212974160033781, -8.194661987509566 ], [ 157.214301840379278, -8.203914017067968 ], [ 157.216404959952797, -8.207772008610453 ], [ 157.22198208032566, -8.210644946131699 ], [ 157.226423040273261, -8.218637074733115 ], [ 157.230407160186502, -8.219342018952764 ], [ 157.227882119890353, -8.219423968398807 ], [ 157.228827119721444, -8.220312050387948 ], [ 157.227612840002507, -8.221029105682282 ], [ 157.217355000231009, -8.212042924904519 ], [ 157.217393880214814, -8.21013506564344 ], [ 157.21428312038708, -8.210954044292103 ], [ 157.215981960353503, -8.209789088327073 ], [ 157.2154999198805, -8.208750975549545 ], [ 157.210661159873951, -8.208889047012919 ], [ 157.203380880434764, -8.214883941635382 ], [ 157.198709879909188, -8.222031912315826 ], [ 157.200203879736335, -8.232022073102927 ], [ 157.197569040159635, -8.23238602328688 ], [ 157.196208960276749, -8.23552795795594 ], [ 157.198170959909049, -8.237702908960843 ], [ 157.195501919672836, -8.243757936127015 ], [ 157.197148919660805, -8.249420968374405 ], [ 157.195033919867683, -8.250341047763518 ], [ 157.197690000109247, -8.250525063201932 ], [ 157.19856516041861, -8.252342947257967 ], [ 157.199258879905216, -8.261509016749711 ], [ 157.194305999721621, -8.261681092163558 ], [ 157.192284960113938, -8.263962956032602 ], [ 157.194924119688807, -8.267259968494162 ], [ 157.20153192030628, -8.269307917357771 ], [ 157.206689999955302, -8.265661965340673 ], [ 157.205674079929139, -8.26481798375201 ], [ 157.20647688004405, -8.262654938798619 ], [ 157.209614999860349, -8.263809942048127 ], [ 157.209496919909526, -8.261961115334179 ], [ 157.207217039735866, -8.260759970181686 ], [ 157.205589119964486, -8.253897003886864 ], [ 157.20886583994772, -8.254408965157277 ], [ 157.209906960412525, -8.256067935659116 ], [ 157.207718879976085, -8.257910019762377 ], [ 157.211691119669666, -8.259454970415653 ], [ 157.211960040231446, -8.263943005238096 ], [ 157.21055388036774, -8.263654076992989 ], [ 157.209424919939494, -8.26682800388998 ], [ 157.211399160015816, -8.268145982840606 ], [ 157.208950080361774, -8.271379012062345 ], [ 157.210890840227449, -8.271696970254498 ], [ 157.212387000502844, -8.274737059812033 ], [ 157.210994159959853, -8.278532017495777 ], [ 157.211381880023026, -8.285307097241667 ], [ 157.214117160231638, -8.284794107328587 ], [ 157.215168000467827, -8.287854045791864 ], [ 157.213193039942638, -8.295836062847675 ], [ 157.214486160302584, -8.300508031707361 ], [ 157.213440000289012, -8.309275081312547 ], [ 157.210572959686061, -8.315425008074619 ], [ 157.211741160322589, -8.319098994998569 ], [ 157.213571040234427, -8.319103091957807 ], [ 157.215498119656644, -8.316487953511102 ], [ 157.218769079642243, -8.317427110795165 ], [ 157.219986959808864, -8.315761988041448 ], [ 157.217749920291141, -8.312328060531145 ], [ 157.218181920111277, -8.306624967527725 ], [ 157.22263691982846, -8.306323958702354 ], [ 157.224511080395587, -8.309049949454435 ], [ 157.226356079851996, -8.307881008062882 ], [ 157.228886880145723, -8.295655987096239 ], [ 157.226765039681709, -8.292056946504696 ], [ 157.225092840153394, -8.29395710712363 ], [ 157.224084839674731, -8.292728985414684 ], [ 157.225152959903767, -8.291301011622863 ], [ 157.221124920457981, -8.291473073851224 ], [ 157.220358120328086, -8.291022077966364 ], [ 157.220573040463194, -8.287895013317202 ], [ 157.221564839825646, -8.288823908559511 ], [ 157.221407160340476, -8.290236929605294 ], [ 157.222442880133798, -8.291219967605194 ], [ 157.224750120296079, -8.289813006114709 ], [ 157.224548160155564, -8.288181073613304 ], [ 157.223336039986521, -8.288774035208071 ], [ 157.223229119806462, -8.282502923611021 ], [ 157.226786999897172, -8.280807015032298 ], [ 157.224745079848987, -8.279541981600175 ], [ 157.224785040506134, -8.277284967104626 ], [ 157.227941159865793, -8.28048888711637 ], [ 157.225020840183362, -8.28374497048339 ], [ 157.225574160177558, -8.287344087250986 ], [ 157.228263000180931, -8.289034089361211 ], [ 157.230035999667308, -8.288434004670833 ], [ 157.230254160025623, -8.292173079544398 ], [ 157.233579120437895, -8.295403951949542 ], [ 157.232876040506028, -8.297173003077349 ], [ 157.235445000334778, -8.298432993364338 ], [ 157.238853120487818, -8.305112974143205 ], [ 157.239483840225176, -8.310745024118768 ], [ 157.24553292017697, -8.31181207765573 ], [ 157.247408880069628, -8.314634921881925 ], [ 157.2473138401092, -8.318568951536179 ], [ 157.245806159838651, -8.320298002851938 ], [ 157.251372839991291, -8.327569979723481 ], [ 157.248642960454134, -8.33036599490582 ], [ 157.24840788032742, -8.333209008771252 ], [ 157.250426039936315, -8.330763872199139 ], [ 157.255616159796574, -8.33214397188477 ], [ 157.260837959643652, -8.328311952585864 ], [ 157.264728839820265, -8.327921019276314 ], [ 157.283162999780728, -8.334819024777195 ], [ 157.28842403983603, -8.338429071287603 ], [ 157.295437920284428, -8.331140020397235 ], [ 157.294356120510258, -8.325240041235114 ], [ 157.296045960255839, -8.321303941056097 ], [ 157.300245000304159, -8.3233760089322 ], [ 157.302906120094519, -8.317507971279742 ], [ 157.305439079938196, -8.317214095670277 ], [ 157.295782080141151, -8.308781002366899 ], [ 157.293843120499275, -8.305076995830831 ], [ 157.286053080374046, -8.300156076990135 ], [ 157.344570000039965, -8.251812991652827 ], [ 157.489160039801163, -8.127579916190935 ] ] ], [ [ [ 157.201995960337626, -8.279017940200944 ], [ 157.199731920157404, -8.271888100295286 ], [ 157.19166215992405, -8.265101032847674 ], [ 157.192944120513204, -8.260940062100543 ], [ 157.187252160412754, -8.254436041450406 ], [ 157.188179880251056, -8.252899978542642 ], [ 157.186755000395152, -8.2530610131477 ], [ 157.185385920291452, -8.247983039244748 ], [ 157.184526960199946, -8.232632042361601 ], [ 157.185457920261484, -8.231536983158206 ], [ 157.18322916051568, -8.220751013104829 ], [ 157.184966160017069, -8.216049951935995 ], [ 157.185618839969919, -8.218489030593808 ], [ 157.185401039835995, -8.215239891542556 ], [ 157.188998879685471, -8.207622001245642 ], [ 157.189337999993455, -8.202449912079283 ], [ 157.188062880075194, -8.202224897509772 ], [ 157.184458920003664, -8.195100087511626 ], [ 157.177691999901612, -8.187470943226272 ], [ 157.177918079807512, -8.180574103290287 ], [ 157.175830079778535, -8.17171707562229 ], [ 157.163115960355981, -8.161634885838103 ], [ 157.162142880087401, -8.162646038611074 ], [ 157.167952920138731, -8.168517086567423 ], [ 157.158189000161599, -8.163537988618598 ], [ 157.149114839897294, -8.155825921725796 ], [ 157.135681080100653, -8.151119996152003 ], [ 157.133481120342879, -8.151654005677624 ], [ 157.132028880498382, -8.150331897906145 ], [ 157.131030960015579, -8.151531951842983 ], [ 157.125261960396301, -8.151142981749167 ], [ 157.116806999874228, -8.153365967941552 ], [ 157.099109039831802, -8.154936983310797 ], [ 157.095982079786268, -8.154956048130385 ], [ 157.095125999693522, -8.153202933016839 ], [ 157.092360839721948, -8.15364802786938 ], [ 157.09223088044979, -8.156996914777467 ], [ 157.115306879825056, -8.15726507391267 ], [ 157.131716040404086, -8.154582048458222 ], [ 157.141752839818423, -8.157582054198619 ], [ 157.126949999918054, -8.156215955955577 ], [ 157.11834096035841, -8.156849026439325 ], [ 157.100234040486271, -8.161482010012014 ], [ 157.093313040448407, -8.160739011922802 ], [ 157.084656119785791, -8.163020030637695 ], [ 157.081011120180506, -8.168280114978991 ], [ 157.081404960465676, -8.171097035238192 ], [ 157.085944920147455, -8.171719926407137 ], [ 157.090033080241994, -8.174910980024761 ], [ 157.097198880177956, -8.173386903444959 ], [ 157.094078040354447, -8.168841006254393 ], [ 157.092100920279307, -8.169774991751806 ], [ 157.093490879925156, -8.166952895656905 ], [ 157.095482039769877, -8.168207955024986 ], [ 157.097203919726695, -8.16741294244785 ], [ 157.107231000268001, -8.168932053011986 ], [ 157.10772204006355, -8.170264076663875 ], [ 157.105707119779595, -8.171064072593015 ], [ 157.10707295966003, -8.172682946316078 ], [ 157.098396959679121, -8.171446966122586 ], [ 157.09681008033985, -8.176957090393543 ], [ 157.095125999693522, -8.175671947404195 ], [ 157.093788959801088, -8.176525027905564 ], [ 157.094693999873385, -8.179486027772072 ], [ 157.096882080309854, -8.180679044706487 ], [ 157.090937039641034, -8.185892039003805 ], [ 157.089657959948994, -8.189513960386712 ], [ 157.092327000185207, -8.193025921469337 ], [ 157.101071040362399, -8.195219990552294 ], [ 157.105346040154501, -8.19779299601479 ], [ 157.105505159639108, -8.206612922355552 ], [ 157.125659040006411, -8.226494006164947 ], [ 157.130165879701991, -8.227222095472559 ], [ 157.132158120219998, -8.228462000623946 ], [ 157.133367000165833, -8.23371997221377 ], [ 157.130709119700413, -8.23803496715403 ], [ 157.130407080050759, -8.244948978345993 ], [ 157.127168160276398, -8.250095930259029 ], [ 157.130346960300329, -8.252559916650643 ], [ 157.130499960461208, -8.255943063241103 ], [ 157.134435839945382, -8.256236985226389 ], [ 157.141194840499907, -8.261313962120637 ], [ 157.142571119702268, -8.26389508842782 ], [ 157.150151999690024, -8.266109072103573 ], [ 157.154460120366679, -8.264273082254151 ], [ 157.162281840478727, -8.270278003585082 ], [ 157.166342999910711, -8.266668043425067 ], [ 157.16779091975701, -8.263089044951563 ], [ 157.173050880037351, -8.262934069991063 ], [ 157.17637187977752, -8.266464975320167 ], [ 157.17750696042782, -8.269828942803288 ], [ 157.176483119955805, -8.272216032809512 ], [ 157.178652120175599, -8.272359068754772 ], [ 157.178913839842039, -8.270480001261252 ], [ 157.183378920453322, -8.274336097779923 ], [ 157.190334120252402, -8.274354978718286 ], [ 157.196044079896211, -8.280035918823284 ], [ 157.195011959652248, -8.283347936119311 ], [ 157.200405839876794, -8.28634500903039 ], [ 157.201995960337626, -8.279017940200944 ] ] ], [ [ [ 157.146032880057589, -8.342599016738241 ], [ 157.144793039675505, -8.341436053049369 ], [ 157.139615160259268, -8.341831068495603 ], [ 157.137527879780862, -8.339821967015572 ], [ 157.139884079922751, -8.333592100100118 ], [ 157.138634160443161, -8.319909019992407 ], [ 157.134085920091081, -8.315215018742451 ], [ 157.13045316003155, -8.316140109412146 ], [ 157.115840039827646, -8.307773072992372 ], [ 157.115616120370049, -8.299839923590312 ], [ 157.118258159943736, -8.29623397474483 ], [ 157.107330000002179, -8.287771041441873 ], [ 157.104314999685471, -8.280940963644733 ], [ 157.10277816010074, -8.28099600377425 ], [ 157.101917040459284, -8.279108070980175 ], [ 157.102513919761606, -8.273946000386157 ], [ 157.099799880217887, -8.272488923721127 ], [ 157.099447080364797, -8.265730011607632 ], [ 157.097631959773054, -8.265036905925186 ], [ 157.095879120278312, -8.261357960651916 ], [ 157.098242160192711, -8.257308106257433 ], [ 157.097144879751283, -8.250382909650234 ], [ 157.099465079908157, -8.252691024788072 ], [ 157.103241839907724, -8.251376022733247 ], [ 157.10525783996664, -8.244207026951273 ], [ 157.103493120252239, -8.235511924563246 ], [ 157.098267000406963, -8.227392939353075 ], [ 157.101076079911138, -8.222248008067877 ], [ 157.096434960046849, -8.209191911228617 ], [ 157.088184120113482, -8.20767598220918 ], [ 157.082384880506851, -8.204844000073489 ], [ 157.080665879650525, -8.201832947944608 ], [ 157.07593512049732, -8.19907094066267 ], [ 157.075181999912559, -8.196552995605854 ], [ 157.068019079975357, -8.1939979771937 ], [ 157.067359920474388, -8.192033018331824 ], [ 157.071696119791881, -8.193400954169963 ], [ 157.072799879781485, -8.191362055522234 ], [ 157.067691839887033, -8.186537890284908 ], [ 157.063916880111321, -8.185574903390291 ], [ 157.056254999932719, -8.186590983590609 ], [ 157.051071000294485, -8.189537120958544 ], [ 157.044542040317936, -8.189888995544825 ], [ 157.018502160155492, -8.183447949575061 ], [ 157.012827119823413, -8.186599891844644 ], [ 157.008733920180163, -8.190949962485233 ], [ 157.005294840489142, -8.191209012237422 ], [ 157.006627919709558, -8.196866915541912 ], [ 157.009503960533323, -8.199109958343987 ], [ 157.011515999920135, -8.203581929929495 ], [ 157.019149080110708, -8.20758690444176 ], [ 157.023843119728383, -8.211957054822115 ], [ 157.026903839801463, -8.220281051825804 ], [ 157.029751079738929, -8.223226939723702 ], [ 157.031870040204154, -8.224499992003162 ], [ 157.04876412035668, -8.226091925973444 ], [ 157.056930000325423, -8.23047594619907 ], [ 157.055677920397557, -8.232449087033574 ], [ 157.047792840311899, -8.230917926852802 ], [ 157.042401119637276, -8.235327011601816 ], [ 157.046765040066106, -8.238942068514566 ], [ 157.04740007980169, -8.241170087314195 ], [ 157.060158840103952, -8.244916022804151 ], [ 157.066790040037944, -8.251369966158395 ], [ 157.068848879854471, -8.251283925737225 ], [ 157.069386000529136, -8.250867085771967 ], [ 157.070111039778084, -8.251110955322659 ], [ 157.070178000199377, -8.24953408584004 ], [ 157.071645000262322, -8.252360938855407 ], [ 157.07318508007026, -8.251452086969506 ], [ 157.072991040375626, -8.255024065552314 ], [ 157.071151080467985, -8.254895096058005 ], [ 157.070068920469396, -8.257467891592659 ], [ 157.071872880392021, -8.260220050976175 ], [ 157.076467920275491, -8.260360063111792 ], [ 157.075719119688927, -8.265536027545552 ], [ 157.077101880236086, -8.26517495749742 ], [ 157.077849960373783, -8.267562075156734 ], [ 157.080165120083592, -8.268093078678385 ], [ 157.086932040185644, -8.277734909626595 ], [ 157.094101080344871, -8.277737047359683 ], [ 157.098175920220314, -8.28089803573859 ], [ 157.097072879781251, -8.286761989060523 ], [ 157.100274000245065, -8.287760889037719 ], [ 157.098980879885175, -8.293581991166617 ], [ 157.100928120197324, -8.295152094700947 ], [ 157.100569919672694, -8.297627020633554 ], [ 157.102806960088742, -8.300462968357479 ], [ 157.101765120073367, -8.303198975183985 ], [ 157.103634959744056, -8.305892927837272 ], [ 157.102931879812189, -8.307950115267504 ], [ 157.106827079986999, -8.311625953692952 ], [ 157.102881120507021, -8.319925940156837 ], [ 157.103381880073954, -8.323307082531553 ], [ 157.105673999793368, -8.324187093256771 ], [ 157.107868920002375, -8.321762917498615 ], [ 157.11047316026557, -8.322193930688567 ], [ 157.113336959746931, -8.330134998025082 ], [ 157.116456000244938, -8.333749896422828 ], [ 157.123260000106967, -8.329591967863287 ], [ 157.126331160400326, -8.329969008326623 ], [ 157.130699039704609, -8.334058008344076 ], [ 157.134057839653622, -8.341265971486642 ], [ 157.137536160451162, -8.344578006196153 ], [ 157.142510999951924, -8.345158949177339 ], [ 157.146032880057589, -8.342599016738241 ] ] ], [ [ [ 157.332052079861995, -8.340120991305366 ], [ 157.329140039951568, -8.34453704467232 ], [ 157.330175040194376, -8.34876498209184 ], [ 157.327110000123042, -8.344378896682928 ], [ 157.329402119842456, -8.340690008681104 ], [ 157.327443000208973, -8.340973003260267 ], [ 157.325725080025904, -8.343439090984754 ], [ 157.325234040230384, -8.346984944359162 ], [ 157.327719840318309, -8.35206306290401 ], [ 157.320173879642283, -8.348668990515897 ], [ 157.317461999648515, -8.346420922238311 ], [ 157.316132880201877, -8.342862063185009 ], [ 157.309629119765702, -8.343864915940364 ], [ 157.308977879812261, -8.346335972032179 ], [ 157.313156040318404, -8.350920963370308 ], [ 157.319488079703234, -8.353759019675426 ], [ 157.320947879769165, -8.357995048983405 ], [ 157.319165880061973, -8.359778955222261 ], [ 157.320470160192656, -8.360683995042084 ], [ 157.326036119896401, -8.363073915174754 ], [ 157.339054080090762, -8.36522607770168 ], [ 157.341240000078955, -8.362675893199707 ], [ 157.340423879745003, -8.35822994768532 ], [ 157.337250120168136, -8.352928939687402 ], [ 157.330173960419415, -8.346612016295129 ], [ 157.330710000420765, -8.343025019766669 ], [ 157.332669840503115, -8.340974962603513 ], [ 157.332052079861995, -8.340120991305366 ] ] ], [ [ [ 157.132985040100266, -8.233144921078354 ], [ 157.131088920216001, -8.228138129238163 ], [ 157.125942000337773, -8.227327024409904 ], [ 157.117413960070621, -8.219195935037323 ], [ 157.114797120037309, -8.218428994034495 ], [ 157.112537040529162, -8.215084898489687 ], [ 157.111166160201577, -8.215550055562518 ], [ 157.111219079954992, -8.219723083552227 ], [ 157.113623879852042, -8.223431098894592 ], [ 157.111338960129672, -8.222994988701114 ], [ 157.109838840080499, -8.225946022671055 ], [ 157.111503120061315, -8.227565920272136 ], [ 157.115248920522902, -8.225807067648358 ], [ 157.116864960074651, -8.228682011749111 ], [ 157.115960999777286, -8.23174808532516 ], [ 157.11908688004786, -8.233941940263406 ], [ 157.119486120106217, -8.235777893011388 ], [ 157.127505120136107, -8.237697030261986 ], [ 157.12856316036931, -8.234870071946199 ], [ 157.132985040100266, -8.233144921078354 ] ] ], [ [ [ 157.146369839917298, -8.308577956287174 ], [ 157.143989159785605, -8.304251978479641 ], [ 157.140797040440958, -8.303328996999122 ], [ 157.138953119861185, -8.300855888952707 ], [ 157.134902040425033, -8.301190030861791 ], [ 157.134141000292715, -8.305106028119123 ], [ 157.136190120337858, -8.311529952886582 ], [ 157.139278919950129, -8.313957932786973 ], [ 157.143971879792815, -8.312888924785049 ], [ 157.146369839917298, -8.308577956287174 ] ] ], [ [ [ 157.154928120171803, -8.284407049356995 ], [ 157.144780079680885, -8.279193035942388 ], [ 157.139873999926948, -8.284353969340644 ], [ 157.141770840260079, -8.288140997338393 ], [ 157.144908960076378, -8.290088912654145 ], [ 157.149439920435668, -8.2844970008193 ], [ 157.151732040155053, -8.287847989784792 ], [ 157.154281919767129, -8.286535954696813 ], [ 157.154928120171803, -8.284407049356995 ] ] ], [ [ [ 157.091052960041907, -8.15307303940822 ], [ 157.087980000423045, -8.154832035038465 ], [ 157.081131000355185, -8.15449598770252 ], [ 157.063638960227053, -8.149001055627592 ], [ 157.054848120518471, -8.148944036641566 ], [ 157.080222000509053, -8.156552001826892 ], [ 157.090201920396254, -8.156681003665939 ], [ 157.091052960041907, -8.15307303940822 ] ] ], [ [ [ 157.116276000319857, -8.242342967284049 ], [ 157.11038496007771, -8.240360078054788 ], [ 157.108458960430482, -8.243434077419955 ], [ 157.108326120261182, -8.246588037403784 ], [ 157.111178040421237, -8.248015995422458 ], [ 157.111928999659426, -8.252288971565703 ], [ 157.114239119820468, -8.25156395637841 ], [ 157.115797920518929, -8.248977048852998 ], [ 157.116276000319857, -8.242342967284049 ] ] ], [ [ [ 157.176151920093673, -8.279520962295626 ], [ 157.173971039654248, -8.276315965882299 ], [ 157.163109119685117, -8.277261988907174 ], [ 157.16740787991651, -8.282241083511558 ], [ 157.17411504049258, -8.28118802047978 ], [ 157.176151920093673, -8.279520962295626 ] ] ], [ [ [ 157.238237160070526, -8.309196000556845 ], [ 157.23632808019164, -8.301444021791065 ], [ 157.231929960001651, -8.302062966840371 ], [ 157.230483119930284, -8.308766931499772 ], [ 157.235572080506415, -8.310411958780348 ], [ 157.238237160070526, -8.309196000556845 ] ] ], [ [ [ 157.160361960155171, -8.331241003391717 ], [ 157.154126040505759, -8.333643036837801 ], [ 157.151319119653238, -8.332301946844099 ], [ 157.14956088038528, -8.333018976342075 ], [ 157.146195960214243, -8.337471085401292 ], [ 157.145707079968645, -8.340688940435632 ], [ 157.1480100001327, -8.341171046287798 ], [ 157.15144692027377, -8.337166004717011 ], [ 157.160361960155171, -8.331241003391717 ] ] ], [ [ [ 157.312780920025489, -8.15228797411315 ], [ 157.311833040195523, -8.149215052194876 ], [ 157.308792119889603, -8.154192903243764 ], [ 157.307627160374636, -8.160152986567915 ], [ 157.302668159968988, -8.166813029152983 ], [ 157.295846880114169, -8.170898016076638 ], [ 157.295994120277413, -8.172515998998444 ], [ 157.301507879778342, -8.169964033241857 ], [ 157.305831119999539, -8.166006965803186 ], [ 157.310477999861433, -8.154753101158679 ], [ 157.312780920025489, -8.15228797411315 ] ] ], [ [ [ 157.15251216050396, -8.154639066630011 ], [ 157.139723160214317, -8.148292066469093 ], [ 157.134846960223342, -8.148045995476817 ], [ 157.135124159658773, -8.149357063371843 ], [ 157.138176960184353, -8.149385929092464 ], [ 157.142392920001043, -8.152955083819009 ], [ 157.144079160197293, -8.152247883924192 ], [ 157.150478880452255, -8.156427098611388 ], [ 157.15251216050396, -8.154639066630011 ] ] ], [ [ [ 157.127196960264399, -8.25660394197376 ], [ 157.123767959670886, -8.252554038175555 ], [ 157.124782080371546, -8.251926108424692 ], [ 157.123956959816752, -8.248265032067261 ], [ 157.120994159702889, -8.248304043948822 ], [ 157.123774079892911, -8.254747065657462 ], [ 157.122389159795802, -8.257419973985884 ], [ 157.123672919710486, -8.261078115125109 ], [ 157.1268758403981, -8.260406021501348 ], [ 157.127196960264399, -8.25660394197376 ] ] ], [ [ [ 157.169736000519208, -8.314172018918041 ], [ 157.166336879688686, -8.30802296252968 ], [ 157.163851080499086, -8.308473049253443 ], [ 157.162345920002878, -8.311687935374144 ], [ 157.162920120437548, -8.313889004708036 ], [ 157.167550080531015, -8.315804911193169 ], [ 157.169736000519208, -8.314172018918041 ] ] ], [ [ [ 157.128723000302756, -8.240365956713561 ], [ 157.126732920233053, -8.238466072323218 ], [ 157.120196039810622, -8.237144965543822 ], [ 157.124158919957239, -8.243747069338488 ], [ 157.127450039934445, -8.242789031382069 ], [ 157.128723000302756, -8.240365956713561 ] ] ], [ [ [ 157.190979960432685, -8.33496595636327 ], [ 157.188448080363969, -8.333783913582845 ], [ 157.186494000279225, -8.330622104124537 ], [ 157.186461960067987, -8.325261947405606 ], [ 157.184400959803213, -8.326115951569085 ], [ 157.183332120023636, -8.330666985021821 ], [ 157.184449919782821, -8.333672066981762 ], [ 157.188134160494684, -8.33627088364946 ], [ 157.190235840068766, -8.336497959021973 ], [ 157.190979960432685, -8.33496595636327 ] ] ], [ [ [ 157.147637040287975, -8.273071042396285 ], [ 157.144752000141722, -8.267264955479213 ], [ 157.142926080003662, -8.267196910375448 ], [ 157.140388079712892, -8.269989080042363 ], [ 157.141891079760853, -8.272902000137927 ], [ 157.147637040287975, -8.273071042396285 ] ] ], [ [ [ 157.30879895966217, -8.355628961922383 ], [ 157.303672920224415, -8.356695003036055 ], [ 157.295751119704875, -8.362665919899177 ], [ 157.303814040165634, -8.360178939439551 ], [ 157.30879895966217, -8.355628961922383 ] ] ], [ [ [ 157.161102840295854, -8.160975987149763 ], [ 157.155350039996137, -8.155983966270522 ], [ 157.152500999834899, -8.155325059038462 ], [ 157.158758160149205, -8.162001930256 ], [ 157.161102840295854, -8.160975987149763 ] ] ], [ [ [ 157.110305039661824, -8.214490936133478 ], [ 157.107481920388096, -8.210347070750558 ], [ 157.104096119776585, -8.210634078423178 ], [ 157.107669839860705, -8.216512969794273 ], [ 157.110305039661824, -8.214490936133478 ] ] ], [ [ [ 157.1152039203171, -8.237557009991948 ], [ 157.111747919959384, -8.234704041539974 ], [ 157.11078095991283, -8.239643947752915 ], [ 157.113162000268943, -8.24105696742429 ], [ 157.1152039203171, -8.237557009991948 ] ] ], [ [ [ 157.155945840421822, -8.294955987687205 ], [ 157.147270920215846, -8.292715983237606 ], [ 157.145799960379151, -8.294526013449358 ], [ 157.147334999739996, -8.296700105138537 ], [ 157.155945840421822, -8.294955987687205 ] ] ], [ [ [ 157.127051160100535, -8.274147105800088 ], [ 157.126118040489047, -8.272934953312697 ], [ 157.123850039636721, -8.273271969295886 ], [ 157.121848080245684, -8.277543960529485 ], [ 157.125986999645278, -8.277449019708252 ], [ 157.127051160100535, -8.274147105800088 ] ] ], [ [ [ 157.202523000118219, -8.291559995701803 ], [ 157.198932000041282, -8.2902009499127 ], [ 157.198093920390249, -8.295929039601814 ], [ 157.195362960179807, -8.300052057974192 ], [ 157.196090880325926, -8.302318025549088 ], [ 157.199531039791879, -8.293355959879815 ], [ 157.202523000118219, -8.291559995701803 ] ] ], [ [ [ 157.206349080321843, -8.295732932980856 ], [ 157.205552040204509, -8.294913952535371 ], [ 157.204090079690332, -8.296197104406637 ], [ 157.203680040085629, -8.303810971383173 ], [ 157.206349080321843, -8.295732932980856 ] ] ], [ [ [ 157.043262959727599, -8.239033989440591 ], [ 157.041078120412692, -8.235247025364561 ], [ 157.03899588038135, -8.23867895251885 ], [ 157.041696959930448, -8.242363987699999 ], [ 157.043262959727599, -8.239033989440591 ] ] ], [ [ [ 157.180616999806631, -8.286100983492497 ], [ 157.178592000425198, -8.282884996695227 ], [ 157.17565512030049, -8.28480693259918 ], [ 157.178253959892203, -8.287491036856443 ], [ 157.180616999806631, -8.286100983492497 ] ] ], [ [ [ 157.092500879888206, -8.195650963850913 ], [ 157.090754880166031, -8.192790924733195 ], [ 157.087836000483009, -8.192354959460623 ], [ 157.088041920397274, -8.195445009137545 ], [ 157.09094208008807, -8.196494024329033 ], [ 157.092500879888206, -8.195650963850913 ] ] ], [ [ [ 157.200020999812466, -8.305817052311248 ], [ 157.199499000478966, -8.303576040475088 ], [ 157.197952080000135, -8.303903946224654 ], [ 157.197934080456804, -8.309606010071468 ], [ 157.19666292031232, -8.311571095964391 ], [ 157.197985920435201, -8.311708061769568 ], [ 157.199862960102848, -8.308701921510272 ], [ 157.200020999812466, -8.305817052311248 ] ] ], [ [ [ 157.20819912022526, -8.270076006698886 ], [ 157.205545919982512, -8.267546934348532 ], [ 157.2043618802509, -8.269716009303686 ], [ 157.201809840190577, -8.270550005490445 ], [ 157.203668159865998, -8.271981974039239 ], [ 157.20819912022526, -8.270076006698886 ] ] ], [ [ [ 157.125846960377316, -8.148488958599248 ], [ 157.116335040295297, -8.14915892477633 ], [ 157.124988000285811, -8.15051506871179 ], [ 157.125846960377316, -8.148488958599248 ] ] ], [ [ [ 157.023374040148269, -8.235752062942 ], [ 157.021072920208013, -8.231631934266739 ], [ 157.018835160241423, -8.233103057343406 ], [ 157.021416000289776, -8.236820032821065 ], [ 157.023374040148269, -8.235752062942 ] ] ], [ [ [ 157.124269080360534, -8.245817051516916 ], [ 157.122753839868523, -8.243273038841137 ], [ 157.120755840251292, -8.244515921399133 ], [ 157.121332919786425, -8.247822002543028 ], [ 157.12345691980039, -8.247507944495672 ], [ 157.124269080360534, -8.245817051516916 ] ] ], [ [ [ 157.111576920255146, -8.14949194758146 ], [ 157.102013879745243, -8.150022039599648 ], [ 157.105608120045389, -8.150896021895685 ], [ 157.111576920255146, -8.14949194758146 ] ] ], [ [ [ 157.276260000184493, -8.352097968626884 ], [ 157.272837840261843, -8.351432976307928 ], [ 157.269087000251517, -8.353279956164508 ], [ 157.273417080245281, -8.353677987855182 ], [ 157.276260000184493, -8.352097968626884 ] ] ], [ [ [ 157.155459840174984, -8.314741074510675 ], [ 157.151757960144266, -8.312784018919411 ], [ 157.153541040524772, -8.317218903961651 ], [ 157.155198840059114, -8.317421055250202 ], [ 157.155459840174984, -8.314741074510675 ] ] ], [ [ [ 157.019884919804355, -8.230816027325817 ], [ 157.018453919726397, -8.229207010380049 ], [ 157.015859039908491, -8.229862054663529 ], [ 157.018374000208865, -8.232827111329254 ], [ 157.019884919804355, -8.230816027325817 ] ] ], [ [ [ 157.188768120455308, -8.198598994225023 ], [ 157.186432080305053, -8.19261204909121 ], [ 157.185928080514884, -8.196251012168112 ], [ 157.187232000421119, -8.199214003386764 ], [ 157.188768120455308, -8.198598994225023 ] ] ], [ [ [ 157.131696960187412, -8.235604915725908 ], [ 157.129382880252564, -8.234604994222865 ], [ 157.128712920306953, -8.237298881326524 ], [ 157.130146079934832, -8.237830993696885 ], [ 157.131696960187412, -8.235604915725908 ] ] ], [ [ [ 157.296080880465894, -8.360909986946176 ], [ 157.29051311963994, -8.363455018483817 ], [ 157.294848960529634, -8.363458045895033 ], [ 157.296080880465894, -8.360909986946176 ] ] ], [ [ [ 157.13348183989342, -8.287999035592843 ], [ 157.129658999913033, -8.286794941954868 ], [ 157.131569160465205, -8.289171064024284 ], [ 157.13348183989342, -8.287999035592843 ] ] ], [ [ [ 157.156439039767292, -8.269768913245267 ], [ 157.152664079991581, -8.268769968819601 ], [ 157.154407920163834, -8.270931911354026 ], [ 157.156439039767292, -8.269768913245267 ] ] ], [ [ [ 157.106486160353512, -8.263675986641468 ], [ 157.104914040334364, -8.261764101187882 ], [ 157.103172000385939, -8.26238595957823 ], [ 157.105446840112535, -8.264897963925346 ], [ 157.106486160353512, -8.263675986641468 ] ] ], [ [ [ 157.166663040002021, -8.271403059043914 ], [ 157.165520039804193, -8.26936099942853 ], [ 157.163790959850388, -8.27032894864451 ], [ 157.164751080124347, -8.272818993488968 ], [ 157.166663040002021, -8.271403059043914 ] ] ], [ [ [ 157.207619880241879, -8.282673921332639 ], [ 157.206196080160964, -8.280852971006594 ], [ 157.204909080023043, -8.282047998024355 ], [ 157.206275999678525, -8.284392977605572 ], [ 157.207619880241879, -8.282673921332639 ] ] ], [ [ [ 157.130054999748154, -8.149208103401754 ], [ 157.128963119978209, -8.147918951128721 ], [ 157.126025880527408, -8.14917799077009 ], [ 157.130054999748154, -8.149208103401754 ] ] ], [ [ [ 157.125074040025396, -8.304144042397981 ], [ 157.124219039707668, -8.30227901908634 ], [ 157.122383040472101, -8.3027499515778 ], [ 157.123140840381154, -8.304855958642644 ], [ 157.125074040025396, -8.304144042397981 ] ] ], [ [ [ 157.129791120531792, -8.244305004217285 ], [ 157.129121159687827, -8.24346400473814 ], [ 157.127375159965624, -8.244671080871321 ], [ 157.12689491971642, -8.247382000834182 ], [ 157.129791120531792, -8.244305004217285 ] ] ], [ [ [ 157.071319919723948, -8.252487058990646 ], [ 157.069587959771326, -8.251100088738907 ], [ 157.067967960445827, -8.252275968036788 ], [ 157.070320920364452, -8.253387001729983 ], [ 157.070342879681561, -8.254938917233821 ], [ 157.071319919723948, -8.252487058990646 ] ] ], [ [ [ 157.101855120485055, -8.228351015059243 ], [ 157.099219919785639, -8.22611900512495 ], [ 157.100219999818393, -8.229060038792216 ], [ 157.101855120485055, -8.228351015059243 ] ] ], [ [ [ 157.108659120347085, -8.235084023532298 ], [ 157.108020119939425, -8.233056027196371 ], [ 157.106289960210631, -8.23325911180036 ], [ 157.107248999811333, -8.236292016010953 ], [ 157.108659120347085, -8.235084023532298 ] ] ], [ [ [ 157.178567160210974, -8.308886087372779 ], [ 157.176660960330906, -8.306714022660131 ], [ 157.1749981203495, -8.307690964081344 ], [ 157.177784159863251, -8.309775927513146 ], [ 157.178567160210974, -8.308886087372779 ] ] ], [ [ [ 157.102527960429484, -8.202612926602875 ], [ 157.100022000350009, -8.200356008040348 ], [ 157.101085080131952, -8.203043891783942 ], [ 157.102527960429484, -8.202612926602875 ] ] ], [ [ [ 157.110702839720773, -8.271146021225695 ], [ 157.108578120156238, -8.270351927251541 ], [ 157.109000039980572, -8.272489992154696 ], [ 157.110702839720773, -8.271146021225695 ] ] ], [ [ [ 157.106088000070145, -8.230028087126378 ], [ 157.104784080163881, -8.22713907910175 ], [ 157.104115920442069, -8.228887948994796 ], [ 157.106088000070145, -8.230028087126378 ] ] ], [ [ [ 157.115792160521323, -8.228483912248389 ], [ 157.1143730397647, -8.226639018797043 ], [ 157.113281880443594, -8.227899055632834 ], [ 157.114560960135634, -8.229538006345386 ], [ 157.115792160521323, -8.228483912248389 ] ] ], [ [ [ 157.201328880390804, -8.335372021595342 ], [ 157.198362120503191, -8.335042005108331 ], [ 157.199478120038492, -8.336569020477121 ], [ 157.201328880390804, -8.335372021595342 ] ] ], [ [ [ 157.190758920075552, -8.317992955780882 ], [ 157.189591079663472, -8.317288899757603 ], [ 157.187584079825371, -8.318570019842843 ], [ 157.189368960429732, -8.3193590296945 ], [ 157.190758920075552, -8.317992955780882 ] ] ], [ [ [ 157.159893960350047, -8.289894940747574 ], [ 157.159176120199731, -8.287973920352357 ], [ 157.157816040316874, -8.288308073357696 ], [ 157.15808207998154, -8.290112068156976 ], [ 157.159893960350047, -8.289894940747574 ] ] ], [ [ [ 157.133585160524149, -8.268608939813781 ], [ 157.131340920111086, -8.269022020350164 ], [ 157.130984160484218, -8.270390046555443 ], [ 157.133585160524149, -8.268608939813781 ] ] ], [ [ [ 157.139115120242877, -8.265756909038565 ], [ 157.136906160264317, -8.264293033031713 ], [ 157.137488999797057, -8.266259948283089 ], [ 157.139115120242877, -8.265756909038565 ] ] ], [ [ [ 157.147108919834153, -8.300881893655401 ], [ 157.145694119974053, -8.299450030773119 ], [ 157.144357080081619, -8.301377051028901 ], [ 157.147108919834153, -8.300881893655401 ] ] ], [ [ [ 157.155149880079477, -8.266740008058653 ], [ 157.153307040173047, -8.265612979394664 ], [ 157.152687119982005, -8.267060997312026 ], [ 157.155149880079477, -8.266740008058653 ] ] ], [ [ [ 157.134000960126457, -8.149161953852616 ], [ 157.133343960175409, -8.147951915708198 ], [ 157.131199079721, -8.148344986799652 ], [ 157.134000960126457, -8.149161953852616 ] ] ], [ [ [ 157.109997960463403, -8.235847903471518 ], [ 157.108197960314556, -8.235777002566266 ], [ 157.108182120321146, -8.23779607769016 ], [ 157.109997960463403, -8.235847903471518 ] ] ], [ [ [ 157.109294880531564, -8.240438994723627 ], [ 157.10761907965724, -8.238880075236448 ], [ 157.108064040370294, -8.241412003078988 ], [ 157.109294880531564, -8.240438994723627 ] ] ], [ [ [ 157.161224880020484, -8.273651023339461 ], [ 157.158963000288509, -8.271245060155593 ], [ 157.159829879927571, -8.273620029014504 ], [ 157.161224880020484, -8.273651023339461 ] ] ], [ [ [ 157.192774920134497, -8.335220994270255 ], [ 157.191269040087747, -8.334757046804709 ], [ 157.190658120117547, -8.336673029673268 ], [ 157.192559999999389, -8.336834920613082 ], [ 157.192774920134497, -8.335220994270255 ] ] ], [ [ [ 157.267050840200938, -8.336086017764947 ], [ 157.265273160491944, -8.334658024105055 ], [ 157.265870039794265, -8.337709914437234 ], [ 157.267050840200938, -8.336086017764947 ] ] ], [ [ [ 157.189996079719435, -8.284826882323303 ], [ 157.187539080517837, -8.284081977093711 ], [ 157.188828959756194, -8.285581938585644 ], [ 157.189996079719435, -8.284826882323303 ] ] ], [ [ [ 157.115161079661192, -8.25549505440922 ], [ 157.11291000037383, -8.25507091497232 ], [ 157.113819000219991, -8.256407103198018 ], [ 157.115161079661192, -8.25549505440922 ] ] ], [ [ [ 157.115489040198355, -8.253838041252857 ], [ 157.114420919969348, -8.252717032712694 ], [ 157.11314111982847, -8.253712990039681 ], [ 157.115489040198355, -8.253838041252857 ] ] ], [ [ [ 157.13195616007954, -8.265508060751806 ], [ 157.128863040469014, -8.264479000717198 ], [ 157.130420040045351, -8.266127063065321 ], [ 157.13195616007954, -8.265508060751806 ] ] ], [ [ [ 157.168574999879723, -8.290280034543235 ], [ 157.166763120409541, -8.290843958682874 ], [ 157.167038879845563, -8.292450052784574 ], [ 157.168574999879723, -8.290280034543235 ] ] ], [ [ [ 157.206835079670327, -8.275390068835012 ], [ 157.204932840462305, -8.274279987383945 ], [ 157.20425388029588, -8.275768051494621 ], [ 157.206835079670327, -8.275390068835012 ] ] ], [ [ [ 157.18231907999629, -8.177938093402487 ], [ 157.180868999701744, -8.176866936070333 ], [ 157.180167000443163, -8.178294966486776 ], [ 157.181640119829837, -8.178988044995084 ], [ 157.18231907999629, -8.177938093402487 ] ] ], [ [ [ 157.128032159916671, -8.281839951152232 ], [ 157.126948920143121, -8.28033391908752 ], [ 157.126614840282173, -8.282202075030543 ], [ 157.128032159916671, -8.281839951152232 ] ] ], [ [ [ 157.186978919852777, -8.295019931610843 ], [ 157.185867959866187, -8.294218939321247 ], [ 157.185243000126377, -8.296442014797361 ], [ 157.186978919852777, -8.295019931610843 ] ] ], [ [ [ 157.199419080063109, -8.287460933962365 ], [ 157.197175920323303, -8.286667941715507 ], [ 157.197705119653818, -8.287983004360001 ], [ 157.199419080063109, -8.287460933962365 ] ] ], [ [ [ 157.115009160173571, -8.270398952900891 ], [ 157.113771840464182, -8.268971966383802 ], [ 157.113728999808274, -8.27066792658429 ], [ 157.115009160173571, -8.270398952900891 ] ] ], [ [ [ 157.314398040250467, -8.355918000473107 ], [ 157.312634040086635, -8.356462952830171 ], [ 157.312814040011659, -8.357771904790663 ], [ 157.314398040250467, -8.355918000473107 ] ] ], [ [ [ 157.123099080398532, -8.299450921072625 ], [ 157.121421840423125, -8.298708003471994 ], [ 157.122154079669087, -8.300041015593294 ], [ 157.123099080398532, -8.299450921072625 ] ] ], [ [ [ 157.045191119823102, -8.240344936190045 ], [ 157.044061080518162, -8.238932092029957 ], [ 157.044171960471999, -8.241265036081661 ], [ 157.045191119823102, -8.240344936190045 ] ] ], [ [ [ 157.209625079856153, -8.281479964648879 ], [ 157.20860915982999, -8.280235950884958 ], [ 157.208482079658296, -8.282251949225961 ], [ 157.209625079856153, -8.281479964648879 ] ] ], [ [ [ 157.109448960467404, -8.219771006678805 ], [ 157.108367159794966, -8.218970930081587 ], [ 157.107636000323936, -8.219986034206732 ], [ 157.109448960467404, -8.219771006678805 ] ] ], [ [ [ 157.117273919904392, -8.26238595957823 ], [ 157.116355919837446, -8.261367935668089 ], [ 157.115787840523126, -8.262832000748013 ], [ 157.117273919904392, -8.26238595957823 ] ] ], [ [ [ 157.226907959846812, -8.289119943370197 ], [ 157.225866119831437, -8.288386980308895 ], [ 157.225649040146408, -8.290286090512382 ], [ 157.226907959846812, -8.289119943370197 ] ] ], [ [ [ 157.133104920274945, -8.281036972022935 ], [ 157.131638999986961, -8.280437943388094 ], [ 157.131852840347079, -8.281658978567949 ], [ 157.133104920274945, -8.281036972022935 ] ] ], [ [ [ 157.189420079959262, -8.201587979043802 ], [ 157.188665160048998, -8.200230049201735 ], [ 157.187972160112963, -8.201633944342694 ], [ 157.189420079959262, -8.201587979043802 ] ] ], [ [ [ 157.077093959790233, -8.151332032170448 ], [ 157.075124039712136, -8.151502016620624 ], [ 157.07635307964955, -8.152348021668125 ], [ 157.077093959790233, -8.151332032170448 ] ] ], [ [ [ 157.309163999959367, -8.357876976463352 ], [ 157.307361119811645, -8.357639050983735 ], [ 157.306530959708169, -8.358993054577709 ], [ 157.309163999959367, -8.357876976463352 ] ] ], [ [ [ 157.129049159717795, -8.286416970021756 ], [ 157.127604119870313, -8.285560029276516 ], [ 157.128032159916671, -8.286864943245675 ], [ 157.129049159717795, -8.286416970021756 ] ] ], [ [ [ 157.1373320398624, -8.291771066233752 ], [ 157.136532840195173, -8.291117905788484 ], [ 157.135997879968727, -8.292606084356381 ], [ 157.1373320398624, -8.291771066233752 ] ] ], [ [ [ 157.128006960376325, -8.248451008295614 ], [ 157.127717879822939, -8.247520949078432 ], [ 157.126628160501213, -8.248682052896402 ], [ 157.128006960376325, -8.248451008295614 ] ] ], [ [ [ 157.18548492002563, -8.184377981043978 ], [ 157.184474040446531, -8.184072959441133 ], [ 157.184638919928716, -8.185546040320613 ], [ 157.18548492002563, -8.184377981043978 ] ] ], [ [ [ 157.187265120407318, -8.246272018541616 ], [ 157.186697040194701, -8.245468077430058 ], [ 157.186508040048835, -8.247235036979575 ], [ 157.187265120407318, -8.246272018541616 ] ] ], [ [ [ 157.186365840332599, -8.190629089757435 ], [ 157.185731159923108, -8.189627984817271 ], [ 157.185766080133163, -8.191382009124368 ], [ 157.186365840332599, -8.190629089757435 ] ] ] ] } },
{ "type": "Feature", "properties": { "shapeName": "North New Georgia", "shapeISO": "", "shapeID": "97153195B59663356998763", "shapeGroup": "SLB", "shapeType": "ADM2" }, "geometry": { "type": "MultiPolygon", "coordinates": [ [ [ [ 157.489160039801163, -8.127579916190935 ], [ 157.53904704036529, -8.125770907013939 ], [ 157.561310160528166, -8.181350917213507 ], [ 157.604969879642624, -8.298156023501491 ], [ 157.746720960136741, -8.227899055632834 ], [ 157.735760040433405, -8.225819003497177 ], [ 157.734528840047687, -8.221041041676809 ], [ 157.730121000086314, -8.2164329797102 ], [ 157.722132960492701, -8.216330007823938 ], [ 157.717500839950958, -8.210370052887356 ], [ 157.718880000050433, -8.20857994632919 ], [ 157.716172079830471, -8.206131899077091 ], [ 157.718162159900174, -8.203754921364169 ], [ 157.716591119655988, -8.203375979377871 ], [ 157.715351999722742, -8.205503004265992 ], [ 157.711582080394066, -8.206501040086737 ], [ 157.712968080266137, -8.208194060358666 ], [ 157.709899080421081, -8.20878393503348 ], [ 157.70647007982754, -8.208602038062656 ], [ 157.706386920086771, -8.207049940403008 ], [ 157.708443959679443, -8.20634408355636 ], [ 157.707603000029565, -8.205333932760627 ], [ 157.703442120414536, -8.205886932860928 ], [ 157.702940999724859, -8.207455959281461 ], [ 157.702143960505879, -8.2061650359887 ], [ 157.697217000311468, -8.20698295431804 ], [ 157.695611039857255, -8.208723896092046 ], [ 157.697299080277276, -8.211195978743458 ], [ 157.697175959879416, -8.214278042774179 ], [ 157.694951159907362, -8.216181962812474 ], [ 157.690637999682025, -8.213280026754703 ], [ 157.682724120506634, -8.2188928995635 ], [ 157.681072080071573, -8.222140939730577 ], [ 157.678133040396972, -8.222073955331036 ], [ 157.679778959711683, -8.225166980933142 ], [ 157.679103960217304, -8.227985100311113 ], [ 157.67578187980385, -8.231460023692314 ], [ 157.670262000080896, -8.23242592810254 ], [ 157.66756092053177, -8.227682963001964 ], [ 157.661520120351952, -8.230896014469835 ], [ 157.65612084035422, -8.231717979018551 ], [ 157.657921920278028, -8.234489912551123 ], [ 157.656891960482312, -8.236150035364997 ], [ 157.657452120249076, -8.233926085790424 ], [ 157.653090000044074, -8.234846022711347 ], [ 157.652049960252526, -8.231562992492041 ], [ 157.648475160393446, -8.23116305550081 ], [ 157.650847920079286, -8.22922108412428 ], [ 157.651278119675567, -8.225699109816805 ], [ 157.65055308042659, -8.222722954539519 ], [ 157.647876119744552, -8.22213292365484 ], [ 157.646112120478989, -8.223441965353055 ], [ 157.64614415979193, -8.225298988735082 ], [ 157.641859080003996, -8.224014002256709 ], [ 157.63876487972027, -8.226394955873053 ], [ 157.635860039806801, -8.224203908998433 ], [ 157.631154119969523, -8.226906952305388 ], [ 157.630908959847034, -8.228724054049687 ], [ 157.628040119918609, -8.228714078199166 ], [ 157.627919880417835, -8.230645006849404 ], [ 157.62158999968463, -8.235791076073902 ], [ 157.6186678797784, -8.235284078670167 ], [ 157.620530879676465, -8.233144030627201 ], [ 157.619580840296607, -8.227534031820742 ], [ 157.621602959679251, -8.227343948602647 ], [ 157.627641960533538, -8.219704021873703 ], [ 157.632064920039483, -8.218505064684278 ], [ 157.634377920199341, -8.214509998960665 ], [ 157.63397004014459, -8.210863897772372 ], [ 157.637504880244876, -8.207018941686533 ], [ 157.639028040284416, -8.208866064789303 ], [ 157.639285079728239, -8.207119956001641 ], [ 157.641747839825769, -8.205718040518803 ], [ 157.637985120494079, -8.20286894089174 ], [ 157.631279039692942, -8.202403946875959 ], [ 157.631907960104826, -8.203349968171885 ], [ 157.630313160319645, -8.20390493020818 ], [ 157.626345960174831, -8.200158072320827 ], [ 157.626761040226597, -8.198380926267919 ], [ 157.634192879827225, -8.192886063339104 ], [ 157.635294120042431, -8.187163073350121 ], [ 157.633076159843, -8.185895067797684 ], [ 157.632586920271279, -8.183873056278321 ], [ 157.631028120471143, -8.183150945018303 ], [ 157.625926920349315, -8.185257945632987 ], [ 157.623730920365318, -8.187761886960725 ], [ 157.619670120259428, -8.18411999546465 ], [ 157.617549000244253, -8.176322982620079 ], [ 157.614188039846994, -8.17412097004458 ], [ 157.607625959884217, -8.175389012652895 ], [ 157.609730160131022, -8.171699970912547 ], [ 157.607442000185387, -8.167193075101505 ], [ 157.60188288025418, -8.16257797533231 ], [ 157.603042079771541, -8.157526106094362 ], [ 157.606229160465801, -8.154910078273961 ], [ 157.606288919991755, -8.151900965057001 ], [ 157.609315080079256, -8.151626031653841 ], [ 157.612300920183543, -8.153334964994862 ], [ 157.611966119873784, -8.149680998793221 ], [ 157.614008039921941, -8.153454879860602 ], [ 157.619282039971864, -8.153857033489802 ], [ 157.622063039936819, -8.152616005835315 ], [ 157.622796000529974, -8.14984100699634 ], [ 157.627263960241777, -8.148914992760229 ], [ 157.630942079833233, -8.139247047982664 ], [ 157.630469040479369, -8.137255983175633 ], [ 157.626641880500785, -8.13760095453665 ], [ 157.628277000269151, -8.134484976271944 ], [ 157.630340880532742, -8.135128059800063 ], [ 157.63145616051753, -8.131772930929831 ], [ 157.626826919974576, -8.129435960542025 ], [ 157.62594996033971, -8.132063025073018 ], [ 157.62212100013727, -8.13383797182895 ], [ 157.620966119719839, -8.1311129145128 ], [ 157.620035159658272, -8.133024892985764 ], [ 157.616173080367986, -8.129839028396745 ], [ 157.617069120219497, -8.133136974260678 ], [ 157.616003879989279, -8.135210026783458 ], [ 157.614275879810435, -8.134148911632572 ], [ 157.613775120243503, -8.135404965055018 ], [ 157.615907039804995, -8.138695024883816 ], [ 157.618010160276839, -8.138412063614931 ], [ 157.616267039655128, -8.139242950033765 ], [ 157.614464160405731, -8.138588112832904 ], [ 157.616543160213894, -8.141082011770221 ], [ 157.616516160449692, -8.143511036553903 ], [ 157.612074119828804, -8.139567962541971 ], [ 157.612057920509329, -8.141635991880193 ], [ 157.610460960275901, -8.141214047799494 ], [ 157.608878039812055, -8.1429150075985 ], [ 157.609113119938769, -8.138270048504928 ], [ 157.607002079919425, -8.140778917019039 ], [ 157.605846840175815, -8.139668103499677 ], [ 157.604680080437021, -8.141675014355991 ], [ 157.603239000363288, -8.141402034181153 ], [ 157.601420999772756, -8.144506019620698 ], [ 157.599772920009798, -8.142413059749241 ], [ 157.59756288025622, -8.142348021215367 ], [ 157.600127880311192, -8.139327944420854 ], [ 157.601707919877896, -8.139317966302242 ], [ 157.601619000139493, -8.137703947023061 ], [ 157.603889880092311, -8.137231927968692 ], [ 157.604173920198633, -8.13531693974743 ], [ 157.607323920234563, -8.135249049893345 ], [ 157.605721920452396, -8.132687045749066 ], [ 157.607678879637604, -8.131988897213867 ], [ 157.605599879829498, -8.131040925008472 ], [ 157.610004120241513, -8.130002964537377 ], [ 157.61132712036445, -8.126767003527585 ], [ 157.610820960126006, -8.122104928870057 ], [ 157.609553040204759, -8.123232898489622 ], [ 157.60658807964262, -8.121002972680294 ], [ 157.609146960373835, -8.117906111239551 ], [ 157.607816039805073, -8.114742935534474 ], [ 157.609076040178792, -8.113282958529011 ], [ 157.60597895989622, -8.113640068161484 ], [ 157.602899880055332, -8.109193998682205 ], [ 157.60276200033735, -8.111626958299798 ], [ 157.604928119660002, -8.114407923905985 ], [ 157.603638959972187, -8.11514494947323 ], [ 157.602099959939238, -8.112195947367976 ], [ 157.599092160517813, -8.111020011795995 ], [ 157.600041120122711, -8.115612005045881 ], [ 157.597233839944067, -8.110034924344136 ], [ 157.599926999945637, -8.106743916631281 ], [ 157.599207000245428, -8.102647048177403 ], [ 157.600325160229033, -8.101131071505892 ], [ 157.603322160104113, -8.099996981940803 ], [ 157.604235840172862, -8.102081965607434 ], [ 157.603613039982974, -8.099880970198132 ], [ 157.604932080332105, -8.099051071968173 ], [ 157.603283999670822, -8.097815933310175 ], [ 157.601925000461222, -8.090766073065044 ], [ 157.604257079939401, -8.090951944613469 ], [ 157.606201080028342, -8.08646606158185 ], [ 157.604509079834486, -8.085355096870533 ], [ 157.603281119672005, -8.081197954209973 ], [ 157.606044120093685, -8.077807980161332 ], [ 157.603875840322701, -8.075402083079961 ], [ 157.606718039813074, -8.073465058180137 ], [ 157.606421039712188, -8.070991055886729 ], [ 157.60878804029872, -8.070927967240312 ], [ 157.609257840327672, -8.069283911216177 ], [ 157.603515120023786, -8.06780701718222 ], [ 157.601773080075333, -8.064704043763944 ], [ 157.603116959740362, -8.062066915681052 ], [ 157.606670160506752, -8.060773028979737 ], [ 157.606394039947986, -8.058054962863082 ], [ 157.610396879853425, -8.056427072651708 ], [ 157.611994919861814, -8.052387082182843 ], [ 157.607664839868022, -8.049974974003225 ], [ 157.604129999767764, -8.04991491186939 ], [ 157.603856039657217, -8.046608086352739 ], [ 157.597972919860922, -8.04465007082038 ], [ 157.600135080308178, -8.039808994363895 ], [ 157.598075880267231, -8.041127009034149 ], [ 157.599347040411686, -8.037799081395441 ], [ 157.5970160398102, -8.03750196870846 ], [ 157.598589960053204, -8.036510998757985 ], [ 157.599288000436275, -8.033152019551281 ], [ 157.597409880095341, -8.028648028067231 ], [ 157.599474119685027, -8.025763986538305 ], [ 157.597148879979471, -8.022184972428203 ], [ 157.594358879793646, -8.0247319927138 ], [ 157.596545880455096, -8.028604895423149 ], [ 157.595919120491459, -8.036935012949527 ], [ 157.591729079765656, -8.037359917584121 ], [ 157.588863840284887, -8.040141929691368 ], [ 157.587873840247937, -8.037978025978608 ], [ 157.585683960485966, -8.038392948856862 ], [ 157.584897000364492, -8.035526977135342 ], [ 157.593179160060203, -8.032028967526871 ], [ 157.592136959820408, -8.028056997979011 ], [ 157.590920160327045, -8.028291022295377 ], [ 157.591649160248096, -8.031162034842962 ], [ 157.589281079886575, -8.031737019597122 ], [ 157.587831000490326, -8.030263018654265 ], [ 157.591938960351996, -8.02590194176187 ], [ 157.585889880400231, -8.024289963638081 ], [ 157.583067120452597, -8.019191979395613 ], [ 157.577901120357751, -8.018480979880188 ], [ 157.578036120076945, -8.016924940723406 ], [ 157.57368083964451, -8.016406972713654 ], [ 157.573203120068001, -8.014467882991458 ], [ 157.579718040274969, -8.014109081822223 ], [ 157.591231919748083, -8.02273804615043 ], [ 157.591602000492315, -8.01943295994176 ], [ 157.587225120068865, -8.013582910803155 ], [ 157.57729811993508, -8.005964941473898 ], [ 157.574022839951283, -8.005048936073905 ], [ 157.566862080462357, -8.005839100065092 ], [ 157.565775959791694, -8.006970958558675 ], [ 157.566485880394424, -8.008840924849684 ], [ 157.564842119731338, -8.009574934300639 ], [ 157.562943119848285, -8.001670981409177 ], [ 157.551260039996464, -7.992543893220136 ], [ 157.547856960290488, -7.992679007779643 ], [ 157.547220839881589, -7.997422964439261 ], [ 157.54311000002113, -7.997335978761184 ], [ 157.538527920132282, -7.992836047829071 ], [ 157.538815920012354, -7.991344971707121 ], [ 157.541192999696392, -7.990548005901993 ], [ 157.543544879840027, -7.995291987665283 ], [ 157.546483920412982, -7.993265989558849 ], [ 157.547009880418585, -7.990315030594746 ], [ 157.544721000024083, -7.98776797227166 ], [ 157.542491880053916, -7.988749078785013 ], [ 157.542468120512922, -7.984062063440074 ], [ 157.538752920263192, -7.980212980898647 ], [ 157.530296160415531, -7.981872013803655 ], [ 157.534129080391722, -7.985621971928542 ], [ 157.5276868797053, -7.990936061675126 ], [ 157.517921160402665, -7.986797915402077 ], [ 157.515308999693616, -7.983329077580149 ], [ 157.516198920221427, -7.98108911181023 ], [ 157.514713919716797, -7.978679077391323 ], [ 157.51482696011891, -7.973588009873385 ], [ 157.508911079662511, -7.970929969339772 ], [ 157.508729999962497, -7.964162057993581 ], [ 157.503566879866383, -7.960736882033267 ], [ 157.501464120517312, -7.961684005027394 ], [ 157.491665999880723, -7.958194096905036 ], [ 157.481976959872412, -7.957025023165906 ], [ 157.47760187967279, -7.958491088136097 ], [ 157.475234879984583, -7.960694989600452 ], [ 157.477007159920419, -7.963909101562744 ], [ 157.473407880071534, -7.962800120397166 ], [ 157.459060079981725, -7.969694084601176 ], [ 157.45941612005808, -7.975580057921072 ], [ 157.454390160129464, -7.982595020276361 ], [ 157.45249907979391, -7.984213937199995 ], [ 157.452683040391065, -7.979670009923654 ], [ 157.450690080322545, -7.983019982366771 ], [ 157.446308879900926, -7.983885946974845 ], [ 157.447473119865322, -7.985213056089504 ], [ 157.442439959939719, -7.988864052656842 ], [ 157.440011040277255, -7.987853890814076 ], [ 157.435778880242765, -7.989146939964637 ], [ 157.435679880508559, -7.986669037691693 ], [ 157.430199959646075, -7.98576404044946 ], [ 157.4205760798352, -7.988376886088517 ], [ 157.417142039692976, -7.990643905688171 ], [ 157.410638999705583, -7.987377953241458 ], [ 157.406507999853517, -7.987790967283738 ], [ 157.403941920023613, -7.989748009128772 ], [ 157.399351919688911, -7.995339936996451 ], [ 157.398873839887955, -8.003853081990901 ], [ 157.393445040351622, -8.006259938310107 ], [ 157.396311000281287, -8.006556004082274 ], [ 157.393407959693349, -8.009146970098596 ], [ 157.391934119857837, -8.009530016804305 ], [ 157.391390160308902, -8.008687991233375 ], [ 157.392079920021729, -8.007748998166859 ], [ 157.392740879746526, -8.009159090662251 ], [ 157.393198080005334, -8.00712193271827 ], [ 157.389185160104063, -8.008622931770942 ], [ 157.393767960441778, -8.013767035458612 ], [ 157.392173159758329, -8.015404008451005 ], [ 157.392509039843077, -8.019532061088855 ], [ 157.390833960315916, -8.022649995946566 ], [ 157.388379119765972, -8.022151998328653 ], [ 157.389859079823509, -8.020653008982684 ], [ 157.390244999662798, -8.011673931373796 ], [ 157.387424039939049, -8.010436030648426 ], [ 157.38182711979897, -8.018076018447394 ], [ 157.385346119905876, -8.014545952851302 ], [ 157.388465160403854, -8.014249002022215 ], [ 157.385328839913086, -8.020649978928493 ], [ 157.377135960180112, -8.026310995303456 ], [ 157.377768119916908, -8.023108959750157 ], [ 157.370419079832658, -8.025732972751992 ], [ 157.369734000342504, -8.027015030017159 ], [ 157.371338159674565, -8.029146909425304 ], [ 157.368520079949604, -8.028597052716735 ], [ 157.367779920257789, -8.033561956595566 ], [ 157.358951999890934, -8.043851961797644 ], [ 157.356560159988476, -8.050799982900324 ], [ 157.356690839709501, -8.052927995853532 ], [ 157.358058120487698, -8.051654041088538 ], [ 157.356259919664296, -8.059899920898326 ], [ 157.354845119804253, -8.061134997155786 ], [ 157.356479880246496, -8.053378013709507 ], [ 157.353796079791863, -8.061604966803882 ], [ 157.347182159850661, -8.064544002139316 ], [ 157.350277079684957, -8.066324949987157 ], [ 157.350233879702955, -8.067921076667504 ], [ 157.345152840471002, -8.068103929179852 ], [ 157.345350120388872, -8.073043933346867 ], [ 157.336169039944508, -8.101906969966596 ], [ 157.338637920264034, -8.103265947042091 ], [ 157.335450120019232, -8.104447964419807 ], [ 157.333407120196171, -8.114139023142043 ], [ 157.330454039853635, -8.11862709304515 ], [ 157.333821840023489, -8.123232898489622 ], [ 157.337703000428718, -8.121940098757612 ], [ 157.338425159678906, -8.123124912527082 ], [ 157.336786080136733, -8.125075062987598 ], [ 157.334511959960707, -8.124740950787821 ], [ 157.328002080200775, -8.120187908825695 ], [ 157.325181840027568, -8.122797035379161 ], [ 157.322543039778765, -8.121581037052758 ], [ 157.31881884020649, -8.122524042183274 ], [ 157.314438000009233, -8.126260045520111 ], [ 157.320460080196881, -8.123957968712215 ], [ 157.32095004021744, -8.130886968524377 ], [ 157.489160039801163, -8.127579916190935 ] ] ], [ [ [ 157.728612960489642, -8.201255000307826 ], [ 157.72683600033119, -8.195773004905041 ], [ 157.720949999637753, -8.188488088083744 ], [ 157.70060496047293, -8.185546040320613 ], [ 157.697605079700736, -8.183857021667716 ], [ 157.691868120292725, -8.189024007956801 ], [ 157.69490004037786, -8.192922052895298 ], [ 157.69671516007125, -8.189257046839074 ], [ 157.700890080354185, -8.188687988899815 ], [ 157.715501040109842, -8.191401963620494 ], [ 157.726794959899081, -8.202044956644976 ], [ 157.728612960489642, -8.201255000307826 ] ] ], [ [ [ 157.643301960301585, -8.137757937571976 ], [ 157.641490079933078, -8.133948983167443 ], [ 157.640599080528602, -8.123853013112573 ], [ 157.637009879777224, -8.10978900861495 ], [ 157.635531000392973, -8.111540888201979 ], [ 157.635187920311239, -8.116426900164893 ], [ 157.638938039872755, -8.136965002170905 ], [ 157.63657607973326, -8.14265004597601 ], [ 157.63734900008518, -8.143540080832517 ], [ 157.63380407998909, -8.14754405414557 ], [ 157.634912880425787, -8.153424945679175 ], [ 157.633863119964531, -8.155214052809798 ], [ 157.637217960139765, -8.15956909782553 ], [ 157.63952484007757, -8.158805961861308 ], [ 157.637158920164325, -8.153292023099088 ], [ 157.637333879642341, -8.148735919958025 ], [ 157.640153040040587, -8.144695964765251 ], [ 157.640789880000028, -8.145584925339341 ], [ 157.64000796032559, -8.142356039812446 ], [ 157.643301960301585, -8.137757937571976 ] ] ], [ [ [ 157.693272119708155, -8.194524980581496 ], [ 157.690726920318724, -8.18906997383135 ], [ 157.680523080075602, -8.183826910788436 ], [ 157.670691119902216, -8.183491066297085 ], [ 157.668189120494787, -8.185125033793163 ], [ 157.670161919673404, -8.188446932020762 ], [ 157.672486080502352, -8.186119022158731 ], [ 157.681131840495851, -8.186820104572371 ], [ 157.682180880508213, -8.188490048194495 ], [ 157.681149120488698, -8.197115094203363 ], [ 157.682937959968484, -8.198394109694313 ], [ 157.688622000521377, -8.199323037149064 ], [ 157.693272119708155, -8.194524980581496 ] ] ], [ [ [ 157.619147040252614, -8.040603012483347 ], [ 157.618383839672106, -8.036453964538236 ], [ 157.610832840345637, -8.028358038576801 ], [ 157.607809920481373, -8.028323995890315 ], [ 157.604640840228768, -8.03147109394043 ], [ 157.605122160252961, -8.034044969353383 ], [ 157.612754880219143, -8.039440057065647 ], [ 157.613157000276288, -8.04549095273191 ], [ 157.614816960258878, -8.046968997417704 ], [ 157.617221039707061, -8.045925116943909 ], [ 157.617145079963279, -8.043132985427187 ], [ 157.619147040252614, -8.040603012483347 ] ] ], [ [ [ 157.636229039877747, -8.105672925345251 ], [ 157.634196120050461, -8.100232923736046 ], [ 157.635343080022039, -8.086777929285775 ], [ 157.632425999664548, -8.084523921230874 ], [ 157.63040712050514, -8.085380046902616 ], [ 157.63077791990159, -8.088853001982159 ], [ 157.632558120283278, -8.090442981160393 ], [ 157.632036840500291, -8.098796061053651 ], [ 157.630434839819856, -8.100070935839389 ], [ 157.630030920437207, -8.098387080875883 ], [ 157.626087840057721, -8.098610015020951 ], [ 157.626358920169451, -8.096750977804762 ], [ 157.627956960177812, -8.097521004026785 ], [ 157.630494960468553, -8.096029957164779 ], [ 157.629438000010339, -8.094502907089254 ], [ 157.626714960245778, -8.09474402036626 ], [ 157.627000080127061, -8.091489954611761 ], [ 157.625120880011167, -8.092735983875972 ], [ 157.625867880373875, -8.094996004389893 ], [ 157.623184079919241, -8.095959921863184 ], [ 157.626261000210206, -8.100797118185698 ], [ 157.629087000381048, -8.102199936351084 ], [ 157.632559920507106, -8.108893018183362 ], [ 157.633948079929155, -8.109051973098534 ], [ 157.636229039877747, -8.105672925345251 ] ] ], [ [ [ 157.666788000179849, -8.188699035326454 ], [ 157.665186000397711, -8.183963030883424 ], [ 157.658361120095179, -8.175036056394291 ], [ 157.649718959651011, -8.171570973988283 ], [ 157.639282920178317, -8.162340109561258 ], [ 157.636044000403984, -8.162827956845382 ], [ 157.635573119701718, -8.164708959667726 ], [ 157.638044880020033, -8.167485993147606 ], [ 157.655435040415199, -8.17708893629904 ], [ 157.659828120158124, -8.183421937944383 ], [ 157.661454960154515, -8.183207959055537 ], [ 157.666788000179849, -8.188699035326454 ] ] ], [ [ [ 157.704635160366962, -8.199797120875846 ], [ 157.703155919859938, -8.195843022515934 ], [ 157.701476879660703, -8.195895045921207 ], [ 157.701003119858001, -8.197641024769316 ], [ 157.69943604028586, -8.196580075903441 ], [ 157.700054160253046, -8.198016053062203 ], [ 157.698632160396016, -8.199161089892909 ], [ 157.696719119845028, -8.198476954944397 ], [ 157.696970039965123, -8.196399064704107 ], [ 157.694488920099872, -8.197468922066706 ], [ 157.694222880435177, -8.19935902611525 ], [ 157.692337920321677, -8.198657965185646 ], [ 157.689941039972183, -8.201556979895699 ], [ 157.690352160250171, -8.209130981843902 ], [ 157.695545160109219, -8.212696038816199 ], [ 157.69410912048258, -8.210589004681635 ], [ 157.696085159884404, -8.205266054973007 ], [ 157.698048959740476, -8.204697020237459 ], [ 157.697516880411172, -8.201664944379749 ], [ 157.699031040229926, -8.202145973136053 ], [ 157.697934120012889, -8.203760088158418 ], [ 157.699031040229926, -8.20511711526744 ], [ 157.699203840157963, -8.20346398947933 ], [ 157.700139839768269, -8.204741915658213 ], [ 157.701173039787221, -8.203253050168758 ], [ 157.700256839944132, -8.200995956288409 ], [ 157.703213880060389, -8.20370093986093 ], [ 157.702852079986428, -8.201527049372775 ], [ 157.704635160366962, -8.199797120875846 ] ] ], [ [ [ 157.751772120504, -8.217398920321934 ], [ 157.748565960491476, -8.216144016312777 ], [ 157.745804039844785, -8.211884011494098 ], [ 157.741871040359399, -8.211071983384363 ], [ 157.735919880366851, -8.204512983236855 ], [ 157.729308840424494, -8.202260885314804 ], [ 157.728112920473251, -8.202967105717478 ], [ 157.730897880212041, -8.206046918212689 ], [ 157.737267000255144, -8.208590992196088 ], [ 157.738025879939158, -8.211504007868824 ], [ 157.740310080111016, -8.211960973914202 ], [ 157.74251184009259, -8.215131930796751 ], [ 157.751244000050178, -8.218515040795031 ], [ 157.751772120504, -8.217398920321934 ] ] ], [ [ [ 157.625597880037162, -8.062982970694925 ], [ 157.622144040127694, -8.058508004712651 ], [ 157.624165079735405, -8.050976961774138 ], [ 157.622177879664434, -8.048615996069731 ], [ 157.61847888053083, -8.047576040613817 ], [ 157.61770596017891, -8.04997996463136 ], [ 157.620616920314376, -8.053227056969886 ], [ 157.619885040394536, -8.058416041762239 ], [ 157.62453912025336, -8.064828084126207 ], [ 157.625597880037162, -8.062982970694925 ] ] ], [ [ [ 157.626196919787731, -8.12497598806765 ], [ 157.624457040287524, -8.121612042488614 ], [ 157.620311999767608, -8.119178965087066 ], [ 157.616978040032791, -8.12247200910021 ], [ 157.61778587969647, -8.124109076761648 ], [ 157.621853879799346, -8.124586101157485 ], [ 157.622131080133073, -8.125814029142331 ], [ 157.626196919787731, -8.12497598806765 ] ] ], [ [ [ 157.630595039977749, -8.071536043896844 ], [ 157.628688840097652, -8.067273074787156 ], [ 157.625367119908645, -8.064998997348361 ], [ 157.627719000052309, -8.078334067613703 ], [ 157.630595039977749, -8.071536043896844 ] ] ], [ [ [ 157.528991159835982, -7.98193101689722 ], [ 157.521183839717963, -7.974676996963481 ], [ 157.516872120390275, -7.972646974716508 ], [ 157.515584040477449, -7.973281045679378 ], [ 157.522778999727535, -7.978760006357211 ], [ 157.521924000308076, -7.979855040214754 ], [ 157.528991159835982, -7.98193101689722 ] ] ], [ [ [ 157.636463040229501, -8.084402915672872 ], [ 157.630816080334881, -8.075278935918149 ], [ 157.631114160210728, -8.080377996608586 ], [ 157.634220960264656, -8.083760108056484 ], [ 157.633612920293274, -8.084801930738891 ], [ 157.635172080317858, -8.086010021041995 ], [ 157.636463040229501, -8.084402915672872 ] ] ], [ [ [ 157.609001879760484, -8.048065987025202 ], [ 157.607229960049096, -8.046780967284562 ], [ 157.60845504021276, -8.045375104199504 ], [ 157.607016119688979, -8.042324001946334 ], [ 157.603582080445051, -8.039966015983383 ], [ 157.604987160533767, -8.047720939788071 ], [ 157.60780092026053, -8.049115922485047 ], [ 157.609001879760484, -8.048065987025202 ] ] ], [ [ [ 157.618050120035633, -8.099156035023583 ], [ 157.616164080147144, -8.097450968987902 ], [ 157.61417795985119, -8.098409891381898 ], [ 157.611638160234889, -8.1026739567659 ], [ 157.613214960476711, -8.103391045180127 ], [ 157.614068880121181, -8.100755061343067 ], [ 157.614791040269665, -8.102981000837744 ], [ 157.618050120035633, -8.099156035023583 ] ] ], [ [ [ 157.613290920220493, -8.107544039284265 ], [ 157.61181816015997, -8.107048997041501 ], [ 157.605174000231386, -8.110648999970358 ], [ 157.60803095994018, -8.112000997676507 ], [ 157.613290920220493, -8.107544039284265 ] ] ], [ [ [ 157.721662079790434, -8.208320016639883 ], [ 157.721231880194125, -8.20544403433415 ], [ 157.718103119924763, -8.206062951917307 ], [ 157.717935000219342, -8.20712191601938 ], [ 157.721662079790434, -8.208320016639883 ] ] ], [ [ [ 157.671875880082666, -8.190029923400912 ], [ 157.669434000425611, -8.189844098425489 ], [ 157.666439879651051, -8.192635032266777 ], [ 157.671875880082666, -8.190029923400912 ] ] ], [ [ [ 157.628616119678753, -8.12845501691643 ], [ 157.626959039695009, -8.12688496692965 ], [ 157.625534880287944, -8.127695028248159 ], [ 157.628616119678753, -8.12845501691643 ] ] ], [ [ [ 157.637858040322413, -8.10796690996316 ], [ 157.636553039742864, -8.106841927222126 ], [ 157.635358920015477, -8.107714934166108 ], [ 157.636590839951708, -8.10881906503236 ], [ 157.637858040322413, -8.10796690996316 ] ] ], [ [ [ 157.611423959650352, -8.049958933977166 ], [ 157.609145879700549, -8.049188994958014 ], [ 157.610373120312488, -8.050696968798622 ], [ 157.611423959650352, -8.049958933977166 ] ] ], [ [ [ 157.606722000485178, -8.038502025964751 ], [ 157.604273999707772, -8.037290051058099 ], [ 157.6054879201007, -8.03890999757933 ], [ 157.606722000485178, -8.038502025964751 ] ] ], [ [ [ 157.627573920337312, -8.15871509088899 ], [ 157.626153000255158, -8.157335098374109 ], [ 157.625794080180043, -8.159130067651539 ], [ 157.627573920337312, -8.15871509088899 ] ] ], [ [ [ 157.604266080160244, -8.035534997885351 ], [ 157.601963159996188, -8.036309952179469 ], [ 157.604055840247781, -8.037020920978074 ], [ 157.604266080160244, -8.035534997885351 ] ] ], [ [ [ 157.628486879957165, -8.080449103607473 ], [ 157.627666080298894, -8.079749974208905 ], [ 157.627922039967785, -8.081529072549746 ], [ 157.628486879957165, -8.080449103607473 ] ] ] ] } },
{ "type": "Feature", "properties": { "shapeName": "South New Georgia-Rendova", "shapeISO": "", "shapeID": "97153195B70216176300277", "shapeGroup": "SLB", "shapeType": "ADM2" }, "geometry": { "type": "MultiPolygon", "coordinates": [ [ [ [ 157.305439079938196, -8.317214095670277 ], [ 157.303200959747159, -8.314027929172841 ], [ 157.306600079679384, -8.316645043714747 ], [ 157.309058160452537, -8.311988940029973 ], [ 157.308624000184153, -8.309609037905085 ], [ 157.313538000383971, -8.31386691894531 ], [ 157.327872120030321, -8.307117979990961 ], [ 157.330617120010317, -8.297031044636283 ], [ 157.329613080203785, -8.294366954697002 ], [ 157.332446999922155, -8.292629951961116 ], [ 157.330281960374407, -8.289095006266878 ], [ 157.328908920496957, -8.290213952174025 ], [ 157.329763919916388, -8.291716027631498 ], [ 157.324528080299757, -8.291203936505386 ], [ 157.327193880312706, -8.289808018524132 ], [ 157.326279120468996, -8.284808892226767 ], [ 157.327224839850658, -8.284254042521441 ], [ 157.324113000247962, -8.281274944632647 ], [ 157.328181000350867, -8.278642988776584 ], [ 157.330130039988518, -8.279979096974655 ], [ 157.330245960389419, -8.282285079675944 ], [ 157.335517080440525, -8.280908011148579 ], [ 157.336296839666716, -8.279287976337592 ], [ 157.332242159782851, -8.275682907713035 ], [ 157.331838959950744, -8.273022057382967 ], [ 157.328313120071272, -8.272835024452533 ], [ 157.330017000484759, -8.271854078596503 ], [ 157.331891879704131, -8.272664022402816 ], [ 157.33478196029742, -8.270442950405359 ], [ 157.338091079817985, -8.264887098620916 ], [ 157.349985840479974, -8.26030697981386 ], [ 157.350211920385846, -8.262675958119567 ], [ 157.352591880068672, -8.264097088521732 ], [ 157.35816683999326, -8.261372923623487 ], [ 157.356636119732286, -8.26432295874873 ], [ 157.359747960233278, -8.277489988330881 ], [ 157.359139920261867, -8.279733999024192 ], [ 157.361499000402517, -8.280632988429234 ], [ 157.363271999888866, -8.279657049073885 ], [ 157.361703120092955, -8.280935085598244 ], [ 157.357823040360984, -8.281587907035556 ], [ 157.356690120158959, -8.28366000651655 ], [ 157.3595949600724, -8.286973062201405 ], [ 157.362874920278813, -8.287357980830025 ], [ 157.365108000022786, -8.284285926332648 ], [ 157.365914040360906, -8.286356052695913 ], [ 157.371067080461188, -8.284140044810698 ], [ 157.371131880434206, -8.282199046982949 ], [ 157.372859160164211, -8.281593963140233 ], [ 157.377650039966113, -8.285350024660588 ], [ 157.380419880160332, -8.283083958885708 ], [ 157.380958079711689, -8.279243979833852 ], [ 157.384740959933282, -8.277320947993566 ], [ 157.3825539601701, -8.275755939103593 ], [ 157.384566000455237, -8.274276068917436 ], [ 157.385824920155699, -8.276535950902971 ], [ 157.396178879662585, -8.273537912877675 ], [ 157.398548039799039, -8.274519033453062 ], [ 157.39745003980704, -8.276752016462781 ], [ 157.394949120174573, -8.276698935400741 ], [ 157.397051159973131, -8.278142103276529 ], [ 157.406415839891878, -8.274447070258347 ], [ 157.405282919689853, -8.276289069181379 ], [ 157.407316920190453, -8.277274991601663 ], [ 157.406833080391891, -8.280134064250221 ], [ 157.408377119973608, -8.282271899081314 ], [ 157.411145880392866, -8.278961119098346 ], [ 157.409048880143075, -8.274875997403649 ], [ 157.416273000503963, -8.273963991880382 ], [ 157.42657187980916, -8.266568112955413 ], [ 157.435172999821276, -8.262906103905246 ], [ 157.439333159885791, -8.266728963835897 ], [ 157.444242840087384, -8.267331041750328 ], [ 157.446848879676054, -8.264578042238561 ], [ 157.446477000504643, -8.261517923298308 ], [ 157.448247119992232, -8.257881875236933 ], [ 157.456226160263355, -8.255585012555766 ], [ 157.458062160397219, -8.255966042697024 ], [ 157.457918880007725, -8.260169104593917 ], [ 157.460374079883792, -8.26108292411193 ], [ 157.460567039803465, -8.263047896735989 ], [ 157.466197079929714, -8.262647991120396 ], [ 157.469951879713847, -8.259427003185179 ], [ 157.472678159701644, -8.259513932199882 ], [ 157.47648588013746, -8.256704053079376 ], [ 157.478627879694784, -8.2489079320573 ], [ 157.478127839678393, -8.247603961118063 ], [ 157.473871920102908, -8.248879964070209 ], [ 157.475153879793737, -8.245383104215158 ], [ 157.483496879688715, -8.241936093280751 ], [ 157.485247919858011, -8.242453058444729 ], [ 157.483614959639567, -8.243636088115535 ], [ 157.484286000258493, -8.244841025802902 ], [ 157.486650840396749, -8.24549408494136 ], [ 157.488796080177309, -8.248323995543849 ], [ 157.487108039757231, -8.249582894829706 ], [ 157.487844960124164, -8.251540976662993 ], [ 157.490170920278615, -8.252355950784656 ], [ 157.48950816032999, -8.255886950194222 ], [ 157.492446839780143, -8.255262944469402 ], [ 157.494547080253199, -8.256947028582051 ], [ 157.489901999716835, -8.259616002312368 ], [ 157.490448840162884, -8.263179001344657 ], [ 157.48909884027583, -8.2640041041515 ], [ 157.489633080053409, -8.258161009849518 ], [ 157.487769000380382, -8.256367914047493 ], [ 157.486250879889553, -8.257638900317128 ], [ 157.48672895969051, -8.259725020128638 ], [ 157.482800999753891, -8.257960966440033 ], [ 157.480314840339872, -8.260424012726613 ], [ 157.482579960295084, -8.266340997505496 ], [ 157.479949080492162, -8.263662093111041 ], [ 157.479365879836678, -8.265782024819504 ], [ 157.48706195977644, -8.271468966539498 ], [ 157.494124079755551, -8.2711809342455 ], [ 157.494929040318738, -8.26909202573648 ], [ 157.493265840112912, -8.268018977403367 ], [ 157.498126919661019, -8.27007796640072 ], [ 157.501248119708947, -8.26968002771117 ], [ 157.502135160237913, -8.264900993002524 ], [ 157.504067999657764, -8.262620915397923 ], [ 157.505676840110795, -8.264936975036857 ], [ 157.509524160080986, -8.264314052264279 ], [ 157.509820080406939, -8.261706030130219 ], [ 157.5145688400018, -8.262618065274655 ], [ 157.517035920097499, -8.259892998746345 ], [ 157.513462920462274, -8.25755909673232 ], [ 157.515414840098714, -8.255969070948796 ], [ 157.513134959925054, -8.250328043274736 ], [ 157.515324839687054, -8.250227039224816 ], [ 157.514609880433881, -8.251871954593071 ], [ 157.515909120117499, -8.252886974139214 ], [ 157.516571880066124, -8.250809013090656 ], [ 157.518053999673612, -8.25112894697698 ], [ 157.517496000355095, -8.253347099056898 ], [ 157.519698840111658, -8.251473997304096 ], [ 157.520298959637216, -8.253602011651823 ], [ 157.521525120474166, -8.253036965033612 ], [ 157.51766916050758, -8.24524504652809 ], [ 157.518582839678004, -8.244261003761668 ], [ 157.521006000241158, -8.246444991996666 ], [ 157.522331880362856, -8.242579003696788 ], [ 157.524483959915983, -8.245454004271178 ], [ 157.525715879852214, -8.2439250311963 ], [ 157.527075959735072, -8.246599082197271 ], [ 157.524271919779693, -8.248162958982903 ], [ 157.528960919848572, -8.251105967235915 ], [ 157.530293999967256, -8.249873971393004 ], [ 157.532563079696246, -8.250844996426295 ], [ 157.530592079843188, -8.25219705376175 ], [ 157.531892039975645, -8.253506886910742 ], [ 157.536195120205235, -8.252595009417943 ], [ 157.538878919761572, -8.253975027414231 ], [ 157.545419040407211, -8.253758949213143 ], [ 157.54709484038321, -8.256240903874469 ], [ 157.549065840236295, -8.256533043944669 ], [ 157.545224999814252, -8.267634039625019 ], [ 157.547982959788868, -8.268698004561397 ], [ 157.549434119858375, -8.266023034937115 ], [ 157.550721840445135, -8.266560987272053 ], [ 157.549848120135181, -8.268751977980012 ], [ 157.554876960062586, -8.27256409347306 ], [ 157.553732159640902, -8.274954907977628 ], [ 157.554912960047602, -8.281486020755287 ], [ 157.561976159801702, -8.284233024366625 ], [ 157.567843080278493, -8.284168010264514 ], [ 157.571795880429363, -8.28807491460506 ], [ 157.567697999665143, -8.293210972080066 ], [ 157.563380879665999, -8.294695046297447 ], [ 157.568160959921556, -8.297645010135938 ], [ 157.567367160027487, -8.300228035419972 ], [ 157.570117920005089, -8.306349963038087 ], [ 157.567997160214333, -8.311931054537398 ], [ 157.578536160093336, -8.333625939229883 ], [ 157.582505880012576, -8.336645958225537 ], [ 157.584485159637609, -8.335456083999453 ], [ 157.588260120311674, -8.338525956516806 ], [ 157.591653120021874, -8.335500965229553 ], [ 157.593997079719685, -8.337497087642173 ], [ 157.593075840327828, -8.344321016043203 ], [ 157.589133120172789, -8.344737934494297 ], [ 157.584430080334272, -8.350860056202773 ], [ 157.581551879960585, -8.351605012674002 ], [ 157.580954999759967, -8.353895080342397 ], [ 157.583558879798716, -8.358309909456375 ], [ 157.583134079975594, -8.360056058937225 ], [ 157.584624840477801, -8.360292024572379 ], [ 157.586841000453404, -8.358010009115732 ], [ 157.592646000057641, -8.36031001205137 ], [ 157.597040880024423, -8.358809980811335 ], [ 157.594014000386352, -8.363732120445952 ], [ 157.591609920039872, -8.365585987117841 ], [ 157.588659000145583, -8.365387956643717 ], [ 157.587518879946572, -8.368056015461272 ], [ 157.592494079671724, -8.367492914353246 ], [ 157.595403960032257, -8.370248040733658 ], [ 157.601670119669024, -8.364033975552932 ], [ 157.604437079864454, -8.365072033784978 ], [ 157.609046879966371, -8.364402968295972 ], [ 157.60839312023856, -8.369630093363822 ], [ 157.61212200003348, -8.3736421034982 ], [ 157.613970960161964, -8.372388944766227 ], [ 157.615355880259074, -8.367230062759955 ], [ 157.617762839706074, -8.366873003343377 ], [ 157.621583880360902, -8.371650973360339 ], [ 157.624517880486792, -8.371987014063009 ], [ 157.623777000346109, -8.374314893228387 ], [ 157.625430840106702, -8.37397600525874 ], [ 157.623265080110144, -8.379542953402355 ], [ 157.624418879854289, -8.385608968998209 ], [ 157.622499000429059, -8.386263930408736 ], [ 157.621655880330934, -8.384086062878268 ], [ 157.61921184022566, -8.38372403364731 ], [ 157.619072160283821, -8.387787005902501 ], [ 157.617291959902104, -8.388570889444033 ], [ 157.617919080090189, -8.391805060462943 ], [ 157.615522920189534, -8.391922054452195 ], [ 157.614463079732474, -8.397415025357361 ], [ 157.612161959792246, -8.395846935916241 ], [ 157.606622999852647, -8.397947988293666 ], [ 157.605191999774718, -8.402874084473307 ], [ 157.606122959836256, -8.394807890113327 ], [ 157.608405000458163, -8.391820018384072 ], [ 157.607449919732943, -8.390506017221854 ], [ 157.606286039992938, -8.391670971409425 ], [ 157.605738119771928, -8.390186019718101 ], [ 157.604779080171198, -8.390681954278724 ], [ 157.603146119952811, -8.38632002453862 ], [ 157.601433959767377, -8.386284052909609 ], [ 157.604501160286929, -8.382457907768023 ], [ 157.602948840034941, -8.378444920681403 ], [ 157.596417000059603, -8.385420920661977 ], [ 157.5917049600003, -8.38476008134619 ], [ 157.59013500042937, -8.387648998127586 ], [ 157.589417879829654, -8.385684116741032 ], [ 157.587994079748711, -8.386703063897029 ], [ 157.582756079683804, -8.38297094773675 ], [ 157.57949087969584, -8.383243049241079 ], [ 157.579035120334737, -8.381263008938117 ], [ 157.572228960024432, -8.3793310407461 ], [ 157.569085080210527, -8.376276981735536 ], [ 157.564509119645408, -8.377264077730119 ], [ 157.56188687983888, -8.373291995729421 ], [ 157.563614880017724, -8.366076966844165 ], [ 157.560910920469837, -8.359622060609981 ], [ 157.558579919868293, -8.358580069166694 ], [ 157.552760880494446, -8.371060096382237 ], [ 157.550789879743064, -8.378182966697764 ], [ 157.550892119700478, -8.385265994742106 ], [ 157.553772120298021, -8.388553972295327 ], [ 157.556121120442867, -8.397201874683619 ], [ 157.560795000068907, -8.402361071142071 ], [ 157.564100880264533, -8.408992977045363 ], [ 157.563578880032708, -8.414574024750332 ], [ 157.56821208034944, -8.426578978221464 ], [ 157.57148700010876, -8.429438915983198 ], [ 157.580375040226016, -8.430108048586831 ], [ 157.59861407981856, -8.438459102251 ], [ 157.600014839909107, -8.442392057590929 ], [ 157.597673039761219, -8.453690914800443 ], [ 157.608488879749501, -8.470704986766712 ], [ 157.63999715988092, -8.487161075930237 ], [ 157.64335812027818, -8.487057997516981 ], [ 157.649555880392626, -8.495453034574096 ], [ 157.657740120129148, -8.497439076451114 ], [ 157.674353040174168, -8.511448956239661 ], [ 157.684213079886689, -8.515452015196969 ], [ 157.683943080448302, -8.50691695866783 ], [ 157.664606039965406, -8.4583880507518 ], [ 157.604969879642624, -8.298156023501491 ], [ 157.561310160528166, -8.181350917213507 ], [ 157.53904704036529, -8.125770907013939 ], [ 157.489160039801163, -8.127579916190935 ], [ 157.344570000039965, -8.251812991652827 ], [ 157.286053080374046, -8.300156076990135 ], [ 157.293843120499275, -8.305076995830831 ], [ 157.295782080141151, -8.308781002366899 ], [ 157.305439079938196, -8.317214095670277 ] ] ], [ [ [ 157.409966880210021, -8.482388983835301 ], [ 157.409290080491786, -8.474044045178513 ], [ 157.407662880270976, -8.471040941239114 ], [ 157.407147000261205, -8.472817917235904 ], [ 157.405272839694021, -8.471134054428298 ], [ 157.406384880353954, -8.469359028343442 ], [ 157.405591080459857, -8.467383880542775 ], [ 157.403018880407956, -8.466591967172647 ], [ 157.403604960163932, -8.462850117282462 ], [ 157.40185608044294, -8.461239028473976 ], [ 157.403187000113377, -8.461294933607361 ], [ 157.402863000248232, -8.46036093060102 ], [ 157.399382159676321, -8.459727103016917 ], [ 157.401762120257473, -8.456666023157828 ], [ 157.398380999868607, -8.452384957084481 ], [ 157.400367120164532, -8.450413995551553 ], [ 157.400129160039057, -8.448791104006313 ], [ 157.397914079838387, -8.449056928096622 ], [ 157.392792000174381, -8.440304065196781 ], [ 157.393920959704332, -8.43584690258157 ], [ 157.392906120351455, -8.428982025284283 ], [ 157.391264880361064, -8.427765903577139 ], [ 157.38865092032654, -8.429957057642749 ], [ 157.389131159677447, -8.425911977236622 ], [ 157.390534080216185, -8.425835056483589 ], [ 157.389786000078487, -8.424344002832562 ], [ 157.386353039711224, -8.424090983040523 ], [ 157.387870080427064, -8.421198954739708 ], [ 157.382507159740442, -8.417184944148824 ], [ 157.382448119765002, -8.414200984333421 ], [ 157.375344960252107, -8.41033896706756 ], [ 157.374933120423577, -8.412426052623662 ], [ 157.379122080476094, -8.413658961196292 ], [ 157.379491079648716, -8.415900943115995 ], [ 157.376098079938544, -8.416387051362815 ], [ 157.376354040505674, -8.413609994038328 ], [ 157.373790839776291, -8.413874951711245 ], [ 157.374997920396595, -8.415273987437319 ], [ 157.37318208025431, -8.415850017283987 ], [ 157.37080896034405, -8.414319929553468 ], [ 157.373660880504133, -8.410689041004245 ], [ 157.371995880074479, -8.410364074334169 ], [ 157.369431959794497, -8.41283809093254 ], [ 157.371284879696759, -8.410445983336114 ], [ 157.368597839917214, -8.408247953017881 ], [ 157.365635039803323, -8.408132923016451 ], [ 157.365973080336317, -8.411431034139408 ], [ 157.364553960478048, -8.409005975298934 ], [ 157.362730920338748, -8.4099230089777 ], [ 157.356633960182307, -8.407416030944365 ], [ 157.350042000456568, -8.407393950548824 ], [ 157.348652039912395, -8.405933097514151 ], [ 157.346171999822104, -8.407229952315916 ], [ 157.346828999773123, -8.40789199984154 ], [ 157.344715079754963, -8.40671498581475 ], [ 157.342010040432058, -8.407953966915349 ], [ 157.34129112050681, -8.406654977548595 ], [ 157.344900120127079, -8.403829951018087 ], [ 157.342750919674444, -8.400391991071581 ], [ 157.341084119919287, -8.401639004997394 ], [ 157.340521080153707, -8.400828972216921 ], [ 157.337411039876542, -8.403647075752039 ], [ 157.335710040360198, -8.403581012815623 ], [ 157.334519159957694, -8.411317963185034 ], [ 157.332840119758487, -8.410986942082667 ], [ 157.332155040268304, -8.407708058457342 ], [ 157.328795880094845, -8.413533960844308 ], [ 157.327211879856065, -8.412658068987414 ], [ 157.328044919958359, -8.414486061721311 ], [ 157.324834079723161, -8.414793931787049 ], [ 157.322814840339333, -8.413484103634515 ], [ 157.320671039659885, -8.416773088530496 ], [ 157.319134920524021, -8.416762048603017 ], [ 157.317518880073976, -8.4216330631654 ], [ 157.315912920518088, -8.421388944435208 ], [ 157.31415107990415, -8.424293969031096 ], [ 157.311417960143785, -8.423362903156308 ], [ 157.312563840340431, -8.42836791156555 ], [ 157.30665083988282, -8.431860997150288 ], [ 157.306102919661811, -8.437027032566345 ], [ 157.303396080115078, -8.438969040296181 ], [ 157.304896919714764, -8.443476912350723 ], [ 157.302676080414869, -8.445192944294005 ], [ 157.299491879719398, -8.44507792542416 ], [ 157.297712040460482, -8.450386932136098 ], [ 157.292049960122995, -8.450542010542904 ], [ 157.290680160468725, -8.456799021469353 ], [ 157.292238960268861, -8.457970007433754 ], [ 157.290257159971134, -8.457960927443965 ], [ 157.290829920406367, -8.460399921897409 ], [ 157.28702112019559, -8.459984017510997 ], [ 157.286928960233951, -8.46179006476393 ], [ 157.289601960243886, -8.462802046363155 ], [ 157.286619000138387, -8.464191112544146 ], [ 157.288062960210965, -8.465412994957331 ], [ 157.28786100007045, -8.468034964948098 ], [ 157.286747160085042, -8.469127936402424 ], [ 157.283456040107865, -8.468665930079958 ], [ 157.284577080090287, -8.471165032826221 ], [ 157.28153183978614, -8.473624951210905 ], [ 157.279923000231435, -8.469566085558533 ], [ 157.278571919671037, -8.469354933884489 ], [ 157.277169000030568, -8.472332058077798 ], [ 157.278858120225635, -8.473084080486164 ], [ 157.277187000472253, -8.474313056123355 ], [ 157.280020920190651, -8.475211952365767 ], [ 157.281346079863454, -8.47415407098565 ], [ 157.281078960423883, -8.475412953340397 ], [ 157.277936160384911, -8.475885989666949 ], [ 157.273745039884147, -8.473861025614642 ], [ 157.274490960471894, -8.472032067404518 ], [ 157.27270895986635, -8.470148978157145 ], [ 157.271014079673705, -8.471489057755278 ], [ 157.270872959732486, -8.474436967767909 ], [ 157.273956000245477, -8.477566983759049 ], [ 157.272459120419541, -8.480994999127839 ], [ 157.272392880447114, -8.492635066665869 ], [ 157.270915079939527, -8.496914973179319 ], [ 157.251693959857562, -8.501303958505718 ], [ 157.242551039846461, -8.50624297568346 ], [ 157.241071079788924, -8.509749062544149 ], [ 157.232728079893889, -8.517959002463963 ], [ 157.223945880181759, -8.530188937082077 ], [ 157.218940080244778, -8.534410926788418 ], [ 157.217198040296353, -8.539792036291638 ], [ 157.212133919934473, -8.546533000186237 ], [ 157.207830839704883, -8.556039035041229 ], [ 157.1934891598371, -8.567663113653023 ], [ 157.196865960227797, -8.571100999989724 ], [ 157.19807808039684, -8.575703073870615 ], [ 157.196165039845908, -8.577684959828609 ], [ 157.20037596011386, -8.583948969215797 ], [ 157.208717159784982, -8.592874924467941 ], [ 157.212708120369143, -8.592487107170481 ], [ 157.216604040094495, -8.595119061196733 ], [ 157.219701120377067, -8.59531109946094 ], [ 157.220547840024494, -8.603184958016612 ], [ 157.22849591985937, -8.603226070451953 ], [ 157.232145959911691, -8.608278024242541 ], [ 157.236380999945055, -8.610472060273439 ], [ 157.238861040035374, -8.615230980735948 ], [ 157.246194959676757, -8.618426044462788 ], [ 157.246552080426341, -8.623219034419165 ], [ 157.25651760031954, -8.625200316316748 ], [ 157.261088879763719, -8.627649986407128 ], [ 157.263089039829282, -8.630597934186801 ], [ 157.263213960450969, -8.63321592101804 ], [ 157.261939920307753, -8.634200041013534 ], [ 157.263474959668599, -8.636149943918911 ], [ 157.270796999988676, -8.635390948228563 ], [ 157.280820119857879, -8.6383610804308 ], [ 157.283277119957802, -8.640607972441749 ], [ 157.283479080098289, -8.64281303122493 ], [ 157.281246000354315, -8.644586002903962 ], [ 157.28359896027294, -8.647898979335933 ], [ 157.286837160496731, -8.647353906656793 ], [ 157.286486880418011, -8.645189981703092 ], [ 157.28942484031765, -8.645336972656244 ], [ 157.289687999983499, -8.646884998138798 ], [ 157.287218039889012, -8.64596497443859 ], [ 157.290365159926154, -8.647780995479275 ], [ 157.290544080076216, -8.649453933877069 ], [ 157.290665040025885, -8.648232107867358 ], [ 157.291898039737077, -8.649947931368013 ], [ 157.293398159786221, -8.649865005215165 ], [ 157.292006039692097, -8.649235941749824 ], [ 157.292822880474915, -8.648581964601227 ], [ 157.296953159878143, -8.649716948677842 ], [ 157.300117920132493, -8.65558097890818 ], [ 157.299732000293204, -8.678944904297207 ], [ 157.311934919928547, -8.69559196408176 ], [ 157.321790999867289, -8.69889096746244 ], [ 157.337147159761827, -8.711953962854565 ], [ 157.34457792048579, -8.712846068555978 ], [ 157.345845840407065, -8.714366059729626 ], [ 157.350830040353088, -8.713510965248199 ], [ 157.358963880110565, -8.714874026401418 ], [ 157.362881040500866, -8.719069044397095 ], [ 157.367004119907051, -8.720452012669954 ], [ 157.368156120325722, -8.723278070106094 ], [ 157.372624080037497, -8.722166971497471 ], [ 157.375644840351811, -8.723169005968874 ], [ 157.380213960246067, -8.728243011693719 ], [ 157.385940120107705, -8.730260033785061 ], [ 157.393090080050285, -8.730693966925323 ], [ 157.395978000195356, -8.729567945306203 ], [ 157.403594159719262, -8.722482954115563 ], [ 157.406443920329366, -8.722268918818003 ], [ 157.406860080156065, -8.719598888779778 ], [ 157.402697040092789, -8.716131931983281 ], [ 157.395444119743928, -8.713078079966868 ], [ 157.391331839884032, -8.712943925763531 ], [ 157.38655392007675, -8.709405025827866 ], [ 157.38068196005122, -8.707590904003693 ], [ 157.37745708004644, -8.708483020249052 ], [ 157.375225080077456, -8.703898935732468 ], [ 157.363556039995217, -8.696493004745712 ], [ 157.358879999920902, -8.694735047399616 ], [ 157.349905920064117, -8.694856040176521 ], [ 157.348801080299523, -8.691342947577397 ], [ 157.346753040029341, -8.692087951902336 ], [ 157.342083839727621, -8.687533026385497 ], [ 157.344044040034362, -8.678702907408207 ], [ 157.343142959735815, -8.675224005552156 ], [ 157.339866960201476, -8.674246931674645 ], [ 157.337444880311608, -8.670929027147107 ], [ 157.338816119965259, -8.666826002195718 ], [ 157.335639839715668, -8.657107964201836 ], [ 157.336419960064632, -8.642621016513635 ], [ 157.332056039635802, -8.637486948550071 ], [ 157.331779919975332, -8.632837042592634 ], [ 157.328211959888847, -8.628200070195636 ], [ 157.339722960261412, -8.609884932474918 ], [ 157.337330039685696, -8.597023069796162 ], [ 157.338536040531039, -8.592675943279701 ], [ 157.335743160346397, -8.588984984129624 ], [ 157.333861080231713, -8.579693889465432 ], [ 157.335064919730485, -8.578193111422761 ], [ 157.332036960317453, -8.575459052705744 ], [ 157.335904080054803, -8.577453933321067 ], [ 157.336333920325046, -8.57188006006459 ], [ 157.348064880381429, -8.564136021088293 ], [ 157.353441839939364, -8.563092090873283 ], [ 157.357323000344593, -8.564768073925887 ], [ 157.360362120426743, -8.562321022420869 ], [ 157.360467959933487, -8.563694064344965 ], [ 157.362822000525398, -8.564372929481546 ], [ 157.362804000083742, -8.567827933043269 ], [ 157.365551880062554, -8.567453974112572 ], [ 157.36335192030478, -8.5689950198541 ], [ 157.362244920091939, -8.56791194501699 ], [ 157.361330879798771, -8.57067596047567 ], [ 157.358271959949491, -8.572482910000199 ], [ 157.359042000302622, -8.578700016821699 ], [ 157.369187159896427, -8.580929108309105 ], [ 157.38036191995991, -8.57237593860464 ], [ 157.382448840213868, -8.572341052208877 ], [ 157.382160840333768, -8.562635003775904 ], [ 157.378754879730678, -8.556369041618698 ], [ 157.377359160087224, -8.548680044892091 ], [ 157.383303840531624, -8.54137805152129 ], [ 157.388456160183011, -8.529131029679425 ], [ 157.392335879690592, -8.526817969442432 ], [ 157.397622120184565, -8.519979995329281 ], [ 157.398023880017291, -8.516320018823269 ], [ 157.399581960266858, -8.515129985434621 ], [ 157.397870879856413, -8.511764046866308 ], [ 157.404045960204883, -8.508677035243208 ], [ 157.405305959680248, -8.503331982862294 ], [ 157.403598120391337, -8.503775077287386 ], [ 157.402530000162329, -8.501883954849838 ], [ 157.40603099982755, -8.4997190233483 ], [ 157.405197959725228, -8.502393987489715 ], [ 157.406747039753981, -8.501885022644599 ], [ 157.409606880359917, -8.494158969192487 ], [ 157.40802395989607, -8.491661083993955 ], [ 157.409552879933244, -8.485534957190596 ], [ 157.407837120198451, -8.488832940791452 ], [ 157.406888880144066, -8.487662049122152 ], [ 157.407089040060725, -8.479280905880174 ], [ 157.408481879705391, -8.479006023442363 ], [ 157.409699040321527, -8.483594964375635 ], [ 157.409966880210021, -8.482388983835301 ] ] ], [ [ [ 156.604807079699867, -7.790838005746236 ], [ 156.606581159859559, -7.790885979116418 ], [ 156.633861960179075, -7.818008957902369 ], [ 156.674834999738408, -7.864216072233321 ], [ 156.681194039785737, -7.867080031228925 ], [ 156.682802880238768, -7.871557980599428 ], [ 156.68722800019296, -7.874744081930502 ], [ 156.689549999675336, -7.878662085102453 ], [ 156.693029040023447, -7.879044896871783 ], [ 156.694206960431302, -7.881624008359773 ], [ 156.700076040458043, -7.884276028514709 ], [ 156.701021040289135, -7.887602886771877 ], [ 156.704551919717375, -7.889249991511434 ], [ 156.707723879968739, -7.887325991627767 ], [ 156.709482120134993, -7.8782100919641 ], [ 156.712158000143745, -7.875083926616189 ], [ 156.714643079782803, -7.859858045011724 ], [ 156.716130960286222, -7.858219025296109 ], [ 156.714721920423727, -7.854868929103933 ], [ 156.717205920287824, -7.852734004714426 ], [ 156.718095120366741, -7.841052974233754 ], [ 156.719661120163892, -7.838722006704768 ], [ 156.718409040236054, -7.834093023136765 ], [ 156.722414039691415, -7.83456200392555 ], [ 156.72500783973436, -7.832696952821216 ], [ 156.724967160425024, -7.829373043011428 ], [ 156.728874960370035, -7.825798918357058 ], [ 156.730068000322461, -7.820962040878623 ], [ 156.733521119783035, -7.818550001394852 ], [ 156.733025040438747, -7.814179904362311 ], [ 156.736744920012853, -7.813762080035135 ], [ 156.738485880186289, -7.81162587516575 ], [ 156.743156879813512, -7.812365942551131 ], [ 156.746229840330699, -7.809164027002578 ], [ 156.750221879791468, -7.809057028548655 ], [ 156.750662879832419, -7.806120980499704 ], [ 156.754712159943097, -7.804904041757019 ], [ 156.757402079721459, -7.799671910456991 ], [ 156.761559000461091, -7.799373913264089 ], [ 156.765755880061135, -7.796332044351892 ], [ 156.764226960023962, -7.793082924510045 ], [ 156.765039840134648, -7.792122041132974 ], [ 156.768226919930584, -7.791974912289942 ], [ 156.772271160492522, -7.78784012449034 ], [ 156.774142079938144, -7.783129965597133 ], [ 156.773075040382423, -7.779267064448459 ], [ 156.77648712030927, -7.779038071959795 ], [ 156.779355960237666, -7.771474988767151 ], [ 156.785663160306541, -7.767194110196448 ], [ 156.78681912049899, -7.7629060536962 ], [ 156.789947879870056, -7.759784018788159 ], [ 156.790081080263718, -7.755104044016312 ], [ 156.788449920269159, -7.750448094677802 ], [ 156.786234120517975, -7.748759062688 ], [ 156.786477839742759, -7.743648942878539 ], [ 156.790404000353874, -7.740101019931691 ], [ 156.791937959939759, -7.735597047753455 ], [ 156.79110996028453, -7.731055035625407 ], [ 156.783576960501421, -7.725823055849548 ], [ 156.784168079806165, -7.722792069749818 ], [ 156.782437920077371, -7.721633928854136 ], [ 156.782334959671061, -7.718046936199489 ], [ 156.776621040253474, -7.71684204933568 ], [ 156.778625160092787, -7.721227963813709 ], [ 156.777657120271272, -7.72205594730942 ], [ 156.775877999664544, -7.72093989958782 ], [ 156.775220999713525, -7.714963989343706 ], [ 156.772671120101421, -7.714289926116218 ], [ 156.7723521597851, -7.711412970854369 ], [ 156.766307040505382, -7.709957986161766 ], [ 156.769872119694753, -7.706493972523845 ], [ 156.770022960305681, -7.704413945646905 ], [ 156.765678120093469, -7.704352049479545 ], [ 156.762934920337329, -7.701287018629582 ], [ 156.760232039666079, -7.701876016945326 ], [ 156.75822215982916, -7.705469924769493 ], [ 156.760859880303002, -7.707214961428698 ], [ 156.758247000043411, -7.70678400916002 ], [ 156.756942000362159, -7.70797608228122 ], [ 156.755415960323802, -7.70669107627073 ], [ 156.752229960302856, -7.709050068249399 ], [ 156.753273959868181, -7.704746079681156 ], [ 156.750678000275315, -7.702032988215055 ], [ 156.74251500030536, -7.704461928992617 ], [ 156.7385780401479, -7.703029931069035 ], [ 156.739107959927281, -7.705000978002287 ], [ 156.737721960055183, -7.707214068921277 ], [ 156.733403039832183, -7.705812939243849 ], [ 156.732480000216526, -7.701811087988445 ], [ 156.734278919692088, -7.699549985461042 ], [ 156.732792119861983, -7.69734291887066 ], [ 156.706863840102244, -7.703476048321095 ], [ 156.604807079699867, -7.790838005746236 ] ] ], [ [ [ 157.658418000520669, -8.773619008878542 ], [ 157.64725008022981, -8.769757982412663 ], [ 157.64353812020326, -8.767476997911698 ], [ 157.643111880380729, -8.765060084726997 ], [ 157.639187159769023, -8.764337996904816 ], [ 157.638453839849774, -8.761618990427515 ], [ 157.630326120314294, -8.752734049318978 ], [ 157.630406039831854, -8.750845061782528 ], [ 157.623779159896088, -8.745684011424181 ], [ 157.623589079975204, -8.74350891293996 ], [ 157.620745080261031, -8.740370065466417 ], [ 157.609078920177609, -8.729582000499365 ], [ 157.603965120285551, -8.729169060380732 ], [ 157.604965919868874, -8.725420015936932 ], [ 157.601825999828719, -8.721464015604392 ], [ 157.594033079704673, -8.720585096079292 ], [ 157.587983999752907, -8.71622800968227 ], [ 157.575696120152941, -8.713573059798676 ], [ 157.571784000209703, -8.711229992146507 ], [ 157.55769900045965, -8.695991952540906 ], [ 157.548021839772673, -8.692395953194438 ], [ 157.545438119725532, -8.693098074155083 ], [ 157.54142304027431, -8.698871928894539 ], [ 157.537488960115695, -8.700220987769612 ], [ 157.536385919676633, -8.702853079472815 ], [ 157.537733040463223, -8.703621013850894 ], [ 157.536352080139864, -8.703585961881956 ], [ 157.533116040364348, -8.709568004697795 ], [ 157.525581959907953, -8.71142997796486 ], [ 157.50504791969891, -8.710290910572215 ], [ 157.50106091978688, -8.707643925608508 ], [ 157.495088159803316, -8.712901936144835 ], [ 157.492824840071933, -8.712909942765268 ], [ 157.492328040278807, -8.710776998143764 ], [ 157.488643080016431, -8.708349043137053 ], [ 157.485719159886344, -8.710512070159799 ], [ 157.480151039734324, -8.711146901845117 ], [ 157.475907000378498, -8.709742014815014 ], [ 157.47088895999741, -8.701854014533961 ], [ 157.462637040289053, -8.700810999318135 ], [ 157.459992840267091, -8.702099911220898 ], [ 157.449033000338773, -8.701099065535686 ], [ 157.448778839995413, -8.707172067827358 ], [ 157.44334716046032, -8.709513025939053 ], [ 157.438806839655768, -8.709548966680105 ], [ 157.430419920228218, -8.705824990889223 ], [ 157.429433160414476, -8.708078952567922 ], [ 157.429099079655259, -8.710259061728713 ], [ 157.432871879881048, -8.709400043764241 ], [ 157.433573880037926, -8.71315992388338 ], [ 157.43782404051413, -8.713837986479172 ], [ 157.439980079841007, -8.717731973891519 ], [ 157.443432839975458, -8.720319996383045 ], [ 157.443395039766642, -8.722788973591005 ], [ 157.453949879639055, -8.72455106956285 ], [ 157.455879120407843, -8.729000041229359 ], [ 157.463561880128566, -8.736084018688153 ], [ 157.464747000533464, -8.740644046901686 ], [ 157.46788800034858, -8.739642948349093 ], [ 157.469172120487656, -8.737173904480398 ], [ 157.476624840528729, -8.742156986300952 ], [ 157.479873119850055, -8.74254002394302 ], [ 157.479936840048111, -8.7468809686825 ], [ 157.484129040323865, -8.749333936614754 ], [ 157.487832000129544, -8.746442073069522 ], [ 157.496731920466402, -8.746125043027192 ], [ 157.509137880017249, -8.752288044164143 ], [ 157.513393080042164, -8.751758957329665 ], [ 157.532105159886953, -8.75746803818414 ], [ 157.53419208014094, -8.756033081836692 ], [ 157.542872039895627, -8.761509048450652 ], [ 157.555015920453855, -8.761235083467856 ], [ 157.564094040491966, -8.766920891584041 ], [ 157.569231960149352, -8.773886916404313 ], [ 157.57994304040588, -8.780537055108121 ], [ 157.593479040159963, -8.786888935287712 ], [ 157.601903040245787, -8.787309105059785 ], [ 157.606178040037946, -8.792440936717428 ], [ 157.612265999973545, -8.79545500375362 ], [ 157.614792120044655, -8.795273029408895 ], [ 157.621538159706262, -8.799759043264208 ], [ 157.627209959815104, -8.800927009490421 ], [ 157.634485920154361, -8.798691042442647 ], [ 157.640088960516437, -8.801288996410356 ], [ 157.65373296022554, -8.802374065907795 ], [ 157.655429999968135, -8.799740009921386 ], [ 157.650887879838052, -8.795213082575714 ], [ 157.654051919643564, -8.788819008534636 ], [ 157.650287039863656, -8.785559046090077 ], [ 157.652391959660974, -8.782457021874592 ], [ 157.655878920454938, -8.781470088798999 ], [ 157.654806120003286, -8.779810015775501 ], [ 157.651014960009718, -8.778796926008125 ], [ 157.658418000520669, -8.773619008878542 ] ] ], [ [ [ 157.54513104052711, -8.30474998136131 ], [ 157.542110999763338, -8.300381035956855 ], [ 157.534238160121731, -8.296036087663472 ], [ 157.53304295972103, -8.292551045872571 ], [ 157.519775160079917, -8.294265962081736 ], [ 157.518659159646234, -8.293153974991396 ], [ 157.507711920386384, -8.297664959200121 ], [ 157.502859119711928, -8.30788795493196 ], [ 157.493485080246188, -8.297482034430304 ], [ 157.487580000234459, -8.293122982222533 ], [ 157.472942039816331, -8.288956073759952 ], [ 157.471091999912858, -8.28565799613644 ], [ 157.467477959845553, -8.285553082902283 ], [ 157.465760039662513, -8.283458015688559 ], [ 157.463271000249676, -8.287823052599769 ], [ 157.466957040287042, -8.295370999786186 ], [ 157.464619920361798, -8.30865400932802 ], [ 157.46678100013574, -8.318728000350841 ], [ 157.470645960323168, -8.321430929943487 ], [ 157.475915999701016, -8.322616928498061 ], [ 157.484180159853395, -8.320613961497008 ], [ 157.485625920149744, -8.31863093210527 ], [ 157.484090879890573, -8.306491026887949 ], [ 157.486518000227477, -8.304603038294808 ], [ 157.493318040315756, -8.313895951469293 ], [ 157.49403191979394, -8.325673009968868 ], [ 157.498832160041133, -8.32881206194951 ], [ 157.501870919898806, -8.328261906272948 ], [ 157.508756999726671, -8.321552931607261 ], [ 157.50685404006984, -8.324892026960782 ], [ 157.502589120273484, -8.32801594773338 ], [ 157.505671080113217, -8.326357993378013 ], [ 157.508746919730868, -8.323223017483548 ], [ 157.510144080272056, -8.318609025559077 ], [ 157.508463960297831, -8.310854917856846 ], [ 157.51148183971506, -8.302287034407435 ], [ 157.510545119655887, -8.300529939277627 ], [ 157.509403919681887, -8.301668979115563 ], [ 157.513002840204649, -8.297866051436353 ], [ 157.530977999682506, -8.296438986860819 ], [ 157.535079840220448, -8.299134054857587 ], [ 157.536403920118318, -8.301771929344604 ], [ 157.54513104052711, -8.30474998136131 ] ] ], [ [ [ 157.552385039752636, -8.409390951863687 ], [ 157.550276160181539, -8.412168928972692 ], [ 157.551100920511857, -8.409150920421402 ], [ 157.550092920033222, -8.405919921145536 ], [ 157.54260888022975, -8.399721917280967 ], [ 157.537270080206838, -8.393085936236915 ], [ 157.529993040092563, -8.374981983189617 ], [ 157.524576840326461, -8.372615998842852 ], [ 157.517011079883247, -8.373884115454468 ], [ 157.520784959884054, -8.375566976635064 ], [ 157.524419880391832, -8.380526123612238 ], [ 157.523846040181581, -8.393374056524838 ], [ 157.526096039693925, -8.400096040788283 ], [ 157.538115000528762, -8.405740964009482 ], [ 157.542347880113851, -8.410350007180517 ], [ 157.547244959646946, -8.412760989539983 ], [ 157.550815080181735, -8.413681041230191 ], [ 157.552385039752636, -8.409390951863687 ] ] ], [ [ [ 157.42177416023469, -8.302176068991978 ], [ 157.418759880366792, -8.298330933445401 ], [ 157.415383079976124, -8.298898051859032 ], [ 157.414636080511741, -8.295877029530319 ], [ 157.412989080523744, -8.295843009037844 ], [ 157.412404079644404, -8.298934921940415 ], [ 157.401447840163712, -8.299355985608834 ], [ 157.393217879772493, -8.302853968974929 ], [ 157.38663312004374, -8.302101974219667 ], [ 157.384217879926467, -8.304253938008985 ], [ 157.37620788011742, -8.306045926137539 ], [ 157.365366120139925, -8.311511964028922 ], [ 157.359014999640124, -8.311191010635463 ], [ 157.357244880152535, -8.309539930996509 ], [ 157.355004959737698, -8.310325041157121 ], [ 157.356376919840216, -8.312183970099481 ], [ 157.349601000415618, -8.309659977802395 ], [ 157.348940039792495, -8.310642966548189 ], [ 157.351589999812063, -8.314961037739268 ], [ 157.36161816012833, -8.316912025872739 ], [ 157.372707960227132, -8.314089020203534 ], [ 157.379622840043027, -8.308841025892134 ], [ 157.395777840278697, -8.310354073051977 ], [ 157.402137960100958, -8.305684002572026 ], [ 157.413151080007168, -8.305685961199366 ], [ 157.42177416023469, -8.302176068991978 ] ] ], [ [ [ 157.566629159885622, -8.352817989710156 ], [ 157.565741040479963, -8.346371946503574 ], [ 157.56223283991946, -8.341790106680023 ], [ 157.55622695994964, -8.326694962922264 ], [ 157.555541880459458, -8.312660055003319 ], [ 157.548687120393993, -8.304463042103045 ], [ 157.546167840095421, -8.304347981090086 ], [ 157.549033080474516, -8.309552043227734 ], [ 157.552197120279999, -8.311752945757028 ], [ 157.554470880231662, -8.317536112377883 ], [ 157.556062080467456, -8.336735007338143 ], [ 157.559478120168052, -8.34258298776737 ], [ 157.561089120171061, -8.355246959798334 ], [ 157.563906120121061, -8.363294028880619 ], [ 157.565529000343673, -8.362050987767772 ], [ 157.566629159885622, -8.352817989710156 ] ] ], [ [ [ 157.349376000284735, -8.316559017751475 ], [ 157.345058880285563, -8.309952968872608 ], [ 157.34392596008351, -8.310131079375807 ], [ 157.342920120053151, -8.312622117905176 ], [ 157.344318000144852, -8.315262039849497 ], [ 157.342143960376319, -8.314801096217039 ], [ 157.341623039919483, -8.317213026465156 ], [ 157.3394198399385, -8.318301079370899 ], [ 157.339177920039219, -8.320833921386097 ], [ 157.337552880266657, -8.321876013894435 ], [ 157.336044120221089, -8.331444037572618 ], [ 157.33370195984881, -8.335006028685628 ], [ 157.329106919965341, -8.338247056004192 ], [ 157.329965160506333, -8.340039066412009 ], [ 157.334779080298659, -8.336678015765294 ], [ 157.335381000048045, -8.337684980464482 ], [ 157.332657960283484, -8.340153048556406 ], [ 157.335267959645961, -8.340416986876443 ], [ 157.337403839879556, -8.338517941946819 ], [ 157.343938920078131, -8.327031933067387 ], [ 157.344558119820306, -8.32072794937419 ], [ 157.347038159910596, -8.318461019446191 ], [ 157.348896839810493, -8.318783925370809 ], [ 157.349376000284735, -8.316559017751475 ] ] ], [ [ [ 157.439876039659765, -8.28003306882762 ], [ 157.437224999865208, -8.274970048497533 ], [ 157.434449040347289, -8.273955975974548 ], [ 157.427898839705819, -8.276923907065955 ], [ 157.428065160085737, -8.279118936782197 ], [ 157.426851960141732, -8.278037009048301 ], [ 157.423372919793621, -8.280422981149755 ], [ 157.431066119734567, -8.281893921851879 ], [ 157.431785039659815, -8.280181979955026 ], [ 157.435144920282141, -8.280118033587602 ], [ 157.437732960327452, -8.28353496488608 ], [ 157.439876039659765, -8.28003306882762 ] ] ], [ [ [ 157.343330159657825, -8.286086021472293 ], [ 157.338267119969288, -8.280756962582883 ], [ 157.332931920394003, -8.281823029325237 ], [ 157.333317119784454, -8.286548957080907 ], [ 157.336304039663702, -8.29122798315483 ], [ 157.339098000521631, -8.290011965650191 ], [ 157.340374919765424, -8.286927106951181 ], [ 157.343330159657825, -8.286086021472293 ] ] ], [ [ [ 157.332884040189327, -8.399454991658086 ], [ 157.331831040403188, -8.395006974401396 ], [ 157.31775791997444, -8.395440933635907 ], [ 157.319556119899488, -8.400120079751954 ], [ 157.320528120393078, -8.398448008925026 ], [ 157.322692080165837, -8.399573942356295 ], [ 157.324317119938428, -8.397876939075688 ], [ 157.325090040290348, -8.399670990190135 ], [ 157.332884040189327, -8.399454991658086 ] ] ], [ [ [ 157.286221920528305, -8.467563876641506 ], [ 157.28426496044483, -8.463345958348874 ], [ 157.282575119800924, -8.464491998432212 ], [ 157.283322120163604, -8.466329893864202 ], [ 157.282003079814501, -8.465166945569647 ], [ 157.282880040347692, -8.459204017350908 ], [ 157.281276959892239, -8.457525969562521 ], [ 157.278755880268193, -8.46234199017694 ], [ 157.279842000040532, -8.465502904939962 ], [ 157.276203119759003, -8.465915954670395 ], [ 157.276413000345372, -8.467316047932071 ], [ 157.279616999909649, -8.467073026367535 ], [ 157.281894000084492, -8.468485933609063 ], [ 157.283416080349099, -8.466896055734003 ], [ 157.286221920528305, -8.467563876641506 ] ] ], [ [ [ 157.364708040413888, -8.407995990629374 ], [ 157.364498880276386, -8.404529042413085 ], [ 157.362456960228258, -8.402444941781344 ], [ 157.350044160006547, -8.398925948019713 ], [ 157.34768615964083, -8.399951092236973 ], [ 157.348377000026915, -8.401043901001794 ], [ 157.359242160219253, -8.402626036604904 ], [ 157.36324607989971, -8.405471905557647 ], [ 157.361519879944666, -8.405690036824721 ], [ 157.361699879869718, -8.408101048552435 ], [ 157.364708040413888, -8.407995990629374 ] ] ], [ [ [ 157.463965079960701, -8.282192099653798 ], [ 157.452699960159464, -8.284739067737181 ], [ 157.454358119918226, -8.287717961885329 ], [ 157.459292999660164, -8.287704958645566 ], [ 157.462300080429344, -8.285727997632163 ], [ 157.463965079960701, -8.282192099653798 ] ] ], [ [ [ 157.34549195988069, -8.398451036060258 ], [ 157.341876120487854, -8.395523914818293 ], [ 157.335508080219711, -8.395386977921953 ], [ 157.334542920396956, -8.396686895589811 ], [ 157.335842880529469, -8.39932304234109 ], [ 157.339572119650512, -8.39789795103907 ], [ 157.344399000335727, -8.399961954636067 ], [ 157.34549195988069, -8.398451036060258 ] ] ], [ [ [ 157.385423879873485, -8.583956088978441 ], [ 157.384821960124128, -8.577385052909817 ], [ 157.382404919782999, -8.575849023694254 ], [ 157.381178040293833, -8.577422073997715 ], [ 157.381524000374355, -8.582286954696279 ], [ 157.383654119712048, -8.585128999850516 ], [ 157.384960920515425, -8.585568973254855 ], [ 157.385423879873485, -8.583956088978441 ] ] ], [ [ [ 157.517444160376726, -8.276807057185509 ], [ 157.514803920128486, -8.273555013137083 ], [ 157.508663040439501, -8.273558931610895 ], [ 157.507989119821787, -8.274612905667157 ], [ 157.508828999696675, -8.276182015675985 ], [ 157.513484160228813, -8.276239906502887 ], [ 157.51631592039729, -8.278094009250518 ], [ 157.517444160376726, -8.276807057185509 ] ] ], [ [ [ 157.515561000486997, -8.373465980604587 ], [ 157.51271411987571, -8.370601000603514 ], [ 157.50939492035937, -8.370324081618577 ], [ 157.511274840025777, -8.374824915860991 ], [ 157.514515920248385, -8.374832039549609 ], [ 157.515561000486997, -8.373465980604587 ] ] ], [ [ [ 157.420526040080603, -8.292077964235926 ], [ 157.418804879674354, -8.289322999640293 ], [ 157.420112039803826, -8.286561960359373 ], [ 157.418620919975524, -8.28620999299079 ], [ 157.416805079833239, -8.288539095191449 ], [ 157.417425000024281, -8.290809047429741 ], [ 157.414638960510558, -8.292668069079429 ], [ 157.418835119661736, -8.293222906758798 ], [ 157.420526040080603, -8.292077964235926 ] ] ], [ [ [ 157.317297120166302, -8.400302066636028 ], [ 157.316001840256462, -8.398275993535702 ], [ 157.316852879902143, -8.395945942862797 ], [ 157.313184119857596, -8.395976927367588 ], [ 157.311659880043067, -8.397606985025238 ], [ 157.315682879940084, -8.401385970181584 ], [ 157.317297120166302, -8.400302066636028 ] ] ], [ [ [ 157.569827040126171, -8.328918922871312 ], [ 157.568991120025089, -8.326562098409921 ], [ 157.566444120411774, -8.32595102843006 ], [ 157.566566879686945, -8.330585949244433 ], [ 157.568502960228301, -8.331369057284828 ], [ 157.569827040126171, -8.328918922871312 ] ] ], [ [ [ 157.400507160330818, -8.284047065232571 ], [ 157.394579040328665, -8.284858052926317 ], [ 157.397636159954118, -8.287725977507291 ], [ 157.400507160330818, -8.284047065232571 ] ] ], [ [ [ 157.341194999873125, -8.308139090786478 ], [ 157.334959080223712, -8.308704949350988 ], [ 157.33637712030702, -8.309684022412265 ], [ 157.335496920448918, -8.312320935687756 ], [ 157.341194999873125, -8.308139090786478 ] ] ], [ [ [ 157.520285999642653, -8.285430891837343 ], [ 157.519149119666821, -8.283344017744211 ], [ 157.518545040367485, -8.285498043418455 ], [ 157.516823879961208, -8.286076936525443 ], [ 157.51652796053358, -8.288215985997608 ], [ 157.518487080167034, -8.290752940307737 ], [ 157.519492920197422, -8.290278966158583 ], [ 157.518262080036152, -8.287088128368719 ], [ 157.520285999642653, -8.285430891837343 ] ] ], [ [ [ 157.344230879731981, -8.299530003817344 ], [ 157.341338999813161, -8.298393095313997 ], [ 157.339028879652091, -8.301200005750168 ], [ 157.34266199993607, -8.3020789974913 ], [ 157.344230879731981, -8.299530003817344 ] ] ], [ [ [ 157.335981120471899, -8.299328022144314 ], [ 157.332441960373416, -8.296637051797829 ], [ 157.330815839927567, -8.2996370508849 ], [ 157.333587120121166, -8.300990008704785 ], [ 157.335981120471899, -8.299328022144314 ] ] ], [ [ [ 157.334711040102377, -8.317514917976064 ], [ 157.332204000247941, -8.317963924459059 ], [ 157.330279080375618, -8.321122986002319 ], [ 157.332507119672556, -8.320716906688201 ], [ 157.334711040102377, -8.317514917976064 ] ] ], [ [ [ 157.44380616004463, -8.277786922128161 ], [ 157.440876119692518, -8.27761503190659 ], [ 157.440590999811235, -8.282533026889373 ], [ 157.44380616004463, -8.277786922128161 ] ] ], [ [ [ 157.497549119677018, -8.283609063204073 ], [ 157.494147119745975, -8.283624025319719 ], [ 157.494678120198643, -8.286740971041452 ], [ 157.49693496038185, -8.286011922732037 ], [ 157.497549119677018, -8.283609063204073 ] ] ], [ [ [ 157.328331120512956, -8.321910032099925 ], [ 157.324346999701419, -8.320115979025099 ], [ 157.324955039672801, -8.323003949198984 ], [ 157.328331120512956, -8.321910032099925 ] ] ], [ [ [ 157.329438119827444, -8.288629936020861 ], [ 157.328904959824854, -8.284865000207798 ], [ 157.326828840015509, -8.28476204549246 ], [ 157.327288920273133, -8.28910800946008 ], [ 157.329438119827444, -8.288629936020861 ] ] ], [ [ [ 157.342871880522381, -8.311796048302329 ], [ 157.342292999865123, -8.310891963960264 ], [ 157.339760040021417, -8.312639038388271 ], [ 157.339042920319969, -8.315148941519761 ], [ 157.341831839832537, -8.314338906558877 ], [ 157.342871880522381, -8.311796048302329 ] ] ], [ [ [ 157.398195960394787, -8.281046947429362 ], [ 157.396446000000509, -8.279852985746215 ], [ 157.393259999979534, -8.28219494963361 ], [ 157.395635999888611, -8.283352033456449 ], [ 157.396446000000509, -8.280812002738468 ], [ 157.397090039956936, -8.2818299757662 ], [ 157.398195960394787, -8.281046947429362 ] ] ], [ [ [ 157.513661999705647, -8.289150045240836 ], [ 157.512457080431886, -8.287571903587322 ], [ 157.510239839783026, -8.288473012525914 ], [ 157.512778919848756, -8.29069594196322 ], [ 157.513661999705647, -8.289150045240836 ] ] ], [ [ [ 157.332363119732491, -8.302178918825014 ], [ 157.329620999751313, -8.300768078889003 ], [ 157.330530000495742, -8.304175924574537 ], [ 157.332363119732491, -8.302178918825014 ] ] ], [ [ [ 157.511741040505484, -8.283476005847664 ], [ 157.509401039683127, -8.282505951656272 ], [ 157.508204039956894, -8.284829019122581 ], [ 157.509583920505264, -8.285342008989568 ], [ 157.511741040505484, -8.283476005847664 ] ] ], [ [ [ 157.286504879961342, -8.454295018589471 ], [ 157.2848139604408, -8.453967951413476 ], [ 157.28226012015665, -8.45730092376396 ], [ 157.286504879961342, -8.454295018589471 ] ] ], [ [ [ 157.522240079727339, -8.256187998095076 ], [ 157.522016879820256, -8.254302975013449 ], [ 157.520521079769338, -8.25385692318522 ], [ 157.520278080095096, -8.257041083112805 ], [ 157.522240079727339, -8.256187998095076 ] ] ], [ [ [ 157.399476119861788, -8.44753605198418 ], [ 157.397622120184565, -8.443258979766641 ], [ 157.397477040469568, -8.445646967692559 ], [ 157.399476119861788, -8.44753605198418 ] ] ], [ [ [ 157.574538000410513, -8.370680959802824 ], [ 157.571481959661753, -8.370534931975484 ], [ 157.573001880376381, -8.372768080555248 ], [ 157.574538000410513, -8.370680959802824 ] ] ], [ [ [ 157.312478880375807, -8.404524056306695 ], [ 157.310990999872388, -8.402498005545173 ], [ 157.310157959770066, -8.403046988751916 ], [ 157.311347039948714, -8.40603797888746 ], [ 157.312478880375807, -8.404524056306695 ] ] ], [ [ [ 157.531947839727849, -8.289703996733259 ], [ 157.531068000094166, -8.28809896055356 ], [ 157.529391839893748, -8.28849901805868 ], [ 157.529441879648317, -8.290091940640202 ], [ 157.531947839727849, -8.289703996733259 ] ] ], [ [ [ 157.3370189998152, -8.3027300027753 ], [ 157.336178040165322, -8.302031975678311 ], [ 157.33363896009962, -8.303879010071926 ], [ 157.3370189998152, -8.3027300027753 ] ] ], [ [ [ 157.332988080370598, -8.309103026090849 ], [ 157.331255039744718, -8.308898021568879 ], [ 157.330991160528328, -8.311484890818898 ], [ 157.332988080370598, -8.309103026090849 ] ] ], [ [ [ 157.535817119913446, -8.289716109584194 ], [ 157.534571160207662, -8.289629009256268 ], [ 157.533909840258445, -8.292007963885228 ], [ 157.535405999635486, -8.291802059110603 ], [ 157.535817119913446, -8.289716109584194 ] ] ], [ [ [ 157.503511080114208, -8.338582056712642 ], [ 157.49835084001694, -8.34193400803121 ], [ 157.500505080018314, -8.34173008827193 ], [ 157.503511080114208, -8.338582056712642 ] ] ], [ [ [ 156.755976839641136, -7.70279911247579 ], [ 156.753592920184531, -7.701636992989283 ], [ 156.754969919835816, -7.703473015919347 ], [ 156.755976839641136, -7.70279911247579 ] ] ], [ [ [ 157.612389120371404, -8.380946921109627 ], [ 157.611765959957125, -8.380135063490322 ], [ 157.610690999955551, -8.382119026984775 ], [ 157.612177080235085, -8.38236495186368 ], [ 157.612389120371404, -8.380946921109627 ] ] ], [ [ [ 157.402828080038205, -8.284591939918453 ], [ 157.401201960490681, -8.283243912597857 ], [ 157.401302039999877, -8.285035996889579 ], [ 157.402828080038205, -8.284591939918453 ] ] ], [ [ [ 157.372135920240765, -8.583339909366623 ], [ 157.370676120174835, -8.58227591959613 ], [ 157.369650120152841, -8.583358952951773 ], [ 157.372135920240765, -8.583339909366623 ] ] ], [ [ [ 157.555761840143305, -8.284008056932873 ], [ 157.554096120163109, -8.28347796548198 ], [ 157.554033120413919, -8.285140910263401 ], [ 157.555761840143305, -8.284008056932873 ] ] ], [ [ [ 157.445313119866341, -8.276257006643506 ], [ 157.443258960272431, -8.276460959989267 ], [ 157.444292879841981, -8.277426931870558 ], [ 157.445313119866341, -8.276257006643506 ] ] ], [ [ [ 157.432629959981796, -8.265878928211125 ], [ 157.43036988047362, -8.266498108009934 ], [ 157.431677039704823, -8.267179987911261 ], [ 157.432629959981796, -8.265878928211125 ] ] ], [ [ [ 157.497652080083327, -8.278660979158632 ], [ 157.496942879929406, -8.277374919320799 ], [ 157.496315040190808, -8.279851026093629 ], [ 157.497652080083327, -8.278660979158632 ] ] ], [ [ [ 157.318063920296197, -8.414095036262415 ], [ 157.31664695998785, -8.412951873467094 ], [ 157.316662080430717, -8.414699024762289 ], [ 157.318063920296197, -8.414095036262415 ] ] ], [ [ [ 157.517020080104118, -8.30004903006588 ], [ 157.515216120181464, -8.299225961566176 ], [ 157.513975920473229, -8.299915088047905 ], [ 157.515661079996192, -8.30017602592511 ], [ 157.513644000162259, -8.301242040220588 ], [ 157.517020080104118, -8.30004903006588 ] ] ], [ [ [ 157.340306880467466, -8.399562011864306 ], [ 157.337555039816607, -8.399648019279843 ], [ 157.338272879966866, -8.400526077073216 ], [ 157.340306880467466, -8.399562011864306 ] ] ], [ [ [ 157.411459079813284, -8.277134095201008 ], [ 157.411035000439028, -8.275628044901961 ], [ 157.409965079986222, -8.275989996497373 ], [ 157.411459079813284, -8.277134095201008 ] ] ], [ [ [ 157.311564120532069, -8.399523904419523 ], [ 157.310928000123226, -8.398337962165996 ], [ 157.309506000266111, -8.398909921397758 ], [ 157.310316000378009, -8.400197005677979 ], [ 157.311564120532069, -8.399523904419523 ] ] ], [ [ [ 157.330738079959957, -8.310698002462974 ], [ 157.329366840306278, -8.309775927513146 ], [ 157.328803080091859, -8.311057071574972 ], [ 157.330738079959957, -8.310698002462974 ] ] ], [ [ [ 157.466147040175116, -8.279706923595983 ], [ 157.465283039636518, -8.278836966302444 ], [ 157.464154080106596, -8.280090067842281 ], [ 157.466147040175116, -8.279706923595983 ] ] ], [ [ [ 157.270371120390564, -8.470952991245202 ], [ 157.269025080277288, -8.468960047347853 ], [ 157.269197880205326, -8.470933941089752 ], [ 157.270371120390564, -8.470952991245202 ] ] ], [ [ [ 157.51078307978139, -8.286911076568895 ], [ 157.509102959807194, -8.286501043056276 ], [ 157.510252080227076, -8.287746995473055 ], [ 157.51078307978139, -8.286911076568895 ] ] ], [ [ [ 157.566709080301479, -8.368223947959358 ], [ 157.566335039783468, -8.367250008229448 ], [ 157.565300040439013, -8.368457949380478 ], [ 157.566709080301479, -8.368223947959358 ] ] ] ] } },
{ "type": "Feature", "properties": { "shapeName": "Marovo", "shapeISO": "", "shapeID": "97153195B98406832943487", "shapeGroup": "SLB", "shapeType": "ADM2" }, "geometry": { "type": "MultiPolygon", "coordinates": [ [ [ [ 157.604969879642624, -8.298156023501491 ], [ 157.664606039965406, -8.4583880507518 ], [ 157.683943080448302, -8.50691695866783 ], [ 157.684213079886689, -8.515452015196969 ], [ 157.687864920162866, -8.516142003441516 ], [ 157.697888040032041, -8.510954067015279 ], [ 157.704042960388961, -8.511690881576536 ], [ 157.710138120321545, -8.510308929989293 ], [ 157.714580880492974, -8.51192497468292 ], [ 157.717518840392586, -8.508876949790878 ], [ 157.723799039799019, -8.506607026733095 ], [ 157.725959039797999, -8.502136033927732 ], [ 157.730329080448854, -8.500276947115486 ], [ 157.729967999925435, -8.49666306859196 ], [ 157.726356839856948, -8.495271983003294 ], [ 157.724830080268049, -8.491937025078094 ], [ 157.731612119914672, -8.493339872503133 ], [ 157.732775999654649, -8.487722934487048 ], [ 157.735284839732969, -8.489359903688957 ], [ 157.736185920031517, -8.488837035934543 ], [ 157.73502204029154, -8.486549012952821 ], [ 157.738097879909162, -8.487493099539241 ], [ 157.741652880001084, -8.485985016082152 ], [ 157.743583920095404, -8.486236927770532 ], [ 157.743127080061043, -8.48715199663854 ], [ 157.745226960309594, -8.483972032896554 ], [ 157.746574080197888, -8.488638000661393 ], [ 157.737139920083479, -8.492980971608333 ], [ 157.732858080518753, -8.501415934919383 ], [ 157.728211920207457, -8.50366701858967 ], [ 157.728674880463842, -8.51363998968449 ], [ 157.736832120436219, -8.517685037907134 ], [ 157.738577040383433, -8.520517061958389 ], [ 157.746070080407719, -8.524401114966381 ], [ 157.750787880464657, -8.529319897636684 ], [ 157.757205960487397, -8.532362063022161 ], [ 157.75972992011026, -8.537275046569011 ], [ 157.760714879700146, -8.546651015086583 ], [ 157.768827120364932, -8.551377983992746 ], [ 157.782251879940759, -8.549827966156707 ], [ 157.78252403982745, -8.544843943134923 ], [ 157.784428080157568, -8.544035991727055 ], [ 157.79375603964246, -8.544516063582886 ], [ 157.795436880065523, -8.557332001165545 ], [ 157.794573960200239, -8.560570983854291 ], [ 157.795981920287772, -8.561950973523899 ], [ 157.798897919971949, -8.561211051680051 ], [ 157.797320039955224, -8.557864031342868 ], [ 157.798423080394258, -8.550843096659833 ], [ 157.805894160203138, -8.547099043767112 ], [ 157.804149959806466, -8.541260924704034 ], [ 157.80837203984521, -8.541326964582344 ], [ 157.808652120177726, -8.543289982671508 ], [ 157.810826880395155, -8.542720908271237 ], [ 157.810970159886324, -8.5436639665347 ], [ 157.802525999808893, -8.55750305565598 ], [ 157.807547999963731, -8.563044923284634 ], [ 157.815848160101126, -8.563291977446843 ], [ 157.819484879934407, -8.565884086646451 ], [ 157.816406879868481, -8.566277983058601 ], [ 157.820805000058499, -8.568027995924426 ], [ 157.827093119910757, -8.567065952578226 ], [ 157.826867040004885, -8.564032963704371 ], [ 157.825577880317041, -8.565813957667748 ], [ 157.820991839756147, -8.565221954686855 ], [ 157.827592080152158, -8.563330958123906 ], [ 157.827642119906756, -8.561546036863515 ], [ 157.830113159776261, -8.563393968307681 ], [ 157.833838079797374, -8.562140002949675 ], [ 157.830437880090216, -8.564545938958705 ], [ 157.82912891973686, -8.564113949819788 ], [ 157.829069160210906, -8.566053001122537 ], [ 157.836636000429081, -8.563616993639544 ], [ 157.833861119787798, -8.560873040358548 ], [ 157.836512880031165, -8.560784042757925 ], [ 157.836259079912281, -8.557619108885362 ], [ 157.842741959908011, -8.560173877673504 ], [ 157.843711080402841, -8.558759884407801 ], [ 157.841812080519759, -8.555222919726738 ], [ 157.845642120497132, -8.553688047224805 ], [ 157.844755079968166, -8.551151925480561 ], [ 157.847024159697156, -8.551866947168817 ], [ 157.849467840476308, -8.549950964219409 ], [ 157.849680960387587, -8.556954115321142 ], [ 157.848252119859609, -8.555659011717697 ], [ 157.848657119915543, -8.556946995940343 ], [ 157.846944959730109, -8.557859937842993 ], [ 157.851559079830167, -8.558817020691206 ], [ 157.851284039944716, -8.563874015447968 ], [ 157.862909880044924, -8.564953008511145 ], [ 157.864600080014952, -8.563760989966864 ], [ 157.865241960421429, -8.566266056916351 ], [ 157.863845879655202, -8.569085083113043 ], [ 157.86603791986542, -8.570544069846649 ], [ 157.862288880078921, -8.573177066769047 ], [ 157.862458080457628, -8.575674062187662 ], [ 157.86480096038045, -8.577375974896793 ], [ 157.870578960220485, -8.576146974603697 ], [ 157.871810880156744, -8.579010957885203 ], [ 157.876952040037423, -8.580771947390113 ], [ 157.880237039792547, -8.579476035422539 ], [ 157.878947159655866, -8.575076023311809 ], [ 157.875441839992448, -8.571236984671234 ], [ 157.878698039759598, -8.56221404812962 ], [ 157.875734159870746, -8.559723906353737 ], [ 157.877069040213257, -8.556005037723269 ], [ 157.871373839889571, -8.551601016455081 ], [ 157.865501160313499, -8.544364939371883 ], [ 157.864907879662212, -8.541729074072034 ], [ 157.875784920074182, -8.542747964192518 ], [ 157.87117799997111, -8.535986995912033 ], [ 157.871517120279094, -8.529955923911572 ], [ 157.869750959666959, -8.526672000591367 ], [ 157.875338880484492, -8.524926070791073 ], [ 157.878182880198665, -8.519941900844914 ], [ 157.879749959770777, -8.520857957708495 ], [ 157.880072160310334, -8.518561046297199 ], [ 157.88377512011607, -8.518543956968518 ], [ 157.883501880454418, -8.513375991353898 ], [ 157.886101080270549, -8.513069980741481 ], [ 157.885643880011713, -8.511225010215497 ], [ 157.887821160003512, -8.510797945537078 ], [ 157.888608120125042, -8.511887947152644 ], [ 157.887480959920595, -8.512485016865346 ], [ 157.889189160332279, -8.514051029379196 ], [ 157.893942960374204, -8.512014873630132 ], [ 157.891692959963507, -8.509132051356616 ], [ 157.884477120272948, -8.508230029591566 ], [ 157.886178119789321, -8.505079079364851 ], [ 157.892447160323258, -8.505151000184464 ], [ 157.894224120481709, -8.503843971163491 ], [ 157.89518100053246, -8.494019040479067 ], [ 157.894162920058022, -8.490508003545484 ], [ 157.89602088040732, -8.490120081698995 ], [ 157.896405000022838, -8.487839899038395 ], [ 157.899187079762783, -8.485612044741343 ], [ 157.900334039734418, -8.486182984909517 ], [ 157.898890079661896, -8.488080059745903 ], [ 157.901492879925627, -8.487228015129949 ], [ 157.901173920507603, -8.48564497966483 ], [ 157.90318991966825, -8.48373204756062 ], [ 157.903328160509005, -8.480526953388759 ], [ 157.900134960491016, -8.476608985731671 ], [ 157.900312080417308, -8.473357898443886 ], [ 157.896869040054213, -8.470837979271154 ], [ 157.894853039995269, -8.47146698196541 ], [ 157.895169839863371, -8.469117966773311 ], [ 157.888406880433394, -8.468190926065988 ], [ 157.887464040152224, -8.465969900412228 ], [ 157.89081888032743, -8.468097100228619 ], [ 157.893326999956912, -8.465249911590659 ], [ 157.887847079992753, -8.46352292974135 ], [ 157.885962840328119, -8.46498997494272 ], [ 157.885521119838302, -8.463653966938889 ], [ 157.883826960094495, -8.467055043910372 ], [ 157.878325079914902, -8.463643106353015 ], [ 157.879645920487832, -8.460554995328289 ], [ 157.87861416046826, -8.459956064848953 ], [ 157.879168920461865, -8.454843928191679 ], [ 157.880711159819754, -8.45291695514314 ], [ 157.878987120312956, -8.451487966526802 ], [ 157.880667959837723, -8.449930066546504 ], [ 157.882048920161054, -8.451542982251809 ], [ 157.882595040158265, -8.450089061815763 ], [ 157.881288959803754, -8.448368065505896 ], [ 157.879412999911068, -8.449859026104592 ], [ 157.878740880415478, -8.449106068696098 ], [ 157.878154080210663, -8.444881004029593 ], [ 157.881682079640086, -8.442124983786959 ], [ 157.880934000400714, -8.440680997772802 ], [ 157.878666000446657, -8.441985036799192 ], [ 157.877916839635702, -8.440077941250065 ], [ 157.881116880324555, -8.436772952311804 ], [ 157.880876040200235, -8.435304019290118 ], [ 157.882236120083093, -8.435640895001086 ], [ 157.881426119971195, -8.433928915787956 ], [ 157.88024604001339, -8.434325974640386 ], [ 157.881664080096698, -8.43154103334955 ], [ 157.875224039858551, -8.42824398402807 ], [ 157.873821839768652, -8.429409003082467 ], [ 157.872232080430564, -8.428449994708295 ], [ 157.871622959785839, -8.426155025067985 ], [ 157.874076000111984, -8.420724960450174 ], [ 157.874238000493676, -8.415993000851937 ], [ 157.870883879868984, -8.413720927335806 ], [ 157.869249120325037, -8.405199997845811 ], [ 157.864592160467396, -8.401510974502136 ], [ 157.863314880100887, -8.396811010474812 ], [ 157.861334880026959, -8.395328036868849 ], [ 157.861782000289935, -8.392427958400502 ], [ 157.859677080492617, -8.393203997934837 ], [ 157.854634920346172, -8.388799002061708 ], [ 157.852158120479089, -8.388967994494196 ], [ 157.849494840240482, -8.381248050605359 ], [ 157.845890159720142, -8.380546958503851 ], [ 157.843355040326486, -8.376549087984174 ], [ 157.838768999765563, -8.375422019708335 ], [ 157.837519080285972, -8.372162958713581 ], [ 157.834685880118144, -8.373694993221468 ], [ 157.834409040008808, -8.375246966674858 ], [ 157.832547119885731, -8.374156044478108 ], [ 157.834148039892909, -8.368720979056869 ], [ 157.829990040276641, -8.36900395303717 ], [ 157.831157160239883, -8.36510302078181 ], [ 157.829420880289035, -8.363736928157548 ], [ 157.828519080439946, -8.364539025200244 ], [ 157.826480040390578, -8.362119017089142 ], [ 157.826372040435558, -8.360574114595392 ], [ 157.82831604052447, -8.359695076155003 ], [ 157.827408120453327, -8.356410060737188 ], [ 157.829781959914129, -8.348255994034337 ], [ 157.82719391986879, -8.344386020040439 ], [ 157.830577920256474, -8.340091070545892 ], [ 157.830489000518071, -8.331348041686745 ], [ 157.827458160207925, -8.328843051861458 ], [ 157.827173040326642, -8.324698963619401 ], [ 157.817374919689996, -8.315573015349031 ], [ 157.815802080120335, -8.315179041368788 ], [ 157.815173159708422, -8.317169034264452 ], [ 157.815379080521012, -8.315286974374455 ], [ 157.814053919949885, -8.315397044875485 ], [ 157.814755920106734, -8.313282010829004 ], [ 157.812050160334991, -8.310727925498162 ], [ 157.809142080198313, -8.30905404562529 ], [ 157.803630840471754, -8.309156103614699 ], [ 157.796979120321737, -8.305117961536929 ], [ 157.796894160357112, -8.302935901747588 ], [ 157.79423700034053, -8.300370882987899 ], [ 157.790481840331978, -8.300234982426257 ], [ 157.788993959828588, -8.294231051136492 ], [ 157.790202839774423, -8.288873069645563 ], [ 157.782776039722535, -8.28938890409664 ], [ 157.776332039710582, -8.286100983492497 ], [ 157.775307120361902, -8.287061054347932 ], [ 157.777359120405862, -8.288987957185064 ], [ 157.774962960505178, -8.291519918880956 ], [ 157.771028880346535, -8.291125921340232 ], [ 157.770790920221032, -8.288484946455522 ], [ 157.772549160387285, -8.288476040524577 ], [ 157.77476603991343, -8.285967926989761 ], [ 157.771694880518424, -8.283609063204073 ], [ 157.771181880507413, -8.281028065921195 ], [ 157.775582879797923, -8.279007965637316 ], [ 157.778295840465006, -8.275084939253491 ], [ 157.776850080168629, -8.271598999875646 ], [ 157.7728461604882, -8.268582932950194 ], [ 157.773794040318165, -8.261307905700244 ], [ 157.770331919738425, -8.25978896984768 ], [ 157.77094715970685, -8.25747198920236 ], [ 157.7770221596478, -8.253696957393998 ], [ 157.78227708037943, -8.253914995412602 ], [ 157.784077080528277, -8.255257956435788 ], [ 157.78644588044034, -8.25302093236013 ], [ 157.776724079771924, -8.249601955945705 ], [ 157.773503160439247, -8.25194605893954 ], [ 157.773579120183058, -8.250408917728768 ], [ 157.772107079673077, -8.251299067177506 ], [ 157.770648000055957, -8.249177988181609 ], [ 157.770352079730031, -8.245600078373792 ], [ 157.768862039676691, -8.24488591751242 ], [ 157.771225080489415, -8.241953016840805 ], [ 157.769606880489476, -8.240357049681863 ], [ 157.770854999745211, -8.23915192006854 ], [ 157.768949879640104, -8.238287038555171 ], [ 157.768949160089562, -8.235048929190725 ], [ 157.765826880266673, -8.234771023776256 ], [ 157.764315959772858, -8.232539050491534 ], [ 157.764137040521092, -8.233872998896125 ], [ 157.760507160460349, -8.234792935942005 ], [ 157.755842999707369, -8.230563059753688 ], [ 157.751916120444037, -8.230953912021434 ], [ 157.750857000435872, -8.233574963102727 ], [ 157.746720960136741, -8.227899055632834 ], [ 157.604969879642624, -8.298156023501491 ] ] ], [ [ [ 158.126982120139814, -8.55805893750383 ], [ 158.126157000483346, -8.557359056930139 ], [ 158.123905920297716, -8.5592429633223 ], [ 158.122451159780496, -8.557474042566586 ], [ 158.118600959811516, -8.55872695496979 ], [ 158.119423919918063, -8.557474042566586 ], [ 158.117298840129081, -8.554764042754705 ], [ 158.118955920112882, -8.549847902051841 ], [ 158.120664120524566, -8.550695001805426 ], [ 158.122658879918617, -8.549690016350377 ], [ 158.122631880154444, -8.547699974289291 ], [ 158.119943040151071, -8.544720944297083 ], [ 158.114891879783784, -8.544359955996203 ], [ 158.115373920256786, -8.542485943649119 ], [ 158.113337039757397, -8.542365970029131 ], [ 158.113405079953651, -8.5390679136194 ], [ 158.110280999906934, -8.535985038465073 ], [ 158.106449880154571, -8.536153966368992 ], [ 158.105165040464954, -8.53462097534876 ], [ 158.106211920029068, -8.534251966910537 ], [ 158.105661840258108, -8.530568986116169 ], [ 158.103736920385813, -8.530398987994975 ], [ 158.099520959670826, -8.533529080141099 ], [ 158.093966159737818, -8.527428010639934 ], [ 158.089574159769825, -8.529249939795957 ], [ 158.086427039732683, -8.528265902770194 ], [ 158.085089999840193, -8.524363020034025 ], [ 158.081462999778296, -8.52889605658296 ], [ 158.076500040497166, -8.527487999832584 ], [ 158.074155000126098, -8.523142927634776 ], [ 158.068796040111579, -8.526437917522596 ], [ 158.059826999803448, -8.519479064938229 ], [ 158.052741839833914, -8.520833925483007 ], [ 158.047475039781006, -8.524507031377636 ], [ 158.044146120493309, -8.5227990078031 ], [ 158.0448488402007, -8.526727896065877 ], [ 158.041384920295485, -8.530691099813529 ], [ 158.038967160403786, -8.537442015560943 ], [ 158.039403119997729, -8.539687903654603 ], [ 158.035753079945408, -8.544374018182566 ], [ 158.032235880062359, -8.545518926619954 ], [ 158.033094119704998, -8.548580008314655 ], [ 158.030706960025185, -8.550567019798347 ], [ 158.030512920330551, -8.556479043448729 ], [ 158.029570080049382, -8.558488974487238 ], [ 158.027675039940078, -8.558881099265435 ], [ 158.020791119662164, -8.556299088803884 ], [ 158.019252120527511, -8.558145976629818 ], [ 158.019319080050451, -8.552458970295355 ], [ 158.021129879745672, -8.552143023076148 ], [ 158.022632879793662, -8.549209061377661 ], [ 158.019567839722299, -8.544320973352322 ], [ 158.020056000417384, -8.541289939043832 ], [ 158.017987079706728, -8.539740058503586 ], [ 158.011678080312322, -8.542024026045286 ], [ 158.015894040129041, -8.550110985127938 ], [ 158.009724000227635, -8.55491800984062 ], [ 158.008305960144298, -8.548421054418037 ], [ 158.006343960512055, -8.547772954648396 ], [ 158.003404919939072, -8.540859882398946 ], [ 158.004431999736056, -8.537820988693854 ], [ 158.001633000227685, -8.53623709477629 ], [ 157.999763880107622, -8.53695499198308 ], [ 158.000061959983498, -8.533324015388176 ], [ 157.998027960381222, -8.529534041947437 ], [ 157.992158880354452, -8.527688083269171 ], [ 157.989016080315537, -8.5246800591789 ], [ 157.987497959824736, -8.525522941931989 ], [ 157.986673919943286, -8.523708115678692 ], [ 157.985252999861132, -8.52529900425486 ], [ 157.982775120219088, -8.518116900564285 ], [ 157.978748880098806, -8.515087082869497 ], [ 157.976394119956325, -8.515580009127424 ], [ 157.978422000234929, -8.520373938877672 ], [ 157.969162080047937, -8.513021916192113 ], [ 157.96545912024223, -8.514449963777826 ], [ 157.964658120351146, -8.517845963201349 ], [ 157.962093120296203, -8.517759091827573 ], [ 157.960214999955298, -8.519487075708994 ], [ 157.96114415979298, -8.517973955426189 ], [ 157.959959040286407, -8.516946988431705 ], [ 157.95861695994688, -8.519526060920942 ], [ 157.960429920090348, -8.520715012713994 ], [ 157.96179216042151, -8.524721891135172 ], [ 157.959655919963467, -8.526576052904064 ], [ 157.954881959929963, -8.524865012566936 ], [ 157.956326999777474, -8.527619905556744 ], [ 157.955590080308838, -8.528763974246186 ], [ 157.950972000435002, -8.529680009690779 ], [ 157.949427959954988, -8.525852974358386 ], [ 157.946315039679035, -8.524596037553861 ], [ 157.944443040458452, -8.526453048103102 ], [ 157.945154039937847, -8.52373891181886 ], [ 157.943108879666454, -8.523262017594627 ], [ 157.942806120466287, -8.527617947172093 ], [ 157.941047159851166, -8.529391990898439 ], [ 157.939278120138511, -8.527039948724502 ], [ 157.938316920089591, -8.529040066195993 ], [ 157.934658960489685, -8.528972957340418 ], [ 157.938626159736231, -8.531287961830946 ], [ 157.941721080468881, -8.530805915644002 ], [ 157.94358084014371, -8.533604911354235 ], [ 157.94239607996326, -8.53022703142604 ], [ 157.943576880369932, -8.528956046436312 ], [ 157.942775880478848, -8.530193031777129 ], [ 157.944169080347962, -8.533194070015192 ], [ 157.949228160262749, -8.535710018406734 ], [ 157.945993919812736, -8.537642093714094 ], [ 157.950074879910204, -8.537976031298582 ], [ 157.952617919749741, -8.539729022153606 ], [ 157.955690880266872, -8.534183077688526 ], [ 157.95666504031044, -8.538199071702101 ], [ 157.958652959931925, -8.537055031649368 ], [ 157.959234000139162, -8.538423001716446 ], [ 157.956642000320045, -8.540502094346998 ], [ 157.962473999688456, -8.542708091648967 ], [ 157.965024959973846, -8.558115005364021 ], [ 157.96779011994542, -8.55938411341355 ], [ 157.964078880367765, -8.567319056563937 ], [ 157.967381879666249, -8.570924078109389 ], [ 157.96366883986471, -8.572787982664089 ], [ 157.963475879945065, -8.575585958645286 ], [ 157.961026079842156, -8.576101943824566 ], [ 157.960595880245876, -8.578520962476647 ], [ 157.95881316008979, -8.57619289503088 ], [ 157.957084080135985, -8.580611049010681 ], [ 157.954935960356636, -8.580225888840483 ], [ 157.952661119731715, -8.572635980160289 ], [ 157.953732840408406, -8.571607024415306 ], [ 157.951591919727747, -8.569171942643859 ], [ 157.953504960278707, -8.56725693671347 ], [ 157.956483959712102, -8.569795977303087 ], [ 157.957877880030054, -8.567348068892912 ], [ 157.955920919946522, -8.565287990357165 ], [ 157.958790120099394, -8.561913950909844 ], [ 157.957633080131956, -8.561798966632079 ], [ 157.957180920320269, -8.559289954343742 ], [ 157.955838839980714, -8.561085031463756 ], [ 157.954042080055075, -8.561057976861642 ], [ 157.955145120494137, -8.558868994949389 ], [ 157.952946960061865, -8.558058046913201 ], [ 157.952674079726336, -8.559975946762995 ], [ 157.949308079780337, -8.555798027870694 ], [ 157.947014159837124, -8.557775033923766 ], [ 157.944084839933879, -8.557254929155039 ], [ 157.942675080520814, -8.552258009413716 ], [ 157.942131120073583, -8.558074956510072 ], [ 157.941287999975458, -8.5595129821121 ], [ 157.940596079814384, -8.557053081138141 ], [ 157.938824160102996, -8.560538944265533 ], [ 157.932360000099465, -8.558666080165416 ], [ 157.932185039723123, -8.553311937132845 ], [ 157.930786079856432, -8.554505056470141 ], [ 157.930368119805877, -8.559611947255267 ], [ 157.934347919720921, -8.5651619715088 ], [ 157.932290159679354, -8.566554938054555 ], [ 157.936706999861599, -8.567903935276624 ], [ 157.938136920164538, -8.570594974881709 ], [ 157.93649495972528, -8.571338082814481 ], [ 157.936789079827406, -8.573751079826463 ], [ 157.932177120175595, -8.57619894735674 ], [ 157.93594416040375, -8.577959949175971 ], [ 157.933541880281098, -8.582677986147811 ], [ 157.934756880448958, -8.585255011990071 ], [ 157.933122120006686, -8.590428054605303 ], [ 157.929271920037706, -8.590712111395648 ], [ 157.930018920400443, -8.589279009362063 ], [ 157.928686920056691, -8.588165023443878 ], [ 157.927218840218785, -8.590396017567134 ], [ 157.924563839752182, -8.588273058777315 ], [ 157.92336000025341, -8.589395052761381 ], [ 157.923511919740974, -8.593021935138328 ], [ 157.921236000239446, -8.591653983356922 ], [ 157.91853888046407, -8.585513977054649 ], [ 157.925021040010961, -8.58068598108256 ], [ 157.923159119887885, -8.578745936936182 ], [ 157.925166119725986, -8.577372949190456 ], [ 157.921752960024179, -8.57688295164121 ], [ 157.921869960200041, -8.572884987053333 ], [ 157.920067080052377, -8.569553020793183 ], [ 157.916420999773806, -8.569294934374636 ], [ 157.916198879641769, -8.573387092780047 ], [ 157.913534160302078, -8.575315950522189 ], [ 157.909166999650012, -8.572679943761381 ], [ 157.907408039933188, -8.57380999404084 ], [ 157.905844920134882, -8.572541111789944 ], [ 157.906874879930598, -8.577545952673873 ], [ 157.904529840457826, -8.581361078086205 ], [ 157.900743000462427, -8.577322935620103 ], [ 157.898769119712256, -8.567337923027699 ], [ 157.881888000452619, -8.558940014919076 ], [ 157.884242040146233, -8.56894108882765 ], [ 157.889251080306479, -8.573284037936178 ], [ 157.892670000005864, -8.580213964035719 ], [ 157.891667039974323, -8.583573957902559 ], [ 157.892506919849211, -8.589908884729901 ], [ 157.895901000232669, -8.594345032149752 ], [ 157.89284316015835, -8.594658986686083 ], [ 157.889865960050457, -8.600432036386502 ], [ 157.885949159884632, -8.59863305105265 ], [ 157.886116920263959, -8.595392970215087 ], [ 157.881205080512416, -8.59574394314914 ], [ 157.881831840476025, -8.598749091551365 ], [ 157.88062404030515, -8.59988298009298 ], [ 157.877199000383712, -8.598835054605708 ], [ 157.876106039940481, -8.600522981683751 ], [ 157.876863120299021, -8.602344026943197 ], [ 157.873599000085989, -8.60595102966831 ], [ 157.879062000281778, -8.612422975920135 ], [ 157.882065839929425, -8.619355923920187 ], [ 157.881633840109316, -8.620996953799208 ], [ 157.880139840282169, -8.620671987427226 ], [ 157.880882879972802, -8.623240033858199 ], [ 157.879019880074736, -8.626924073854335 ], [ 157.885589880483366, -8.635206937987467 ], [ 157.886951040141213, -8.638994966500393 ], [ 157.885337160139443, -8.641659874967608 ], [ 157.888600920128056, -8.641964002551214 ], [ 157.8849451200781, -8.644292020346029 ], [ 157.885425000102913, -8.645803925359209 ], [ 157.882992840217213, -8.645268993359261 ], [ 157.88168892031095, -8.649212986027951 ], [ 157.877099999751181, -8.648901923743637 ], [ 157.876377120052211, -8.653332930313534 ], [ 157.877768879921888, -8.653120990646073 ], [ 157.87686492052282, -8.657052977654093 ], [ 157.878081000465642, -8.661468940676603 ], [ 157.869254880322643, -8.665712956880524 ], [ 157.875360839801601, -8.683476980087097 ], [ 157.879577159842711, -8.690844912286691 ], [ 157.885615080023712, -8.689850086616719 ], [ 157.888252080048659, -8.687786049478724 ], [ 157.889211840098227, -8.692047917436135 ], [ 157.892365080357422, -8.691644009661934 ], [ 157.892295960386178, -8.694519038506822 ], [ 157.889169000340644, -8.698605034884107 ], [ 157.892145840224117, -8.700404965766422 ], [ 157.892713920436734, -8.70430887946649 ], [ 157.899156839775372, -8.710545875512404 ], [ 157.897451160036411, -8.710614910033488 ], [ 157.897005839997263, -8.715053905325703 ], [ 157.898562120023001, -8.715900990569674 ], [ 157.904471159808509, -8.711473035840898 ], [ 157.913746919988881, -8.713907020384426 ], [ 157.914626040071994, -8.717232906997801 ], [ 157.912259040383816, -8.720436889064711 ], [ 157.912778880167394, -8.721773059563308 ], [ 157.915964159739474, -8.722553943763725 ], [ 157.914381959724494, -8.724124957704301 ], [ 157.916215079859569, -8.728947911982631 ], [ 157.915293120018845, -8.732577896563763 ], [ 157.916738880315222, -8.732396958162516 ], [ 157.916197080316238, -8.733501977047473 ], [ 157.918913999858773, -8.736032069192255 ], [ 157.922235000497238, -8.735085043772189 ], [ 157.928082839859059, -8.738083919451279 ], [ 157.927827959965185, -8.743356979395331 ], [ 157.930576919718959, -8.742108950389246 ], [ 157.930700040116847, -8.744909047117067 ], [ 157.933644120238512, -8.743804951742561 ], [ 157.936982039747051, -8.750008909198217 ], [ 157.941636120504228, -8.749476972625597 ], [ 157.943379959778184, -8.753628903534249 ], [ 157.950691920102457, -8.759241000552313 ], [ 157.960892880346819, -8.760429018836167 ], [ 157.964074919695662, -8.763699875320006 ], [ 157.967120880448647, -8.760978907850953 ], [ 157.973004000244941, -8.760783040218209 ], [ 157.975318080179818, -8.764373043089739 ], [ 157.978198079878979, -8.762893104738188 ], [ 157.983482880373572, -8.762958038200962 ], [ 157.985053919719434, -8.759205063768864 ], [ 157.988711159768769, -8.758524949737653 ], [ 157.995659880019701, -8.763597939484214 ], [ 157.995541080518336, -8.766057023700331 ], [ 157.993543080002752, -8.767689939860052 ], [ 157.995158039779483, -8.770758109685687 ], [ 158.00045795981859, -8.770797068571738 ], [ 158.003183160031426, -8.768228966264031 ], [ 158.00399496036718, -8.769506970942299 ], [ 158.007855959882477, -8.770015041086607 ], [ 158.011224120276779, -8.773173028217299 ], [ 158.015039039811285, -8.770937962171127 ], [ 158.018064120123825, -8.772077022288229 ], [ 158.019671879903569, -8.767570037150684 ], [ 158.020948080495117, -8.76939703132977 ], [ 158.023663920262663, -8.769733077073722 ], [ 158.025168000085586, -8.766884956446489 ], [ 158.028833159682449, -8.764748941273693 ], [ 158.026196880106369, -8.759527063907816 ], [ 158.027216040355768, -8.755043944386282 ], [ 158.03282808004036, -8.75666890388384 ], [ 158.03482607965762, -8.7552460414385 ], [ 158.034187080148257, -8.750871036378802 ], [ 158.039739000082449, -8.752719994116745 ], [ 158.041765080137168, -8.749049999494037 ], [ 158.042608919785863, -8.746226094466994 ], [ 158.040577079733481, -8.742276007158495 ], [ 158.038359120432403, -8.741913072696015 ], [ 158.039956079767478, -8.738476923782065 ], [ 158.041836000332239, -8.7378549481832 ], [ 158.040488880443974, -8.734652005081129 ], [ 158.04275003972711, -8.735600988907066 ], [ 158.046625079910314, -8.73292998657012 ], [ 158.051098080069153, -8.734115954736707 ], [ 158.060145960119854, -8.732804024529479 ], [ 158.068828080322817, -8.727986990947068 ], [ 158.069370960096762, -8.72279004075426 ], [ 158.06768903989871, -8.721899915574159 ], [ 158.069764079933094, -8.720556985006134 ], [ 158.06796407978419, -8.717314038539858 ], [ 158.070205079974045, -8.718033904677178 ], [ 158.073368040004596, -8.715651010414836 ], [ 158.074049159721, -8.713600104214237 ], [ 158.072470920378123, -8.712113025766184 ], [ 158.074098119700636, -8.712919016577377 ], [ 158.074670159687003, -8.711902898392523 ], [ 158.07308795967208, -8.70985303945675 ], [ 158.073500159725, -8.707311916798355 ], [ 158.076717839732765, -8.706687042719656 ], [ 158.075715960374509, -8.693166044687029 ], [ 158.079651120308114, -8.695043935856967 ], [ 158.081023080410631, -8.693058039798217 ], [ 158.086467000389774, -8.694043960440482 ], [ 158.088907079822974, -8.698461089767608 ], [ 158.092053840534021, -8.697223053800881 ], [ 158.09199911965851, -8.698451126238925 ], [ 158.095175039683653, -8.692005925442684 ], [ 158.09911812006311, -8.691224088160357 ], [ 158.09873688044641, -8.687628933643371 ], [ 158.100338880228549, -8.687089078680495 ], [ 158.098615920496769, -8.686292996291566 ], [ 158.097459960304349, -8.682617900792549 ], [ 158.100022080360475, -8.679473915898642 ], [ 158.098988880341523, -8.678531018162749 ], [ 158.100474959722732, -8.678345071695391 ], [ 158.098839120403852, -8.675646080690461 ], [ 158.101061040377061, -8.67512204525603 ], [ 158.100024960359292, -8.672681937071086 ], [ 158.101151039890425, -8.672008959480001 ], [ 158.09359895989067, -8.668494051871164 ], [ 158.095711079685032, -8.667080997082444 ], [ 158.096045879994762, -8.669206004567759 ], [ 158.098807080192614, -8.670146078954611 ], [ 158.098305960401262, -8.667342931183226 ], [ 158.102025839975369, -8.668973965643479 ], [ 158.103375120311853, -8.666525987269358 ], [ 158.102778959661805, -8.664315017401078 ], [ 158.102155079696985, -8.666053009743793 ], [ 158.099888879966784, -8.665978985155879 ], [ 158.100836040246151, -8.663456961037761 ], [ 158.097575160256383, -8.662673997077524 ], [ 158.100434999963994, -8.661529976618422 ], [ 158.097611879791941, -8.660493077592555 ], [ 158.095126079704016, -8.656048986992953 ], [ 158.09050188050648, -8.659451015044304 ], [ 158.087279880500489, -8.65632996963209 ], [ 158.084945999900185, -8.658760041070149 ], [ 158.081874120056256, -8.659070027755092 ], [ 158.08495715967095, -8.657573123198535 ], [ 158.086676160527276, -8.654691050528616 ], [ 158.092169040486027, -8.654712937658616 ], [ 158.090753159952641, -8.64576495328267 ], [ 158.088337919835368, -8.644960953828837 ], [ 158.090325119906311, -8.64084002818783 ], [ 158.093106119871322, -8.639717117832564 ], [ 158.101890840256118, -8.641397922761277 ], [ 158.104717920201949, -8.640323063224518 ], [ 158.104950839880388, -8.636805011223652 ], [ 158.106839040217125, -8.636753937302743 ], [ 158.105604959832647, -8.63439900007277 ], [ 158.106428999714097, -8.629255033054642 ], [ 158.109654960392163, -8.628993072122473 ], [ 158.111985960095382, -8.626214889393927 ], [ 158.109769079670912, -8.62499601333414 ], [ 158.10568812047174, -8.628711001404943 ], [ 158.093750880276588, -8.631755929906371 ], [ 158.090133960210494, -8.631345017364376 ], [ 158.088233879654155, -8.638279930706403 ], [ 158.085846000423743, -8.638277083394364 ], [ 158.081534999748328, -8.635400913450802 ], [ 158.070444840323376, -8.63244001221884 ], [ 158.070142080224883, -8.628410956620414 ], [ 158.068171080371769, -8.627103995443509 ], [ 158.063442119645742, -8.629495993823213 ], [ 158.064055920513113, -8.633867967340665 ], [ 158.062780080146013, -8.634954946474634 ], [ 158.060034000391028, -8.634132060576476 ], [ 158.058669959836067, -8.632070921305514 ], [ 158.056634160009963, -8.632288033073301 ], [ 158.054510880444838, -8.635015986768787 ], [ 158.051842919983642, -8.634061944395333 ], [ 158.050999080334947, -8.63152493592519 ], [ 158.05209096010492, -8.630151962354548 ], [ 158.048137080179117, -8.628119097057555 ], [ 158.048931959848147, -8.622755078739047 ], [ 158.052231000271206, -8.620058003242853 ], [ 158.053521960182849, -8.61521905704709 ], [ 158.059248120044487, -8.613823955109364 ], [ 158.060142000346048, -8.611579929778072 ], [ 158.064683039802844, -8.613946042606155 ], [ 158.064992999898351, -8.612235928920732 ], [ 158.069815919911491, -8.609486988096805 ], [ 158.072379840191473, -8.611526894455221 ], [ 158.073122879882106, -8.610268994628788 ], [ 158.076474120507982, -8.610766068612223 ], [ 158.076974160524372, -8.608790050222394 ], [ 158.080029119701578, -8.609192978751199 ], [ 158.082631919965337, -8.604918961171213 ], [ 158.081946120026288, -8.602767963012671 ], [ 158.084758080427576, -8.603874075291401 ], [ 158.085068040523083, -8.601296997946712 ], [ 158.092165079813981, -8.605972030972788 ], [ 158.095334160066528, -8.60460590483412 ], [ 158.096054159766737, -8.605574082426941 ], [ 158.0976730802156, -8.601730012626199 ], [ 158.099839919987147, -8.603103979451781 ], [ 158.099592959640859, -8.59814610596421 ], [ 158.100885000225759, -8.598327108941541 ], [ 158.103866879657971, -8.594773960886323 ], [ 158.108078879700912, -8.595027046161036 ], [ 158.111849160152332, -8.597156018628802 ], [ 158.112230040442881, -8.59900199711101 ], [ 158.115362040037184, -8.599354924669523 ], [ 158.116005000218649, -8.597173994880944 ], [ 158.11387487998266, -8.597471039223898 ], [ 158.110436880066601, -8.592816013251097 ], [ 158.113091160084366, -8.589047100380123 ], [ 158.112258119982044, -8.585633937785399 ], [ 158.116574879756769, -8.582844934964289 ], [ 158.119939080377264, -8.583795903674456 ], [ 158.123244959674594, -8.578402067940901 ], [ 158.124038040018121, -8.574587980007339 ], [ 158.120714879829706, -8.571600083245171 ], [ 158.119814880204416, -8.56107399574004 ], [ 158.120985959941407, -8.560085057845633 ], [ 158.12298792023077, -8.56145187833552 ], [ 158.126982120139814, -8.55805893750383 ] ] ], [ [ [ 158.240818080129344, -8.794953016773398 ], [ 158.237089919884966, -8.788939081222617 ], [ 158.231352960476983, -8.787734076628491 ], [ 158.22952595966558, -8.785059002555236 ], [ 158.222220120461685, -8.7806329381391 ], [ 158.214638159800671, -8.778202946658887 ], [ 158.212792079670976, -8.77591205239411 ], [ 158.215583880080629, -8.771122972739645 ], [ 158.217463080196524, -8.760892981518888 ], [ 158.214720960215317, -8.749541907567203 ], [ 158.216285159788612, -8.745624946622424 ], [ 158.201727119786341, -8.73216709407667 ], [ 158.198749919678477, -8.713689065293822 ], [ 158.19991092031799, -8.705138017442154 ], [ 158.20566695994259, -8.698163947319657 ], [ 158.205897000520594, -8.695565096221385 ], [ 158.20266708006875, -8.691063058728814 ], [ 158.201470080342546, -8.683918974557885 ], [ 158.193105120232104, -8.673686061513584 ], [ 158.191538039761696, -8.673817026254664 ], [ 158.195060999642322, -8.678740985724415 ], [ 158.192633880203744, -8.680544927503123 ], [ 158.196917880216688, -8.68274797297757 ], [ 158.197886999813221, -8.689076963422929 ], [ 158.201277839973415, -8.691400063547173 ], [ 158.194238040434158, -8.71167800356049 ], [ 158.190856920045263, -8.715950986401563 ], [ 158.189585040350266, -8.723064034376447 ], [ 158.191418160485341, -8.725861071822292 ], [ 158.189218920278108, -8.724656040731741 ], [ 158.189352119773503, -8.72771602546789 ], [ 158.18679684038824, -8.725584055779422 ], [ 158.186573999807308, -8.72701005567075 ], [ 158.182805879804135, -8.727440077969462 ], [ 158.184344160286543, -8.726230960394677 ], [ 158.181498000124122, -8.724337924765246 ], [ 158.181342119964398, -8.727315003342991 ], [ 158.179452839852729, -8.728497074932955 ], [ 158.177550959970858, -8.726955079512072 ], [ 158.177041919733654, -8.729465110718392 ], [ 158.175277920468091, -8.728711996795223 ], [ 158.173877879928114, -8.730363046007794 ], [ 158.172869159898966, -8.729022992002466 ], [ 158.17418496002486, -8.727434918291157 ], [ 158.172992999847395, -8.72728404615536 ], [ 158.171040000435966, -8.728575001662508 ], [ 158.172678000203121, -8.730216088818203 ], [ 158.170021919961528, -8.731170064953579 ], [ 158.16865788030492, -8.728681038831194 ], [ 158.169542039936744, -8.736828045202786 ], [ 158.165385839646007, -8.737265885167048 ], [ 158.16514500042004, -8.73857299565401 ], [ 158.162770080285952, -8.737782005097895 ], [ 158.160286080421855, -8.739990050840202 ], [ 158.158158840184683, -8.739785988129963 ], [ 158.156583840166718, -8.742691067676779 ], [ 158.153722919785821, -8.74231906142983 ], [ 158.149994039990901, -8.745690950235172 ], [ 158.146817040190768, -8.746062063824233 ], [ 158.14634292016359, -8.747682081502806 ], [ 158.14117116007111, -8.750624993496917 ], [ 158.138111879997382, -8.755223981526102 ], [ 158.134718159838371, -8.75692899597129 ], [ 158.13280116041193, -8.761040994392335 ], [ 158.135731920314583, -8.769521914691296 ], [ 158.134714920513431, -8.770878011352442 ], [ 158.132859840162922, -8.770379015692512 ], [ 158.133219120462513, -8.772046068871362 ], [ 158.130942120287671, -8.773871973726934 ], [ 158.131727999735858, -8.784054999369275 ], [ 158.128966079987521, -8.791196986949307 ], [ 158.131901159888343, -8.792662047751516 ], [ 158.133462120136727, -8.790696951120735 ], [ 158.133611160523856, -8.801821036475605 ], [ 158.139546839849089, -8.80846498149389 ], [ 158.140933920394474, -8.812155911713401 ], [ 158.143146119698002, -8.812224927121985 ], [ 158.142704039882034, -8.814264972273865 ], [ 158.144282999673806, -8.813267096894737 ], [ 158.146441919897796, -8.814382013723252 ], [ 158.153091839824015, -8.826299925702088 ], [ 158.158159919959616, -8.827827990324064 ], [ 158.161446000388082, -8.831506988268565 ], [ 158.166785159737145, -8.832511928667952 ], [ 158.169290040041687, -8.830505067835045 ], [ 158.172157079746256, -8.831778944696131 ], [ 158.175763919816603, -8.830915938696126 ], [ 158.184488879777149, -8.83218305564994 ], [ 158.189933880429578, -8.830402972823153 ], [ 158.193366839898545, -8.822889994121725 ], [ 158.19287111988038, -8.820411009810531 ], [ 158.195862000431759, -8.817494976345927 ], [ 158.202141120063146, -8.804701973282835 ], [ 158.205187079917835, -8.803876970337129 ], [ 158.20943903971957, -8.80692598603213 ], [ 158.215605840296035, -8.805118031809753 ], [ 158.220361080337398, -8.811204988729951 ], [ 158.222743920018985, -8.809867894797364 ], [ 158.230329120004939, -8.810561968193214 ], [ 158.23307987998254, -8.803519966768967 ], [ 158.240818080129344, -8.794953016773398 ] ] ], [ [ [ 157.821937920260524, -8.25729795216326 ], [ 157.818671999823721, -8.25048195385933 ], [ 157.814795879865528, -8.248920935698552 ], [ 157.810668839787184, -8.250346034965176 ], [ 157.805808120463553, -8.248022942466605 ], [ 157.806646919665127, -8.245773051231764 ], [ 157.804551000088622, -8.245421939195095 ], [ 157.801038120203799, -8.24041601435308 ], [ 157.800012839732346, -8.232837087074827 ], [ 157.788071999987864, -8.225033013158578 ], [ 157.776593039826508, -8.221251971412384 ], [ 157.774389839845497, -8.221855009062015 ], [ 157.775027040029357, -8.223438046375851 ], [ 157.769001000067988, -8.221271033910474 ], [ 157.765539960161561, -8.22157994558974 ], [ 157.765625999901175, -8.224123029119228 ], [ 157.769796960410332, -8.226495074724516 ], [ 157.77096191992527, -8.226290917152403 ], [ 157.769750159980646, -8.225072027360024 ], [ 157.773059999950021, -8.227394007910139 ], [ 157.781754000372644, -8.226751963872109 ], [ 157.790234160435119, -8.231419941581978 ], [ 157.799499120170822, -8.245923935283637 ], [ 157.812735960274011, -8.254726045908743 ], [ 157.814562960187061, -8.257449009835227 ], [ 157.80835584052565, -8.269230965344377 ], [ 157.806290880487154, -8.270343911271258 ], [ 157.804277039978132, -8.26865008833642 ], [ 157.802914080096457, -8.272460067065699 ], [ 157.799763000285537, -8.274970938853142 ], [ 157.799071080124463, -8.279890034810679 ], [ 157.801452840031089, -8.283585907313446 ], [ 157.807605960164153, -8.2850249531865 ], [ 157.811049000527248, -8.282741964622993 ], [ 157.810182840438699, -8.277014038330716 ], [ 157.814291880075359, -8.272841080693604 ], [ 157.813040879922482, -8.267365064739398 ], [ 157.815122040178863, -8.265857017791742 ], [ 157.817265120409502, -8.267759976741321 ], [ 157.821937920260524, -8.25729795216326 ] ] ], [ [ [ 158.016800880425166, -8.502753056530468 ], [ 158.012480880427233, -8.498824100507308 ], [ 158.006936160490056, -8.501389053106754 ], [ 158.006615039725432, -8.502761067655786 ], [ 158.003424000155746, -8.499662945911101 ], [ 157.999512959987499, -8.50072805628696 ], [ 158.00030387988275, -8.502912920390624 ], [ 157.998195000311654, -8.505426931433718 ], [ 157.996433159697744, -8.505361953951802 ], [ 157.993625159968559, -8.502291981016743 ], [ 157.994088120224973, -8.506638002231076 ], [ 157.989867119961218, -8.504781073118247 ], [ 157.988089080027777, -8.505347000490522 ], [ 157.988460960097512, -8.510037096322499 ], [ 157.985395920026207, -8.510076082509771 ], [ 157.982492880336594, -8.505188918195843 ], [ 157.976413919723512, -8.507891971642101 ], [ 157.979007000215915, -8.510946056063553 ], [ 157.98516300034774, -8.514140038020415 ], [ 157.986564840213219, -8.519981063967181 ], [ 157.991598000138879, -8.526482063582876 ], [ 157.995946079676003, -8.527755015293996 ], [ 158.000868000321645, -8.524664037857695 ], [ 158.003538839883333, -8.518993977487355 ], [ 158.009936040363897, -8.513714044398007 ], [ 158.009244839753393, -8.510598031111133 ], [ 158.011392960431067, -8.509977994167125 ], [ 158.016800880425166, -8.502753056530468 ] ] ], [ [ [ 157.8566768403943, -8.340929013765313 ], [ 157.85430695980898, -8.336383085583346 ], [ 157.841407080463796, -8.325521977956409 ], [ 157.840260120492189, -8.32581905390073 ], [ 157.839752880478784, -8.323655988476794 ], [ 157.838686919799727, -8.324129922678539 ], [ 157.836345840100734, -8.318841097634264 ], [ 157.829676839957898, -8.312992050085521 ], [ 157.826847959788267, -8.307565929302909 ], [ 157.824052920053674, -8.306112896092785 ], [ 157.817832840397671, -8.293502907209037 ], [ 157.811835959750425, -8.291962899547773 ], [ 157.811073120292633, -8.288676069134393 ], [ 157.812734160050184, -8.291151035481965 ], [ 157.813275960049168, -8.28901289340045 ], [ 157.812045840336765, -8.286743999053613 ], [ 157.802875919663194, -8.288565100719827 ], [ 157.802613120221736, -8.292343003733395 ], [ 157.807116000143594, -8.295261102551841 ], [ 157.804954920369624, -8.295917105901077 ], [ 157.805649000080649, -8.294758990264075 ], [ 157.803564959825451, -8.294441051842185 ], [ 157.802501160492938, -8.295859930253702 ], [ 157.809160079741673, -8.29884301426803 ], [ 157.820263920508353, -8.310146040468242 ], [ 157.822954920061676, -8.311083075592853 ], [ 157.834607040375545, -8.32551004516783 ], [ 157.833240119821767, -8.320641034068238 ], [ 157.835617919954643, -8.32213800526706 ], [ 157.837092120014603, -8.324124045287091 ], [ 157.834842120502231, -8.325889048139789 ], [ 157.836538080469836, -8.328223970705364 ], [ 157.848779159640173, -8.333932982091207 ], [ 157.8566768403943, -8.340929013765313 ] ] ], [ [ [ 158.222859840419915, -8.714558927480368 ], [ 158.220671040432904, -8.708895983531779 ], [ 158.22208116007036, -8.704064941708852 ], [ 158.218283879854766, -8.69707412591643 ], [ 158.21722404029606, -8.688160068259585 ], [ 158.217706079870766, -8.683568973260577 ], [ 158.220470880516245, -8.679907018405547 ], [ 158.218179839673496, -8.676566031736659 ], [ 158.218055999725067, -8.670149993337644 ], [ 158.209732080046678, -8.661415023008825 ], [ 158.205016080213625, -8.661085998665531 ], [ 158.203981079970816, -8.66465293598935 ], [ 158.19805512041691, -8.666103012312137 ], [ 158.197339080490508, -8.670708022677783 ], [ 158.200639920239041, -8.674399960964303 ], [ 158.205313080314511, -8.673115046621266 ], [ 158.206750920165064, -8.669904076321554 ], [ 158.20491708047939, -8.665172003557146 ], [ 158.20577100012386, -8.664342064522693 ], [ 158.210976959977529, -8.669601038926372 ], [ 158.214031920053031, -8.680789058651907 ], [ 158.212667880396396, -8.687630000908213 ], [ 158.215389119937129, -8.702076958772887 ], [ 158.215361040397994, -8.717009082594473 ], [ 158.216707080511298, -8.717950993770865 ], [ 158.222859840419915, -8.714558927480368 ] ] ], [ [ [ 157.828673879926328, -8.595269987049557 ], [ 157.826135160085045, -8.590362023362657 ], [ 157.823124839990953, -8.590814984417296 ], [ 157.821968160247934, -8.587122939368193 ], [ 157.818540959878248, -8.584186043916782 ], [ 157.81002696027906, -8.581049960149665 ], [ 157.809126959755446, -8.58535699598502 ], [ 157.806998999967675, -8.58535005417534 ], [ 157.806420120208713, -8.586902063121137 ], [ 157.816909080333119, -8.594755094909505 ], [ 157.816274039699238, -8.599107002891245 ], [ 157.818692880264166, -8.607756031600356 ], [ 157.814047080177261, -8.618925955044935 ], [ 157.806407879764663, -8.627711027898087 ], [ 157.805971920170748, -8.629914916816873 ], [ 157.800626999925782, -8.63368502466103 ], [ 157.800561120177804, -8.635703088328002 ], [ 157.802218919712146, -8.635695970445639 ], [ 157.80701915995931, -8.631128971580303 ], [ 157.818466079909427, -8.615271913933407 ], [ 157.821068880173215, -8.605799931103926 ], [ 157.818995999688809, -8.601644940724437 ], [ 157.81942007996139, -8.595756045380739 ], [ 157.825685880272118, -8.59844510755058 ], [ 157.828673879926328, -8.595269987049557 ] ] ], [ [ [ 158.198475960466283, -8.643551014382282 ], [ 158.197939920464876, -8.639739006737861 ], [ 158.193664919774477, -8.631711973251711 ], [ 158.184959040030549, -8.623019001047002 ], [ 158.177653920377139, -8.618442951333938 ], [ 158.171815080337808, -8.607232969839155 ], [ 158.165159040189593, -8.586446072594232 ], [ 158.162549039928848, -8.583774011489842 ], [ 158.159413079662443, -8.584888010467806 ], [ 158.158101959759193, -8.586804885327709 ], [ 158.162556960374673, -8.587075951832995 ], [ 158.164707960152811, -8.590528969648213 ], [ 158.171636879738287, -8.612490960314567 ], [ 158.174988120364191, -8.617780911445942 ], [ 158.193879120358986, -8.636554979501669 ], [ 158.195103840298231, -8.642755017386095 ], [ 158.190108839907566, -8.658516963664017 ], [ 158.189036040354267, -8.66720395654662 ], [ 158.190432120222141, -8.666672080343156 ], [ 158.192468999823234, -8.655364057732408 ], [ 158.193785879724118, -8.652139944902842 ], [ 158.195363040190358, -8.651944909905358 ], [ 158.194681920473897, -8.650110046025462 ], [ 158.197478039983451, -8.647278098480351 ], [ 158.198475960466283, -8.643551014382282 ] ] ], [ [ [ 158.178274920343171, -8.563340926160606 ], [ 158.177793959645101, -8.548631094269194 ], [ 158.171730120373212, -8.530960960240522 ], [ 158.167851120416231, -8.512773938361811 ], [ 158.162168880087108, -8.502547975957746 ], [ 158.159586960263795, -8.500438947619608 ], [ 158.156786880082137, -8.504302019386275 ], [ 158.162181840081701, -8.506839876349337 ], [ 158.163882120047532, -8.509284969306975 ], [ 158.168936160413608, -8.526693006330939 ], [ 158.169708000092214, -8.530389019085646 ], [ 158.168658960079853, -8.531710019784345 ], [ 158.170424040018673, -8.533084952029794 ], [ 158.174408880380781, -8.545358013137873 ], [ 158.17343904033541, -8.547986911418914 ], [ 158.175435960177708, -8.559139014007945 ], [ 158.173446959882966, -8.56065001339749 ], [ 158.174965080373767, -8.56119093844968 ], [ 158.175300960458515, -8.564911002195618 ], [ 158.172064919784646, -8.570662966873227 ], [ 158.173157159779038, -8.572152917582621 ], [ 158.177619000167141, -8.572852058854071 ], [ 158.178274920343171, -8.563340926160606 ] ] ], [ [ [ 157.929392160436805, -8.430642035736641 ], [ 157.926678840443657, -8.426108018420146 ], [ 157.926598920027743, -8.422620043170356 ], [ 157.921998120146696, -8.418077919483565 ], [ 157.92175008002539, -8.413631005137962 ], [ 157.910894999828855, -8.401845920972512 ], [ 157.910639040159992, -8.399195011071583 ], [ 157.906666080017573, -8.398906004196384 ], [ 157.903782119646252, -8.395718012513321 ], [ 157.903828920075938, -8.393309060810481 ], [ 157.897491119795205, -8.392732997042662 ], [ 157.893127919815214, -8.388602052563723 ], [ 157.885913880348483, -8.386575027517683 ], [ 157.88559708048038, -8.388906025243529 ], [ 157.893653879820818, -8.392903945925273 ], [ 157.888346040234154, -8.393218065718417 ], [ 157.889013120180977, -8.394845107053486 ], [ 157.89071303992236, -8.394209035377948 ], [ 157.893825960198285, -8.396575957355196 ], [ 157.89999707987468, -8.396169955847331 ], [ 157.908997079720763, -8.403126050233777 ], [ 157.913507159639579, -8.409281976305143 ], [ 157.91973912041351, -8.414061027107003 ], [ 157.92022799976084, -8.418839128150349 ], [ 157.921981919928868, -8.420283017027669 ], [ 157.924643039719172, -8.429133907507952 ], [ 157.929392160436805, -8.430642035736641 ] ] ], [ [ [ 158.118023159827516, -8.73250406225967 ], [ 158.110683119964079, -8.731932959512697 ], [ 158.101373880471385, -8.73573904855151 ], [ 158.100198120511777, -8.734845040070564 ], [ 158.09457204015925, -8.739829041799043 ], [ 158.086649159864805, -8.740302993786168 ], [ 158.085875159737867, -8.743770971591099 ], [ 158.088702960132565, -8.745967951145142 ], [ 158.093636039650704, -8.745350969791719 ], [ 158.106120120291848, -8.73894607369958 ], [ 158.114764080061548, -8.737189027398477 ], [ 158.118023159827516, -8.73250406225967 ] ] ], [ [ [ 157.885896959681787, -8.386438978418362 ], [ 157.877765999923071, -8.380905963457915 ], [ 157.876117920160112, -8.377617031154429 ], [ 157.871972160089598, -8.374687081450899 ], [ 157.872633119814395, -8.370225068061771 ], [ 157.871045880250705, -8.363726955779164 ], [ 157.869245880101801, -8.36312306681597 ], [ 157.869213120340049, -8.365408080238256 ], [ 157.864181040189379, -8.363705050899341 ], [ 157.858986959657045, -8.359212993480265 ], [ 157.857932880095944, -8.362481956831317 ], [ 157.866917039948589, -8.370095067887471 ], [ 157.867859159780892, -8.375306089732495 ], [ 157.869983880243723, -8.376078957664468 ], [ 157.871391119882361, -8.379372888680907 ], [ 157.872993840113367, -8.379305040436478 ], [ 157.874528159923699, -8.382371006388105 ], [ 157.883651999718182, -8.38735998254656 ], [ 157.882608000152857, -8.389997973625917 ], [ 157.880211840252201, -8.38815009941302 ], [ 157.879128959804746, -8.389182929931401 ], [ 157.880887920419866, -8.389427960190501 ], [ 157.881372120442848, -8.391482036853132 ], [ 157.884269039910464, -8.390556946425262 ], [ 157.885896959681787, -8.386438978418362 ] ] ], [ [ [ 158.136141959919286, -8.746835069362536 ], [ 158.135337000254424, -8.745439033954872 ], [ 158.134552920131711, -8.7456850794148 ], [ 158.13400284036075, -8.744767077321967 ], [ 158.130906120302626, -8.743906893071717 ], [ 158.128554959709504, -8.746835958607178 ], [ 158.123721959700532, -8.760103106059772 ], [ 158.125527000296501, -8.769212019890212 ], [ 158.126978160366036, -8.766177993048061 ], [ 158.125285080397219, -8.761321008826163 ], [ 158.13091512052344, -8.757774028558078 ], [ 158.131541160038239, -8.759302020330312 ], [ 158.130781920129778, -8.756584933722836 ], [ 158.132144880011424, -8.756099083579707 ], [ 158.132657160471894, -8.751981871372722 ], [ 158.136119999703851, -8.749378946384171 ], [ 158.136141959919286, -8.746835069362536 ] ] ], [ [ [ 157.801427999816866, -8.26449699264913 ], [ 157.79891087996657, -8.264457981493562 ], [ 157.800814920296716, -8.263910941682827 ], [ 157.799390040440812, -8.261603070179127 ], [ 157.79656907981871, -8.262612008874504 ], [ 157.795638119757172, -8.260966959862344 ], [ 157.794891839843302, -8.262429067604108 ], [ 157.794625079729826, -8.259576101171929 ], [ 157.791160080049622, -8.256326051908532 ], [ 157.788461880499256, -8.257097017019356 ], [ 157.789744919965074, -8.264268984716015 ], [ 157.787070119731254, -8.264529946535646 ], [ 157.786835040502865, -8.266039067075525 ], [ 157.787777160335196, -8.268092010232781 ], [ 157.789164960431094, -8.267451100714405 ], [ 157.790149920021037, -8.270128020224769 ], [ 157.794405120045951, -8.270283881792674 ], [ 157.796930160342129, -8.267960016012115 ], [ 157.799864160467962, -8.26862906844315 ], [ 157.801427999816866, -8.26449699264913 ] ] ], [ [ [ 157.856249880122931, -8.347631066095564 ], [ 157.855007880190897, -8.342805963611584 ], [ 157.852316160188707, -8.339259003562271 ], [ 157.847275079817251, -8.334944940960931 ], [ 157.843167119955581, -8.334087038456831 ], [ 157.843681920190363, -8.338507968915618 ], [ 157.849351920075435, -8.340740944481949 ], [ 157.851515879848165, -8.345867941259201 ], [ 157.845934080151011, -8.340613961943786 ], [ 157.843743119715754, -8.340639072873515 ], [ 157.844620080248944, -8.343054050099454 ], [ 157.846547880119999, -8.343717096651133 ], [ 157.84489187991116, -8.343750934892926 ], [ 157.845436920133437, -8.345719055401021 ], [ 157.853643839635907, -8.350296040648026 ], [ 157.854225960516459, -8.347656889613774 ], [ 157.855897080269813, -8.349525970401947 ], [ 157.856249880122931, -8.347631066095564 ] ] ], [ [ [ 158.133887999734867, -8.743951014254041 ], [ 158.127874919768061, -8.736159987417048 ], [ 158.122198080110451, -8.732667920197841 ], [ 158.119962839918259, -8.733003109366345 ], [ 158.120170920280742, -8.737332068133385 ], [ 158.118590879815713, -8.738709096908282 ], [ 158.122413000245558, -8.742272093539839 ], [ 158.126429879920579, -8.744495946346671 ], [ 158.129786879645764, -8.744474063638927 ], [ 158.130590039985094, -8.743775953189981 ], [ 158.133887999734867, -8.743951014254041 ] ] ], [ [ [ 158.196017160142532, -8.593781016975512 ], [ 158.188053959864845, -8.582978957290646 ], [ 158.180470920327139, -8.580900986672841 ], [ 158.178702960389529, -8.582252958861703 ], [ 158.179276080150885, -8.584881959176364 ], [ 158.182931159751945, -8.587352002735468 ], [ 158.183188919644635, -8.585743040511794 ], [ 158.18503284022438, -8.585145017701123 ], [ 158.189011919690557, -8.587998966623832 ], [ 158.191670879930967, -8.599286936991206 ], [ 158.195036160326424, -8.603271987558076 ], [ 158.193929879664125, -8.597212972034562 ], [ 158.196017160142532, -8.593781016975512 ] ] ], [ [ [ 157.951704960129831, -8.427584997768296 ], [ 157.940012880057196, -8.419029118124834 ], [ 157.937366160260865, -8.420312040623365 ], [ 157.934873879726524, -8.424006939146704 ], [ 157.93174691968099, -8.424770985818347 ], [ 157.928825159999121, -8.423610938467744 ], [ 157.93067988012524, -8.427674026679 ], [ 157.933266840395618, -8.428875014207323 ], [ 157.934396160149959, -8.428871987312935 ], [ 157.934199960007078, -8.42649493576976 ], [ 157.938963120494265, -8.423993051391948 ], [ 157.949402039965804, -8.427651057451005 ], [ 157.950836999817483, -8.431398946491322 ], [ 157.951704960129831, -8.427584997768296 ] ] ], [ [ [ 158.193336960135554, -8.682757047530023 ], [ 158.190480000426788, -8.680541012335981 ], [ 158.191462080017914, -8.679066080117044 ], [ 158.187215880213756, -8.676421010751767 ], [ 158.188512960347481, -8.674815987209723 ], [ 158.187567960516361, -8.673559011073339 ], [ 158.183736120315103, -8.673867917196699 ], [ 158.181428880152879, -8.675746972649389 ], [ 158.183034839708796, -8.679063055236124 ], [ 158.187371039924585, -8.679321066585606 ], [ 158.190836040503115, -8.684092996746974 ], [ 158.193336960135554, -8.682757047530023 ] ] ], [ [ [ 158.024870999984643, -8.532495924506367 ], [ 158.024098080531076, -8.530185910995982 ], [ 158.019417000009696, -8.52984092986962 ], [ 158.017011839888227, -8.536142929913964 ], [ 158.022713160433966, -8.537458035444944 ], [ 158.023652040043032, -8.53259400699757 ], [ 158.024870999984643, -8.532495924506367 ] ] ], [ [ [ 158.158266119690865, -8.56981804823752 ], [ 158.155508880165115, -8.560090041907067 ], [ 158.155750080513826, -8.544142971189759 ], [ 158.15466504051642, -8.541642030253227 ], [ 158.153537159863191, -8.543407998588654 ], [ 158.15472516026685, -8.563751912518414 ], [ 158.152532040281642, -8.566507058265605 ], [ 158.154757920028629, -8.56791194501699 ], [ 158.156479080434877, -8.56675998469292 ], [ 158.158266119690865, -8.56981804823752 ] ] ], [ [ [ 158.081738039663804, -8.461913981387935 ], [ 158.069347920106367, -8.462051962324109 ], [ 158.067969120231282, -8.467097061110596 ], [ 158.070466080089943, -8.468987999347643 ], [ 158.073948000436872, -8.46461698207505 ], [ 158.081738039663804, -8.461913981387935 ] ] ], [ [ [ 158.205278879655026, -8.624246960444761 ], [ 158.201897039715618, -8.61772698744932 ], [ 158.197911840027416, -8.618455943277313 ], [ 158.198043959747849, -8.621510030682648 ], [ 158.203279079813967, -8.625848105107096 ], [ 158.201727840235236, -8.625863944199487 ], [ 158.203338840238217, -8.626275040691585 ], [ 158.205278879655026, -8.624246960444761 ] ] ], [ [ [ 158.073719040532183, -8.747362917452147 ], [ 158.072495040143508, -8.745962080329186 ], [ 158.071305959964832, -8.747146939390605 ], [ 158.065999919703728, -8.745345988214147 ], [ 158.059368000219166, -8.748847899033128 ], [ 158.060657880355819, -8.749861069725519 ], [ 158.068775880119972, -8.749346033834257 ], [ 158.073719040532183, -8.747362917452147 ] ] ], [ [ [ 157.857180840184469, -8.586294075628567 ], [ 157.854507840174506, -8.581266033994984 ], [ 157.851106920018481, -8.579440971758078 ], [ 157.851522000070219, -8.583869054944953 ], [ 157.853409119733669, -8.58674098944846 ], [ 157.856184000374924, -8.58872299585037 ], [ 157.857180840184469, -8.586294075628567 ] ] ], [ [ [ 158.170434120014477, -8.72496704025637 ], [ 158.165339040114645, -8.724762969220038 ], [ 158.164377120515155, -8.722880956976455 ], [ 158.162581080140029, -8.722738978686182 ], [ 158.159450879871315, -8.723626966624678 ], [ 158.158432079846307, -8.725631025798554 ], [ 158.159598840483426, -8.726835875842124 ], [ 158.164260120339293, -8.72585804732444 ], [ 158.167941840378433, -8.728140888167927 ], [ 158.170434120014477, -8.72496704025637 ] ] ], [ [ [ 157.912689960428963, -8.502865032515242 ], [ 157.910010119748137, -8.499897046463342 ], [ 157.909299839819283, -8.494625929386574 ], [ 157.903152839908245, -8.502954933616746 ], [ 157.904759159688581, -8.503791099494501 ], [ 157.905989999849879, -8.50094488719532 ], [ 157.907946959933412, -8.50294799028732 ], [ 157.910320079843643, -8.501561912635008 ], [ 157.911897959860426, -8.506244934178946 ], [ 157.912689960428963, -8.502865032515242 ] ] ], [ [ [ 157.852492919890551, -8.572008924474416 ], [ 157.849880040529257, -8.569323056881125 ], [ 157.852182959794987, -8.567393100722668 ], [ 157.846763880030096, -8.562906978328778 ], [ 157.848013079959117, -8.561253948098296 ], [ 157.849052039975732, -8.562644081251339 ], [ 157.850322839895767, -8.559681009760805 ], [ 157.848945840244482, -8.561293106924637 ], [ 157.846691880060064, -8.559569050649534 ], [ 157.845916079709355, -8.564423123608362 ], [ 157.849652879950128, -8.57025394624397 ], [ 157.852492919890551, -8.572008924474416 ] ] ], [ [ [ 158.127751079819632, -8.572972023636735 ], [ 158.12513496023513, -8.573457042411622 ], [ 158.123355840526756, -8.581188966899186 ], [ 158.121830880263332, -8.581644963824452 ], [ 158.121631079672795, -8.583719015026096 ], [ 158.124404879640792, -8.58585997553136 ], [ 158.126195880467151, -8.585303956943692 ], [ 158.126285879980543, -8.582448919922578 ], [ 158.124546000480365, -8.579909964092442 ], [ 158.127751079819632, -8.572972023636735 ] ] ], [ [ [ 157.967624880238816, -8.436923050576715 ], [ 157.954511160533514, -8.427331980124086 ], [ 157.954041000280114, -8.43111708570801 ], [ 157.956194880057041, -8.430515972946891 ], [ 157.963147920306227, -8.436608075815778 ], [ 157.967624880238816, -8.436923050576715 ] ] ], [ [ [ 157.906744919760143, -8.47223805528378 ], [ 157.901180039831331, -8.468373058455045 ], [ 157.899396960349151, -8.469313985714951 ], [ 157.903374960040367, -8.47473108145992 ], [ 157.906744919760143, -8.47223805528378 ] ] ], [ [ [ 157.89638808025444, -8.463052013824855 ], [ 157.896276120525641, -8.459314046561341 ], [ 157.893774120219916, -8.45973600587336 ], [ 157.89479004024605, -8.458647991913992 ], [ 157.893618960509059, -8.45814502347906 ], [ 157.891636080436371, -8.459907993563753 ], [ 157.891188960173338, -8.461461936124705 ], [ 157.890022919985114, -8.46184899644866 ], [ 157.891241879926753, -8.463556045459756 ], [ 157.891847039899375, -8.462476054408988 ], [ 157.89523104028703, -8.464665052764797 ], [ 157.89638808025444, -8.463052013824855 ] ] ], [ [ [ 158.100171119849279, -8.695512072883437 ], [ 158.098474080106683, -8.69361905938694 ], [ 158.095716120132096, -8.694703908711523 ], [ 158.09479704029016, -8.699790044391843 ], [ 158.098506120317921, -8.699093985572583 ], [ 158.100171119849279, -8.695512072883437 ] ] ], [ [ [ 158.057885879713353, -8.760092965462205 ], [ 158.05668995976211, -8.757624947305054 ], [ 158.054514840218616, -8.757785947656009 ], [ 158.053388040238588, -8.763460068147017 ], [ 158.056589880252943, -8.763383927221019 ], [ 158.057885879713353, -8.760092965462205 ] ] ], [ [ [ 158.026416120239645, -8.514043018493169 ], [ 158.023815120199714, -8.509132051356616 ], [ 158.021915039643346, -8.509127066621172 ], [ 158.022437039875172, -8.515050946341411 ], [ 158.025773160058208, -8.515243915307735 ], [ 158.026416120239645, -8.514043018493169 ] ] ], [ [ [ 158.134067999659862, -8.598609914295412 ], [ 158.131952999866769, -8.596613009522102 ], [ 158.129534879750679, -8.598420902366859 ], [ 158.128580879698717, -8.600527965207519 ], [ 158.129751960334005, -8.604417964334431 ], [ 158.134067999659862, -8.598609914295412 ] ] ], [ [ [ 158.188066919859438, -8.665912077857129 ], [ 158.184784079654207, -8.664523925680827 ], [ 158.182405920195237, -8.668862039303946 ], [ 158.187075840047498, -8.669954967800631 ], [ 158.188066919859438, -8.665912077857129 ] ] ], [ [ [ 158.139932040137893, -8.639122027868362 ], [ 158.138224920399495, -8.637312015901887 ], [ 158.135226839851157, -8.637586961366271 ], [ 158.136053040180883, -8.643186916544055 ], [ 158.139932040137893, -8.639122027868362 ] ] ], [ [ [ 158.085434159696916, -8.740246952499829 ], [ 158.081733000115037, -8.738932018863926 ], [ 158.078801879987935, -8.740544061039797 ], [ 158.079863879994974, -8.743050087761086 ], [ 158.083630920223129, -8.742176911889855 ], [ 158.084228159749898, -8.74315398565736 ], [ 158.085434159696916, -8.740246952499829 ] ] ], [ [ [ 158.25518496043577, -8.790812932263901 ], [ 158.249229120220605, -8.786539919250178 ], [ 158.246886959848297, -8.787419039295548 ], [ 158.251286159813304, -8.791790946102507 ], [ 158.25518496043577, -8.790812932263901 ] ] ], [ [ [ 157.997222999818064, -8.443751107612458 ], [ 157.985530919745401, -8.439294874387512 ], [ 157.995369000140812, -8.445427077540542 ], [ 157.997222999818064, -8.443751107612458 ] ] ], [ [ [ 157.963710960071751, -8.487417971858299 ], [ 157.961616120270236, -8.484938913697896 ], [ 157.957548839717902, -8.48846691495403 ], [ 157.96160892027325, -8.489100873415667 ], [ 157.963710960071751, -8.487417971858299 ] ] ], [ [ [ 157.82950799980361, -8.60119804380918 ], [ 157.82850503977204, -8.59746801367991 ], [ 157.826669039638176, -8.600642048008417 ], [ 157.824946079906368, -8.600068075268821 ], [ 157.824975959669359, -8.603587003000863 ], [ 157.826592000119405, -8.605695993809524 ], [ 157.82950799980361, -8.60119804380918 ] ] ], [ [ [ 157.868805959835839, -8.37845809888899 ], [ 157.865456879658183, -8.375254980480253 ], [ 157.861935000450842, -8.375706947920616 ], [ 157.86165204011948, -8.377150997589604 ], [ 157.863593160209575, -8.378361935804294 ], [ 157.868805959835839, -8.37845809888899 ] ] ], [ [ [ 158.161143959840103, -8.70315502242847 ], [ 158.160058919842697, -8.700264936309365 ], [ 158.156393039796995, -8.703158047112449 ], [ 158.15845404006177, -8.705152963805352 ], [ 158.161143959840103, -8.70315502242847 ] ] ], [ [ [ 158.07913992052093, -8.742817916481052 ], [ 158.076435960074718, -8.741200013378281 ], [ 158.072748119813554, -8.743819006391989 ], [ 158.076290159910826, -8.745426935713063 ], [ 158.07913992052093, -8.742817916481052 ] ] ], [ [ [ 158.132783159970273, -8.716324976674539 ], [ 158.132296079948503, -8.715423982604188 ], [ 158.12943804046472, -8.717404956112262 ], [ 158.130205920369576, -8.721717015457088 ], [ 158.131875960347969, -8.722737021326141 ], [ 158.132783159970273, -8.716324976674539 ] ] ], [ [ [ 158.145320879915403, -8.647265997920261 ], [ 158.144958000066509, -8.641983043146693 ], [ 158.143683959923209, -8.640919040767757 ], [ 158.141832840244774, -8.64458493462133 ], [ 158.143510080220182, -8.648128894883039 ], [ 158.145320879915403, -8.647265997920261 ] ] ], [ [ [ 157.985058960166498, -8.438649082459021 ], [ 157.980282839684719, -8.435854914223754 ], [ 157.974671879775116, -8.436579943441211 ], [ 157.985058960166498, -8.438649082459021 ] ] ], [ [ [ 158.149829160508688, -8.741575046019582 ], [ 158.147321039980937, -8.739304029430029 ], [ 158.143968000029503, -8.742061982472435 ], [ 158.146854119950746, -8.744513025314326 ], [ 158.149829160508688, -8.741575046019582 ] ] ], [ [ [ 157.835451959799173, -8.349579932555761 ], [ 157.834713959657307, -8.3475630342147 ], [ 157.832742959804193, -8.347470960065262 ], [ 157.832367119960679, -8.352642926389555 ], [ 157.83434208048584, -8.352863046954694 ], [ 157.835451959799173, -8.349579932555761 ] ] ], [ [ [ 157.951565999738506, -8.483518055283522 ], [ 157.951116000375066, -8.481664041057892 ], [ 157.947679080233968, -8.48322608499282 ], [ 157.946790959930041, -8.485952971054621 ], [ 157.949678880075112, -8.486991058287218 ], [ 157.951565999738506, -8.483518055283522 ] ] ], [ [ [ 158.098564080518344, -8.701307063711939 ], [ 158.098006080301531, -8.699932031509798 ], [ 158.095500120222027, -8.70048610190022 ], [ 158.094137160340352, -8.705036955627978 ], [ 158.097281040154257, -8.703735065012069 ], [ 158.098564080518344, -8.701307063711939 ] ] ], [ [ [ 157.758333119793491, -8.221256069402072 ], [ 157.756155120251151, -8.217484076822061 ], [ 157.751938079761175, -8.22075689205845 ], [ 157.758333119793491, -8.221256069402072 ] ] ], [ [ [ 158.128547040161948, -8.69628500386062 ], [ 158.12666712049554, -8.695332006568465 ], [ 158.124854160352072, -8.702855926289107 ], [ 158.123167920155794, -8.704520078377953 ], [ 158.126031000086641, -8.704617048445705 ], [ 158.128547040161948, -8.69628500386062 ] ] ], [ [ [ 157.919599080247281, -8.504849967705422 ], [ 157.918179960388954, -8.505197997054971 ], [ 157.916675879667707, -8.501689020544696 ], [ 157.91281883992616, -8.502777979732754 ], [ 157.913694000235523, -8.505334895349707 ], [ 157.914677880050448, -8.503898980191902 ], [ 157.916252880068413, -8.505006981461534 ], [ 157.916050919927926, -8.507159955579453 ], [ 157.919599080247281, -8.504849967705422 ] ] ], [ [ [ 158.032589040139896, -8.524997097163178 ], [ 158.027785919893944, -8.521832044025883 ], [ 158.026638959922309, -8.523645098852176 ], [ 158.028725880176296, -8.526366000756182 ], [ 158.029946999667857, -8.524887975911707 ], [ 158.031163080509003, -8.525899968653178 ], [ 158.032589040139896, -8.524997097163178 ] ] ], [ [ [ 157.857180119735602, -8.353539077657327 ], [ 157.85495892021126, -8.353216912053847 ], [ 157.855802040309385, -8.349670046902299 ], [ 157.853795040471283, -8.350650977217693 ], [ 157.855089960156704, -8.356412910170185 ], [ 157.856640840409312, -8.357498004922487 ], [ 157.857180119735602, -8.353539077657327 ] ] ], [ [ [ 158.128909920010869, -8.773837995465049 ], [ 158.127014879901594, -8.770710967596077 ], [ 158.125461840099035, -8.771333066283821 ], [ 158.125928039680332, -8.775511081981467 ], [ 158.127269040244897, -8.775922013825765 ], [ 158.128909920010869, -8.773837995465049 ] ] ], [ [ [ 157.851059039813805, -8.373561966889346 ], [ 157.845281039973742, -8.367758081030575 ], [ 157.846352040201566, -8.371771000838617 ], [ 157.851059039813805, -8.373561966889346 ] ] ], [ [ [ 157.836362040318562, -8.586328959831732 ], [ 157.834769039858912, -8.583893972777764 ], [ 157.829951879843406, -8.589283103413193 ], [ 157.834294919831763, -8.589154956640444 ], [ 157.834396080014187, -8.586839947408929 ], [ 157.836362040318562, -8.586328959831732 ] ] ], [ [ [ 158.138345159900268, -8.684565951253427 ], [ 158.137521840467627, -8.68101699713737 ], [ 158.134188960507856, -8.683914882440991 ], [ 158.136588000407301, -8.685941040577326 ], [ 158.138345159900268, -8.684565951253427 ] ] ], [ [ [ 157.819074119880867, -8.573117974523097 ], [ 157.816593000015558, -8.571692993698257 ], [ 157.809891959661513, -8.572765022242782 ], [ 157.81413995968947, -8.572728890356856 ], [ 157.81536612052642, -8.575025118884769 ], [ 157.819074119880867, -8.573117974523097 ] ] ], [ [ [ 157.971719880105866, -8.440181923273613 ], [ 157.971598920156225, -8.436456019465838 ], [ 157.969809000003153, -8.434817935127425 ], [ 157.968194040226422, -8.437703985466381 ], [ 157.969982160155666, -8.441117042865047 ], [ 157.971719880105866, -8.440181923273613 ] ] ], [ [ [ 157.920545159853333, -8.542134921803935 ], [ 157.915068119887934, -8.542066034023531 ], [ 157.915879920223716, -8.540760022584882 ], [ 157.91374188044017, -8.539533039702496 ], [ 157.912477920292673, -8.540279945045693 ], [ 157.914873000418368, -8.54343505535474 ], [ 157.920545159853333, -8.542134921803935 ] ] ], [ [ [ 157.847803919821644, -8.587906949837926 ], [ 157.84453404050933, -8.582307956434752 ], [ 157.84450488029691, -8.587175088524544 ], [ 157.847803919821644, -8.587906949837926 ] ] ], [ [ [ 158.143262040098875, -8.701146928026349 ], [ 158.140172159813346, -8.701057963925262 ], [ 158.139974879895448, -8.704809031943546 ], [ 158.141824919798921, -8.704681101947887 ], [ 158.143262040098875, -8.701146928026349 ] ] ], [ [ [ 158.107403159757666, -8.668679112952629 ], [ 158.106827159997493, -8.663340940690086 ], [ 158.104406880331425, -8.662662074908271 ], [ 158.105630160271318, -8.667790105405041 ], [ 158.107403159757666, -8.668679112952629 ] ] ], [ [ [ 158.117774039931248, -8.637189046548055 ], [ 158.116268880333365, -8.635551111407898 ], [ 158.112617040057188, -8.638658981494947 ], [ 158.116079159738604, -8.639367075755304 ], [ 158.117774039931248, -8.637189046548055 ] ] ], [ [ [ 157.839791040013779, -8.570782932355867 ], [ 157.838270040422458, -8.569190987842644 ], [ 157.835820959870091, -8.570863917909268 ], [ 157.83801012008152, -8.573201094757833 ], [ 157.839791040013779, -8.570782932355867 ] ] ], [ [ [ 157.919594039800188, -8.454705943745864 ], [ 157.918528080019428, -8.453013989418045 ], [ 157.916140920339586, -8.453732042641233 ], [ 157.9155620396823, -8.455352954359707 ], [ 157.917520080439118, -8.456651957711626 ], [ 157.919594039800188, -8.454705943745864 ] ] ], [ [ [ 157.880904840188236, -8.412077048323839 ], [ 157.878968040096368, -8.411455962431701 ], [ 157.879316880175679, -8.40995292340399 ], [ 157.880736000033949, -8.410046051518984 ], [ 157.879817999967031, -8.407763971437792 ], [ 157.878110880228633, -8.407708948506615 ], [ 157.878045000480654, -8.412622100726434 ], [ 157.879700999791169, -8.413609994038328 ], [ 157.880904840188236, -8.412077048323839 ] ] ], [ [ [ 158.178040919991446, -8.674134117506858 ], [ 158.1760418397009, -8.668223042781175 ], [ 158.174942040383371, -8.668195105614512 ], [ 158.175736920052401, -8.675165996776167 ], [ 158.178040919991446, -8.674134117506858 ] ] ], [ [ [ 158.161542120123499, -8.591086048019626 ], [ 158.160261959758145, -8.588491085629972 ], [ 158.15793312050323, -8.588844912724829 ], [ 158.160610080286972, -8.594440962531785 ], [ 158.161542120123499, -8.591086048019626 ] ] ], [ [ [ 157.844333879694375, -8.559718032594954 ], [ 157.839599159869096, -8.561632008450319 ], [ 157.83919596003696, -8.56318607194742 ], [ 157.843635840209572, -8.563781993636608 ], [ 157.844333879694375, -8.559718032594954 ] ] ], [ [ [ 157.865795999966167, -8.582786022169611 ], [ 157.862711879678216, -8.582208997277148 ], [ 157.857969959855922, -8.577639039584131 ], [ 157.863026880220815, -8.583672916699651 ], [ 157.865795999966167, -8.582786022169611 ] ] ], [ [ [ 158.118212159973382, -8.667847936553937 ], [ 158.116323959636645, -8.668013958697182 ], [ 158.115940919796174, -8.66498498216677 ], [ 158.113946160402094, -8.665204033274888 ], [ 158.116155839931224, -8.668909905962204 ], [ 158.117718959729558, -8.669215968883361 ], [ 158.118212159973382, -8.667847936553937 ] ] ], [ [ [ 157.932951120302477, -8.469026989758897 ], [ 157.930686000347265, -8.467199966964269 ], [ 157.929054840352677, -8.470051948255744 ], [ 157.932951120302477, -8.469026989758897 ] ] ], [ [ [ 157.868126999669386, -8.663219936727081 ], [ 157.866095880065899, -8.663361937864703 ], [ 157.866702119813482, -8.659386063370272 ], [ 157.865478120323104, -8.658647044302176 ], [ 157.865704919779489, -8.664071053294061 ], [ 157.867164000294878, -8.666538088096004 ], [ 157.868126999669386, -8.663219936727081 ] ] ], [ [ [ 157.942200960493636, -8.52296900934933 ], [ 157.940146080450887, -8.521641926624612 ], [ 157.939086960442722, -8.524657985596884 ], [ 157.940069040033848, -8.527058995161743 ], [ 157.942200960493636, -8.52296900934933 ] ] ], [ [ [ 157.909461119752137, -8.515212050717498 ], [ 157.903198919889064, -8.515193002788168 ], [ 157.901865120219838, -8.517380988329137 ], [ 157.904111880407243, -8.51616105132296 ], [ 157.904678879946573, -8.517123044994941 ], [ 157.9059320396494, -8.515322064563218 ], [ 157.906748880432218, -8.516572978963039 ], [ 157.907972879922596, -8.515207955859905 ], [ 157.908927959749519, -8.516645964454197 ], [ 157.909461119752137, -8.515212050717498 ] ] ], [ [ [ 158.155716960527627, -8.689296890567991 ], [ 158.154900119744838, -8.687304914033538 ], [ 158.152425120101555, -8.68782003568109 ], [ 158.152497840520482, -8.690316984189133 ], [ 158.15446596037475, -8.690681035780148 ], [ 158.155716960527627, -8.689296890567991 ] ] ], [ [ [ 158.066895960453508, -8.478320063656085 ], [ 158.06421396022273, -8.475616980731289 ], [ 158.062296959897964, -8.477508944399469 ], [ 158.065133040064609, -8.47908400220285 ], [ 158.066895960453508, -8.478320063656085 ] ] ], [ [ [ 158.141453039729186, -8.664310924173865 ], [ 158.140234079787518, -8.661052010905939 ], [ 158.137472880488019, -8.663534012030283 ], [ 158.140095120294575, -8.665013987799036 ], [ 158.141453039729186, -8.664310924173865 ] ] ], [ [ [ 157.909182120092879, -8.442261013072022 ], [ 157.907012040098095, -8.440909971060648 ], [ 157.905986040076101, -8.442887035346242 ], [ 157.908056039663393, -8.44431694620385 ], [ 157.909182120092879, -8.442261013072022 ] ] ], [ [ [ 157.814141040362728, -8.579971013380124 ], [ 157.81150404033778, -8.577975968227124 ], [ 157.809611159778427, -8.578370029874359 ], [ 157.811871959735441, -8.580509953367198 ], [ 157.814141040362728, -8.579971013380124 ] ] ], [ [ [ 157.77702900031872, -8.247463053982692 ], [ 157.772899080241586, -8.247463944401188 ], [ 157.770844919749408, -8.249042960142845 ], [ 157.774479840257158, -8.249481000172938 ], [ 157.77702900031872, -8.247463053982692 ] ] ], [ [ [ 158.135200919861944, -8.676279904028448 ], [ 158.134251960257075, -8.67552810565147 ], [ 158.131013040482713, -8.678111081788606 ], [ 158.133598920079805, -8.678631909336296 ], [ 158.135200919861944, -8.676279904028448 ] ] ], [ [ [ 157.885351920357891, -8.427161045732108 ], [ 157.884545880019743, -8.425170903121156 ], [ 157.881389040211218, -8.424066054677901 ], [ 157.884262919688382, -8.427747920158229 ], [ 157.885351920357891, -8.427161045732108 ] ] ], [ [ [ 158.076842039905642, -8.487030936712314 ], [ 158.069135879970077, -8.484523036191815 ], [ 158.074495919759585, -8.487446100470869 ], [ 158.076842039905642, -8.487030936712314 ] ] ], [ [ [ 157.936847040027857, -8.5555490096477 ], [ 157.934792880433974, -8.554358920409278 ], [ 157.933216080192153, -8.555940068957241 ], [ 157.935493080366996, -8.557228941915209 ], [ 157.936847040027857, -8.5555490096477 ] ] ], [ [ [ 157.903571879733789, -8.492296994783972 ], [ 157.901312880000631, -8.49227207089162 ], [ 157.900653000050767, -8.494835109330195 ], [ 157.902410160442059, -8.49472598026489 ], [ 157.903571879733789, -8.492296994783972 ] ] ], [ [ [ 157.859952120378068, -8.351835106518996 ], [ 157.85797283985471, -8.347168914830386 ], [ 157.857816959695043, -8.351980962512785 ], [ 157.859952120378068, -8.351835106518996 ] ] ], [ [ [ 157.884050160001578, -8.428401919447314 ], [ 157.882219919865292, -8.427271975094856 ], [ 157.880141999832119, -8.429694960013061 ], [ 157.883104080395469, -8.4298249408531 ], [ 157.884050160001578, -8.428401919447314 ] ] ], [ [ [ 158.02713792016371, -8.52834796519697 ], [ 158.025516119716087, -8.525009913493511 ], [ 158.024540160347016, -8.52893610943535 ], [ 158.025715920306595, -8.530673121273106 ], [ 158.02713792016371, -8.52834796519697 ] ] ], [ [ [ 157.876851960528256, -8.407107086879087 ], [ 157.874423039967468, -8.406604941431825 ], [ 157.87493496020349, -8.409750998744743 ], [ 157.876851960528256, -8.407107086879087 ] ] ], [ [ [ 158.139573840511588, -8.61184101247532 ], [ 158.138777159720405, -8.609735970478459 ], [ 158.137340040318747, -8.609919993286676 ], [ 158.137904880308156, -8.613117949076647 ], [ 158.139573840511588, -8.61184101247532 ] ] ], [ [ [ 157.915646999646924, -8.490351873631129 ], [ 157.914762840015072, -8.489167989350179 ], [ 157.912770959721485, -8.490760090198135 ], [ 157.913407080130384, -8.493280055859978 ], [ 157.914790920452532, -8.493466983173747 ], [ 157.913891999703907, -8.492598037247552 ], [ 157.915646999646924, -8.490351873631129 ] ] ], [ [ [ 158.203325880243597, -8.612778026657365 ], [ 158.201525880094749, -8.611367966355393 ], [ 158.200481160080557, -8.612474053173822 ], [ 158.202431999942036, -8.614978087054759 ], [ 158.203325880243597, -8.612778026657365 ] ] ], [ [ [ 157.900951079926642, -8.451833018117652 ], [ 157.89839400031758, -8.449893922914368 ], [ 157.89633804049987, -8.453944983770123 ], [ 157.900951079926642, -8.451833018117652 ] ] ], [ [ [ 157.950068040137637, -8.477349960600559 ], [ 157.947472079646445, -8.475500902301098 ], [ 157.945911839846929, -8.476706013957136 ], [ 157.950068040137637, -8.477349960600559 ] ] ], [ [ [ 157.957178040321423, -8.553381000795914 ], [ 157.954728959769085, -8.553486909058552 ], [ 157.95313811975771, -8.55604188297929 ], [ 157.957178040321423, -8.553381000795914 ] ] ], [ [ [ 158.074023960180654, -8.520454045493324 ], [ 158.070265920173284, -8.520454935278597 ], [ 158.071788000437863, -8.522488910048276 ], [ 158.074023960180654, -8.520454045493324 ] ] ], [ [ [ 157.918383000304402, -8.517466969997599 ], [ 157.916595960150147, -8.513949916746373 ], [ 157.912865999681941, -8.513448087661011 ], [ 157.918383000304402, -8.517466969997599 ] ] ], [ [ [ 157.95048995996197, -8.504143046831162 ], [ 157.947765119973582, -8.503595988207152 ], [ 157.947204960206818, -8.505158120543424 ], [ 157.948850159970959, -8.505821068119779 ], [ 157.95048995996197, -8.504143046831162 ] ] ], [ [ [ 157.842357119843655, -8.580399068041899 ], [ 157.841678880126068, -8.578467922467809 ], [ 157.839734880037128, -8.578365936598063 ], [ 157.840851960245772, -8.580942991198032 ], [ 157.842357119843655, -8.580399068041899 ] ] ], [ [ [ 157.827288959829218, -8.578254872708868 ], [ 157.824325079940337, -8.578046984581677 ], [ 157.826553839686142, -8.580870017284806 ], [ 157.827288959829218, -8.578254872708868 ] ] ], [ [ [ 158.134987080400094, -8.671298969796439 ], [ 158.132048039827168, -8.670592893131886 ], [ 158.132167920001848, -8.673344058026801 ], [ 158.134478040162918, -8.673025008475603 ], [ 158.134987080400094, -8.671298969796439 ] ] ], [ [ [ 157.885295039932402, -8.430179092710146 ], [ 157.884431040292156, -8.429121977043913 ], [ 157.884005880244587, -8.431056903274909 ], [ 157.882746959645829, -8.430450091759315 ], [ 157.881788999820145, -8.432222981732036 ], [ 157.883308919636448, -8.432754117056456 ], [ 157.885295039932402, -8.430179092710146 ] ] ], [ [ [ 158.102017920427812, -8.684463994422273 ], [ 158.100441839736561, -8.683020928124101 ], [ 158.099307120208977, -8.685885880426486 ], [ 158.102017920427812, -8.684463994422273 ] ] ], [ [ [ 157.914623160073234, -8.506890078140476 ], [ 157.913046000505318, -8.505525910777514 ], [ 157.913042039833215, -8.507376070947817 ], [ 157.910886000506338, -8.508129092469906 ], [ 157.912216920176775, -8.509302059054471 ], [ 157.914623160073234, -8.506890078140476 ] ] ], [ [ [ 158.104373039896387, -8.693169958826788 ], [ 158.102237880111659, -8.69247993798191 ], [ 158.10158591970935, -8.697263977964877 ], [ 158.104373039896387, -8.693169958826788 ] ] ], [ [ [ 157.914380879949533, -8.417963960469676 ], [ 157.911240959909378, -8.416871022029875 ], [ 157.910865840514731, -8.418111038256548 ], [ 157.912718039968127, -8.419583063514599 ], [ 157.914380879949533, -8.417963960469676 ] ] ], [ [ [ 158.135091840131906, -8.6245099921584 ], [ 158.133895920180692, -8.622891044645081 ], [ 158.1324350403398, -8.624847056475256 ], [ 158.133805919769031, -8.625918045820752 ], [ 158.135091840131906, -8.6245099921584 ] ] ], [ [ [ 157.855857120511047, -8.368482881361235 ], [ 157.853820960460496, -8.366530013251445 ], [ 157.853179080053991, -8.368345044676524 ], [ 157.854368879783209, -8.369712011962074 ], [ 157.855857120511047, -8.368482881361235 ] ] ], [ [ [ 158.146885080387023, -8.528352059912034 ], [ 158.143556160200973, -8.527751098526082 ], [ 158.142360959800328, -8.529451979778695 ], [ 158.143597920183623, -8.53025996246312 ], [ 158.146885080387023, -8.528352059912034 ] ] ], [ [ [ 158.152202999969518, -8.590050023281336 ], [ 158.149778040080832, -8.589558973870165 ], [ 158.149130040350599, -8.591320982226367 ], [ 158.150823839869986, -8.591676942620939 ], [ 158.152202999969518, -8.590050023281336 ] ] ], [ [ [ 157.92877908001833, -8.566698933255273 ], [ 157.926175920428477, -8.564333059231023 ], [ 157.928200919809882, -8.568671967382043 ], [ 157.92877908001833, -8.566698933255273 ] ] ], [ [ [ 157.911668999955737, -8.506377915105077 ], [ 157.910277959636602, -8.504005971034516 ], [ 157.907746080466183, -8.504125956850494 ], [ 157.90789187973175, -8.50724398108337 ], [ 157.909613040138026, -8.504945030195834 ], [ 157.911668999955737, -8.506377915105077 ] ] ], [ [ [ 158.107266000488494, -8.671479937224179 ], [ 158.105099880267488, -8.669961017711129 ], [ 158.105624040049264, -8.668375007236342 ], [ 158.103242999693151, -8.670043049946591 ], [ 158.107266000488494, -8.671479937224179 ] ] ], [ [ [ 157.845096000499922, -8.569997996405126 ], [ 157.842734040360483, -8.567528018244703 ], [ 157.84237583983591, -8.568574961903739 ], [ 157.845096000499922, -8.569997996405126 ] ] ], [ [ [ 158.132518920529435, -8.704593028938161 ], [ 158.131068840234889, -8.700828969665551 ], [ 158.130411119834974, -8.704056045548723 ], [ 158.132518920529435, -8.704593028938161 ] ] ], [ [ [ 158.126108040503709, -8.711307922525275 ], [ 158.123792160345062, -8.710375958491932 ], [ 158.122958040467779, -8.712026021723585 ], [ 158.126108040503709, -8.711307922525275 ] ] ], [ [ [ 157.860587879664223, -8.571534939243991 ], [ 157.859439120367114, -8.57081497017635 ], [ 157.857517080493608, -8.573219072159478 ], [ 157.859936999935258, -8.573158021772596 ], [ 157.860587879664223, -8.571534939243991 ] ] ], [ [ [ 157.937042879946318, -8.522130037717796 ], [ 157.935432959718298, -8.520924000266474 ], [ 157.932399959858202, -8.522763939748861 ], [ 157.937042879946318, -8.522130037717796 ] ] ], [ [ [ 157.846654079851248, -8.359277104803049 ], [ 157.846223159806073, -8.356064033849064 ], [ 157.84488792013741, -8.355890931271446 ], [ 157.844712959761125, -8.357522046553244 ], [ 157.846654079851248, -8.359277104803049 ] ] ], [ [ [ 157.924878840294753, -8.564940904390793 ], [ 157.92330096027797, -8.564886083101694 ], [ 157.923366840026006, -8.563506103321538 ], [ 157.921004160335968, -8.564687087057338 ], [ 157.922898119771958, -8.565899037705597 ], [ 157.924878840294753, -8.564940904390793 ] ] ], [ [ [ 157.978267920299061, -8.441574097914392 ], [ 157.976873999981109, -8.440105005397966 ], [ 157.974976079872988, -8.440715005451089 ], [ 157.976196840038483, -8.442384936054578 ], [ 157.978267920299061, -8.441574097914392 ] ] ], [ [ [ 157.921179840262823, -8.555948968654109 ], [ 157.91913216021706, -8.555212061771526 ], [ 157.920706080460064, -8.556248003891016 ], [ 157.918217040148932, -8.557932916230319 ], [ 157.921179840262823, -8.555948968654109 ] ] ], [ [ [ 157.831434000349162, -8.586554998052398 ], [ 157.829348880319031, -8.584194053309348 ], [ 157.829411880068221, -8.587389912465573 ], [ 157.831434000349162, -8.586554998052398 ] ] ], [ [ [ 157.913052119829018, -8.511971971605551 ], [ 157.912161120424599, -8.510248048257798 ], [ 157.908997079720763, -8.511476015298406 ], [ 157.910198040119013, -8.512553909154226 ], [ 157.913052119829018, -8.511971971605551 ] ] ], [ [ [ 157.800593879939584, -8.286882042918627 ], [ 157.796948880334298, -8.286299053705831 ], [ 157.798096920080923, -8.287694984304968 ], [ 157.800593879939584, -8.286882042918627 ] ] ], [ [ [ 157.835464919793765, -8.582364911205085 ], [ 157.833662039646072, -8.580103078622905 ], [ 157.834803960068967, -8.583623971532921 ], [ 157.835464919793765, -8.582364911205085 ] ] ], [ [ [ 158.131106999769855, -8.684825026936311 ], [ 158.129537040198954, -8.684537125923855 ], [ 158.12906111994792, -8.686970040019352 ], [ 158.131106999769855, -8.684825026936311 ] ] ], [ [ [ 158.174967960372555, -8.718477993957904 ], [ 158.173569000505864, -8.717427907607329 ], [ 158.172509880497699, -8.718974034612508 ], [ 158.174220960009848, -8.719789974280726 ], [ 158.174967960372555, -8.718477993957904 ] ] ], [ [ [ 157.857122879984018, -8.575242085857996 ], [ 157.856748840364332, -8.574117023768103 ], [ 157.853347920208279, -8.573858050829896 ], [ 157.855458960227622, -8.575760920193034 ], [ 157.857122879984018, -8.575242085857996 ] ] ], [ [ [ 157.869083879720108, -8.361667033673859 ], [ 157.86880488006085, -8.359947070260599 ], [ 157.866792839775712, -8.361010962142549 ], [ 157.867835040015478, -8.362593973102587 ], [ 157.869083879720108, -8.361667033673859 ] ] ], [ [ [ 157.9414690796755, -8.545118956523144 ], [ 157.940343000144338, -8.543594011357268 ], [ 157.939118999755635, -8.544819913332853 ], [ 157.940490959858153, -8.546745889993963 ], [ 157.9414690796755, -8.545118956523144 ] ] ], [ [ [ 157.895466120413744, -8.457950066695462 ], [ 157.895175960085396, -8.456698961486444 ], [ 157.892942159892556, -8.45646590309569 ], [ 157.892698080443324, -8.458299029912036 ], [ 157.893764040224113, -8.457848048269902 ], [ 157.894574040336011, -8.458226032289097 ], [ 157.895466120413744, -8.457950066695462 ] ] ], [ [ [ 158.031561960342913, -8.505338099599115 ], [ 158.030844839743196, -8.504285997200814 ], [ 158.029910999682841, -8.507130938615138 ], [ 158.031285120233633, -8.507190041215626 ], [ 158.031561960342913, -8.505338099599115 ] ] ], [ [ [ 158.142516120409454, -8.517617926137978 ], [ 158.141849040462631, -8.515936930132789 ], [ 158.139650160479817, -8.517452016121016 ], [ 158.141648160097105, -8.518650053875527 ], [ 158.142516120409454, -8.517617926137978 ] ] ], [ [ [ 158.076564840470212, -8.516859049098683 ], [ 158.075492040018588, -8.515970931066123 ], [ 158.074358040041574, -8.517210984266503 ], [ 158.075503920238191, -8.518409912575828 ], [ 158.076564840470212, -8.516859049098683 ] ] ], [ [ [ 157.907098079837681, -8.519955073261473 ], [ 157.905680039754344, -8.516912097792611 ], [ 157.904174880156461, -8.51967292232318 ], [ 157.907098079837681, -8.519955073261473 ] ] ], [ [ [ 158.154531840122758, -8.539983924913596 ], [ 158.154086159859162, -8.536539882615063 ], [ 158.152878000362165, -8.539046018828079 ], [ 158.154531840122758, -8.539983924913596 ] ] ], [ [ [ 158.009554080298358, -8.534418937242055 ], [ 158.007246119687238, -8.533555069017327 ], [ 158.007914999857945, -8.535323922466448 ], [ 158.009554080298358, -8.534418937242055 ] ] ], [ [ [ 157.969380959956794, -8.449972975589526 ], [ 157.967340119683627, -8.452087978273486 ], [ 157.968348120162261, -8.453177968869969 ], [ 157.969380959956794, -8.449972975589526 ] ] ], [ [ [ 157.813607880360138, -8.577962974877574 ], [ 157.811051880526009, -8.57535688808656 ], [ 157.812175080058381, -8.577833044933955 ], [ 157.813607880360138, -8.577962974877574 ] ] ], [ [ [ 158.100433920189005, -8.708184995629731 ], [ 158.097125880443457, -8.708929966899596 ], [ 158.099311079982755, -8.70991798138448 ], [ 158.098907880150648, -8.708558104435362 ], [ 158.100433920189005, -8.708184995629731 ] ] ], [ [ [ 158.149949039785042, -8.6478489743171 ], [ 158.147857079982316, -8.646274970901842 ], [ 158.148492119717929, -8.648329982145482 ], [ 158.149949039785042, -8.6478489743171 ] ] ], [ [ [ 157.873564079875933, -8.395149965756197 ], [ 157.871496960287459, -8.393184053813719 ], [ 157.871634120454928, -8.394753044230882 ], [ 157.873564079875933, -8.395149965756197 ] ] ], [ [ [ 158.169498839954741, -8.548754092723218 ], [ 158.167258920438201, -8.549216002961497 ], [ 158.169233880065065, -8.550754987292537 ], [ 158.169498839954741, -8.548754092723218 ] ] ], [ [ [ 158.134327920000828, -8.660283989153799 ], [ 158.133350879958471, -8.65874402638058 ], [ 158.1327561602061, -8.66140399024945 ], [ 158.134327920000828, -8.660283989153799 ] ] ], [ [ [ 157.913433000119568, -8.518388016585108 ], [ 157.911643079966524, -8.516527941054999 ], [ 157.909998959977344, -8.519945104970445 ], [ 157.911366960306083, -8.518070973049491 ], [ 157.913433000119568, -8.518388016585108 ] ] ], [ [ [ 158.059716119849611, -8.750467014302449 ], [ 158.058853920433222, -8.749257970607154 ], [ 158.057160840464377, -8.751415957318155 ], [ 158.059716119849611, -8.750467014302449 ] ] ], [ [ [ 157.980619079993858, -8.472747948947653 ], [ 157.979634120403972, -8.471951061537588 ], [ 157.978130039682753, -8.473885059928101 ], [ 157.980619079993858, -8.472747948947653 ] ] ], [ [ [ 158.127473159935334, -8.675190908505098 ], [ 158.125572000502359, -8.674311880747185 ], [ 158.124818879917569, -8.675867972525749 ], [ 158.125712039770292, -8.676587028162588 ], [ 158.127473159935334, -8.675190908505098 ] ] ], [ [ [ 157.996843919751313, -8.496498929957358 ], [ 157.994304120135013, -8.497713944623781 ], [ 157.995827999725122, -8.498306051836259 ], [ 157.996843919751313, -8.496498929957358 ] ] ], [ [ [ 157.869394920488929, -8.581672907476811 ], [ 157.866081119847451, -8.579610948598917 ], [ 157.866359039731719, -8.58096595111858 ], [ 157.869394920488929, -8.581672907476811 ] ] ], [ [ [ 158.173512120080403, -8.547173982525726 ], [ 158.171154119714686, -8.548549926874081 ], [ 158.172499080053029, -8.549018956894061 ], [ 158.173512120080403, -8.547173982525726 ] ] ], [ [ [ 158.105885040165163, -8.7053760830286 ], [ 158.104026000040875, -8.703848048919976 ], [ 158.10306011976931, -8.704915075944292 ], [ 158.105885040165163, -8.7053760830286 ] ] ], [ [ [ 158.188719960036707, -8.592468952770218 ], [ 158.187418920129261, -8.592083982716531 ], [ 158.185590119992355, -8.594115973061278 ], [ 158.188719960036707, -8.592468952770218 ] ] ], [ [ [ 157.95221291969375, -8.554798040184913 ], [ 157.94979083980391, -8.554814949928447 ], [ 157.951456920008553, -8.556092078219082 ], [ 157.95221291969375, -8.554798040184913 ] ] ], [ [ [ 157.995479880094649, -8.490146963417441 ], [ 157.99289112049874, -8.490206959420904 ], [ 157.993911000298738, -8.491107954532289 ], [ 157.995479880094649, -8.490146963417441 ] ] ], [ [ [ 157.840850160021944, -8.336853086334937 ], [ 157.840588080131056, -8.335446110889134 ], [ 157.838860079952212, -8.335433999469142 ], [ 157.840850160021944, -8.336853086334937 ] ] ], [ [ [ 157.861436040209384, -8.374816902046614 ], [ 157.860435960176659, -8.373592953201811 ], [ 157.858979040109489, -8.374512028082535 ], [ 157.861436040209384, -8.374816902046614 ] ] ], [ [ [ 158.127572880118407, -8.569064970304453 ], [ 158.126946120154798, -8.567544927415252 ], [ 158.125935960126213, -8.568138884012763 ], [ 158.126515919660193, -8.569918968829354 ], [ 158.127572880118407, -8.569064970304453 ] ] ], [ [ [ 157.937155920348403, -8.550602975873147 ], [ 157.935575879883373, -8.549093895270309 ], [ 157.935633120533254, -8.550539964439237 ], [ 157.937155920348403, -8.550602975873147 ] ] ], [ [ [ 157.90608215981149, -8.505941944073651 ], [ 157.904434080048532, -8.503981047913157 ], [ 157.903256880089543, -8.504751878006967 ], [ 157.90608215981149, -8.505941944073651 ] ] ], [ [ [ 157.817681999786743, -8.576487997884213 ], [ 157.816235880164271, -8.575868068554081 ], [ 157.815910080075327, -8.577259927775067 ], [ 157.817681999786743, -8.576487997884213 ] ] ], [ [ [ 158.059274040033699, -8.507057060575123 ], [ 158.058515879900227, -8.505854002179671 ], [ 158.057398080141041, -8.506882067102621 ], [ 158.059274040033699, -8.507057060575123 ] ] ], [ [ [ 157.943171880313969, -8.520298995684499 ], [ 157.942124999851529, -8.518302925810991 ], [ 157.941446039685076, -8.521281984854616 ], [ 157.943171880313969, -8.520298995684499 ] ] ], [ [ [ 158.102738999903011, -8.604353003959178 ], [ 158.101959960227362, -8.603608003544133 ], [ 158.100827040025337, -8.605009906270963 ], [ 158.102738999903011, -8.604353003959178 ] ] ], [ [ [ 158.062964039844786, -8.503109989647777 ], [ 158.062100040204541, -8.502364969265429 ], [ 158.062282920128382, -8.505815015557044 ], [ 158.062964039844786, -8.503109989647777 ] ] ], [ [ [ 158.142043080157237, -8.657792000788019 ], [ 158.140964879932454, -8.657170068213002 ], [ 158.140427039707191, -8.659126970806915 ], [ 158.142043080157237, -8.657792000788019 ] ] ], [ [ [ 157.938966000493082, -8.516553931102321 ], [ 157.938144120161553, -8.51594405028851 ], [ 157.938325920310405, -8.520907978785809 ], [ 157.938966000493082, -8.516553931102321 ] ] ], [ [ [ 158.141649960320905, -8.624526008321279 ], [ 158.140338840417655, -8.623850988368339 ], [ 158.139748080439034, -8.625091046307503 ], [ 158.141649960320905, -8.624526008321279 ] ] ], [ [ [ 158.130572040441763, -8.696723959189557 ], [ 158.128714080092408, -8.6963229033886 ], [ 158.129811000309445, -8.697820008952917 ], [ 158.130572040441763, -8.696723959189557 ] ] ], [ [ [ 158.164160039931801, -8.594251949391046 ], [ 158.162667119879643, -8.593860039519482 ], [ 158.16253104038546, -8.595641961089584 ], [ 158.164160039931801, -8.594251949391046 ] ] ], [ [ [ 157.923480960203051, -8.559860962786249 ], [ 157.922529119701039, -8.558847991899128 ], [ 157.921040160320985, -8.559842095052709 ], [ 157.923480960203051, -8.559860962786249 ] ] ], [ [ [ 158.143733999677778, -8.710022067384379 ], [ 158.141950920195598, -8.708747060352488 ], [ 158.142619079917438, -8.710612063277017 ], [ 158.143733999677778, -8.710022067384379 ] ] ], [ [ [ 157.89466512052266, -8.446752999556077 ], [ 157.893014159862588, -8.446832943735828 ], [ 157.893347880397357, -8.4482370230429 ], [ 157.89466512052266, -8.446752999556077 ] ] ], [ [ [ 157.934112120043665, -8.47297298559824 ], [ 157.932502920264511, -8.47287292987394 ], [ 157.933274040392632, -8.473926898393696 ], [ 157.934112120043665, -8.47297298559824 ] ] ], [ [ [ 158.177645999931286, -8.643938957405158 ], [ 158.17601195993791, -8.643823997460407 ], [ 158.177027879964044, -8.644917889117114 ], [ 158.177645999931286, -8.643938957405158 ] ] ], [ [ [ 157.778817839798478, -8.247877047354487 ], [ 157.776720119998174, -8.248856984196644 ], [ 157.77788291996319, -8.249318004283339 ], [ 157.778817839798478, -8.247877047354487 ] ] ], [ [ [ 157.920995160115126, -8.513011946823791 ], [ 157.920126120027817, -8.510761985666107 ], [ 157.920666119802974, -8.51399709048296 ], [ 157.920995160115126, -8.513011946823791 ] ] ], [ [ [ 157.91556888035322, -8.509801044463957 ], [ 157.91546484017195, -8.508218102505912 ], [ 157.914317880200315, -8.50851503826763 ], [ 157.914768960237097, -8.51047395333444 ], [ 157.91556888035322, -8.509801044463957 ] ] ], [ [ [ 157.961048040057591, -8.546429937976622 ], [ 157.960685160208698, -8.545317962031252 ], [ 157.959455040496266, -8.546291097200188 ], [ 157.961048040057591, -8.546429937976622 ] ] ], [ [ [ 157.939755120164534, -8.545786996973852 ], [ 157.938530040000842, -8.544840027438855 ], [ 157.937811120075594, -8.54618109239046 ], [ 157.939755120164534, -8.545786996973852 ] ] ], [ [ [ 158.137187040157897, -8.648672008674531 ], [ 158.136185880350183, -8.648210041565363 ], [ 158.136184080126327, -8.649810907073771 ], [ 158.137187040157897, -8.648672008674531 ] ] ], [ [ [ 158.024387879736651, -8.527185026769539 ], [ 158.023625040278858, -8.525880921263106 ], [ 158.022956879658722, -8.527057927438126 ], [ 158.024387879736651, -8.527185026769539 ] ] ], [ [ [ 158.147925839729112, -8.692385989502338 ], [ 158.146260119748916, -8.69205699176058 ], [ 158.147128080061293, -8.693591124135619 ], [ 158.147925839729112, -8.692385989502338 ] ] ], [ [ [ 157.930547039955968, -8.566766036276784 ], [ 157.929933960435761, -8.565116049731715 ], [ 157.929257880268125, -8.566570067022251 ], [ 157.930547039955968, -8.566766036276784 ] ] ], [ [ [ 157.810012920509479, -8.247142939005915 ], [ 157.808405880280247, -8.246322075423834 ], [ 157.809146039972092, -8.248191105104768 ], [ 157.810012920509479, -8.247142939005915 ] ] ], [ [ [ 158.121894959787511, -8.585903047057103 ], [ 158.120692920512568, -8.585610977256769 ], [ 158.12079516047001, -8.58697201023066 ], [ 158.121894959787511, -8.585903047057103 ] ] ], [ [ [ 157.891878000335623, -8.455430937975349 ], [ 157.891205160391195, -8.454301961914927 ], [ 157.890688920156975, -8.45622892794902 ], [ 157.891878000335623, -8.455430937975349 ] ] ], [ [ [ 157.884257159690804, -8.403616982821061 ], [ 157.882732919876275, -8.40281995268886 ], [ 157.883217840348124, -8.404090997421491 ], [ 157.884257159690804, -8.403616982821061 ] ] ], [ [ [ 158.121525959716593, -8.552292007070482 ], [ 158.120772840030156, -8.551196959251348 ], [ 158.120075159871448, -8.552185029924749 ], [ 158.121525959716593, -8.552292007070482 ] ] ], [ [ [ 157.874555159687901, -8.581453986120886 ], [ 157.871334959905766, -8.581020948880463 ], [ 157.87161900001206, -8.581987050565306 ], [ 157.874555159687901, -8.581453986120886 ] ] ], [ [ [ 158.068383120508059, -8.616096977291779 ], [ 158.067172080113977, -8.61505496927672 ], [ 158.066334000462945, -8.616205893218178 ], [ 158.068383120508059, -8.616096977291779 ] ] ], [ [ [ 158.149076039923983, -8.547643903981992 ], [ 158.147562959880219, -8.546897012354735 ], [ 158.147677080057264, -8.547994921583756 ], [ 158.149076039923983, -8.547643903981992 ] ] ], [ [ [ 158.128779959840415, -8.676617989597874 ], [ 158.127683040521703, -8.675867972525749 ], [ 158.127335999767894, -8.677282951429776 ], [ 158.128779959840415, -8.676617989597874 ] ] ], [ [ [ 158.13264708047609, -8.668801894000602 ], [ 158.131387080102371, -8.668913108812447 ], [ 158.132202840211903, -8.66974303762195 ], [ 158.13264708047609, -8.668801894000602 ] ] ], [ [ [ 157.881486960170463, -8.426971949807205 ], [ 157.879978919675466, -8.426531971625813 ], [ 157.879986119672452, -8.427792967704162 ], [ 157.881486960170463, -8.426971949807205 ] ] ], [ [ [ 158.075139959716012, -8.745247960871026 ], [ 158.07360815968002, -8.745497031689059 ], [ 158.074036920175246, -8.746660898916863 ], [ 158.075139959716012, -8.745247960871026 ] ] ], [ [ [ 157.937330160275849, -8.509856051731411 ], [ 157.936516919940715, -8.50910997686575 ], [ 157.936002840154742, -8.51073688502845 ], [ 157.937330160275849, -8.509856051731411 ] ] ] ] } },
{ "type": "Feature", "properties": { "shapeName": "Hograno-Kia-Havulei", "shapeISO": "", "shapeID": "97153195B62958617202697", "shapeGroup": "SLB", "shapeType": "ADM2" }, "geometry": { "type": "MultiPolygon", "coordinates": [ [ [ [ 159.660222120464283, -8.357335053567168 ], [ 159.620353919771162, -8.325557064128359 ], [ 159.651262080377023, -8.277462913641211 ], [ 159.64067916006718, -8.270230977921129 ], [ 159.582908160090682, -8.23408712822298 ], [ 159.431477039809124, -8.173253987595039 ], [ 159.163166879682109, -8.029254920853743 ], [ 159.016853880189075, -7.924260916387258 ], [ 159.02052588045683, -7.919073969933065 ], [ 159.023586959856061, -7.918768927659221 ], [ 159.025727879638424, -7.912666947715017 ], [ 159.023284920206379, -7.910498981243804 ], [ 159.023199960241783, -7.900166932733359 ], [ 159.025424039764914, -7.897467054054852 ], [ 159.022892880145037, -7.893483082130635 ], [ 159.028935839874805, -7.888615078096841 ], [ 159.027711840384427, -7.883934943751807 ], [ 159.0292799997315, -7.882830917028633 ], [ 159.029223839754906, -7.874430982545671 ], [ 159.033687839692874, -7.868439076345734 ], [ 159.048347039877626, -7.855691120802967 ], [ 159.047101080171814, -7.850982975886092 ], [ 159.044658840290339, -7.850709979481138 ], [ 159.044270040452233, -7.848451996333692 ], [ 159.04048716023064, -7.849277946173109 ], [ 159.037355159738041, -7.846401916505369 ], [ 159.037900920409101, -7.842375906387664 ], [ 159.034667040183535, -7.848128000205359 ], [ 159.03279000051586, -7.848872995905537 ], [ 159.032850120266261, -7.845190088248659 ], [ 159.035343120351172, -7.840993951607067 ], [ 159.034767119692702, -7.839148008584799 ], [ 159.036135120021413, -7.838480920678106 ], [ 159.034017959780044, -7.836343058771067 ], [ 159.029296920398195, -7.840090952196936 ], [ 159.028133039759922, -7.843304043119283 ], [ 159.029049960051879, -7.85072905872509 ], [ 159.025709159646198, -7.853559945034711 ], [ 159.025106160121851, -7.849196991445479 ], [ 159.021366840106708, -7.848583056994258 ], [ 159.021275040369488, -7.84609806868825 ], [ 159.01903799995344, -7.847259966584355 ], [ 159.018995879746399, -7.84547610508977 ], [ 159.016103999827521, -7.844378039191167 ], [ 159.010211160259871, -7.845902992170763 ], [ 159.008407919887787, -7.845092014101208 ], [ 159.007493880492945, -7.846848060309919 ], [ 159.001691040438629, -7.845603957076714 ], [ 158.997171960298971, -7.847460926890314 ], [ 158.998956120454437, -7.845148896984148 ], [ 158.997754080281169, -7.844569015485646 ], [ 158.998442039770197, -7.843467023569452 ], [ 158.994276119708047, -7.840518023142233 ], [ 158.996763000469258, -7.835853929583157 ], [ 158.994032040258816, -7.833690911075569 ], [ 158.990718960066204, -7.833603890375081 ], [ 158.989182840032043, -7.830835102995053 ], [ 158.992013879751653, -7.825210984648485 ], [ 158.986577880218334, -7.822848009348069 ], [ 158.98547016045498, -7.819581976932275 ], [ 158.979722040377879, -7.820137997830718 ], [ 158.975651160276215, -7.823270995252289 ], [ 158.973951960085344, -7.820055967720528 ], [ 158.97210084040691, -7.82050606213912 ], [ 158.966955000303642, -7.816045038489222 ], [ 158.966250839698517, -7.813104046667408 ], [ 158.972909040295008, -7.809037055082774 ], [ 158.977918080455225, -7.808469963234026 ], [ 158.976942120187857, -7.807554945962171 ], [ 158.978998080005567, -7.806147017411073 ], [ 158.980043160244179, -7.801781070360184 ], [ 158.983061039661351, -7.800690022757725 ], [ 158.983988039949168, -7.798717997235735 ], [ 158.986091879971525, -7.798793075868096 ], [ 158.988560039842213, -7.793834973833371 ], [ 158.991922080014433, -7.795550039740507 ], [ 158.991847920494479, -7.797386901157798 ], [ 158.995702080237237, -7.797475890626735 ], [ 158.993507880477068, -7.795232956861823 ], [ 158.994287999927678, -7.791964925591822 ], [ 158.992949880260227, -7.79313892315021 ], [ 158.988867119938902, -7.791033999778624 ], [ 158.983292880463182, -7.790416056300795 ], [ 158.982473880130442, -7.788051992019422 ], [ 158.980325039902255, -7.787161006445732 ], [ 158.978292840523778, -7.788114946348025 ], [ 158.978586959727579, -7.784470023837764 ], [ 158.980123079761768, -7.784356955362303 ], [ 158.976806039795321, -7.782340980908816 ], [ 158.975290079752796, -7.785198904115472 ], [ 158.964832080064639, -7.781673981162951 ], [ 158.962917959738718, -7.783506088626329 ], [ 158.96312496032624, -7.781519001137202 ], [ 158.961949919917203, -7.781148940868858 ], [ 158.966135999970902, -7.777697996130543 ], [ 158.965079040411013, -7.773179088660125 ], [ 158.962097880529313, -7.773366886848796 ], [ 158.958839879640067, -7.770224062991301 ], [ 158.955877080424472, -7.764692942224468 ], [ 158.952912119862305, -7.76431805109369 ], [ 158.949649080322615, -7.75790704136134 ], [ 158.947462079661136, -7.757215924509723 ], [ 158.943782880294663, -7.752634016029471 ], [ 158.939390159877831, -7.751340050688444 ], [ 158.936749920527973, -7.752488122179843 ], [ 158.936915879785147, -7.75415199033953 ], [ 158.935422959732989, -7.753893020237246 ], [ 158.935257000475787, -7.755190009650517 ], [ 158.931407880281796, -7.75580693496819 ], [ 158.927974919914504, -7.754112039002481 ], [ 158.931132840396316, -7.750663013378853 ], [ 158.92928784004161, -7.743406018322612 ], [ 158.92280891981963, -7.7432230226557 ], [ 158.913479879661452, -7.739138944818872 ], [ 158.899552920519312, -7.741513985486884 ], [ 158.894543159910199, -7.740188950954612 ], [ 158.894829000240378, -7.741960062469177 ], [ 158.890829040333756, -7.742975104359848 ], [ 158.888840040038986, -7.740696920140162 ], [ 158.889057119724015, -7.736896055644764 ], [ 158.884612920451502, -7.735160952912731 ], [ 158.882873040053028, -7.734822064606274 ], [ 158.877951120305681, -7.738543933923578 ], [ 158.870737079940625, -7.738856956369926 ], [ 158.863676039736418, -7.736978993781752 ], [ 158.854146120111039, -7.730127008045781 ], [ 158.851591920500766, -7.724718076415582 ], [ 158.852908079952812, -7.719600887307251 ], [ 158.844432960337343, -7.709720036754888 ], [ 158.837015880056867, -7.704768912234139 ], [ 158.831477999892257, -7.696284065100794 ], [ 158.824478160111738, -7.693956932559827 ], [ 158.820950880232857, -7.691117120724551 ], [ 158.817611160500491, -7.682701034941853 ], [ 158.814676079701314, -7.680056123992141 ], [ 158.8140831601728, -7.674553970225884 ], [ 158.808141000401065, -7.674297091675366 ], [ 158.804700120486245, -7.672635049788268 ], [ 158.803457039880868, -7.66877202968381 ], [ 158.799961079764415, -7.664690980344573 ], [ 158.799812040275668, -7.659352928140055 ], [ 158.797514159660324, -7.654353941151454 ], [ 158.780162880147287, -7.645104001793081 ], [ 158.778717840299777, -7.641241980885027 ], [ 158.780510999777761, -7.640402957506834 ], [ 158.779802159848344, -7.638430005690746 ], [ 158.774878079652751, -7.637481079702165 ], [ 158.769015840296902, -7.633788118264422 ], [ 158.76824184017002, -7.631330942780986 ], [ 158.765077079915642, -7.629927065651623 ], [ 158.764749120276775, -7.627581907586989 ], [ 158.76317808003256, -7.628099110307283 ], [ 158.757388920421704, -7.620939038061998 ], [ 158.756129999823003, -7.621012007451165 ], [ 158.756518080110567, -7.619137984199027 ], [ 158.753157119713279, -7.618807924630387 ], [ 158.75017307983282, -7.614757975815158 ], [ 158.745718080115637, -7.611595957243916 ], [ 158.742838080416448, -7.611355990170333 ], [ 158.743892880426472, -7.609754006683546 ], [ 158.74243992013308, -7.607861022450149 ], [ 158.738257080302589, -7.607972889176229 ], [ 158.739482160466224, -7.605222070020876 ], [ 158.737304880474483, -7.602764017740547 ], [ 158.734316160371378, -7.602283003246563 ], [ 158.736170160048601, -7.60081801192586 ], [ 158.736247920016211, -7.598795098075957 ], [ 158.732993879799011, -7.595027044844692 ], [ 158.73396803984258, -7.591890037397207 ], [ 158.737156919862315, -7.591663976600011 ], [ 158.736645000524589, -7.589315933643825 ], [ 158.738645159691828, -7.588311944387114 ], [ 158.734712879757041, -7.584560928255929 ], [ 158.734760040411146, -7.579300028518054 ], [ 158.732152920149133, -7.579990898584454 ], [ 158.723285040023541, -7.587893006061146 ], [ 158.704556040410409, -7.591189016830305 ], [ 158.697592920165448, -7.5943568955529 ], [ 158.701695840478408, -7.590756877365116 ], [ 158.691444840479477, -7.596617128806987 ], [ 158.682560039687161, -7.597668914663483 ], [ 158.673438000116533, -7.594901079897952 ], [ 158.65798607981273, -7.584818038891242 ], [ 158.654310119771168, -7.58427491186372 ], [ 158.650557120210863, -7.578081903288058 ], [ 158.638551839819485, -7.567906040174046 ], [ 158.634028080355534, -7.568199025335411 ], [ 158.633339040193221, -7.564122906328383 ], [ 158.629570920190076, -7.558546996593631 ], [ 158.626270080441543, -7.562035049266519 ], [ 158.625630000258838, -7.569943016610106 ], [ 158.620752000044064, -7.572540967543059 ], [ 158.622419160023696, -7.56443409450068 ], [ 158.620614120326081, -7.562108920704173 ], [ 158.615709120347077, -7.561926025474635 ], [ 158.616218159685985, -7.555786047952248 ], [ 158.613643080533564, -7.551822941320442 ], [ 158.609000160445476, -7.552373067776126 ], [ 158.604418079658302, -7.54981906932754 ], [ 158.600603879674338, -7.554629060021669 ], [ 158.595724080134033, -7.557285987766474 ], [ 158.596205039933807, -7.558682964563732 ], [ 158.595606000183182, -7.557919971609167 ], [ 158.593604039893847, -7.559659900337998 ], [ 158.593618079663429, -7.558358032946294 ], [ 158.589056880215026, -7.558886024960953 ], [ 158.588884080286988, -7.561376981650655 ], [ 158.58679500048305, -7.563412026212408 ], [ 158.589084959754217, -7.565778945954299 ], [ 158.589101880420884, -7.57040497479325 ], [ 158.587327079812354, -7.569407900392648 ], [ 158.584699080008249, -7.57112601446749 ], [ 158.58947987981432, -7.58165205201098 ], [ 158.587912079793341, -7.585215033985343 ], [ 158.582130839730041, -7.586507006859277 ], [ 158.57938800019835, -7.589905086736428 ], [ 158.578221960010097, -7.589176941345446 ], [ 158.577985079659555, -7.582142902324784 ], [ 158.571774000224394, -7.577437956766055 ], [ 158.570425080112273, -7.574266027519811 ], [ 158.568513839785169, -7.573611904042507 ], [ 158.568796079667635, -7.580125075942941 ], [ 158.568171119927854, -7.581953949155541 ], [ 158.566742999848714, -7.581841005314479 ], [ 158.564054159845369, -7.576340978699427 ], [ 158.559226919834003, -7.57495797603625 ], [ 158.559297840029046, -7.57251598727806 ], [ 158.554487880010527, -7.570775040801184 ], [ 158.554343880070462, -7.568377100687666 ], [ 158.547318120300758, -7.565555012751652 ], [ 158.545283040025168, -7.566236091449676 ], [ 158.542765920174901, -7.56243599095925 ], [ 158.541793919681282, -7.563278021965838 ], [ 158.535343079896791, -7.56112003523014 ], [ 158.535623160229335, -7.562619064353244 ], [ 158.534413920059052, -7.56183591570835 ], [ 158.529981960332321, -7.563981051668471 ], [ 158.525343000017983, -7.569029982651913 ], [ 158.523806160433281, -7.565421901090527 ], [ 158.521768919709416, -7.564937990187108 ], [ 158.523692040256208, -7.563355997791729 ], [ 158.526828000522556, -7.563430940195055 ], [ 158.530424040148233, -7.557199980785694 ], [ 158.528706119965165, -7.553729911918194 ], [ 158.522599079812977, -7.550697883124755 ], [ 158.515398000340809, -7.553383028618281 ], [ 158.506686000374856, -7.549081934996152 ], [ 158.505752160314529, -7.55228706070077 ], [ 158.503668120059331, -7.550773006141859 ], [ 158.500063080212868, -7.555293025706364 ], [ 158.497560000132154, -7.55156795230601 ], [ 158.498060040148545, -7.543522961340893 ], [ 158.490740879827257, -7.540363987888464 ], [ 158.489361000177183, -7.541274941628633 ], [ 158.490080999877449, -7.543373070420781 ], [ 158.487483960509564, -7.544539010213051 ], [ 158.487141960202791, -7.543580955568555 ], [ 158.486142959944999, -7.548796965998346 ], [ 158.484257999831499, -7.549632064986209 ], [ 158.478814079852327, -7.544044012668365 ], [ 158.477272920269428, -7.544403929689778 ], [ 158.477077080350966, -7.54615800907294 ], [ 158.475741839784035, -7.544787936345234 ], [ 158.474711879988291, -7.546715993786983 ], [ 158.466682080412028, -7.545442995126103 ], [ 158.466115079974344, -7.541575082569765 ], [ 158.468817959747327, -7.536128076117438 ], [ 158.462890920418459, -7.53368194207661 ], [ 158.463203040063917, -7.531162095658494 ], [ 158.465253960332888, -7.531248998970052 ], [ 158.466625920435433, -7.529248957902697 ], [ 158.464431000226398, -7.526415015341036 ], [ 158.461482960330954, -7.525736015688429 ], [ 158.459216040151887, -7.521779058144727 ], [ 158.448164040261901, -7.516396046168132 ], [ 158.446131120434615, -7.515940989961581 ], [ 158.444826840303904, -7.517194981097791 ], [ 158.440060080267386, -7.514094884603776 ], [ 158.43201011980122, -7.51273398980477 ], [ 158.430894839816403, -7.513747969149589 ], [ 158.431299839872366, -7.51722799539482 ], [ 158.436104039893308, -7.522425943075937 ], [ 158.432275079690925, -7.522157909716023 ], [ 158.431070160417164, -7.520704066768456 ], [ 158.42880000001486, -7.521559027576335 ], [ 158.42842091994811, -7.525173006622729 ], [ 158.432285880135566, -7.529541969605434 ], [ 158.422068000122835, -7.534784916942439 ], [ 158.422655880102695, -7.535774040939536 ], [ 158.425520039808447, -7.535156084226605 ], [ 158.425212959711729, -7.537478011833474 ], [ 158.427293040193149, -7.53793697159659 ], [ 158.425476120275903, -7.540829011689973 ], [ 158.42622887973792, -7.542549023065756 ], [ 158.429724839854401, -7.543434989280051 ], [ 158.435096040312999, -7.5476649417312 ], [ 158.429827079811815, -7.547306989746873 ], [ 158.428560960114396, -7.545543992868486 ], [ 158.426039880490322, -7.547699024014039 ], [ 158.426251919728315, -7.550005003254873 ], [ 158.430539880413335, -7.550446998166003 ], [ 158.43351096029923, -7.553111088357717 ], [ 158.437163159901502, -7.552385023336383 ], [ 158.440237919744163, -7.554242920683299 ], [ 158.443134840110076, -7.552605929974249 ], [ 158.445511919794086, -7.553906030164382 ], [ 158.442950159962379, -7.55448292002184 ], [ 158.441308919972016, -7.557755096889063 ], [ 158.437680119686263, -7.555784084807019 ], [ 158.437632959930454, -7.557716019720866 ], [ 158.435930160190281, -7.558777892288344 ], [ 158.430841920063045, -7.558824999372755 ], [ 158.432015160248284, -7.560360080965815 ], [ 158.431223880128584, -7.561242977660298 ], [ 158.437460880451283, -7.569014994190143 ], [ 158.439204000174669, -7.568922923735773 ], [ 158.44064904002218, -7.571136006427049 ], [ 158.44176000000877, -7.570353943730047 ], [ 158.44230792022978, -7.572697094165973 ], [ 158.444871840509734, -7.574694971157893 ], [ 158.447572920058889, -7.574398957139636 ], [ 158.45090184024491, -7.577000985328214 ], [ 158.455280880218282, -7.577655995477422 ], [ 158.460937920108734, -7.581536966687743 ], [ 158.468571000299278, -7.582449973790606 ], [ 158.462075160308927, -7.583660057850237 ], [ 158.458844880531018, -7.582883013585167 ], [ 158.460580079808523, -7.587117931645811 ], [ 158.462324999755765, -7.585827031769046 ], [ 158.465183040137845, -7.588797970051735 ], [ 158.467417920105646, -7.587929939087576 ], [ 158.468859000179378, -7.590134895175849 ], [ 158.474457000094418, -7.591919120851057 ], [ 158.473143000192323, -7.589174086493037 ], [ 158.476407120405355, -7.587810930366978 ], [ 158.477113080335982, -7.593625011127291 ], [ 158.479692120160507, -7.594002016037396 ], [ 158.478383159807208, -7.5959319945157 ], [ 158.480948880310962, -7.596303108500702 ], [ 158.479471079803375, -7.597299942300001 ], [ 158.480227080386925, -7.600112009134485 ], [ 158.48131500038312, -7.597172906918717 ], [ 158.484362040012769, -7.599733939450078 ], [ 158.485447080010175, -7.597875881442785 ], [ 158.488221959753133, -7.598356008200448 ], [ 158.488355879697366, -7.596923118690636 ], [ 158.486370840074699, -7.59596803499536 ], [ 158.490419040410416, -7.592528966726028 ], [ 158.492417040027703, -7.592632986494884 ], [ 158.494988879855185, -7.599196898718318 ], [ 158.496482879682304, -7.598823109950783 ], [ 158.499856080523642, -7.603349048828075 ], [ 158.501829960375517, -7.603719977952662 ], [ 158.500099080197856, -7.600231906241904 ], [ 158.503523040344334, -7.603000955661357 ], [ 158.503399919946418, -7.606348055889811 ], [ 158.506651080164829, -7.607732028226454 ], [ 158.506107840166464, -7.610711023087554 ], [ 158.513154839702736, -7.612189004236767 ], [ 158.515489080527487, -7.6163820633694 ], [ 158.518924919995243, -7.618356900912111 ], [ 158.520706919702462, -7.622053029399366 ], [ 158.517565919887346, -7.621203977096418 ], [ 158.520239999672299, -7.626079894029838 ], [ 158.524350840431083, -7.625472949301471 ], [ 158.522454000097923, -7.622078006745926 ], [ 158.52723587967904, -7.622935085197059 ], [ 158.528769119714383, -7.621985946914609 ], [ 158.531815080467396, -7.628309986924949 ], [ 158.534198999923973, -7.628289113922239 ], [ 158.535777959715716, -7.629953112662983 ], [ 158.537394000165762, -7.627316080771325 ], [ 158.536809000184775, -7.63137001316749 ], [ 158.540180039679484, -7.633353880265565 ], [ 158.54226588015851, -7.638524023801934 ], [ 158.541702119944091, -7.641446072729122 ], [ 158.540671080373357, -7.64088303686366 ], [ 158.540151960140349, -7.642160034913012 ], [ 158.544162000042775, -7.641752031063704 ], [ 158.547185999682029, -7.639320948408052 ], [ 158.546828879830713, -7.643113945052184 ], [ 158.553024120170818, -7.64847396430268 ], [ 158.555801160362023, -7.64888695715239 ], [ 158.556598920029899, -7.653863887143164 ], [ 158.558331959757453, -7.653907059166763 ], [ 158.558667120291659, -7.655213988544394 ], [ 158.557213080223306, -7.657220044388388 ], [ 158.557624920051865, -7.66040794981949 ], [ 158.564869919954845, -7.666581037113039 ], [ 158.568671159944245, -7.671993028966621 ], [ 158.567563079956415, -7.674358992284283 ], [ 158.568810839886083, -7.674938038956645 ], [ 158.568505920237612, -7.676960947842846 ], [ 158.571109079827522, -7.679236977638237 ], [ 158.569471080060339, -7.682958979237417 ], [ 158.571045000303315, -7.684617948574664 ], [ 158.570456039650253, -7.686861114054383 ], [ 158.568873120084731, -7.686825080449315 ], [ 158.566831920485441, -7.689291033641529 ], [ 158.567149079679638, -7.691325112476604 ], [ 158.561096039954094, -7.692753938758589 ], [ 158.562876959886324, -7.693788898340325 ], [ 158.561091000405355, -7.696128875839825 ], [ 158.565894119753011, -7.703898084232116 ], [ 158.56829712032453, -7.705433893662813 ], [ 158.568192000368327, -7.706942941029084 ], [ 158.569341840338723, -7.703982991386247 ], [ 158.567473080443051, -7.700358924863771 ], [ 158.572344960435828, -7.69449706507331 ], [ 158.574513959757326, -7.694958888725351 ], [ 158.574647160151017, -7.69812100315841 ], [ 158.57727408018016, -7.702005874828874 ], [ 158.58543095992809, -7.699242997492044 ], [ 158.589770040142724, -7.701877979411405 ], [ 158.584530960302828, -7.705875013517717 ], [ 158.584793040193688, -7.71070804344086 ], [ 158.586179040065787, -7.711490919296169 ], [ 158.588682120146473, -7.719131063926569 ], [ 158.58436212014854, -7.730974951094369 ], [ 158.580631079905373, -7.736863950959683 ], [ 158.582742840373612, -7.744647036177594 ], [ 158.587382880462854, -7.750186090204614 ], [ 158.59107503982392, -7.750590065666349 ], [ 158.589784079912278, -7.748998952045517 ], [ 158.590950839651043, -7.747559971329536 ], [ 158.587634159909072, -7.74335197613089 ], [ 158.591391839691994, -7.738780975337233 ], [ 158.590199159963987, -7.74369603017593 ], [ 158.593518000154205, -7.745087045601357 ], [ 158.59543788047776, -7.750171999718082 ], [ 158.600788920046455, -7.75372197813394 ], [ 158.603553000243068, -7.754577007852149 ], [ 158.606831160225681, -7.752817899962827 ], [ 158.609810880107915, -7.75376192950848 ], [ 158.611476960312558, -7.752797032268845 ], [ 158.613202080492584, -7.753703965115235 ], [ 158.612897880394684, -7.751721016745671 ], [ 158.613684120067319, -7.754913918738525 ], [ 158.616223919683563, -7.757205044573202 ], [ 158.616414000502743, -7.759972001343458 ], [ 158.612982119910441, -7.76157805451465 ], [ 158.612816159754971, -7.764195882134561 ], [ 158.608856160505439, -7.765812976961356 ], [ 158.611421880110925, -7.766415974847463 ], [ 158.613806880240787, -7.770059092349928 ], [ 158.616788040122458, -7.771517078864569 ], [ 158.630176080162698, -7.771397943037862 ], [ 158.629371120497837, -7.773507067056474 ], [ 158.631293160371314, -7.773917975952509 ], [ 158.630637959745826, -7.775265910702463 ], [ 158.631973919863299, -7.776507012475527 ], [ 158.630658840186271, -7.77672798141116 ], [ 158.630392080072767, -7.775380942884851 ], [ 158.628375000238862, -7.778781970065146 ], [ 158.633454959695825, -7.776711930608923 ], [ 158.635175040327141, -7.777394989126731 ], [ 158.633261999776181, -7.772405958580639 ], [ 158.634362160216398, -7.771410070665389 ], [ 158.635092960361277, -7.772473908425405 ], [ 158.635209959638843, -7.770737881860477 ], [ 158.633052120088109, -7.768063915219354 ], [ 158.63512211967543, -7.767020934015719 ], [ 158.637854880109671, -7.77141898809105 ], [ 158.641619040339066, -7.772390977376945 ], [ 158.642579880163595, -7.775423032585437 ], [ 158.642721000104814, -7.773148056544097 ], [ 158.647502879685874, -7.775362929910839 ], [ 158.654063879873689, -7.772259001021621 ], [ 158.653686960255186, -7.776741000344951 ], [ 158.657346000528378, -7.785119898866812 ], [ 158.658462000063679, -7.78504000215866 ], [ 158.656213080326324, -7.786879050638476 ], [ 158.65842492030373, -7.788898926188279 ], [ 158.65691508048323, -7.791490011096052 ], [ 158.660795160215201, -7.79082106316354 ], [ 158.661000000354449, -7.789533100526415 ], [ 158.663311919841021, -7.79121608291323 ], [ 158.664453840263889, -7.789617990191948 ], [ 158.665083120001896, -7.792435024036198 ], [ 158.666664959792456, -7.792441087541734 ], [ 158.668184160058217, -7.793796988355481 ], [ 158.669893080020415, -7.79314195489787 ], [ 158.670969119796979, -7.788904989745721 ], [ 158.677731000350292, -7.788965981889381 ], [ 158.687831880187161, -7.799504989554333 ], [ 158.692760999931494, -7.811975935701041 ], [ 158.697398880470871, -7.814124979131233 ], [ 158.697113040140692, -7.817082013795845 ], [ 158.701836960419627, -7.82309998184714 ], [ 158.703465959965968, -7.822518108242155 ], [ 158.708820960206737, -7.828891038119623 ], [ 158.71094784021949, -7.828858939676036 ], [ 158.716482119936472, -7.832369912804308 ], [ 158.719128120182262, -7.831314965485822 ], [ 158.720591160471429, -7.833948939827469 ], [ 158.720006880040955, -7.836432932054002 ], [ 158.726455920499944, -7.835928110112763 ], [ 158.728694039792657, -7.840235033352336 ], [ 158.728222080213754, -7.842937959225642 ], [ 158.72643288050952, -7.843630004850739 ], [ 158.727612960467326, -7.850126895357513 ], [ 158.730212160283457, -7.848997993758966 ], [ 158.729042160321455, -7.844457033078721 ], [ 158.731046999711282, -7.844458994869517 ], [ 158.731572959716885, -7.847105011223387 ], [ 158.737610160347344, -7.852120075557582 ], [ 158.736463919926251, -7.854618044748355 ], [ 158.739281999651269, -7.856099986911744 ], [ 158.743051919878241, -7.854819001448925 ], [ 158.744747879845875, -7.85246493118862 ], [ 158.745454920449816, -7.854113067810684 ], [ 158.751023039703512, -7.851790018799545 ], [ 158.751475919964122, -7.84835392386158 ], [ 158.755116959795629, -7.854352004651538 ], [ 158.75471700018673, -7.855984977264005 ], [ 158.75062811964338, -7.854414056653 ], [ 158.741561879824928, -7.858715082534175 ], [ 158.737806000265806, -7.858821889805172 ], [ 158.732402040045457, -7.851711918519732 ], [ 158.730149160534296, -7.852002032583457 ], [ 158.728488119878392, -7.855863012826017 ], [ 158.726165039722702, -7.856373871913512 ], [ 158.721830999955216, -7.853049972841887 ], [ 158.719651919739562, -7.855417057086532 ], [ 158.720651999772343, -7.856810019745076 ], [ 158.719839840110524, -7.858806020458632 ], [ 158.72064191977654, -7.861926958914695 ], [ 158.724898920025311, -7.866015008222994 ], [ 158.730750000508664, -7.867997948920932 ], [ 158.737200840293212, -7.872346975137095 ], [ 158.744130839653593, -7.871927961349209 ], [ 158.744837880257563, -7.869113070041842 ], [ 158.742473040119307, -7.864767931946758 ], [ 158.750111880307458, -7.87045392134138 ], [ 158.752351080273485, -7.869560971642035 ], [ 158.755847040389966, -7.875484928578663 ], [ 158.75886888047927, -7.877106941016287 ], [ 158.7579278404219, -7.878240045771101 ], [ 158.755294079721864, -7.87800201411686 ], [ 158.761905840113087, -7.883170042003966 ], [ 158.761424880313371, -7.880138057137245 ], [ 158.758505999732023, -7.878960916915038 ], [ 158.759229960104335, -7.877685886103323 ], [ 158.75981496008535, -7.871610937382527 ], [ 158.760879119642283, -7.871191030687132 ], [ 158.762805839738348, -7.878312079647309 ], [ 158.765367959794503, -7.875576932274908 ], [ 158.767857000105664, -7.875489921361139 ], [ 158.766263999645986, -7.869866050721932 ], [ 158.768817839930193, -7.869251968990432 ], [ 158.772408840007074, -7.874930943425872 ], [ 158.775122880449118, -7.875500084279812 ], [ 158.773617000402396, -7.877530051010421 ], [ 158.777659080516059, -7.882304042499914 ], [ 158.775456960310038, -7.884581097507769 ], [ 158.776022160523894, -7.885725058073121 ], [ 158.779971000002604, -7.88448089384717 ], [ 158.779969920227614, -7.887058011214509 ], [ 158.783169960018171, -7.890864105698788 ], [ 158.781875040332778, -7.89171600140098 ], [ 158.777208000479277, -7.890189968739797 ], [ 158.774550120013856, -7.892327910461126 ], [ 158.771145960532891, -7.890004897553901 ], [ 158.772999960210143, -7.893657988376527 ], [ 158.775770880179323, -7.893973034574082 ], [ 158.774785919691084, -7.897375054395863 ], [ 158.776478999659929, -7.898577103115798 ], [ 158.775962039875168, -7.900488035810604 ], [ 158.778497879717634, -7.899391007001268 ], [ 158.777930159729436, -7.905824979013374 ], [ 158.773079879727703, -7.906703052208902 ], [ 158.774166000398395, -7.90964605539701 ], [ 158.783699160247011, -7.911674070755924 ], [ 158.786075879706601, -7.907110084908064 ], [ 158.78786688053296, -7.9065019418945 ], [ 158.788565999792695, -7.908428883965326 ], [ 158.792600879909344, -7.907258064535568 ], [ 158.794332839861994, -7.903482965339789 ], [ 158.801100839739036, -7.904438065277446 ], [ 158.805091079874273, -7.907869951157333 ], [ 158.80658687992522, -7.911646971146583 ], [ 158.802726960184884, -7.918274011893211 ], [ 158.804795879997187, -7.918939901074544 ], [ 158.808173039713978, -7.923835002356946 ], [ 158.811265080447782, -7.924375016547841 ], [ 158.815226879921141, -7.922482022511338 ], [ 158.813474040426399, -7.91869404834366 ], [ 158.814591119736718, -7.917392040784275 ], [ 158.819753160057815, -7.919293971843578 ], [ 158.820978959772049, -7.921465992506612 ], [ 158.822756999705433, -7.921213009429241 ], [ 158.82274691970963, -7.922953935354238 ], [ 158.826215880061937, -7.925365901985737 ], [ 158.824928879924073, -7.927037993850774 ], [ 158.817508919644752, -7.924158048166035 ], [ 158.814276120092472, -7.926555924106658 ], [ 158.817081960271679, -7.928405934029302 ], [ 158.817173040458357, -7.931491047720198 ], [ 158.824495079880109, -7.937040984722696 ], [ 158.821542000435898, -7.938158059124014 ], [ 158.822326079660286, -7.945615063708041 ], [ 158.826122999651432, -7.945623977343065 ], [ 158.828600159742962, -7.94833904998781 ], [ 158.832321119990326, -7.947128054846675 ], [ 158.832160919832461, -7.945305048559118 ], [ 158.835386880510526, -7.9446880490703 ], [ 158.835566880435579, -7.945874984795652 ], [ 158.837339879921956, -7.944470021337494 ], [ 158.837732999758259, -7.946934095970123 ], [ 158.839049879659143, -7.945887998354065 ], [ 158.832046080104845, -7.935747057819245 ], [ 158.83176599977233, -7.932889992925828 ], [ 158.828658840392279, -7.930196924894667 ], [ 158.828074920186225, -7.927349092321863 ], [ 158.829728040396276, -7.927714031182957 ], [ 158.833923119772464, -7.930537971802505 ], [ 158.835459960255548, -7.934253100442808 ], [ 158.838219000005097, -7.934639960893557 ], [ 158.847370920237012, -7.941275010054426 ], [ 158.855514120439778, -7.957338059871573 ], [ 158.851059119824299, -7.961393967305378 ], [ 158.854011120391817, -7.965289040932682 ], [ 158.856535080014709, -7.965064964248775 ], [ 158.85721907972993, -7.96832093400577 ], [ 158.860348919774282, -7.969148960079123 ], [ 158.864470920303773, -7.967278990501978 ], [ 158.865963119907065, -7.964174893648723 ], [ 158.870680919964002, -7.96425493357187 ], [ 158.878168920439578, -7.97186102530133 ], [ 158.874315840471809, -7.972195976279417 ], [ 158.873019119664178, -7.973696034427643 ], [ 158.877497879820652, -7.976411991419205 ], [ 158.879949840371836, -7.975503049740559 ], [ 158.880868920213743, -7.976910045643766 ], [ 158.884333919893947, -7.976625010392755 ], [ 158.885544960288001, -7.979212957705943 ], [ 158.889002040420678, -7.980155938690476 ], [ 158.889678119690046, -7.98322604527168 ], [ 158.892197039764199, -7.976134976855851 ], [ 158.899403880132212, -7.975906092846277 ], [ 158.901239880266104, -7.976987052660323 ], [ 158.903246880104177, -7.981683062179285 ], [ 158.902796160291842, -7.986408964639075 ], [ 158.907715920489267, -7.993039967338436 ], [ 158.920153920251323, -8.00076690885229 ], [ 158.926759919746672, -8.009305964715258 ], [ 158.93249688005298, -8.008560011487456 ], [ 158.934764160456439, -8.005441969049185 ], [ 158.938796880124869, -8.008076968951912 ], [ 158.9418680404182, -8.00589988246621 ], [ 158.944853160073649, -8.00586298500679 ], [ 158.950815840061381, -8.009980083390005 ], [ 158.955485040363129, -8.017759997942239 ], [ 158.955896880191631, -8.023385050160551 ], [ 158.953988880087763, -8.025991951269781 ], [ 158.947009919849393, -8.0277559580506 ], [ 158.944938120038273, -8.032510021251179 ], [ 158.947581959835787, -8.031072918296948 ], [ 158.949821159801814, -8.03440500084572 ], [ 158.954378040150289, -8.032238927077472 ], [ 158.96097900009687, -8.034459005407371 ], [ 158.964384959801691, -8.031951079249641 ], [ 158.964793920529701, -8.027152984810369 ], [ 158.966855999671139, -8.027434063346361 ], [ 158.968166039799399, -8.025957908382399 ], [ 158.971125959914502, -8.027861117141253 ], [ 158.979794040347912, -8.027192018508449 ], [ 158.982153120488533, -8.0333099346814 ], [ 158.986104120415575, -8.038005117108515 ], [ 158.99081795980041, -8.054458054138411 ], [ 158.995415160132154, -8.058300018806266 ], [ 159.00042888051496, -8.060210917647185 ], [ 159.000999839828097, -8.063928964540374 ], [ 159.002636040269749, -8.065344030559501 ], [ 159.013982160261833, -8.060588035092591 ], [ 159.012590040167737, -8.057185947635107 ], [ 159.013551959767227, -8.056887066755849 ], [ 159.009612120509274, -8.053481918871668 ], [ 159.011210880068205, -8.051840999898843 ], [ 159.011972999975484, -8.05332205092161 ], [ 159.017221080036165, -8.05511605794376 ], [ 159.017171040281596, -8.056262037160289 ], [ 159.01847711973781, -8.054193926182444 ], [ 159.021469080064151, -8.054982033433838 ], [ 159.021159119968587, -8.058223026488427 ], [ 159.01651583965608, -8.058953026663419 ], [ 159.014954880305993, -8.063637039894065 ], [ 159.010126919845789, -8.065825935935427 ], [ 159.006068999738687, -8.065851956184137 ], [ 159.013299959872143, -8.073262961217916 ], [ 159.015372119907681, -8.072603917454542 ], [ 159.014607840450481, -8.074378948184636 ], [ 159.020920080068123, -8.077745961555987 ], [ 159.022347839922844, -8.079946008671856 ], [ 159.027855840324463, -8.081912941650943 ], [ 159.031223999820412, -8.078460064392312 ], [ 159.031528920367208, -8.074406037741861 ], [ 159.034852079657298, -8.073346009944329 ], [ 159.038718840068555, -8.076551034570258 ], [ 159.036837839728832, -8.076626953491006 ], [ 159.037049160314581, -8.077866077439538 ], [ 159.040551960203658, -8.081447986169861 ], [ 159.040834919636694, -8.085697082900319 ], [ 159.044732999810293, -8.089203895454457 ], [ 159.052334039789628, -8.089441983306235 ], [ 159.054837840319237, -8.09045403033204 ], [ 159.05480616033239, -8.092911874322295 ], [ 159.059714040310155, -8.092587893391876 ], [ 159.071113080055653, -8.09796402184706 ], [ 159.074760959659727, -8.092923101578926 ], [ 159.068234160131453, -8.091282876685165 ], [ 159.066488879959792, -8.089566016863957 ], [ 159.066941039771507, -8.088200933875191 ], [ 159.076275120376806, -8.088867971511933 ], [ 159.079817880024621, -8.084253931300319 ], [ 159.084730080000611, -8.082606008979017 ], [ 159.087254040521742, -8.08455991975506 ], [ 159.088320000302502, -8.087928095050374 ], [ 159.089789880364293, -8.087778933841374 ], [ 159.087979079770719, -8.089961105555387 ], [ 159.084434159674629, -8.090879948718174 ], [ 159.088503960001361, -8.098037086262703 ], [ 159.082634160424078, -8.095941032356087 ], [ 159.079187879837775, -8.098786972669524 ], [ 159.079284000471461, -8.100901010984648 ], [ 159.084252000199626, -8.106983062860149 ], [ 159.087393000014742, -8.108347011566412 ], [ 159.090900840350855, -8.115224960117184 ], [ 159.094713959661561, -8.117758030141729 ], [ 159.097431959877355, -8.118410049727986 ], [ 159.101722080112324, -8.113833948182313 ], [ 159.106998960161064, -8.113142894893675 ], [ 159.109342919858875, -8.114533018532484 ], [ 159.110450999846648, -8.117995031128626 ], [ 159.115122000372196, -8.118920937796187 ], [ 159.116417999832606, -8.12251406364105 ], [ 159.119358839731035, -8.121633069357641 ], [ 159.122008080200118, -8.124374050799281 ], [ 159.126968879931269, -8.121087081174119 ], [ 159.128190000321126, -8.122382021373348 ], [ 159.125888159932089, -8.126953036356632 ], [ 159.128057879702425, -8.130612020506442 ], [ 159.133642920521112, -8.132551977669916 ], [ 159.135810120517107, -8.136703957297692 ], [ 159.14054016011977, -8.135089927351464 ], [ 159.143896080069993, -8.139476909010407 ], [ 159.146619119834526, -8.13858900349825 ], [ 159.146216999777351, -8.141923048762965 ], [ 159.154039080113847, -8.148767101394288 ], [ 159.159114000022072, -8.148129029449439 ], [ 159.165686880429519, -8.143142015502198 ], [ 159.171543000461611, -8.1437369753308 ], [ 159.169546079720988, -8.145915100186246 ], [ 159.167004119656497, -8.145262056234454 ], [ 159.169578840381092, -8.147441064223157 ], [ 159.168539159915667, -8.150634985329125 ], [ 159.165457920524858, -8.152313988694354 ], [ 159.167067120304011, -8.155296906254225 ], [ 159.170090040168276, -8.155064916028895 ], [ 159.174569880099654, -8.152191043533945 ], [ 159.177693960146428, -8.149195987098057 ], [ 159.177970079806869, -8.146953020684307 ], [ 159.18317315966172, -8.150097054716957 ], [ 159.186269160169303, -8.147588956085583 ], [ 159.189761880062576, -8.149310023198899 ], [ 159.187364999713054, -8.152031927813313 ], [ 159.181439040159177, -8.151722070840931 ], [ 159.179969879647984, -8.152973079974808 ], [ 159.177116160162399, -8.156447054879147 ], [ 159.177917880502321, -8.162109905597751 ], [ 159.187750920450696, -8.171072981198565 ], [ 159.191520839779372, -8.17881593412439 ], [ 159.193787040407841, -8.179414938559587 ], [ 159.194873160180208, -8.17807902554161 ], [ 159.195376080195416, -8.170153074641163 ], [ 159.199130879979521, -8.172484997557619 ], [ 159.197289119848051, -8.17822494664517 ], [ 159.197564159733531, -8.185448939811801 ], [ 159.203105999671948, -8.190042039343792 ], [ 159.208544880102352, -8.190386073967819 ], [ 159.213146040207818, -8.192955012813709 ], [ 159.21433007993943, -8.19225999883489 ], [ 159.217763040306721, -8.196342943115516 ], [ 159.215189040030964, -8.202967105717478 ], [ 159.218997840241769, -8.199318049296993 ], [ 159.226305120343426, -8.197541968079291 ], [ 159.22805004029064, -8.192495886432171 ], [ 159.231096000145328, -8.191951064057063 ], [ 159.232843079642464, -8.193955039732446 ], [ 159.235295040193648, -8.19343605224258 ], [ 159.236822160006994, -8.196231057918366 ], [ 159.236224920480197, -8.198192967075245 ], [ 159.232544999766588, -8.200150946321612 ], [ 159.232701959701217, -8.206038900912679 ], [ 159.251162039650922, -8.20377897250888 ], [ 159.249849839972654, -8.202121921891244 ], [ 159.245448839783876, -8.202476991969986 ], [ 159.248477879870165, -8.198519000486277 ], [ 159.255234000425872, -8.196871013786527 ], [ 159.259265999645436, -8.198218978623027 ], [ 159.26265107980808, -8.19716497926605 ], [ 159.264231120273081, -8.198848062320526 ], [ 159.261866999685367, -8.200214014363759 ], [ 159.263774999789263, -8.201051007687777 ], [ 159.262487999651398, -8.202638937857687 ], [ 159.262914959922796, -8.20538399488132 ], [ 159.268868999914162, -8.208246972634088 ], [ 159.270257879785021, -8.206944115521907 ], [ 159.272273879843965, -8.2080440531553 ], [ 159.273612000409742, -8.206266941931069 ], [ 159.272951039786591, -8.204543983046399 ], [ 159.274530000476631, -8.20338506535494 ], [ 159.27704100010493, -8.206715896795036 ], [ 159.280152839707597, -8.20753897982485 ], [ 159.280687080383473, -8.210571011161626 ], [ 159.277629959859695, -8.212495971234727 ], [ 159.269871959945704, -8.211778009818035 ], [ 159.266439000476737, -8.2131380386529 ], [ 159.265094040138393, -8.210675944561443 ], [ 159.262846919726513, -8.210714069691129 ], [ 159.257192040284366, -8.206980103788945 ], [ 159.255857159941854, -8.208173928614707 ], [ 159.256667160053752, -8.210243027765967 ], [ 159.254672040435281, -8.216635004356228 ], [ 159.252194880343751, -8.220726963001788 ], [ 159.255272880409677, -8.225161992515101 ], [ 159.266864160524278, -8.226518055913573 ], [ 159.267584160224516, -8.224892988352726 ], [ 159.270212880477487, -8.224428910945962 ], [ 159.270419880166713, -8.220193935981682 ], [ 159.273228959670888, -8.222145037710964 ], [ 159.278639040113291, -8.221245023892298 ], [ 159.280583040202202, -8.220436042822064 ], [ 159.283576080303504, -8.215697031328876 ], [ 159.286118040368024, -8.218717954850938 ], [ 159.286920120034068, -8.222505968574321 ], [ 159.290228880228511, -8.216467007134897 ], [ 159.295581000470492, -8.215589962095132 ], [ 159.294546000227683, -8.221152919793562 ], [ 159.295515119824131, -8.222391952807886 ], [ 159.301592999763926, -8.223502002038433 ], [ 159.302975039862275, -8.229458909383142 ], [ 159.308745120154782, -8.22923907678708 ], [ 159.314901839837177, -8.238362036815285 ], [ 159.315062039995041, -8.241708963480399 ], [ 159.325216920258526, -8.247254988629281 ], [ 159.322083120440453, -8.244516989909418 ], [ 159.32369015977136, -8.245061919023332 ], [ 159.331361040170748, -8.253088980834992 ], [ 159.332243040252706, -8.256367914047493 ], [ 159.328641960179965, -8.258382964892288 ], [ 159.327452880001317, -8.263214093155653 ], [ 159.32934899988561, -8.269085968542221 ], [ 159.335938080510857, -8.26909202573648 ], [ 159.339418920184471, -8.262743113629936 ], [ 159.338813039763011, -8.259773115530011 ], [ 159.339399839967825, -8.260730934579053 ], [ 159.340194000086342, -8.259229988652089 ], [ 159.343106039996798, -8.259231947513634 ], [ 159.348101040387434, -8.262146906951141 ], [ 159.352673040280479, -8.262071913264361 ], [ 159.362317080082931, -8.267585053927208 ], [ 159.365364119712581, -8.276789066717624 ], [ 159.370680960418412, -8.272193054312565 ], [ 159.380492040151324, -8.274055014188999 ], [ 159.385923000135875, -8.279569056145029 ], [ 159.384947039868507, -8.283590004648079 ], [ 159.390812879671984, -8.28555397323367 ], [ 159.392139120018101, -8.288012929148474 ], [ 159.398218079732885, -8.288235934651766 ], [ 159.405751080414291, -8.2833171215297 ], [ 159.410306159640641, -8.282749979452831 ], [ 159.411039120233767, -8.284287885962868 ], [ 159.415466040411815, -8.284816907013973 ], [ 159.418257120372601, -8.286963087842004 ], [ 159.419035080273289, -8.293401914368816 ], [ 159.425530920263583, -8.293730006785392 ], [ 159.426802080408095, -8.298338947953342 ], [ 159.436686960334868, -8.297620073580539 ], [ 159.442044120125558, -8.299756031505908 ], [ 159.444089999947465, -8.303314035643375 ], [ 159.44591087963849, -8.299945902214313 ], [ 159.449942160205808, -8.298629097725104 ], [ 159.453235080406841, -8.30257593481485 ], [ 159.449996880183051, -8.305780004827596 ], [ 159.44933195978615, -8.308009070585753 ], [ 159.450668999678641, -8.310061972560396 ], [ 159.460705080440761, -8.311283983705362 ], [ 159.467425919663668, -8.314476049437568 ], [ 159.469076880323769, -8.320773900615819 ], [ 159.471177119898471, -8.321490951506512 ], [ 159.471653040149505, -8.319510954367988 ], [ 159.47720100030989, -8.32818888388088 ], [ 159.480420120317063, -8.329949951156841 ], [ 159.483488040387158, -8.329417963172553 ], [ 159.484469040203294, -8.322159912508063 ], [ 159.487692119984246, -8.322953011058523 ], [ 159.486904080087754, -8.329886013003302 ], [ 159.48888803993546, -8.330382024384116 ], [ 159.492063959960603, -8.327955927183655 ], [ 159.494757119962202, -8.328950981052586 ], [ 159.49582883974054, -8.336925928151205 ], [ 159.500487960046485, -8.339312967152996 ], [ 159.504854040025265, -8.347821091326701 ], [ 159.50925792021286, -8.346964997839715 ], [ 159.511079160128332, -8.348088943012147 ], [ 159.513652079730804, -8.34673703843881 ], [ 159.516690840486774, -8.349551081645878 ], [ 159.522009120293689, -8.350858987985532 ], [ 159.525308159818422, -8.353391084938355 ], [ 159.527017079780649, -8.353081029182514 ], [ 159.527356919639146, -8.350021066348797 ], [ 159.530376960402918, -8.348854028406119 ], [ 159.532328880039387, -8.350226049941444 ], [ 159.533376119827921, -8.353533912853724 ], [ 159.531642000325377, -8.355433953798588 ], [ 159.529587839833169, -8.354807969297273 ], [ 159.52824791994189, -8.357779918960283 ], [ 159.523161119814063, -8.361296079066781 ], [ 159.525440999987694, -8.365021102096183 ], [ 159.5360790004992, -8.361140965387611 ], [ 159.538683960312937, -8.360991906507168 ], [ 159.540858000081471, -8.36266698897831 ], [ 159.541292879900425, -8.361092882576704 ], [ 159.543269999975564, -8.360834122231418 ], [ 159.564014999647583, -8.38171497020137 ], [ 159.56868600017313, -8.380476083189748 ], [ 159.577773120432056, -8.372946874158645 ], [ 159.583457160086681, -8.370090971469983 ], [ 159.598485000117932, -8.368169098278313 ], [ 159.605070840519943, -8.369609079852578 ], [ 159.609810960118409, -8.367443051156352 ], [ 159.613877159997458, -8.369125940542068 ], [ 159.616604160434122, -8.36821593400734 ], [ 159.621686999889874, -8.369487983533569 ], [ 159.631205040193947, -8.374759025984345 ], [ 159.636828960098171, -8.374963997291603 ], [ 159.645862079930396, -8.383163982763421 ], [ 159.651019079804456, -8.384330918372388 ], [ 159.657624000423141, -8.380551053915189 ], [ 159.65352000033522, -8.368423045141485 ], [ 159.657735960151911, -8.365590973730296 ], [ 159.660222120464283, -8.357335053567168 ] ] ], [ [ [ 158.52136391965351, -7.646446994672423 ], [ 158.513001119991316, -7.637516939185415 ], [ 158.512974839777684, -7.634063931479946 ], [ 158.51010599984923, -7.631816027279491 ], [ 158.511805920488968, -7.628873039570571 ], [ 158.509208159773891, -7.629046093691816 ], [ 158.500736999932286, -7.624155937913772 ], [ 158.495157000458903, -7.619407027527681 ], [ 158.492905920273301, -7.614048963220208 ], [ 158.489739000468973, -7.615437014474712 ], [ 158.486955840055685, -7.614027018446141 ], [ 158.486902920302327, -7.612220940994528 ], [ 158.488980119886605, -7.61162307556184 ], [ 158.488481880094071, -7.610200043606117 ], [ 158.484157920322332, -7.606325040526229 ], [ 158.478440040232641, -7.605791932184862 ], [ 158.476839120225492, -7.602390945586001 ], [ 158.475004920315428, -7.601854978422829 ], [ 158.475279960200908, -7.59989094791348 ], [ 158.477070960128941, -7.599781041995215 ], [ 158.475656879819383, -7.597191997767673 ], [ 158.46742692032646, -7.589310045568652 ], [ 158.460153839985992, -7.587906030860249 ], [ 158.456837160244049, -7.584469038646002 ], [ 158.455400039944095, -7.585238051390968 ], [ 158.455748880023435, -7.586969126310193 ], [ 158.449874039999088, -7.586387997739799 ], [ 158.452291080340245, -7.582261020757937 ], [ 158.44811796028111, -7.583963024710793 ], [ 158.441117039827333, -7.583230943988704 ], [ 158.439332879671866, -7.585289080667413 ], [ 158.43867084017208, -7.587671046607735 ], [ 158.439813119921041, -7.588225052712277 ], [ 158.438435040494824, -7.588276081629713 ], [ 158.439995999844911, -7.589016003828537 ], [ 158.440724999765962, -7.587636075660703 ], [ 158.443044120147874, -7.590365061130698 ], [ 158.440848120163849, -7.589833003847542 ], [ 158.438382119843141, -7.592047048764787 ], [ 158.443040160374068, -7.59515104679055 ], [ 158.445243000130631, -7.594868963464601 ], [ 158.444001000198597, -7.59726193897981 ], [ 158.439592080462234, -7.594514976227531 ], [ 158.432788079701908, -7.596131111203404 ], [ 158.425688879962763, -7.594806873718161 ], [ 158.410572839743679, -7.587228911979799 ], [ 158.407579080091807, -7.587439095462224 ], [ 158.407409160162558, -7.584785921694812 ], [ 158.409288000054033, -7.583701988421426 ], [ 158.406561000515694, -7.583784955886029 ], [ 158.406518880308653, -7.581650981758489 ], [ 158.409352080476509, -7.579834953912308 ], [ 158.411307959886756, -7.581295020471595 ], [ 158.410527840436117, -7.579050944175387 ], [ 158.412201119739422, -7.579037919104754 ], [ 158.412009960043605, -7.577129988895792 ], [ 158.415053039899504, -7.575618877597871 ], [ 158.410139039699686, -7.574042990676351 ], [ 158.410980000247861, -7.576352040802321 ], [ 158.409525960179536, -7.574570071347186 ], [ 158.407527959663952, -7.576691055885316 ], [ 158.40473003993057, -7.576805963246938 ], [ 158.405023080257706, -7.573664897777724 ], [ 158.402970000438785, -7.573121043878156 ], [ 158.403647879931953, -7.577923993975988 ], [ 158.402279880501538, -7.580499058657876 ], [ 158.397060959754981, -7.580239090496185 ], [ 158.393471040351358, -7.574524928167393 ], [ 158.38724807979824, -7.573321064051666 ], [ 158.386014000312059, -7.570186039567039 ], [ 158.381476919730744, -7.56938595330965 ], [ 158.381016840371444, -7.564221044626311 ], [ 158.365091160264882, -7.554013984789348 ], [ 158.360519160371837, -7.561456028127853 ], [ 158.363312039658183, -7.564201952296005 ], [ 158.358368159695374, -7.563481080172966 ], [ 158.35788216034689, -7.559799971694678 ], [ 158.356465920487409, -7.559127983918887 ], [ 158.353013879903472, -7.561174993640903 ], [ 158.34706488035917, -7.560709100094872 ], [ 158.345233919774017, -7.562139968414982 ], [ 158.351905080365128, -7.566524973187186 ], [ 158.349461040259854, -7.56855606786996 ], [ 158.350475880511027, -7.570288994524902 ], [ 158.353724880281192, -7.569640039758513 ], [ 158.362286039636189, -7.575330893028606 ], [ 158.360298120014733, -7.579398877716796 ], [ 158.356958040057918, -7.578660900907946 ], [ 158.357721960189025, -7.584062051199111 ], [ 158.364848159692315, -7.586187984612593 ], [ 158.364443880085219, -7.583792092659436 ], [ 158.366330999748669, -7.581027915977143 ], [ 158.366562839652147, -7.587173956935717 ], [ 158.370467040047799, -7.588442907514457 ], [ 158.372133839802984, -7.58655607387629 ], [ 158.371872839687057, -7.589300945897437 ], [ 158.369599079735451, -7.589722024194422 ], [ 158.369081040175729, -7.592808018409414 ], [ 158.368346999807613, -7.589197995545247 ], [ 158.367345839999871, -7.591524093214329 ], [ 158.365562040068824, -7.591496081753739 ], [ 158.365184039777034, -7.589604978965428 ], [ 158.360340959772287, -7.589035986906105 ], [ 158.358818880406005, -7.587400020124424 ], [ 158.356715040383676, -7.588197932000948 ], [ 158.339180880048474, -7.58511297540855 ], [ 158.339458080382258, -7.582142902324784 ], [ 158.349603960424929, -7.58522502561368 ], [ 158.351857919711023, -7.583316945708222 ], [ 158.343878159889385, -7.577321978415505 ], [ 158.340728159853427, -7.576858064696953 ], [ 158.339494080367217, -7.56945090265264 ], [ 158.336776080151424, -7.565965944107861 ], [ 158.337721079982543, -7.56308602700599 ], [ 158.33433492004491, -7.563698055738691 ], [ 158.336260919692194, -7.573841007780397 ], [ 158.332343039751379, -7.574430895846174 ], [ 158.330019960494013, -7.577234013332775 ], [ 158.322040920222918, -7.574441067002916 ], [ 158.317745039990314, -7.574428933683304 ], [ 158.311320839745576, -7.567376096248959 ], [ 158.307693839683679, -7.567001031705574 ], [ 158.303759039974494, -7.570394982816567 ], [ 158.300895960043647, -7.568799091618915 ], [ 158.297532119647599, -7.56952602236357 ], [ 158.299197840526119, -7.571751056934959 ], [ 158.304234960225472, -7.571440944390124 ], [ 158.309628120001179, -7.573728954573803 ], [ 158.313102840351121, -7.578266040211664 ], [ 158.31595008028853, -7.587365049155065 ], [ 158.319107999871989, -7.587812001500279 ], [ 158.321585880412357, -7.584971126853534 ], [ 158.324564160295239, -7.58511190426843 ], [ 158.323566960261275, -7.583627049589697 ], [ 158.326269120483659, -7.582532050520896 ], [ 158.327938079788794, -7.587423929276566 ], [ 158.329428119842134, -7.587135952708508 ], [ 158.327078039922299, -7.588410077998279 ], [ 158.32532196020432, -7.586434031526339 ], [ 158.322917879857783, -7.588395982082821 ], [ 158.335220160350076, -7.597960095612522 ], [ 158.340404880437177, -7.600049919259576 ], [ 158.342892840075024, -7.598686976452392 ], [ 158.339540879898607, -7.595442943843396 ], [ 158.34004992013584, -7.592684015778605 ], [ 158.345552880090423, -7.596487060048758 ], [ 158.349120119728013, -7.593944028679859 ], [ 158.348925000258447, -7.59770995111083 ], [ 158.34691403974827, -7.598982973537998 ], [ 158.347139039879124, -7.602410928929656 ], [ 158.353485119931833, -7.605139998577164 ], [ 158.3554640402308, -7.603144046751749 ], [ 158.361145920335446, -7.601578073994438 ], [ 158.363273159674378, -7.598703925917859 ], [ 158.367294000021445, -7.599692903198653 ], [ 158.364880920352419, -7.600947008255068 ], [ 158.361252120066695, -7.606265092838928 ], [ 158.357414880092279, -7.607436036357186 ], [ 158.360840999788678, -7.611433064455673 ], [ 158.361329880034305, -7.615784026352555 ], [ 158.353994879719579, -7.623211976545916 ], [ 158.352244920223654, -7.627158904129122 ], [ 158.353377840425651, -7.628489999837695 ], [ 158.35769784042364, -7.627536056629634 ], [ 158.360887079769498, -7.62236595955846 ], [ 158.365301039952897, -7.624251922033171 ], [ 158.366685960050006, -7.626389966604732 ], [ 158.370591959771218, -7.619969020986739 ], [ 158.368254839845974, -7.615065024552762 ], [ 158.370109920196484, -7.613164926901012 ], [ 158.370571080229041, -7.615263953884067 ], [ 158.372361000382142, -7.616045935585039 ], [ 158.37446592017946, -7.612994006623929 ], [ 158.374269000486009, -7.618823089692608 ], [ 158.378699159988969, -7.62449491475972 ], [ 158.376058919740785, -7.629135119046061 ], [ 158.379685919802711, -7.635147024183199 ], [ 158.383788840115642, -7.63692909995878 ], [ 158.385153960445535, -7.635424978535947 ], [ 158.393572920084353, -7.634802882756249 ], [ 158.3913589196587, -7.630578069268987 ], [ 158.395844160261618, -7.631270998639343 ], [ 158.400285839759732, -7.635905063560026 ], [ 158.400372960172632, -7.634565069995656 ], [ 158.402060999694385, -7.635778039774699 ], [ 158.405477040293277, -7.644352044614369 ], [ 158.408124120314056, -7.644666920970406 ], [ 158.410278000090983, -7.642302041748305 ], [ 158.409808920510869, -7.637024902821663 ], [ 158.40451296024554, -7.627063990808085 ], [ 158.399381159911854, -7.623332938152112 ], [ 158.395586040144508, -7.615695889990963 ], [ 158.393949839702856, -7.615321046516739 ], [ 158.393360160397521, -7.612319068173529 ], [ 158.379644159820089, -7.604796011085498 ], [ 158.380023960335706, -7.603650930533436 ], [ 158.384361959876998, -7.602896046603878 ], [ 158.392906919912491, -7.604860955011723 ], [ 158.39565984033834, -7.603354935811987 ], [ 158.395767119844493, -7.600699898658347 ], [ 158.400883080184798, -7.607660126733368 ], [ 158.404659119735499, -7.608193945283372 ], [ 158.406530040079417, -7.606411929388018 ], [ 158.408776079818011, -7.611661077593576 ], [ 158.414851079759018, -7.609426972872969 ], [ 158.418537840245193, -7.604417945580543 ], [ 158.422614839670587, -7.60523598701152 ], [ 158.421222000025978, -7.608851049433462 ], [ 158.41690307980295, -7.611684093563333 ], [ 158.417186040134283, -7.617091963855871 ], [ 158.419158119762358, -7.618467873063524 ], [ 158.423461920440815, -7.618137098635206 ], [ 158.42596608029649, -7.620273032938442 ], [ 158.430115079691916, -7.618377953661731 ], [ 158.429841120479722, -7.623319021756854 ], [ 158.439381839651475, -7.631862947897575 ], [ 158.445817920115843, -7.634838920820163 ], [ 158.447175119999912, -7.63364503754475 ], [ 158.444543879972571, -7.631715941833698 ], [ 158.44334508002251, -7.627883951249069 ], [ 158.448367080177377, -7.631335045830503 ], [ 158.454975959671515, -7.632416005289766 ], [ 158.45546915991531, -7.62831194973463 ], [ 158.453363879893544, -7.62639406970225 ], [ 158.453250840389785, -7.623884935674314 ], [ 158.457606840372733, -7.624393043108183 ], [ 158.459325119881925, -7.62320894356499 ], [ 158.460978959642432, -7.625611037901241 ], [ 158.462814959776352, -7.625204979977218 ], [ 158.461859879949429, -7.622398073009646 ], [ 158.463550079919429, -7.619459123742401 ], [ 158.462182080489015, -7.619455020577557 ], [ 158.46234588019621, -7.614369928266495 ], [ 158.467448879643626, -7.619035041098107 ], [ 158.469147000059479, -7.616604007783368 ], [ 158.467728959976142, -7.614116938772991 ], [ 158.469642000527131, -7.613232009888933 ], [ 158.469950879949323, -7.61479205271669 ], [ 158.474711160437721, -7.614422916909898 ], [ 158.471804880524871, -7.617926930381061 ], [ 158.4746820002253, -7.621423064343944 ], [ 158.4718109998486, -7.622238931699746 ], [ 158.474602079809415, -7.623781101044973 ], [ 158.47570295980023, -7.62657105047497 ], [ 158.467821119937781, -7.629792011396869 ], [ 158.466641039979976, -7.632155889746833 ], [ 158.464086119920836, -7.633271992636706 ], [ 158.459559839784163, -7.631262078224711 ], [ 158.464590840159815, -7.635941992396241 ], [ 158.464756079866476, -7.637934045758685 ], [ 158.476757040259656, -7.637022940052491 ], [ 158.480561160247817, -7.638330991923286 ], [ 158.482095840282568, -7.63697405813511 ], [ 158.483313000000379, -7.637650027305154 ], [ 158.482362959722195, -7.639237990934526 ], [ 158.484051000142273, -7.644253033134185 ], [ 158.494336920351202, -7.647497052283595 ], [ 158.495145120239272, -7.64690209126796 ], [ 158.492417040027703, -7.645142000811636 ], [ 158.496206040471321, -7.643341049338036 ], [ 158.495650920253297, -7.636151974229107 ], [ 158.498592839926687, -7.639052095224268 ], [ 158.498915040466301, -7.642973900335652 ], [ 158.501012039817766, -7.643042941329203 ], [ 158.500679039731807, -7.646878899766341 ], [ 158.499077039949668, -7.646772930621081 ], [ 158.500127880185858, -7.648432041048929 ], [ 158.510796119786477, -7.653035056382569 ], [ 158.513174999694371, -7.653141916574255 ], [ 158.510986920156199, -7.651288014407644 ], [ 158.509575000294916, -7.645665961032259 ], [ 158.51048400014102, -7.644179888518248 ], [ 158.514860879666145, -7.645295067839238 ], [ 158.515277040391169, -7.648230985389852 ], [ 158.517380159964688, -7.650060995409652 ], [ 158.520699000154906, -7.649714903450509 ], [ 158.52136391965351, -7.646446994672423 ] ] ], [ [ [ 158.423956920010141, -7.519997933907547 ], [ 158.423541839958375, -7.517900941072654 ], [ 158.420487959657805, -7.516943005169879 ], [ 158.418921959860683, -7.51241901659415 ], [ 158.416193160098544, -7.512516988362179 ], [ 158.411088000202881, -7.508615054129298 ], [ 158.411093039751648, -7.515318900448885 ], [ 158.408631000103014, -7.512864083216521 ], [ 158.405055120468944, -7.516118015789147 ], [ 158.403513959987748, -7.514493015924829 ], [ 158.404449960496351, -7.511832078435604 ], [ 158.401098000319905, -7.506286011272751 ], [ 158.402782080067908, -7.505154053864362 ], [ 158.397690959941826, -7.501316120335591 ], [ 158.395289040043565, -7.501174958477649 ], [ 158.395024080153888, -7.499895936906561 ], [ 158.390552880218877, -7.501751918526807 ], [ 158.390505000014258, -7.502965083093414 ], [ 158.38710912030524, -7.502823921777515 ], [ 158.387736960043839, -7.50506304009701 ], [ 158.38098011993759, -7.506269058134416 ], [ 158.376696840373484, -7.50952303984473 ], [ 158.372129160478664, -7.507490062506731 ], [ 158.373378000183266, -7.505331084143828 ], [ 158.366325960199902, -7.50397301786421 ], [ 158.365825920183539, -7.502069932513981 ], [ 158.36716188030104, -7.501408026941829 ], [ 158.361845040493506, -7.500810900815259 ], [ 158.364762119952701, -7.498526966835053 ], [ 158.364365040342619, -7.495755107397179 ], [ 158.36133492048134, -7.492413931797949 ], [ 158.35846104010588, -7.493066035853391 ], [ 158.357066040012967, -7.491114004430266 ], [ 158.356225080363089, -7.492700900845964 ], [ 158.358715919999725, -7.494150018857956 ], [ 158.357688840202798, -7.495217044658115 ], [ 158.3537281205044, -7.494126104484971 ], [ 158.347366920008852, -7.496513033681789 ], [ 158.350002119809972, -7.500498060662212 ], [ 158.349054960428901, -7.502307104785668 ], [ 158.35085783967827, -7.504871019892197 ], [ 158.350376160327983, -7.506451977172505 ], [ 158.355087119713971, -7.509806071645111 ], [ 158.361576840380621, -7.510341974344165 ], [ 158.366747160473722, -7.515303018086421 ], [ 158.362867079843397, -7.516971915333407 ], [ 158.359925879720578, -7.514411105407986 ], [ 158.35327092024562, -7.514377020472768 ], [ 158.34789000001561, -7.509632969029453 ], [ 158.344905960135151, -7.51081898658583 ], [ 158.341704120120795, -7.505706024395359 ], [ 158.338270079978571, -7.50491492068316 ], [ 158.331417120136905, -7.498967943537401 ], [ 158.3290850397604, -7.49926097503974 ], [ 158.328537120437687, -7.497981055718176 ], [ 158.330301840152089, -7.497804022408876 ], [ 158.330642040235034, -7.496027975250677 ], [ 158.336439839842285, -7.500192002529304 ], [ 158.340828959811461, -7.498803938151654 ], [ 158.327583839936295, -7.490084981310778 ], [ 158.322945960295243, -7.487867023454981 ], [ 158.321013840425991, -7.488838943220121 ], [ 158.316522120274897, -7.485200926281815 ], [ 158.314876920510756, -7.48642805752396 ], [ 158.315851079655999, -7.489241023959774 ], [ 158.319776160492154, -7.490827927286436 ], [ 158.314839839852453, -7.492577047559105 ], [ 158.306838840264248, -7.490282005495643 ], [ 158.302160999966105, -7.485424008548137 ], [ 158.306843160262446, -7.487875946871853 ], [ 158.309728919959213, -7.486437873046408 ], [ 158.30925696038031, -7.484267903756961 ], [ 158.301411120502905, -7.479657018690909 ], [ 158.292873000239979, -7.472249089280109 ], [ 158.289225840186447, -7.473317953571035 ], [ 158.28803316045844, -7.472109881415172 ], [ 158.28590411999744, -7.474363078161056 ], [ 158.284942919948435, -7.473455911205715 ], [ 158.27951591973769, -7.474987011150139 ], [ 158.278147920307248, -7.473020085251372 ], [ 158.282046000480904, -7.471103122744377 ], [ 158.282259120392126, -7.468323948929497 ], [ 158.278022999685561, -7.462287949496413 ], [ 158.274020159780093, -7.461977044930843 ], [ 158.274555840455378, -7.45991493260789 ], [ 158.277618000527923, -7.458789993932563 ], [ 158.275670039766879, -7.455081941924624 ], [ 158.27820911983261, -7.455205984412987 ], [ 158.277508919899589, -7.453334991787236 ], [ 158.271094080100085, -7.451342088656927 ], [ 158.271949080417841, -7.453960024848113 ], [ 158.274179999713539, -7.454550968229045 ], [ 158.273417879806289, -7.455714112263116 ], [ 158.274618119755701, -7.456786050768378 ], [ 158.272917839789898, -7.457388948491007 ], [ 158.265912960460668, -7.455305039770716 ], [ 158.265457919751782, -7.452900929809029 ], [ 158.262662160466675, -7.453124028780871 ], [ 158.258487959734282, -7.450682069683734 ], [ 158.256645119827823, -7.451712077184157 ], [ 158.250260880240177, -7.450974955586691 ], [ 158.253077880190176, -7.455053920640496 ], [ 158.251119119882816, -7.457990952341145 ], [ 158.252844960511709, -7.464562078554413 ], [ 158.249427840137855, -7.470107069727221 ], [ 158.252351039819047, -7.471432938777755 ], [ 158.250722040272734, -7.472971005211541 ], [ 158.254134839750094, -7.475389996923407 ], [ 158.25386807963659, -7.4776879721862 ], [ 158.262773040420512, -7.478571929565606 ], [ 158.264084879874304, -7.482703999164212 ], [ 158.261560920251441, -7.484921090654763 ], [ 158.26086287986837, -7.488157028581922 ], [ 158.262326999932526, -7.489990930422728 ], [ 158.268614040009766, -7.490472962635943 ], [ 158.26750884002081, -7.495111037733323 ], [ 158.278393080429765, -7.497928052599979 ], [ 158.283074880501687, -7.495028945106493 ], [ 158.288884919654663, -7.5029309972489 ], [ 158.292635040114476, -7.499307018218382 ], [ 158.295539880027889, -7.504571031631507 ], [ 158.304255120217078, -7.506688968616529 ], [ 158.310568080283588, -7.511160907280154 ], [ 158.317332839937364, -7.513619124832955 ], [ 158.32494288013757, -7.520856108236366 ], [ 158.335100999725967, -7.522203057538994 ], [ 158.342736959915356, -7.529617988328503 ], [ 158.349675960394904, -7.533282935723032 ], [ 158.352197040019007, -7.536759057788361 ], [ 158.360326920002734, -7.537603993770992 ], [ 158.360564880128209, -7.541875044907917 ], [ 158.365532160305861, -7.546692975195112 ], [ 158.367971159964071, -7.551607030037661 ], [ 158.371004880273034, -7.55264697077047 ], [ 158.375123999905469, -7.551908056549958 ], [ 158.386404959700116, -7.557706919373707 ], [ 158.386691160254685, -7.556162014299993 ], [ 158.388345000015249, -7.556887003471773 ], [ 158.394148919844554, -7.553532916919079 ], [ 158.392549080510662, -7.555084967877828 ], [ 158.392724039988622, -7.56073604327867 ], [ 158.402972880437602, -7.563956070901098 ], [ 158.411684159954689, -7.562593905122581 ], [ 158.412184920419946, -7.561876955615899 ], [ 158.411264040354183, -7.561542926168876 ], [ 158.41226303971365, -7.557482981031538 ], [ 158.416417080454465, -7.554157984306689 ], [ 158.413822920187101, -7.551253899633167 ], [ 158.415910920216049, -7.547535929239913 ], [ 158.408451000177934, -7.544093976534536 ], [ 158.405205960181576, -7.54113307936969 ], [ 158.403616920394057, -7.537267982988078 ], [ 158.410785959654902, -7.541049032346179 ], [ 158.414060880312604, -7.539771019997483 ], [ 158.406396120135184, -7.536115941707494 ], [ 158.406181920448972, -7.532565937875265 ], [ 158.413062959829773, -7.536070973747053 ], [ 158.412371039668699, -7.534055965540061 ], [ 158.41349495964991, -7.533260987677878 ], [ 158.415369120217093, -7.534888950815631 ], [ 158.418159839953432, -7.534472101590378 ], [ 158.415905879768985, -7.531788980646709 ], [ 158.416998840212244, -7.529392073782625 ], [ 158.418522000251812, -7.529188999359527 ], [ 158.418891000322759, -7.525971925181412 ], [ 158.420116080486395, -7.526983018821613 ], [ 158.420423880133654, -7.526052941494428 ], [ 158.41622916008356, -7.521963040967877 ], [ 158.422955039753532, -7.521229071608613 ], [ 158.423956920010141, -7.519997933907547 ] ] ], [ [ [ 159.636017159762446, -8.391332989747104 ], [ 159.631476120305649, -8.388337968392493 ], [ 159.619465079916665, -8.38535307438125 ], [ 159.592425119721469, -8.375287034805654 ], [ 159.579839160245598, -8.380819061726596 ], [ 159.572682000306003, -8.382447935875511 ], [ 159.569116920218306, -8.38544994690065 ], [ 159.552300960257838, -8.38328507477063 ], [ 159.552053999911521, -8.385767990135289 ], [ 159.554571119761789, -8.388989007840548 ], [ 159.551406000181316, -8.391141917024481 ], [ 159.549567840497502, -8.394935033664515 ], [ 159.545304000476136, -8.39684092592571 ], [ 159.542881919687972, -8.399815047885292 ], [ 159.53994612023655, -8.398748946663423 ], [ 159.536867040395691, -8.399732957700174 ], [ 159.536129040253797, -8.404875026513867 ], [ 159.532917120243638, -8.406961072921167 ], [ 159.529668840024016, -8.405974053386126 ], [ 159.528711959973265, -8.410559944590894 ], [ 159.52503492015677, -8.412424984577726 ], [ 159.523265159995304, -8.415381892356208 ], [ 159.52121603995019, -8.420718906532153 ], [ 159.521905080112418, -8.427070949591204 ], [ 159.517734840052128, -8.433520995077114 ], [ 159.52181111992698, -8.439431973547597 ], [ 159.522573960283097, -8.444275104480386 ], [ 159.636017159762446, -8.391332989747104 ] ] ], [ [ [ 158.28293987988414, -7.424460933167859 ], [ 158.281329959656119, -7.417260016202841 ], [ 158.276768039758878, -7.416159064777275 ], [ 158.274538919788682, -7.413440053584979 ], [ 158.272848000268112, -7.417441901394938 ], [ 158.270411879710394, -7.417995052930035 ], [ 158.269771079977204, -7.420070927405262 ], [ 158.271671880084085, -7.424169099983159 ], [ 158.270871959967963, -7.425487968638362 ], [ 158.267123999956453, -7.423892974787345 ], [ 158.263409880379953, -7.428137115825377 ], [ 158.257809000466096, -7.429850968211468 ], [ 158.256383039936935, -7.4312769119499 ], [ 158.256595080073225, -7.434483974772021 ], [ 158.254444080295087, -7.434400978429637 ], [ 158.254557119798875, -7.438613962659065 ], [ 158.253463080478951, -7.436987959442845 ], [ 158.250824999780718, -7.438368902424383 ], [ 158.25442788007723, -7.441671044793698 ], [ 158.255153999999521, -7.444493045270743 ], [ 158.252640120372462, -7.441749042705412 ], [ 158.248823040389652, -7.44370093793155 ], [ 158.248278000167431, -7.44184703054341 ], [ 158.244177959853317, -7.441566989273931 ], [ 158.241011040049017, -7.438694994514205 ], [ 158.23968408015233, -7.440601032500898 ], [ 158.238353880032435, -7.438837961171311 ], [ 158.231962080223354, -7.439227058277499 ], [ 158.233029119779076, -7.437209996005586 ], [ 158.231517120408625, -7.435958987518507 ], [ 158.233169880394229, -7.434477906134089 ], [ 158.229528839664397, -7.433345049191823 ], [ 158.226761880367292, -7.430064976011327 ], [ 158.2400840397612, -7.433823037911345 ], [ 158.244139079869512, -7.436493018332522 ], [ 158.248367999680823, -7.435822981607456 ], [ 158.244616079895479, -7.433791980926992 ], [ 158.251994999742749, -7.434173943302325 ], [ 158.251196879850482, -7.431508054457983 ], [ 158.253244920120608, -7.430901015710015 ], [ 158.252900039815074, -7.428353980393638 ], [ 158.255609039810054, -7.42856299174239 ], [ 158.25553596006506, -7.426870017993669 ], [ 158.262607080265042, -7.424282977510398 ], [ 158.263485840123735, -7.418883057151114 ], [ 158.265938880449852, -7.417663054848047 ], [ 158.265798119834727, -7.414732000704893 ], [ 158.26782888011212, -7.414003027381584 ], [ 158.267159999941413, -7.411699006355343 ], [ 158.269057920049562, -7.411616005656082 ], [ 158.270029919644827, -7.409195056031356 ], [ 158.268062880463845, -7.410531996829255 ], [ 158.261369040106757, -7.40862600700938 ], [ 158.260331159865189, -7.405863930993392 ], [ 158.261524920266453, -7.405459988269704 ], [ 158.259791160089975, -7.403357984135654 ], [ 158.259716999671724, -7.406811934662526 ], [ 158.257612079874377, -7.406673955795291 ], [ 158.255729999759666, -7.401199028073006 ], [ 158.254651079984342, -7.402715920950532 ], [ 158.254266960368852, -7.400790083510442 ], [ 158.251685039647214, -7.40119795737132 ], [ 158.254282079913395, -7.402721097784036 ], [ 158.252815079850421, -7.403910082894148 ], [ 158.251080960347906, -7.40256812335995 ], [ 158.247384840314737, -7.402753049238363 ], [ 158.246902080291164, -7.401539963025612 ], [ 158.245586999715812, -7.403543088127775 ], [ 158.239653119716053, -7.399570031344369 ], [ 158.242322880401133, -7.406854060040476 ], [ 158.239653119716053, -7.406700016381207 ], [ 158.235207839770283, -7.400707080729863 ], [ 158.229807119773113, -7.401916955370414 ], [ 158.229188999805899, -7.405682040957157 ], [ 158.2261999203767, -7.404568922997764 ], [ 158.224214160305138, -7.405504077608911 ], [ 158.226374160304147, -7.413453083675406 ], [ 158.228934119912026, -7.416123009195655 ], [ 158.224538160170255, -7.414552078167837 ], [ 158.224388040008193, -7.415442052315432 ], [ 158.233241159915394, -7.425862084271285 ], [ 158.228474039654429, -7.421713057404102 ], [ 158.226197040377883, -7.422229969982278 ], [ 158.22280908021645, -7.418163907865655 ], [ 158.224457159979409, -7.422664954005337 ], [ 158.221238039972235, -7.421776957518515 ], [ 158.219838000330583, -7.418815051523999 ], [ 158.219115840182099, -7.420925014401287 ], [ 158.21751384039996, -7.421041034085219 ], [ 158.219961119830174, -7.422252103022652 ], [ 158.221478159647688, -7.425164007899603 ], [ 158.21525195976966, -7.423361962853089 ], [ 158.216182919831226, -7.426065920265313 ], [ 158.212127879722914, -7.427567913180956 ], [ 158.212171079704945, -7.425142053448189 ], [ 158.207463000317688, -7.420208009807079 ], [ 158.208063119843246, -7.419344105251753 ], [ 158.212487160022476, -7.421808015363131 ], [ 158.210841960258307, -7.419579001413895 ], [ 158.194374119928341, -7.409979907371785 ], [ 158.191689960147585, -7.411469103319712 ], [ 158.19022115986084, -7.415296936613951 ], [ 158.202698040505027, -7.426362035629731 ], [ 158.203155960314348, -7.428418058865961 ], [ 158.200579080039773, -7.429477034457444 ], [ 158.20037387967605, -7.435653062031625 ], [ 158.198793119660508, -7.436715947327317 ], [ 158.185739879929997, -7.434945006293066 ], [ 158.193713879754085, -7.441376011387712 ], [ 158.205121919720398, -7.439786965227548 ], [ 158.211726840339054, -7.447494936289025 ], [ 158.214732119986081, -7.449081098362775 ], [ 158.217585119921125, -7.448531019820912 ], [ 158.22138096013731, -7.451019039403056 ], [ 158.224340159803546, -7.458711106961328 ], [ 158.227741079959571, -7.460368084494424 ], [ 158.22930995975554, -7.466113911687036 ], [ 158.227962120316732, -7.469447078535918 ], [ 158.234051160027292, -7.470227895408761 ], [ 158.235782040204953, -7.473942065596658 ], [ 158.242200839778178, -7.475399991117141 ], [ 158.243356080420085, -7.478715953535052 ], [ 158.24186099991968, -7.480409975847858 ], [ 158.244424920199663, -7.481129023429636 ], [ 158.245763039867114, -7.479557968923984 ], [ 158.243702040500636, -7.475109976502096 ], [ 158.249725920013759, -7.474269916836326 ], [ 158.243353919971838, -7.471644963365528 ], [ 158.248325880372079, -7.469940912281258 ], [ 158.245368119806955, -7.463423051955014 ], [ 158.246246879665648, -7.462139100767164 ], [ 158.242839119736999, -7.458154080234285 ], [ 158.249387880379061, -7.459236008150363 ], [ 158.250165840279749, -7.4561810110726 ], [ 158.249909160162019, -7.453470992195076 ], [ 158.24570616033995, -7.451460063818622 ], [ 158.245580159943245, -7.4491130464033 ], [ 158.248041840265756, -7.445803999274204 ], [ 158.251691880318134, -7.44568298832936 ], [ 158.253995159808227, -7.448438924404455 ], [ 158.256628920508291, -7.446459027810771 ], [ 158.26263912047628, -7.450284950832392 ], [ 158.262607080265042, -7.448212967223661 ], [ 158.264479080383921, -7.448051976751241 ], [ 158.263495920119539, -7.44672496623538 ], [ 158.264376840426479, -7.445233925885931 ], [ 158.270052960533548, -7.445453102410113 ], [ 158.268300839691051, -7.444161959641168 ], [ 158.269610879819311, -7.441953941829002 ], [ 158.274741959704158, -7.44389798329812 ], [ 158.275150920432196, -7.441210913497182 ], [ 158.279171040330453, -7.440775055014696 ], [ 158.277637079846215, -7.433725048258256 ], [ 158.281668000189114, -7.431956950901254 ], [ 158.28293987988414, -7.424460933167859 ] ] ], [ [ [ 158.565407039731241, -7.678284931902765 ], [ 158.564381039709247, -7.673982059168827 ], [ 158.561720999693875, -7.672237065067314 ], [ 158.55903503968932, -7.66648399259952 ], [ 158.554663920161801, -7.663564077449665 ], [ 158.553487080427203, -7.655152976837269 ], [ 158.55031116040206, -7.654753905493572 ], [ 158.553171000109643, -7.653887078260012 ], [ 158.551697160274131, -7.649099964434234 ], [ 158.546100959684622, -7.645525025421509 ], [ 158.544260999776981, -7.646177968582617 ], [ 158.545053000345547, -7.648934054217596 ], [ 158.547534120210798, -7.649770027816624 ], [ 158.548148999954805, -7.654075108457972 ], [ 158.545919879984609, -7.652409062102294 ], [ 158.54330303995124, -7.652548925335929 ], [ 158.541924960525023, -7.650790106905709 ], [ 158.54010803970948, -7.652535010800966 ], [ 158.533909920268911, -7.647357901658846 ], [ 158.528336040119285, -7.656171080199614 ], [ 158.52655187996379, -7.656990093194617 ], [ 158.528057040460027, -7.659030927266788 ], [ 158.536245960419166, -7.654693964683521 ], [ 158.543758079761801, -7.660430962233388 ], [ 158.539750919858193, -7.658871978128368 ], [ 158.538661920087037, -7.660802020429858 ], [ 158.537528999884955, -7.657763077686566 ], [ 158.534256960124424, -7.657075008950863 ], [ 158.531173920509758, -7.660760990114506 ], [ 158.530620959841684, -7.664900946942989 ], [ 158.527814039887431, -7.663374981448708 ], [ 158.524211160489244, -7.665199931168238 ], [ 158.522680080003823, -7.664362025592082 ], [ 158.522146920001205, -7.659890072488917 ], [ 158.518620000346772, -7.658135922564819 ], [ 158.518572839692695, -7.661292958959858 ], [ 158.516906039937538, -7.662351900177026 ], [ 158.518756079840983, -7.663000000227179 ], [ 158.520578040205294, -7.668727075800224 ], [ 158.505581880160832, -7.667540065517149 ], [ 158.509851119955357, -7.668334973452368 ], [ 158.511917880217794, -7.671691016945207 ], [ 158.522078160254409, -7.676897085930827 ], [ 158.522049000042017, -7.671029015484166 ], [ 158.524113960080541, -7.670385922178932 ], [ 158.526187920339936, -7.673535910505444 ], [ 158.531294880459399, -7.675935045403806 ], [ 158.535410040318055, -7.683825033141561 ], [ 158.539300920494668, -7.685368049489721 ], [ 158.540636879713844, -7.687706111509744 ], [ 158.548923000081714, -7.68933402369239 ], [ 158.553347040260945, -7.692002066885571 ], [ 158.555032920232748, -7.691190078838562 ], [ 158.552017919916011, -7.680623032532025 ], [ 158.554851840532734, -7.679811022435362 ], [ 158.556807000392411, -7.680933957485853 ], [ 158.557352039716335, -7.683518926201795 ], [ 158.559380999769871, -7.683087058766777 ], [ 158.559873120238706, -7.684907107816993 ], [ 158.560493040429748, -7.681846038950971 ], [ 158.559085080342214, -7.678652942638911 ], [ 158.564543040090939, -7.67966902737279 ], [ 158.565407039731241, -7.678284931902765 ] ] ], [ [ [ 158.238113039908143, -7.393663929462328 ], [ 158.234149079986508, -7.391187902604725 ], [ 158.233093919752093, -7.393683029352519 ], [ 158.226489000031762, -7.393133059968654 ], [ 158.218259039640515, -7.395453957421049 ], [ 158.212549079996705, -7.394628024946162 ], [ 158.219306999877944, -7.391803028139503 ], [ 158.222772000456445, -7.392246967081071 ], [ 158.220597959789586, -7.390308053472612 ], [ 158.221685879785809, -7.388690976125218 ], [ 158.223777120037965, -7.390119909227748 ], [ 158.224343039802335, -7.389227920297958 ], [ 158.222948039709422, -7.387021055435414 ], [ 158.219231040134162, -7.389496034329485 ], [ 158.214043079823824, -7.387974990047937 ], [ 158.21203788020955, -7.384878977224446 ], [ 158.207577840045332, -7.384417001230247 ], [ 158.201763119771385, -7.388504080370975 ], [ 158.201511119876301, -7.391509031590705 ], [ 158.198099039949454, -7.392540963132163 ], [ 158.200334999692245, -7.387237047327661 ], [ 158.194433880352591, -7.38265995164003 ], [ 158.190639119911367, -7.383433961290235 ], [ 158.18574492037709, -7.389944974150675 ], [ 158.18728392041001, -7.392132903608326 ], [ 158.185712159716985, -7.392379952914147 ], [ 158.186534040048514, -7.394186051414683 ], [ 158.18935787977108, -7.396207952321237 ], [ 158.191970040480129, -7.395518039846394 ], [ 158.196413159977652, -7.397321983917086 ], [ 158.19449795987677, -7.401219019884137 ], [ 158.19610788010479, -7.402311083952409 ], [ 158.19497207990392, -7.400750992100103 ], [ 158.197498920423925, -7.398512946736887 ], [ 158.197068000378749, -7.401259004400451 ], [ 158.199774839925453, -7.40320804447288 ], [ 158.199968160069574, -7.404643892152774 ], [ 158.198205960129542, -7.403342989902653 ], [ 158.198110920169114, -7.40455392880653 ], [ 158.193848159922737, -7.405445887248553 ], [ 158.193574920261085, -7.406701980206184 ], [ 158.198608080186688, -7.408904997959374 ], [ 158.200819920164093, -7.408185118373562 ], [ 158.202285120003211, -7.41127793373813 ], [ 158.206802039694566, -7.410507007151724 ], [ 158.210583119692359, -7.414337884275276 ], [ 158.212126080397383, -7.413369011742605 ], [ 158.214696840449932, -7.416132112537599 ], [ 158.216192999827001, -7.41340203398307 ], [ 158.219028000218685, -7.41512308321948 ], [ 158.218423920021053, -7.410281031103396 ], [ 158.221010159842535, -7.40866706152832 ], [ 158.219714879932695, -7.407128946929856 ], [ 158.222221919787188, -7.402489047709661 ], [ 158.225658120377659, -7.401878934761274 ], [ 158.227766999948813, -7.398655034365089 ], [ 158.230050839896222, -7.399208923598802 ], [ 158.230474920168803, -7.397770023417976 ], [ 158.232249000328466, -7.397743962297408 ], [ 158.232624840171951, -7.395455921296711 ], [ 158.238113039908143, -7.393663929462328 ] ] ], [ [ [ 158.756816880435309, -7.584618024128237 ], [ 158.752891080048641, -7.579398877716796 ], [ 158.753737080145555, -7.577434923457544 ], [ 158.751527040391977, -7.575487018627406 ], [ 158.749424999695151, -7.576378092004086 ], [ 158.749584840526921, -7.575018106524442 ], [ 158.747883840112223, -7.574883035662728 ], [ 158.749094880506334, -7.573826020384469 ], [ 158.747264999696171, -7.572663013882659 ], [ 158.747285159687749, -7.571582974943628 ], [ 158.751901080011663, -7.573046995076094 ], [ 158.755924079908738, -7.570629976620949 ], [ 158.752735920337813, -7.572097033379549 ], [ 158.751368999784034, -7.570982912585706 ], [ 158.750420040179165, -7.566913956396681 ], [ 158.749125840044258, -7.564952978792397 ], [ 158.748537960064454, -7.565986998560898 ], [ 158.747681160421223, -7.565068068602811 ], [ 158.748460919647385, -7.563923060214952 ], [ 158.746247999895019, -7.563585998965284 ], [ 158.745458880223566, -7.561083991795567 ], [ 158.743509120137048, -7.560506932487798 ], [ 158.743074959868665, -7.556220006809825 ], [ 158.742039960524181, -7.557629120899424 ], [ 158.737880880234627, -7.553595012691436 ], [ 158.738450040222233, -7.552479952463237 ], [ 158.732344079844978, -7.551746034608795 ], [ 158.723223120049312, -7.543102016636047 ], [ 158.718853080296753, -7.546792010351561 ], [ 158.717604960142722, -7.545674969153529 ], [ 158.719547880456645, -7.545712977081988 ], [ 158.718314879847128, -7.545413909392661 ], [ 158.718309119849522, -7.541873081698682 ], [ 158.714808120184301, -7.543555973606171 ], [ 158.714213040207483, -7.546250977292403 ], [ 158.719079160202654, -7.554601937168669 ], [ 158.718491999773363, -7.558043093347917 ], [ 158.722626960297561, -7.56581498899157 ], [ 158.725448999796299, -7.567542038429536 ], [ 158.726186999938164, -7.572916919995406 ], [ 158.729793120457941, -7.57416503658496 ], [ 158.731270920067232, -7.57232203341601 ], [ 158.734171079758028, -7.576138997791308 ], [ 158.738398919794349, -7.578574007258875 ], [ 158.74184484015629, -7.578350972675262 ], [ 158.739521040450086, -7.57645695731759 ], [ 158.740134119970207, -7.574974034557933 ], [ 158.748155999998914, -7.57871799846946 ], [ 158.749715880472365, -7.577829070521398 ], [ 158.75371404015516, -7.583903073862606 ], [ 158.755862880383347, -7.585881094222911 ], [ 158.756816880435309, -7.584618024128237 ] ] ], [ [ [ 158.486639040187612, -7.682240982000808 ], [ 158.484040920146469, -7.677140048273245 ], [ 158.484594959691208, -7.673543045761981 ], [ 158.474150999772633, -7.674282999524146 ], [ 158.483981159722191, -7.670826008017774 ], [ 158.479277040108741, -7.665861941816935 ], [ 158.471844119834827, -7.660343014441018 ], [ 158.45720507964171, -7.652919990485118 ], [ 158.460963119649051, -7.656573005492353 ], [ 158.457165840331783, -7.656361963775439 ], [ 158.453478000070618, -7.654112036597836 ], [ 158.452257960354018, -7.658600104700685 ], [ 158.453240039945115, -7.661725027158155 ], [ 158.452174080164355, -7.662234874176686 ], [ 158.453922959885318, -7.666452059951697 ], [ 158.45204699999266, -7.666741053373189 ], [ 158.452521120019838, -7.669107046284156 ], [ 158.454853919946913, -7.670688113476941 ], [ 158.454042840060026, -7.671547949110102 ], [ 158.456127960090186, -7.67200301854168 ], [ 158.453676000437298, -7.671989996337006 ], [ 158.453339039679292, -7.670182022711439 ], [ 158.452080119978888, -7.671606103246144 ], [ 158.451582959961314, -7.670414999328425 ], [ 158.451852960298055, -7.672822000681307 ], [ 158.458200120125724, -7.672447027893363 ], [ 158.462177040041951, -7.678730004613951 ], [ 158.463902160222005, -7.67913601090532 ], [ 158.463414000425246, -7.677536066660414 ], [ 158.465256119882838, -7.677267059569703 ], [ 158.466548160467767, -7.67876693058675 ], [ 158.472537840219729, -7.679905031295322 ], [ 158.479233840126739, -7.68452697241438 ], [ 158.484516840397475, -7.685081031441953 ], [ 158.486639040187612, -7.682240982000808 ] ] ], [ [ [ 158.153793839980864, -7.367593992468564 ], [ 158.150504880451933, -7.365638011648352 ], [ 158.146796880199162, -7.365465923996801 ], [ 158.143692960144051, -7.368326970498295 ], [ 158.142166920105694, -7.373201971381282 ], [ 158.130650880184334, -7.371599112143826 ], [ 158.135121000344384, -7.376255045483713 ], [ 158.12653499987681, -7.371968096874818 ], [ 158.1252390004164, -7.373477950257701 ], [ 158.12457515979446, -7.377813973965398 ], [ 158.131711079967488, -7.385636916459728 ], [ 158.130821879888543, -7.389812880746282 ], [ 158.135020919936863, -7.392773910775238 ], [ 158.132414159899355, -7.394070024567506 ], [ 158.131733040182922, -7.396144940711454 ], [ 158.128205039855175, -7.392582019167922 ], [ 158.126189039796259, -7.394397042174657 ], [ 158.135893919798008, -7.405363063804479 ], [ 158.138363879892466, -7.405434999197495 ], [ 158.138207999732771, -7.403369050688078 ], [ 158.141253960485784, -7.401591014110102 ], [ 158.141810160478826, -7.399055055684873 ], [ 158.147237880240141, -7.39660208517361 ], [ 158.143997160241952, -7.392103985989793 ], [ 158.147294040216735, -7.387365036128784 ], [ 158.142934080460037, -7.382370947545806 ], [ 158.146543080080249, -7.379147975442824 ], [ 158.143492079778554, -7.373957966913454 ], [ 158.150315880306039, -7.370849003593986 ], [ 158.153793839980864, -7.367593992468564 ] ] ], [ [ [ 158.703386040448379, -7.535171965852517 ], [ 158.698566000434056, -7.526229071149875 ], [ 158.698205999685626, -7.520158004573362 ], [ 158.695601039871917, -7.513948016237804 ], [ 158.690247120304434, -7.509259995567888 ], [ 158.688122040515481, -7.510747961661019 ], [ 158.688462960148968, -7.512283033909049 ], [ 158.689428119971666, -7.511365060678387 ], [ 158.691727080361972, -7.512950991137568 ], [ 158.691314159860156, -7.515934922470505 ], [ 158.687989919896722, -7.515256977520579 ], [ 158.689348920004676, -7.512937071132839 ], [ 158.686872839688135, -7.512058002242849 ], [ 158.686940879884361, -7.509167912237157 ], [ 158.685320879660566, -7.509536959063722 ], [ 158.68523412037041, -7.51132294459543 ], [ 158.68348596019996, -7.510674972475621 ], [ 158.682174119847843, -7.511115936698872 ], [ 158.683309920048714, -7.511784966172843 ], [ 158.684163120142642, -7.511249956404376 ], [ 158.68615103976407, -7.511537984190344 ], [ 158.686292880154184, -7.511057938968261 ], [ 158.685413040520501, -7.514764979850209 ], [ 158.683518000411198, -7.514445011936949 ], [ 158.68226592048336, -7.512011068409447 ], [ 158.678728919934798, -7.513686045097834 ], [ 158.676531840175869, -7.512634947660795 ], [ 158.67218016019109, -7.513534001982664 ], [ 158.674187160029192, -7.511223902125563 ], [ 158.671829880112369, -7.513282916819267 ], [ 158.672202839957038, -7.515102971630461 ], [ 158.676199919864899, -7.513461906187494 ], [ 158.677320959847293, -7.514357033897479 ], [ 158.678048879993383, -7.516778114641603 ], [ 158.676383880462026, -7.518286041933407 ], [ 158.680031040515559, -7.517673949035241 ], [ 158.677710840358714, -7.519921020573643 ], [ 158.680410119683955, -7.524570917512746 ], [ 158.684328000523095, -7.525191922299276 ], [ 158.684995080469946, -7.529695078317449 ], [ 158.686823160157957, -7.530050903394405 ], [ 158.687465039666165, -7.532618044731153 ], [ 158.689050840128772, -7.531552895067978 ], [ 158.690026079947302, -7.533885906343618 ], [ 158.695022879663469, -7.537749069186371 ], [ 158.694644880270005, -7.53903190599371 ], [ 158.699490840273597, -7.54093893283601 ], [ 158.703386040448379, -7.535171965852517 ] ] ], [ [ [ 158.586197040507443, -7.719359019524878 ], [ 158.583796919934684, -7.71041604799884 ], [ 158.581712879679515, -7.709507060258243 ], [ 158.573555999931614, -7.713646005865127 ], [ 158.575844159877221, -7.715471096787061 ], [ 158.574890880274125, -7.717042893774234 ], [ 158.564210040005037, -7.718765942770495 ], [ 158.562611999996676, -7.721384036228876 ], [ 158.565053160103162, -7.72768501514693 ], [ 158.570712000217412, -7.731404985921057 ], [ 158.577089039808044, -7.731751011271509 ], [ 158.578926840165764, -7.730867932452779 ], [ 158.579736840277661, -7.724972962542071 ], [ 158.581980000017438, -7.727446005967706 ], [ 158.582562840448503, -7.724234881590742 ], [ 158.586197040507443, -7.719359019524878 ] ] ], [ [ [ 158.240238840145935, -7.387146901930779 ], [ 158.233817159675567, -7.374540984752628 ], [ 158.220800999705062, -7.363388006604027 ], [ 158.214573000501503, -7.360320920450966 ], [ 158.200315920373953, -7.36023398280471 ], [ 158.199219000156916, -7.363270900778851 ], [ 158.201349120392905, -7.365536079526176 ], [ 158.204324880501389, -7.365004105940653 ], [ 158.202177840497029, -7.362686975583647 ], [ 158.202982079713024, -7.361771009863898 ], [ 158.210343000016906, -7.363007054729122 ], [ 158.218085880386354, -7.366256921826847 ], [ 158.226652080188416, -7.374785009282171 ], [ 158.232183840131, -7.377152058708889 ], [ 158.234181120197746, -7.381175121359052 ], [ 158.225628960165267, -7.379066932491734 ], [ 158.220473040066196, -7.374977979481569 ], [ 158.223494880155499, -7.380676904469411 ], [ 158.231252160518949, -7.383074982567248 ], [ 158.233542119790087, -7.385463943505258 ], [ 158.230266120255749, -7.384006970177787 ], [ 158.229840960208179, -7.385463943505258 ], [ 158.232331080294301, -7.387202060086559 ], [ 158.234922000338457, -7.386357011767895 ], [ 158.238591119709099, -7.391841941898663 ], [ 158.240238840145935, -7.387146901930779 ] ] ], [ [ [ 158.786714880114289, -7.596591078846909 ], [ 158.783495039658249, -7.5935500740474 ], [ 158.781828960351959, -7.593477991777755 ], [ 158.7848889599762, -7.592667957926466 ], [ 158.784670080067343, -7.58702408048442 ], [ 158.77819188029423, -7.580742076478391 ], [ 158.777010000112568, -7.580991873332632 ], [ 158.77553292005382, -7.575774110305154 ], [ 158.77616904046269, -7.571604030015194 ], [ 158.772788999848814, -7.571605992191117 ], [ 158.773915080278272, -7.572912994759264 ], [ 158.770181880485154, -7.575298954389662 ], [ 158.766994080240352, -7.574391998586956 ], [ 158.76628307986266, -7.579088949125919 ], [ 158.769056160280115, -7.58265998126322 ], [ 158.767904880310283, -7.587423929276566 ], [ 158.770091160522895, -7.587011948420477 ], [ 158.77183787979564, -7.588913053407264 ], [ 158.77188395977646, -7.590959921551393 ], [ 158.770067039859214, -7.592032953866471 ], [ 158.772752999863798, -7.591050025145392 ], [ 158.772321000043689, -7.59548201754419 ], [ 158.774635079978509, -7.59818097857565 ], [ 158.773295879637772, -7.594063927531443 ], [ 158.773623840174963, -7.592191035407116 ], [ 158.775609960470916, -7.591595105588532 ], [ 158.779236960532842, -7.594580991948968 ], [ 158.782512960067152, -7.593795046471127 ], [ 158.786183160111108, -7.596094000521521 ], [ 158.786395919797911, -7.597669984875568 ], [ 158.786714880114289, -7.596591078846909 ] ] ], [ [ [ 158.272398000006348, -7.404095900447835 ], [ 158.265732959637262, -7.397139019600163 ], [ 158.255128080010309, -7.390834998613779 ], [ 158.245647120364509, -7.38751997890529 ], [ 158.242599000061603, -7.387993911731687 ], [ 158.242070160057182, -7.393367971180353 ], [ 158.244429959748402, -7.396398949173803 ], [ 158.243470920147672, -7.397431048483732 ], [ 158.244359040451656, -7.398909933619751 ], [ 158.252630040376658, -7.398748925755409 ], [ 158.249440079683609, -7.396290062801055 ], [ 158.249602080065301, -7.394980032705028 ], [ 158.253675840165812, -7.397884978569963 ], [ 158.255609039810054, -7.398190930655176 ], [ 158.255178119764878, -7.396989970055833 ], [ 158.256980999912571, -7.396586019995 ], [ 158.259516120204495, -7.401298988016351 ], [ 158.268210119728764, -7.405913017742108 ], [ 158.265331920253431, -7.407249968628727 ], [ 158.267691000394052, -7.408182976107839 ], [ 158.272398000006348, -7.404095900447835 ] ] ], [ [ [ 158.300417880242691, -7.437784005534253 ], [ 158.298851159996701, -7.431563028549453 ], [ 158.293913040031526, -7.427379963494336 ], [ 158.291049960100679, -7.427522933883454 ], [ 158.28929496015769, -7.429799028254664 ], [ 158.28876216037952, -7.428883022493589 ], [ 158.288112000201039, -7.431563028549453 ], [ 158.285521080156911, -7.432826007714346 ], [ 158.286835080058978, -7.439277034323438 ], [ 158.289057000032187, -7.441956976095598 ], [ 158.287220999898267, -7.443093916268631 ], [ 158.289090120018386, -7.447753020417001 ], [ 158.293333080497575, -7.451706901831901 ], [ 158.295603960450393, -7.457003971549218 ], [ 158.297058000518717, -7.456136033851059 ], [ 158.297706000248922, -7.452780991424218 ], [ 158.290067880509611, -7.445599101076536 ], [ 158.296841999710324, -7.444753987003848 ], [ 158.294603880417611, -7.440977991826007 ], [ 158.29879212002129, -7.441031894112495 ], [ 158.300417880242691, -7.437784005534253 ] ] ], [ [ [ 158.323974840316026, -7.462569940916518 ], [ 158.320632960135413, -7.457645955253589 ], [ 158.316771959721734, -7.45746390851369 ], [ 158.316487920513737, -7.453119031874475 ], [ 158.313241080293551, -7.447406944571439 ], [ 158.3105940002728, -7.447137973232389 ], [ 158.307098040156319, -7.449377019564571 ], [ 158.304089160061608, -7.448894051060584 ], [ 158.301522000456742, -7.451687982924164 ], [ 158.302889999887157, -7.457556895039524 ], [ 158.299440119751466, -7.456871006415179 ], [ 158.300561880182755, -7.457713063546016 ], [ 158.299511039946509, -7.460214951982941 ], [ 158.305905000203893, -7.462385040554041 ], [ 158.310447120333947, -7.462556019281768 ], [ 158.311366919726368, -7.46130508410463 ], [ 158.321491920226919, -7.463590104930485 ], [ 158.323974840316026, -7.462569940916518 ] ] ], [ [ [ 158.546936879785761, -7.713890017687412 ], [ 158.545725119841137, -7.709763024706214 ], [ 158.546869920262822, -7.709594106127835 ], [ 158.546517839960217, -7.705782080426322 ], [ 158.542409880098546, -7.704241992510083 ], [ 158.539722119870163, -7.700447042589323 ], [ 158.535900000338614, -7.698079976493776 ], [ 158.528016000027975, -7.704476911745737 ], [ 158.534480880480345, -7.714619019977711 ], [ 158.544255960228242, -7.716321031140465 ], [ 158.546936879785761, -7.713890017687412 ] ] ], [ [ [ 158.531713920284915, -7.69358001617181 ], [ 158.528733119729367, -7.687650991226406 ], [ 158.52538007977796, -7.684480057671214 ], [ 158.520360960520236, -7.682453080709995 ], [ 158.517173160275462, -7.683305043811207 ], [ 158.517827999778262, -7.688264090497313 ], [ 158.516427960136582, -7.690104986995819 ], [ 158.514482159823814, -7.689969952964381 ], [ 158.514150959961711, -7.691496000948407 ], [ 158.518222919838365, -7.694078943786967 ], [ 158.520782880344569, -7.689774982192068 ], [ 158.519172960116578, -7.696094092217478 ], [ 158.520354119849372, -7.697754972009587 ], [ 158.525918999778128, -7.700937935601679 ], [ 158.526087120381902, -7.697845052768629 ], [ 158.527828079657041, -7.695725025941592 ], [ 158.5307519997871, -7.695492955922787 ], [ 158.531713920284915, -7.69358001617181 ] ] ], [ [ [ 158.999094000172477, -8.063951063458408 ], [ 158.99591195992528, -8.059984041415804 ], [ 158.989464000139577, -8.056430993284607 ], [ 158.988471839654352, -8.05365996468956 ], [ 158.986627919972932, -8.054090912060056 ], [ 158.988330000162563, -8.055828063238433 ], [ 158.987393999653932, -8.057663941341113 ], [ 158.979683879944616, -8.053849061509446 ], [ 158.974679159782568, -8.054491026473301 ], [ 158.973685920420706, -8.056327980634256 ], [ 158.98042188008651, -8.058301979561207 ], [ 158.984894880245321, -8.064594972909418 ], [ 158.988788999746845, -8.063262064225913 ], [ 158.996468880367104, -8.066386970368828 ], [ 158.999094000172477, -8.063951063458408 ] ] ], [ [ [ 158.346837000229499, -7.466607927671238 ], [ 158.343900120104792, -7.462937957155226 ], [ 158.341565880178365, -7.464066097559892 ], [ 158.340711960533923, -7.467272027833589 ], [ 158.339454840159021, -7.464738947105701 ], [ 158.336902079649803, -7.464625080222875 ], [ 158.337443160098246, -7.466967908733094 ], [ 158.333781960275161, -7.471538058529846 ], [ 158.337023040497769, -7.476192933313402 ], [ 158.335210080354301, -7.477059046478367 ], [ 158.337171000211583, -7.479411981740941 ], [ 158.340385079771693, -7.47972198075094 ], [ 158.338373040384852, -7.473763951876265 ], [ 158.345929080158328, -7.471467919224187 ], [ 158.346837000229499, -7.466607927671238 ] ] ], [ [ [ 158.549965919872051, -7.697936025139433 ], [ 158.545751039830321, -7.6917689230375 ], [ 158.538912119758237, -7.689020071567911 ], [ 158.537872079966689, -7.69327587886675 ], [ 158.539200119638338, -7.698365024045021 ], [ 158.548780079916639, -7.701846941978889 ], [ 158.549686920212793, -7.700145051074943 ], [ 158.548375079860705, -7.698680930745908 ], [ 158.549965919872051, -7.697936025139433 ] ] ], [ [ [ 158.289977159649055, -7.415120048765143 ], [ 158.285702880305791, -7.408928917046298 ], [ 158.278008959915951, -7.404262975394818 ], [ 158.27522615972714, -7.404407916329744 ], [ 158.273490960449578, -7.412728034905692 ], [ 158.274516960471573, -7.411240984624098 ], [ 158.275524960051882, -7.412977928546248 ], [ 158.2765199996376, -7.41252205040685 ], [ 158.275743839960739, -7.410400088116874 ], [ 158.277439080377803, -7.409089921144342 ], [ 158.278210920056466, -7.410590008062746 ], [ 158.281203960157768, -7.409909043410646 ], [ 158.283939959916921, -7.413229964283982 ], [ 158.284630079854139, -7.416496061337451 ], [ 158.282268119714672, -7.418061988025382 ], [ 158.286768840086552, -7.417773006531874 ], [ 158.289977159649055, -7.415120048765143 ] ] ], [ [ [ 158.137067880432056, -7.362618068859857 ], [ 158.127329880444165, -7.360260938499066 ], [ 158.119503119885024, -7.362442944302919 ], [ 158.116928039834306, -7.361456999470041 ], [ 158.115420000237606, -7.362798012825023 ], [ 158.120161920059928, -7.366375990859285 ], [ 158.123890080304307, -7.364966974440932 ], [ 158.129667000369381, -7.367419049264245 ], [ 158.133501000120532, -7.367150920781664 ], [ 158.137067880432056, -7.362618068859857 ] ] ], [ [ [ 158.382492839756907, -7.495401930928775 ], [ 158.378151960216798, -7.494007962585775 ], [ 158.376907080285946, -7.494405933227215 ], [ 158.377983120062538, -7.496387039664614 ], [ 158.371593120477257, -7.495272010636906 ], [ 158.363440920053648, -7.491123998258961 ], [ 158.364388080333043, -7.492317026816013 ], [ 158.362912080049284, -7.493374063389358 ], [ 158.364555120263475, -7.49591893463885 ], [ 158.374486080171039, -7.501487084502128 ], [ 158.378002919829697, -7.500481999341843 ], [ 158.379282000420005, -7.497642872043216 ], [ 158.382279000295114, -7.497210996511257 ], [ 158.382492839756907, -7.495401930928775 ] ] ], [ [ [ 158.443378920457604, -7.651051102680166 ], [ 158.439380040325943, -7.649714010820765 ], [ 158.43540095996147, -7.645211933192977 ], [ 158.431887000301629, -7.64871908413714 ], [ 158.432565960468111, -7.653587015920755 ], [ 158.43634595979259, -7.656777980728436 ], [ 158.443000920165844, -7.65297101248888 ], [ 158.443378920457604, -7.651051102680166 ] ] ], [ [ [ 159.025268880054085, -7.834114956331438 ], [ 159.01925004008973, -7.833496006933053 ], [ 159.015278159722243, -7.830276065076013 ], [ 159.013173960373763, -7.830809959885705 ], [ 159.015920040128748, -7.841340956658625 ], [ 159.019028999732626, -7.841765885340222 ], [ 159.02230788016405, -7.840223086012949 ], [ 159.021857879902257, -7.837684016348329 ], [ 159.024546000355087, -7.836906012092698 ], [ 159.023347919955597, -7.835348037327739 ], [ 159.025268880054085, -7.834114956331438 ] ] ], [ [ [ 158.668972920403547, -7.491427921892488 ], [ 158.659738920205797, -7.481102967324765 ], [ 158.658221880388282, -7.48104799953573 ], [ 158.658235920157836, -7.485306934752509 ], [ 158.655931920218819, -7.487280943822236 ], [ 158.656375079809692, -7.488046916383948 ], [ 158.656039920173839, -7.490248097955276 ], [ 158.656596120166824, -7.491548027940352 ], [ 158.657441040488777, -7.491415964630444 ], [ 158.658566040244978, -7.490088907307124 ], [ 158.658293880358258, -7.489576001001666 ], [ 158.657666039721391, -7.490765999929474 ], [ 158.656439879782738, -7.491128102659005 ], [ 158.656286880520213, -7.489819961683265 ], [ 158.658066000228587, -7.487969105253258 ], [ 158.6583878396454, -7.486582965771703 ], [ 158.659086959803489, -7.489913120540228 ], [ 158.660673120490571, -7.48912894769192 ], [ 158.665860000127566, -7.49104797271373 ], [ 158.667645960506889, -7.492898995203665 ], [ 158.665785120158773, -7.493893925027744 ], [ 158.666586120049857, -7.496357058544777 ], [ 158.664026879992491, -7.497784035061768 ], [ 158.665400999644959, -7.498483958338336 ], [ 158.668594920111758, -7.495527925234745 ], [ 158.667834959754458, -7.493664956863669 ], [ 158.668972920403547, -7.491427921892488 ] ] ], [ [ [ 158.666834160171135, -7.79366894199755 ], [ 158.666366879916524, -7.792585006181514 ], [ 158.656245840088104, -7.792181962191195 ], [ 158.653540080316333, -7.789150920320567 ], [ 158.650058880418328, -7.794855953078017 ], [ 158.65073099991389, -7.796292097083333 ], [ 158.652348120138925, -7.795033041664416 ], [ 158.653450079904673, -7.797162911542491 ], [ 158.660790119768109, -7.79714489951715 ], [ 158.666834160171135, -7.79366894199755 ] ] ], [ [ [ 158.038797960025107, -7.470552000823383 ], [ 158.026251960308002, -7.461277063224204 ], [ 158.024023920112796, -7.45777606531716 ], [ 158.024340000430328, -7.455492085195858 ], [ 158.023824120420528, -7.458904932913454 ], [ 158.021231039928125, -7.456166910804248 ], [ 158.023106999820811, -7.451911974669042 ], [ 158.025621960121157, -7.451934998340106 ], [ 158.023683000479309, -7.455466919682237 ], [ 158.027321160311999, -7.451349941354962 ], [ 158.029715880213246, -7.45253611764159 ], [ 158.035475160061111, -7.450442013219784 ], [ 158.025558960371967, -7.448634003978213 ], [ 158.021611920218703, -7.449323118317514 ], [ 158.019508080196346, -7.452480967784055 ], [ 158.020494840010088, -7.456446942621067 ], [ 158.03284787980752, -7.467494048843672 ], [ 158.038797960025107, -7.470552000823383 ] ] ], [ [ [ 158.166411120117431, -7.40331496527543 ], [ 158.162546880378898, -7.399598948467345 ], [ 158.155115039879945, -7.401916955370414 ], [ 158.161183920497223, -7.405355924068079 ], [ 158.162852879802301, -7.408807002682073 ], [ 158.165753040391451, -7.408159057876599 ], [ 158.166411120117431, -7.40331496527543 ] ] ], [ [ [ 158.335449839805307, -7.608296891022269 ], [ 158.331711959789544, -7.602416995189641 ], [ 158.330139120219854, -7.602023940264806 ], [ 158.32817315991548, -7.604200990815162 ], [ 158.327148960117341, -7.608907963671137 ], [ 158.330464920308799, -7.611823970294035 ], [ 158.332655879845703, -7.611822007407805 ], [ 158.335449839805307, -7.608296891022269 ] ] ], [ [ [ 158.331030120522598, -7.572446042886831 ], [ 158.324878080164524, -7.567087035811146 ], [ 158.325098039848399, -7.565052901619191 ], [ 158.326704000302612, -7.564989022795972 ], [ 158.32375704018213, -7.563560126259719 ], [ 158.328267120100946, -7.560746928299397 ], [ 158.32508112008, -7.561143053939717 ], [ 158.323784039946304, -7.559319980662465 ], [ 158.317823879732913, -7.559056966122588 ], [ 158.318852040203154, -7.56258694637688 ], [ 158.320892160027483, -7.563286943810904 ], [ 158.325207840027247, -7.56949104992365 ], [ 158.329898999646076, -7.573133890751026 ], [ 158.331030120522598, -7.572446042886831 ] ] ], [ [ [ 158.316636960002512, -7.551402003904854 ], [ 158.31391607978793, -7.54991203674955 ], [ 158.31028187972899, -7.550165955525626 ], [ 158.30989488011474, -7.556337953155606 ], [ 158.311347119959237, -7.558616051342739 ], [ 158.316023160033495, -7.558143016898998 ], [ 158.315090040422064, -7.553037928910255 ], [ 158.316636960002512, -7.551402003904854 ] ] ], [ [ [ 158.361040079930376, -7.491472002470093 ], [ 158.354457120425479, -7.484220074807511 ], [ 158.350672079755611, -7.483730005961335 ], [ 158.350964040307758, -7.485843046423674 ], [ 158.349395160511847, -7.487412115431376 ], [ 158.350358159886298, -7.488313007589924 ], [ 158.358142079789502, -7.490966950687229 ], [ 158.359982039697172, -7.492476037330233 ], [ 158.361040079930376, -7.491472002470093 ] ] ], [ [ [ 158.853976919732332, -7.957325046681163 ], [ 158.851676160016552, -7.954172028131673 ], [ 158.846540039684641, -7.951607096655613 ], [ 158.846029919672475, -7.958755991821845 ], [ 158.852297880431422, -7.95935104430947 ], [ 158.853976919732332, -7.957325046681163 ] ] ], [ [ [ 158.350394159871286, -7.548616920182902 ], [ 158.34816215990233, -7.547131939115834 ], [ 158.339954880175384, -7.549816035822332 ], [ 158.342118839948142, -7.554336957462308 ], [ 158.343977160521888, -7.554808924912901 ], [ 158.350394159871286, -7.548616920182902 ] ] ], [ [ [ 158.596910999864434, -7.755376032968001 ], [ 158.593079880112072, -7.75247206954352 ], [ 158.586777000041394, -7.754903930250974 ], [ 158.586122880089164, -7.756409947395512 ], [ 158.587350119802778, -7.758205959907041 ], [ 158.590668959992996, -7.759126970226277 ], [ 158.596910999864434, -7.755376032968001 ] ] ], [ [ [ 158.803521120303373, -7.60304306268729 ], [ 158.798112120534256, -7.59965097510401 ], [ 158.796244080189126, -7.599649012161369 ], [ 158.795898120108603, -7.601314014508943 ], [ 158.792419079760464, -7.598369032678303 ], [ 158.790123000267329, -7.599359973684433 ], [ 158.786421120236582, -7.598567970749505 ], [ 158.787667079942423, -7.599839028554508 ], [ 158.793692040128803, -7.600449042303456 ], [ 158.797086120512262, -7.604812068478238 ], [ 158.802446160301798, -7.605039906816405 ], [ 158.803521120303373, -7.60304306268729 ] ] ], [ [ [ 158.632678080468423, -7.789999992575172 ], [ 158.629885919834351, -7.788531904303581 ], [ 158.624808840376176, -7.782016041339356 ], [ 158.622977160240509, -7.782171021178954 ], [ 158.625029879835012, -7.787705121273464 ], [ 158.62935096050623, -7.791712933175036 ], [ 158.631355080345543, -7.792076029946565 ], [ 158.632678080468423, -7.789999992575172 ] ] ], [ [ [ 159.275606040253223, -8.231037105673586 ], [ 159.274284119905332, -8.226720075354304 ], [ 159.275229840185261, -8.225339072367671 ], [ 159.273315000308799, -8.224501951933943 ], [ 159.270264000007074, -8.226661999082681 ], [ 159.268389119889349, -8.230472917749543 ], [ 159.272484119756427, -8.232118983986254 ], [ 159.275606040253223, -8.231037105673586 ] ] ], [ [ [ 158.186125080218773, -7.407792066694368 ], [ 158.183281080504599, -7.405723987996113 ], [ 158.182580879673253, -7.407958961774432 ], [ 158.177095920160298, -7.407055942026399 ], [ 158.176262160507463, -7.408197077936966 ], [ 158.180883120380116, -7.411626001322425 ], [ 158.18472900035087, -7.410613034824928 ], [ 158.186125080218773, -7.407792066694368 ] ] ], [ [ [ 158.511565080364647, -7.688486888661556 ], [ 158.50834091991041, -7.685002007192876 ], [ 158.502440880345745, -7.683663952505835 ], [ 158.503228920242208, -7.68603002921671 ], [ 158.501356920123328, -7.684962049233379 ], [ 158.508164879759107, -7.689939092978292 ], [ 158.511565080364647, -7.688486888661556 ] ] ], [ [ [ 159.252491159995827, -8.210657951045441 ], [ 159.249890159955896, -8.210375040598869 ], [ 159.251789880287845, -8.20817695723667 ], [ 159.246455040038683, -8.207002907126027 ], [ 159.244930079775287, -8.20843296789352 ], [ 159.245295840521294, -8.211274010794787 ], [ 159.247348920340215, -8.211650985152968 ], [ 159.248629079807216, -8.214513027533737 ], [ 159.251036040152542, -8.214389032329256 ], [ 159.250883039991663, -8.212172086639809 ], [ 159.252491159995827, -8.210657951045441 ] ] ], [ [ [ 158.446712159743527, -7.495824885923475 ], [ 158.440655879794747, -7.493147950442693 ], [ 158.440609080263386, -7.491556951280903 ], [ 158.433130080008652, -7.485508958553182 ], [ 158.43301307983279, -7.488113126975566 ], [ 158.434873920180905, -7.487331092720088 ], [ 158.435588880332375, -7.489923114396861 ], [ 158.436482040185069, -7.489133945077651 ], [ 158.439823920365711, -7.493190067411701 ], [ 158.437554120187855, -7.497676066254949 ], [ 158.445705960387045, -7.497134079092451 ], [ 158.446712159743527, -7.495824885923475 ] ] ], [ [ [ 159.129867959847104, -8.133733017953093 ], [ 159.124844879917276, -8.12933902435984 ], [ 159.121059119696895, -8.129961980508613 ], [ 159.121614960363786, -8.131796095788058 ], [ 159.126679079827312, -8.135528093572075 ], [ 159.129867959847104, -8.133733017953093 ] ] ], [ [ [ 158.760237959684673, -7.607854064446165 ], [ 158.756140079818806, -7.604958905531077 ], [ 158.7512001605281, -7.60431303687393 ], [ 158.75255592041276, -7.606617107351307 ], [ 158.750772120481713, -7.606690080107118 ], [ 158.753234879680917, -7.608646050020469 ], [ 158.759078039718418, -7.609972029681077 ], [ 158.760237959684673, -7.607854064446165 ] ] ], [ [ [ 158.522792039732622, -7.724956017270903 ], [ 158.517062999872167, -7.720483989994315 ], [ 158.51498184051411, -7.716040989651453 ], [ 158.507920079861066, -7.712580057905741 ], [ 158.511372120444975, -7.712242935343641 ], [ 158.511976920193177, -7.713880920708855 ], [ 158.512465079989909, -7.711904029306713 ], [ 158.505023879944019, -7.710881064737075 ], [ 158.506207919675632, -7.713015106446122 ], [ 158.512602959707948, -7.715293082673816 ], [ 158.519687039902522, -7.72478995877421 ], [ 158.522792039732622, -7.724956017270903 ] ] ], [ [ [ 158.307500879764007, -7.420540005943522 ], [ 158.299134839878604, -7.415570925943179 ], [ 158.296286159941758, -7.41527801611689 ], [ 158.293983960226569, -7.418010046657723 ], [ 158.295220919711568, -7.420578024920706 ], [ 158.29746804012342, -7.417681083023672 ], [ 158.307500879764007, -7.420540005943522 ] ] ], [ [ [ 158.499082080396732, -7.604906094068589 ], [ 158.497782120264219, -7.603453957773408 ], [ 158.494024080256906, -7.604675936903903 ], [ 158.493092040420407, -7.6072010629288 ], [ 158.494043160473524, -7.609053014768453 ], [ 158.495942160356606, -7.60928102918854 ], [ 158.495262120415163, -7.611402021245514 ], [ 158.497512840376345, -7.610250891514776 ], [ 158.496973920376178, -7.608866035592307 ], [ 158.498426160220674, -7.608940078144159 ], [ 158.49726192025625, -7.607363956449282 ], [ 158.498907120020419, -7.607241028265008 ], [ 158.499082080396732, -7.604906094068589 ] ] ], [ [ [ 158.425769159704771, -7.558856939247714 ], [ 158.422573079687965, -7.557454967328682 ], [ 158.425182000173777, -7.557429986178713 ], [ 158.423798880300495, -7.55605798561047 ], [ 158.417762039894455, -7.556786008414808 ], [ 158.417652960164503, -7.555276966442415 ], [ 158.419540079827897, -7.554472926775187 ], [ 158.418707039725575, -7.553704038614278 ], [ 158.416709040108316, -7.556124900129447 ], [ 158.417265959651871, -7.558265960188096 ], [ 158.421317039986377, -7.560479989289511 ], [ 158.425769159704771, -7.558856939247714 ] ] ], [ [ [ 158.718912120272194, -7.848501032560951 ], [ 158.717675880337765, -7.846827019106043 ], [ 158.715496079673272, -7.848152963993024 ], [ 158.713124040436298, -7.849964987117173 ], [ 158.713332119900514, -7.852530015681686 ], [ 158.71785696003775, -7.852783040429743 ], [ 158.718912120272194, -7.848501032560951 ] ] ], [ [ [ 158.673876839709209, -7.504120960091763 ], [ 158.672696040200861, -7.502662059661541 ], [ 158.670482039775209, -7.503905024740402 ], [ 158.668192080504099, -7.501305948334869 ], [ 158.666875920153757, -7.502735942251644 ], [ 158.66948915973947, -7.503549000443869 ], [ 158.671451160270038, -7.506218019411865 ], [ 158.670312840294827, -7.50694505481818 ], [ 158.672261160381936, -7.508211028157581 ], [ 158.672035080476064, -7.509698997888961 ], [ 158.670807120313611, -7.510464038456271 ], [ 158.669310960038217, -7.509640999070257 ], [ 158.669487000189491, -7.507141000832068 ], [ 158.666038920277657, -7.506498910717545 ], [ 158.666542920067826, -7.504372942655483 ], [ 158.665721039736269, -7.506706992178658 ], [ 158.667301080201355, -7.50814000280099 ], [ 158.669389080230246, -7.507575008150051 ], [ 158.668818120018841, -7.510667120859228 ], [ 158.670159119685081, -7.511032062186244 ], [ 158.672499840057981, -7.509674013948895 ], [ 158.673520080082341, -7.507964044117378 ], [ 158.673876839709209, -7.504120960091763 ] ] ], [ [ [ 158.560278120294612, -7.71536906888458 ], [ 158.559396839763252, -7.713418047146464 ], [ 158.55548688026829, -7.71209809816196 ], [ 158.555080079988528, -7.714891926973011 ], [ 158.558168880499096, -7.719019940052341 ], [ 158.559766920507514, -7.718076902522622 ], [ 158.560278120294612, -7.71536906888458 ] ] ], [ [ [ 158.425261919691366, -7.564726903668825 ], [ 158.420133000254793, -7.560466963650461 ], [ 158.417976960029563, -7.560726051075099 ], [ 158.415923880210642, -7.558148905405657 ], [ 158.413254839974456, -7.55832894809342 ], [ 158.413653000257824, -7.560754957380169 ], [ 158.412511079834985, -7.559377079922408 ], [ 158.411949840293261, -7.560145065928689 ], [ 158.411963880062814, -7.560901988046602 ], [ 158.414460839921475, -7.561843052850016 ], [ 158.414654880514462, -7.563289977220226 ], [ 158.416120080353522, -7.561304002005815 ], [ 158.425261919691366, -7.564726903668825 ] ] ], [ [ [ 158.699990880289931, -7.547651915700726 ], [ 158.69897208026498, -7.545366087264711 ], [ 158.694199920455276, -7.545411054246712 ], [ 158.697430919783756, -7.550668976137825 ], [ 158.699990880289931, -7.547651915700726 ] ] ], [ [ [ 158.585406840162705, -7.751162943424389 ], [ 158.581229039880952, -7.748283921271638 ], [ 158.580378000235299, -7.750376930861513 ], [ 158.579970120180548, -7.747943973826454 ], [ 158.577701040451529, -7.747604916732172 ], [ 158.581995120460306, -7.753367944759883 ], [ 158.585406840162705, -7.751162943424389 ] ] ], [ [ [ 158.36351292002368, -7.55384000812897 ], [ 158.360063039888018, -7.551322955563418 ], [ 158.35745304052557, -7.553130002797499 ], [ 158.358395879908414, -7.554672955707169 ], [ 158.356797120349484, -7.555587982688595 ], [ 158.3621899199008, -7.5565629624149 ], [ 158.36351292002368, -7.55384000812897 ] ] ], [ [ [ 158.512223879641198, -7.617855922421315 ], [ 158.510526839898603, -7.615343883029894 ], [ 158.505624000367874, -7.619595964895011 ], [ 158.511273840261339, -7.620779004407941 ], [ 158.512223879641198, -7.617855922421315 ] ] ], [ [ [ 158.637628079754904, -7.488117945062119 ], [ 158.636877840067285, -7.485762023416913 ], [ 158.632067880048766, -7.483522983874872 ], [ 158.632782119751397, -7.488810924129686 ], [ 158.637628079754904, -7.488117945062119 ] ] ], [ [ [ 159.256401120389086, -8.201822971409237 ], [ 159.255412919677667, -8.199510105272971 ], [ 159.25296996024565, -8.198600954285329 ], [ 159.250334039995664, -8.202114973137025 ], [ 159.25262112016631, -8.203496057994075 ], [ 159.256401120389086, -8.201822971409237 ] ] ], [ [ [ 158.294661120169195, -7.465446061945311 ], [ 158.286704040113534, -7.464529060214313 ], [ 158.286690000343981, -7.467129962695547 ], [ 158.294486880241777, -7.467399993023331 ], [ 158.294661120169195, -7.465446061945311 ] ] ], [ [ [ 158.579345160440766, -7.575334996620509 ], [ 158.576205959951125, -7.571222009696987 ], [ 158.573035080373074, -7.572277961170096 ], [ 158.57330292026154, -7.574186983421451 ], [ 158.57660304045956, -7.57666500470271 ], [ 158.579345160440766, -7.575334996620509 ] ] ], [ [ [ 158.573918160229965, -7.566129923740479 ], [ 158.57342891975992, -7.564305978997262 ], [ 158.572698840063907, -7.565464903753153 ], [ 158.570921879905427, -7.564322930730733 ], [ 158.570993879875459, -7.562723091441104 ], [ 158.569336080341117, -7.563011976458159 ], [ 158.568765839680225, -7.565854958223449 ], [ 158.570744040428679, -7.569377924391596 ], [ 158.57319492030652, -7.569930883162217 ], [ 158.573918160229965, -7.566129923740479 ] ] ], [ [ [ 158.394179880280802, -7.641032002483102 ], [ 158.389108920146356, -7.63731106191975 ], [ 158.385534839837817, -7.639190000133493 ], [ 158.391502920497061, -7.641720989185727 ], [ 158.394179880280802, -7.641032002483102 ] ] ], [ [ [ 158.504158080079918, -7.712686902920062 ], [ 158.495587920504079, -7.710533059647524 ], [ 158.49864396035457, -7.714091933462313 ], [ 158.500485000037202, -7.714114943823837 ], [ 158.498025119938518, -7.714586913576912 ], [ 158.500128959960847, -7.714762073094481 ], [ 158.504158080079918, -7.712686902920062 ] ] ], [ [ [ 159.013593000199307, -7.827055027486181 ], [ 159.011390160442744, -7.823396892255499 ], [ 159.010211879810413, -7.824350037074272 ], [ 159.009166080021259, -7.823233012485694 ], [ 159.007494960267934, -7.824942072260812 ], [ 159.008893920134597, -7.827038087287297 ], [ 159.013593000199307, -7.827055027486181 ] ] ], [ [ [ 158.339811960010309, -7.549563008782304 ], [ 158.335800119884055, -7.545961902529753 ], [ 158.33300903992324, -7.545787029737534 ], [ 158.334193079654824, -7.549157950242911 ], [ 158.339811960010309, -7.549563008782304 ] ] ], [ [ [ 158.762347919929056, -7.589318074110167 ], [ 158.761694160201273, -7.58642207692254 ], [ 158.758016039711435, -7.58395196190973 ], [ 158.757761159817591, -7.587332933047683 ], [ 158.762347919929056, -7.589318074110167 ] ] ], [ [ [ 158.494868999680534, -7.68146197654515 ], [ 158.493456000044262, -7.677899974561947 ], [ 158.488062840268526, -7.67435506799045 ], [ 158.48656596044259, -7.677155924575392 ], [ 158.493044879766273, -7.678786017742205 ], [ 158.494043880024066, -7.682202986336415 ], [ 158.491793880511722, -7.681504967399139 ], [ 158.493366000530898, -7.682892976454934 ], [ 158.494868999680534, -7.68146197654515 ] ] ], [ [ [ 158.998863960492827, -7.831475098391008 ], [ 158.995486080327197, -7.830801935088555 ], [ 158.997420000420306, -7.828512994601716 ], [ 158.993674920407528, -7.827902061624706 ], [ 158.993229959694474, -7.830556921597519 ], [ 158.995329120392512, -7.831969046937833 ], [ 158.995188000451265, -7.833385983350993 ], [ 158.998152960115078, -7.833213903646974 ], [ 158.998863960492827, -7.831475098391008 ] ] ], [ [ [ 158.466530880474977, -7.694156895460325 ], [ 158.461484040105915, -7.694754109571151 ], [ 158.458905000281391, -7.693530961609291 ], [ 158.457993120436498, -7.695930875479322 ], [ 158.460635880459051, -7.697124940236599 ], [ 158.466530880474977, -7.694156895460325 ] ] ], [ [ [ 158.330158919987014, -7.484403895309119 ], [ 158.324666040028262, -7.480013062768405 ], [ 158.321418840481925, -7.480215981141685 ], [ 158.327700119663291, -7.484895926858235 ], [ 158.330158919987014, -7.484403895309119 ] ] ], [ [ [ 158.719777920136295, -7.856220881730795 ], [ 158.719138919728579, -7.854965038277438 ], [ 158.717143079661298, -7.854989110355886 ], [ 158.714967960117747, -7.857007944093847 ], [ 158.715492840348389, -7.85966404458003 ], [ 158.717391119782576, -7.859603954196063 ], [ 158.717562120385111, -7.856547011455727 ], [ 158.719777920136295, -7.856220881730795 ] ] ], [ [ [ 159.280490159791754, -8.231443991027662 ], [ 159.277614119866286, -8.230618997454515 ], [ 159.275428920326988, -8.231629974371705 ], [ 159.276026880302567, -8.234508974404017 ], [ 159.280490159791754, -8.231443991027662 ] ] ], [ [ [ 158.611440960327542, -7.776199902972255 ], [ 158.609307960092764, -7.773463015928552 ], [ 158.606267039786815, -7.773258987657551 ], [ 158.608947960242659, -7.777225027366046 ], [ 158.610760920386127, -7.77754907923594 ], [ 158.611440960327542, -7.776199902972255 ] ] ], [ [ [ 158.16076811999659, -7.377846105704914 ], [ 158.158567080463854, -7.375808054647655 ], [ 158.153315039731069, -7.376881973134476 ], [ 158.15416212050124, -7.378255070889304 ], [ 158.16076811999659, -7.377846105704914 ] ] ], [ [ [ 158.655769919837127, -7.472906042133783 ], [ 158.653979999684026, -7.469916996563724 ], [ 158.650936919828155, -7.468398015837019 ], [ 158.654226960030371, -7.474607939562205 ], [ 158.655769919837127, -7.472906042133783 ] ] ], [ [ [ 158.122989000005759, -7.384294009262621 ], [ 158.118139080228417, -7.381769018206534 ], [ 158.119522919652212, -7.38665797337689 ], [ 158.121695879645813, -7.386860042282306 ], [ 158.122989000005759, -7.384294009262621 ] ] ], [ [ [ 158.576720039737125, -7.748772082499536 ], [ 158.575426920275532, -7.746363016178232 ], [ 158.572621080096269, -7.747142080638331 ], [ 158.57329896048779, -7.74581403194375 ], [ 158.574890880274125, -7.746389056847044 ], [ 158.573889000017545, -7.743894007867463 ], [ 158.574358080495955, -7.746051960742681 ], [ 158.573288880491987, -7.745209042772075 ], [ 158.571971999692806, -7.745639062890834 ], [ 158.572050119884835, -7.74862707881658 ], [ 158.576720039737125, -7.748772082499536 ] ] ], [ [ [ 158.036615999810692, -7.355422926639826 ], [ 158.032725120532376, -7.35546898508789 ], [ 158.03438292006669, -7.353140022566964 ], [ 158.032434960204029, -7.353874987963959 ], [ 158.030109000049578, -7.349027087857031 ], [ 158.028492960497829, -7.348635947912821 ], [ 158.032405080441038, -7.356462976282804 ], [ 158.035128120205599, -7.356135930280614 ], [ 158.034813119663028, -7.357248992374213 ], [ 158.036615999810692, -7.355422926639826 ] ] ], [ [ [ 158.856342120095036, -7.965961093820126 ], [ 158.853102119647389, -7.965287080619342 ], [ 158.852248920451814, -7.9638889583559 ], [ 158.85072215996459, -7.967077019170699 ], [ 158.853566159678763, -7.968217006821181 ], [ 158.856207839926384, -7.967500036399706 ], [ 158.856342120095036, -7.965961093820126 ] ] ], [ [ [ 158.371450919862724, -7.491892997892892 ], [ 158.3700051604647, -7.489687005773789 ], [ 158.364388080333043, -7.489922043914671 ], [ 158.370172919945674, -7.493054079533428 ], [ 158.371450919862724, -7.491892997892892 ] ] ], [ [ [ 158.68636307990036, -7.827755123819248 ], [ 158.685719039943933, -7.824004087312869 ], [ 158.683583880159205, -7.824378925183962 ], [ 158.682714840071867, -7.827167905988802 ], [ 158.685284879675578, -7.828746061637445 ], [ 158.68636307990036, -7.827755123819248 ] ] ], [ [ [ 158.639270040194191, -7.7891660792047 ], [ 158.637103919973185, -7.786963939952977 ], [ 158.635085039915424, -7.787739005797607 ], [ 158.636594879735952, -7.791391032729857 ], [ 158.638078080016726, -7.791470036780237 ], [ 158.639270040194191, -7.7891660792047 ] ] ], [ [ [ 158.703991919971543, -7.493187034401921 ], [ 158.699966040075708, -7.490991042752614 ], [ 158.693558040048771, -7.494135027772025 ], [ 158.694593040291579, -7.494826033718934 ], [ 158.700526920291338, -7.491866942439741 ], [ 158.703991919971543, -7.493187034401921 ] ] ], [ [ [ 158.677796880098327, -7.502140066831856 ], [ 158.670943920256633, -7.497815979493216 ], [ 158.67605808037311, -7.502485028281513 ], [ 158.677796880098327, -7.502140066831856 ] ] ], [ [ [ 158.35671395971039, -7.55228706070077 ], [ 158.355891000502197, -7.549401877895162 ], [ 158.351960880117304, -7.549617967786341 ], [ 158.351804999957636, -7.551572948963407 ], [ 158.35671395971039, -7.55228706070077 ] ] ], [ [ [ 158.690545919730852, -7.50015506101704 ], [ 158.682120839870038, -7.496070091937481 ], [ 158.683388040240743, -7.498101873576252 ], [ 158.690545919730852, -7.50015506101704 ] ] ], [ [ [ 158.815422000289061, -7.932111990025776 ], [ 158.813232120527118, -7.929168969449334 ], [ 158.810829840404409, -7.929372920170818 ], [ 158.811064920531123, -7.931576977322586 ], [ 158.815422000289061, -7.932111990025776 ] ] ], [ [ [ 158.052938039976823, -7.487512056361263 ], [ 158.048834039888931, -7.478889068600623 ], [ 158.051341079743395, -7.488727045261707 ], [ 158.052938039976823, -7.487512056361263 ] ] ], [ [ [ 158.693262119722846, -7.814906949430896 ], [ 158.690355120259483, -7.813848926654514 ], [ 158.691614039959887, -7.811033998220125 ], [ 158.688587879872387, -7.812194033232518 ], [ 158.690392920468298, -7.815094015549757 ], [ 158.689769040503506, -7.816191980474438 ], [ 158.693262119722846, -7.814906949430896 ] ] ], [ [ [ 158.420090880047752, -7.543415004061995 ], [ 158.41808388020965, -7.541281007863963 ], [ 158.415676919864296, -7.543941051371454 ], [ 158.416427880000811, -7.544787936345234 ], [ 158.420090880047752, -7.543415004061995 ] ] ], [ [ [ 158.337776879734747, -7.616366006415641 ], [ 158.336759160383053, -7.614379027399382 ], [ 158.334377040251951, -7.616886969331873 ], [ 158.336647920204797, -7.617861988459921 ], [ 158.337776879734747, -7.616366006415641 ] ] ], [ [ [ 158.488090919807689, -7.666297930583324 ], [ 158.48548991976773, -7.662473920597446 ], [ 158.485011839966802, -7.665192082409383 ], [ 158.488090919807689, -7.666297930583324 ] ] ], [ [ [ 158.486698080163023, -7.659588051767681 ], [ 158.485596120397247, -7.657762007626779 ], [ 158.483415960406688, -7.658313068351968 ], [ 158.484906000460001, -7.661390005568255 ], [ 158.486698080163023, -7.659588051767681 ] ] ], [ [ [ 158.632651079805953, -7.468786907912223 ], [ 158.632083000491633, -7.46630291598531 ], [ 158.630775119913295, -7.469955903312929 ], [ 158.63208588049045, -7.472932098734337 ], [ 158.632651079805953, -7.468786907912223 ] ] ], [ [ [ 158.239134000381341, -7.437048109263467 ], [ 158.235933959692517, -7.435054061415359 ], [ 158.234074920466554, -7.436043947254764 ], [ 158.235498000098602, -7.438047093429043 ], [ 158.239134000381341, -7.437048109263467 ] ] ], [ [ [ 158.130044999762873, -7.385591040543289 ], [ 158.126267880437183, -7.383167092736478 ], [ 158.127582960114182, -7.3860869318888 ], [ 158.130044999762873, -7.385591040543289 ] ] ], [ [ [ 158.325944039945313, -7.602691044308348 ], [ 158.32308816001148, -7.600525940206326 ], [ 158.3213731198272, -7.601796993035709 ], [ 158.322647880419368, -7.60330301687744 ], [ 158.325944039945313, -7.602691044308348 ] ] ], [ [ [ 158.211537840193159, -7.417482061966532 ], [ 158.208951959697771, -7.414504955287392 ], [ 158.206262039919437, -7.414107089513788 ], [ 158.207433119656429, -7.416641891310931 ], [ 158.211537840193159, -7.417482061966532 ] ] ], [ [ [ 158.110120080198527, -7.38593805702202 ], [ 158.104773000403611, -7.383164950347758 ], [ 158.102817120095068, -7.383941992877187 ], [ 158.108225040089224, -7.386370935847296 ], [ 158.110120080198527, -7.38593805702202 ] ] ], [ [ [ 158.519552040183299, -7.629959891948189 ], [ 158.517717840273264, -7.627202077991375 ], [ 158.517420119723482, -7.629791119621167 ], [ 158.519552040183299, -7.629959891948189 ] ] ], [ [ [ 158.215863960413174, -7.370076043318119 ], [ 158.208509879881831, -7.366896002977676 ], [ 158.214696840449932, -7.370714940424855 ], [ 158.215863960413174, -7.370076043318119 ] ] ], [ [ [ 158.294570039982545, -7.420742952225685 ], [ 158.293491120207193, -7.419237009051688 ], [ 158.292086040118477, -7.420699042874487 ], [ 158.294265120334103, -7.42340301597962 ], [ 158.294570039982545, -7.420742952225685 ] ] ], [ [ [ 158.665055040462761, -7.496886018216112 ], [ 158.663667959917376, -7.492631121812599 ], [ 158.661325079994526, -7.490744048811739 ], [ 158.66279603983125, -7.495258983012922 ], [ 158.665055040462761, -7.496886018216112 ] ] ], [ [ [ 158.758880040250006, -7.576497995815236 ], [ 158.757008040131154, -7.574408949022303 ], [ 158.75770104006719, -7.578101886880036 ], [ 158.758880040250006, -7.576497995815236 ] ] ], [ [ [ 158.371868879913279, -7.673470977156191 ], [ 158.369271839647126, -7.6700569718861 ], [ 158.368677840343594, -7.672044048655321 ], [ 158.371868879913279, -7.673470977156191 ] ] ], [ [ [ 158.472210960355824, -7.689809944669103 ], [ 158.467114080232164, -7.693766066084126 ], [ 158.469343919752902, -7.693473880483255 ], [ 158.46995016039881, -7.692628003022547 ], [ 158.468637959822246, -7.692654937791805 ], [ 158.472210960355824, -7.689809944669103 ] ] ], [ [ [ 158.561944920049825, -7.7245450608564 ], [ 158.559590159907344, -7.724804049223999 ], [ 158.558780880244313, -7.726831001835324 ], [ 158.560462079993471, -7.730249008705555 ], [ 158.56133112008078, -7.729368067352543 ], [ 158.559797880045437, -7.725859977663798 ], [ 158.561944920049825, -7.7245450608564 ] ] ], [ [ [ 158.636513880443431, -7.79254594997891 ], [ 158.635576079710972, -7.790460106519943 ], [ 158.633674920277969, -7.791443999839276 ], [ 158.634984960406257, -7.793642012873319 ], [ 158.636513880443431, -7.79254594997891 ] ] ], [ [ [ 158.820837839830773, -7.93554596277069 ], [ 158.817484080328853, -7.934286972845844 ], [ 158.819256000040241, -7.937370081382631 ], [ 158.820837839830773, -7.93554596277069 ] ] ], [ [ [ 159.041943000522792, -8.0888959508606 ], [ 159.039995039761777, -8.08617397438846 ], [ 159.039437040443261, -8.088316057351966 ], [ 159.041943000522792, -8.0888959508606 ] ] ], [ [ [ 158.428287000003905, -7.528321919157916 ], [ 158.427340920397796, -7.526870952411443 ], [ 158.425063920222954, -7.528635988687496 ], [ 158.426229960411206, -7.529879949723635 ], [ 158.428287000003905, -7.528321919157916 ] ] ], [ [ [ 158.643074160182351, -7.783401045607042 ], [ 158.639079960273335, -7.784305950318162 ], [ 158.637768840370086, -7.786736912893841 ], [ 158.643074160182351, -7.783401045607042 ] ] ], [ [ [ 158.226343920316737, -7.383682979452263 ], [ 158.225613120171857, -7.382797045822699 ], [ 158.222409840158093, -7.385068908298913 ], [ 158.224951079773774, -7.385750090245364 ], [ 158.226343920316737, -7.383682979452263 ] ] ], [ [ [ 158.364045000251309, -7.513654994763233 ], [ 158.361516000181382, -7.511368986480197 ], [ 158.359937040389639, -7.51177300947765 ], [ 158.364045000251309, -7.513654994763233 ] ] ], [ [ [ 158.188205159801868, -7.381594972969149 ], [ 158.186341080128841, -7.382774018486886 ], [ 158.187971879899038, -7.385197968477159 ], [ 158.188205159801868, -7.381594972969149 ] ] ], [ [ [ 159.125757119986588, -8.125343065637717 ], [ 159.124483079843316, -8.124258937776862 ], [ 159.123268079675483, -8.127056031614043 ], [ 159.125757119986588, -8.125343065637717 ] ] ], [ [ [ 158.365454040113775, -7.481589113087284 ], [ 158.363929079850408, -7.479874035829296 ], [ 158.362769880333047, -7.48036999953642 ], [ 158.363954999839621, -7.482052950802576 ], [ 158.365454040113775, -7.481589113087284 ] ] ], [ [ [ 158.761330920127904, -7.576921941738209 ], [ 158.75876592007296, -7.574294041012942 ], [ 158.760520920015978, -7.577546975687529 ], [ 158.761330920127904, -7.576921941738209 ] ] ], [ [ [ 158.661377999747913, -7.500828925520696 ], [ 158.656955040241996, -7.496634030363524 ], [ 158.658929999868832, -7.501058960321912 ], [ 158.661377999747913, -7.500828925520696 ] ] ], [ [ [ 158.637855959884661, -7.783488967453693 ], [ 158.635709999655234, -7.781573930705194 ], [ 158.635631159912634, -7.784216065671575 ], [ 158.637855959884661, -7.783488967453693 ] ] ], [ [ [ 158.998983120218639, -8.074967950914214 ], [ 158.998088160142089, -8.073344940075019 ], [ 158.996824920443458, -8.07486405134502 ], [ 158.998092119915867, -8.076171971547161 ], [ 158.998983120218639, -8.074967950914214 ] ] ], [ [ [ 158.409682920114193, -7.573745905035561 ], [ 158.404862159650975, -7.573171004335586 ], [ 158.408583119898339, -7.574659999142844 ], [ 158.409682920114193, -7.573745905035561 ] ] ], [ [ [ 158.639208120219962, -7.501938943786291 ], [ 158.636642040390058, -7.50274504376823 ], [ 158.63898815963779, -7.503259004805884 ], [ 158.639208120219962, -7.501938943786291 ] ] ], [ [ [ 158.534817119891187, -7.733078034086575 ], [ 158.53196699995496, -7.731404985921057 ], [ 158.53236192001512, -7.733228037693281 ], [ 158.534817119891187, -7.733078034086575 ] ] ], [ [ [ 158.515900920355989, -7.623684046672333 ], [ 158.515712999985084, -7.62249494931948 ], [ 158.513717159917775, -7.622669968889743 ], [ 158.514842880122814, -7.624421945971969 ], [ 158.515900920355989, -7.623684046672333 ] ] ], [ [ [ 158.697713880115117, -7.833377067264168 ], [ 158.694390000376131, -7.833134016256842 ], [ 158.696318880022204, -7.834726058344623 ], [ 158.697713880115117, -7.833377067264168 ] ] ], [ [ [ 158.485155839906838, -7.600709889922014 ], [ 158.482370880168077, -7.599156040783 ], [ 158.482152000259191, -7.600637987237008 ], [ 158.485155839906838, -7.600709889922014 ] ] ], [ [ [ 158.04147096003507, -7.457934910148436 ], [ 158.038709040286705, -7.456443016318333 ], [ 158.040308880518893, -7.45854405299495 ], [ 158.04147096003507, -7.457934910148436 ] ] ], [ [ [ 158.420557080527374, -7.57300096073587 ], [ 158.418173879722985, -7.571612058891239 ], [ 158.417388000274798, -7.57247601956814 ], [ 158.418430920065163, -7.573597095017314 ], [ 158.420557080527374, -7.57300096073587 ] ] ], [ [ [ 158.645368080125564, -7.467010029158832 ], [ 158.642893080482366, -7.46608803309817 ], [ 158.644250999916977, -7.468603973757811 ], [ 158.645368080125564, -7.467010029158832 ] ] ], [ [ [ 159.097753079743683, -8.127212128141224 ], [ 159.094617120375602, -8.128203053245077 ], [ 159.096449880286258, -8.128600064782709 ], [ 159.097753079743683, -8.127212128141224 ] ] ], [ [ [ 159.013942920053609, -7.841060998830732 ], [ 159.011701919863782, -7.837988940883662 ], [ 159.012591840391536, -7.841394986037584 ], [ 159.013942920053609, -7.841060998830732 ] ] ], [ [ [ 158.506180919911429, -7.613017021624915 ], [ 158.50418507984412, -7.612043954214173 ], [ 158.502872159716986, -7.613651994234822 ], [ 158.506180919911429, -7.613017021624915 ] ] ], [ [ [ 158.35277088022923, -7.554528064429849 ], [ 158.351820120400532, -7.552070971265097 ], [ 158.350816079695647, -7.553985970858599 ], [ 158.35277088022923, -7.554528064429849 ] ] ], [ [ [ 158.666100119803019, -7.501436937255645 ], [ 158.664302999652961, -7.503119093340676 ], [ 158.664840120327653, -7.502009970168954 ], [ 158.663752919882, -7.501227069150242 ], [ 158.663626920383621, -7.503620026560207 ], [ 158.664866040316866, -7.503436035866851 ], [ 158.666100119803019, -7.501436937255645 ] ] ], [ [ [ 158.676774839850083, -7.508925032977749 ], [ 158.67449783967524, -7.509191111253269 ], [ 158.67572400051219, -7.512061036015823 ], [ 158.676774839850083, -7.508925032977749 ] ] ], [ [ [ 158.422483080174629, -7.489904018751883 ], [ 158.421437999936018, -7.488074935524115 ], [ 158.420396159920642, -7.488669936579168 ], [ 158.421485159691798, -7.490744940878487 ], [ 158.422483080174629, -7.489904018751883 ] ] ], [ [ [ 158.5307519997871, -7.71603403343788 ], [ 158.528513880494387, -7.714543033630412 ], [ 158.52728087988487, -7.71516501300485 ], [ 158.5307519997871, -7.71603403343788 ] ] ], [ [ [ 158.353125840530623, -7.631940911110481 ], [ 158.351847120164678, -7.631771069449741 ], [ 158.350304879908464, -7.626432963085326 ], [ 158.351527080073367, -7.631869013735042 ], [ 158.353125840530623, -7.631940911110481 ] ] ], [ [ [ 158.571339120405469, -7.744827000012892 ], [ 158.56945487984251, -7.744297989444044 ], [ 158.569314839676252, -7.746117953540463 ], [ 158.571339120405469, -7.744827000012892 ] ] ], [ [ [ 158.043012120516295, -7.356256966118031 ], [ 158.040081000389193, -7.354747054208196 ], [ 158.040932040034875, -7.356281958902239 ], [ 158.043012120516295, -7.356256966118031 ] ] ], [ [ [ 158.078892960174642, -7.363162898473413 ], [ 158.077433160108683, -7.361766011011092 ], [ 158.076428040527162, -7.363763961110949 ], [ 158.078892960174642, -7.363162898473413 ] ] ], [ [ [ 158.660804879986529, -7.576234991889417 ], [ 158.659101000471395, -7.575374964958118 ], [ 158.659615080257339, -7.577361053783902 ], [ 158.660804879986529, -7.576234991889417 ] ] ], [ [ [ 158.427420839915385, -7.557201051996091 ], [ 158.42580083969159, -7.556708031386577 ], [ 158.425125119748316, -7.557836107173911 ], [ 158.426516880516346, -7.559213097690106 ], [ 158.427420839915385, -7.557201051996091 ] ] ], [ [ [ 158.540994000463485, -7.730690103224351 ], [ 158.539010039717482, -7.730593073581198 ], [ 158.539910040241068, -7.731812903374833 ], [ 158.540994000463485, -7.730690103224351 ] ] ], [ [ [ 158.780315880308194, -7.596094000521521 ], [ 158.778556919693074, -7.594890017381931 ], [ 158.777093880302203, -7.595611015497072 ], [ 158.780315880308194, -7.596094000521521 ] ] ], [ [ [ 158.360225040269711, -7.631026938787959 ], [ 158.357653919992742, -7.632936948413636 ], [ 158.353188119830918, -7.632612964558186 ], [ 158.357771999943594, -7.633065043176847 ], [ 158.360225040269711, -7.631026938787959 ] ] ], [ [ [ 158.717503080409699, -7.567138068162423 ], [ 158.716604159661074, -7.56550808479365 ], [ 158.71587695996385, -7.567721005962925 ], [ 158.717503080409699, -7.567138068162423 ] ] ], [ [ [ 158.14162907988046, -7.403837968799873 ], [ 158.139644040257821, -7.402534029598539 ], [ 158.140431000379294, -7.404488062324962 ], [ 158.14162907988046, -7.403837968799873 ] ] ], [ [ [ 158.36713487963857, -7.589895095218215 ], [ 158.365357920378386, -7.589528078186026 ], [ 158.365730159774245, -7.591050025145392 ], [ 158.36713487963857, -7.589895095218215 ] ] ], [ [ [ 158.418356040096313, -7.553025973368269 ], [ 158.416176959880687, -7.551210896433054 ], [ 158.41731095985773, -7.553418002380561 ], [ 158.418356040096313, -7.553025973368269 ] ] ], [ [ [ 158.320902960472154, -7.43339199158962 ], [ 158.31900792036285, -7.431996932588606 ], [ 158.319510119929134, -7.43375592681045 ], [ 158.320902960472154, -7.43339199158962 ] ] ], [ [ [ 158.344190999983681, -7.490174034804701 ], [ 158.342825160103217, -7.488225916269138 ], [ 158.341691879676773, -7.490237032728277 ], [ 158.344190999983681, -7.490174034804701 ] ] ], [ [ [ 158.623606079754069, -7.570035086843784 ], [ 158.623262999672335, -7.567866071134744 ], [ 158.62212288037162, -7.570310941561323 ], [ 158.623606079754069, -7.570035086843784 ] ] ], [ [ [ 158.503511160124702, -7.614577065245496 ], [ 158.500895039641904, -7.614306056865507 ], [ 158.50177812039712, -7.615361010189886 ], [ 158.503511160124702, -7.614577065245496 ] ] ], [ [ [ 158.361320879813491, -7.557441048772988 ], [ 158.358735000216399, -7.558076995519736 ], [ 158.360262840478555, -7.558909042894792 ], [ 158.361320879813491, -7.557441048772988 ] ] ], [ [ [ 158.719961879835125, -7.864351050348357 ], [ 158.718972960471405, -7.863641922755757 ], [ 158.71826591986752, -7.86511188566157 ], [ 158.719961879835125, -7.864351050348357 ] ] ], [ [ [ 158.088286079856971, -7.318980928338446 ], [ 158.087289960496292, -7.318117004041518 ], [ 158.086662119859369, -7.319539915906964 ], [ 158.088286079856971, -7.318980928338446 ] ] ], [ [ [ 158.425203960389268, -7.485594979034398 ], [ 158.423851080503368, -7.485591052997075 ], [ 158.424480000016928, -7.487567023324868 ], [ 158.425203960389268, -7.485594979034398 ] ] ], [ [ [ 158.249100960273978, -7.450775949818057 ], [ 158.24856995982131, -7.449121078469009 ], [ 158.247807839914032, -7.450707056149364 ], [ 158.249100960273978, -7.450775949818057 ] ] ], [ [ [ 158.766571079742732, -7.881717972286217 ], [ 158.765461919979998, -7.880669926282919 ], [ 158.764637159649624, -7.881591914940979 ], [ 158.766571079742732, -7.881717972286217 ] ] ], [ [ [ 158.741805960172428, -7.589141970522469 ], [ 158.740540920249998, -7.588045914542091 ], [ 158.740856999669262, -7.589824082559531 ], [ 158.741805960172428, -7.589141970522469 ] ] ], [ [ [ 158.755345919700289, -7.615713018032999 ], [ 158.75363987973688, -7.614405075369106 ], [ 158.753760839686521, -7.615904989187934 ], [ 158.755345919700289, -7.615713018032999 ] ] ], [ [ [ 158.688539999667739, -7.830678893553817 ], [ 158.687466120339423, -7.829187052999949 ], [ 158.687375040152773, -7.831324059886272 ], [ 158.688539999667739, -7.830678893553817 ] ] ], [ [ [ 158.043962159896154, -7.36076399905374 ], [ 158.041540080006257, -7.361498950760152 ], [ 158.043179879997297, -7.361940957372568 ], [ 158.043962159896154, -7.36076399905374 ] ] ], [ [ [ 159.167054879859933, -8.148780999891001 ], [ 159.166626120263032, -8.147668960171474 ], [ 159.165620999783187, -8.148367972558301 ], [ 159.167054879859933, -8.148780999891001 ] ] ], [ [ [ 158.196503160389369, -7.380411104982752 ], [ 158.194514879645169, -7.380664944150638 ], [ 158.195833919994271, -7.382045884857048 ], [ 158.196503160389369, -7.380411104982752 ] ] ], [ [ [ 158.546930040013194, -7.71655112809318 ], [ 158.545103040100145, -7.716486914690277 ], [ 158.545856159786581, -7.71751200623465 ], [ 158.546930040013194, -7.71655112809318 ] ] ], [ [ [ 158.634548999914045, -7.790526983681295 ], [ 158.63279004019725, -7.790192062906443 ], [ 158.633206920472844, -7.79122196815043 ], [ 158.634548999914045, -7.790526983681295 ] ] ], [ [ [ 158.205957120270966, -7.411547997994862 ], [ 158.204801880527384, -7.411166016606136 ], [ 158.204580119721385, -7.412359976008876 ], [ 158.205957120270966, -7.411547997994862 ] ] ], [ [ [ 158.557731119783028, -7.654853985467896 ], [ 158.556854160148191, -7.654227102169331 ], [ 158.556304080377231, -7.655600928460208 ], [ 158.557731119783028, -7.654853985467896 ] ] ], [ [ [ 158.745290040069278, -7.559026989392922 ], [ 158.744498040399037, -7.558252041658826 ], [ 158.744138039650636, -7.560066019208242 ], [ 158.745142080355492, -7.560516925592968 ], [ 158.745290040069278, -7.559026989392922 ] ] ], [ [ [ 158.531411879736908, -7.648286110846426 ], [ 158.529038040276163, -7.647480996513587 ], [ 158.530142880040728, -7.648881961642194 ], [ 158.531411879736908, -7.648286110846426 ] ] ], [ [ [ 158.207058000261753, -7.383129070491745 ], [ 158.205395879830888, -7.382905043276074 ], [ 158.206274999914029, -7.384041957675127 ], [ 158.207058000261753, -7.383129070491745 ] ] ], [ [ [ 158.484102840120698, -7.645692899709821 ], [ 158.48219700046505, -7.644102105917045 ], [ 158.482296000199227, -7.645609051748247 ], [ 158.484102840120698, -7.645692899709821 ] ] ], [ [ [ 159.183078119701321, -8.150260981563218 ], [ 159.182130960320251, -8.149560013117439 ], [ 159.181634880077638, -8.150919007505852 ], [ 159.183078119701321, -8.150260981563218 ] ] ], [ [ [ 158.226900839860292, -7.390627933924423 ], [ 158.22509111994006, -7.391017073305283 ], [ 158.225977079795712, -7.391843012623363 ], [ 158.226900839860292, -7.390627933924423 ] ] ], [ [ [ 158.425409159854638, -7.542320080898721 ], [ 158.424135119711366, -7.542365049097958 ], [ 158.425146000188789, -7.543529028440735 ], [ 158.425409159854638, -7.542320080898721 ] ] ], [ [ [ 158.496928920170348, -7.657372928680922 ], [ 158.495509079863183, -7.657639093225961 ], [ 158.496369119729678, -7.658448112569298 ], [ 158.496928920170348, -7.657372928680922 ] ] ], [ [ [ 158.039502840180774, -7.355914031756352 ], [ 158.038702920064651, -7.354787042979406 ], [ 158.038291080236149, -7.356075055411931 ], [ 158.039502840180774, -7.355914031756352 ] ] ], [ [ [ 158.570359919914864, -7.702946094561974 ], [ 158.569409879636652, -7.70219798581645 ], [ 158.569486920053748, -7.703443941063937 ], [ 158.570359919914864, -7.702946094561974 ] ] ], [ [ [ 158.487279839920831, -7.674048954139263 ], [ 158.485786919868673, -7.673259052242231 ], [ 158.485682160136832, -7.675172082949514 ], [ 158.487279839920831, -7.674048954139263 ] ] ], [ [ [ 159.520006080229393, -8.420930975186968 ], [ 159.519035160409004, -8.420594087387489 ], [ 159.518820959824495, -8.422292949712574 ], [ 159.520006080229393, -8.420930975186968 ] ] ], [ [ [ 158.278034879905164, -7.446107953942705 ], [ 158.277197160478551, -7.445737068461956 ], [ 158.277978000378027, -7.447399091801802 ], [ 158.278034879905164, -7.446107953942705 ] ] ] ] } },
{ "type": "Feature", "properties": { "shapeName": "Marigne-Kokota", "shapeISO": "", "shapeID": "97153195B92946274587204", "shapeGroup": "SLB", "shapeType": "ADM2" }, "geometry": { "type": "MultiPolygon", "coordinates": [ [ [ [ 159.660222120464283, -8.357335053567168 ], [ 159.756017040329709, -8.295841050360773 ], [ 159.760405080523896, -8.288958923690133 ], [ 159.760931040529499, -8.2821830155107 ], [ 159.759701999693732, -8.278278011573139 ], [ 159.761297880152171, -8.279300979859091 ], [ 159.762198960450718, -8.278351933718911 ], [ 159.756181919811894, -8.275257009559493 ], [ 159.749515080117305, -8.269413013049995 ], [ 159.746928119846928, -8.264584988987478 ], [ 159.747521040273796, -8.260797021959164 ], [ 159.737776920063851, -8.257499955678266 ], [ 159.733312920125883, -8.250483022353279 ], [ 159.733405080087465, -8.24634095861496 ], [ 159.729089039863283, -8.242386967955868 ], [ 159.729221160482012, -8.24106088622486 ], [ 159.720924960118367, -8.236520929848394 ], [ 159.71746284043698, -8.231186035520643 ], [ 159.701353920182129, -8.22636609580751 ], [ 159.688875959762953, -8.218257077658766 ], [ 159.68073708045668, -8.209646920859569 ], [ 159.673561920075457, -8.208600078052323 ], [ 159.668879040228575, -8.205941983573933 ], [ 159.666683040244578, -8.207057957682357 ], [ 159.664183919937642, -8.206158978713605 ], [ 159.662174040100751, -8.199827942952597 ], [ 159.658742879957288, -8.196074988710418 ], [ 159.653340000410196, -8.19411502994833 ], [ 159.65066195995314, -8.189273972675311 ], [ 159.645953160117074, -8.186625013603296 ], [ 159.636659040168922, -8.171702999815697 ], [ 159.630288119901962, -8.164708959667726 ], [ 159.629987880476136, -8.162022954976676 ], [ 159.626951999718955, -8.158741105046506 ], [ 159.623508960254185, -8.158524083744416 ], [ 159.620448959731618, -8.154905088963888 ], [ 159.619538880110525, -8.155567026819345 ], [ 159.618719879777785, -8.152144003698648 ], [ 159.617400119878141, -8.153692929115294 ], [ 159.618129840248031, -8.155369068570987 ], [ 159.615870120065978, -8.156197959947612 ], [ 159.607118879891829, -8.150381076385493 ], [ 159.604811999953995, -8.152149883678367 ], [ 159.603248159706766, -8.151446959185925 ], [ 159.594155999899129, -8.143800943061551 ], [ 159.590958119658524, -8.144468957754132 ], [ 159.588681120382006, -8.140681984511184 ], [ 159.57414791969569, -8.134076923575639 ], [ 159.566135039887797, -8.133543068437591 ], [ 159.556052880043183, -8.129736925443657 ], [ 159.551849880221084, -8.12608203129248 ], [ 159.54684084006081, -8.118345008145551 ], [ 159.545593080131198, -8.108891057677523 ], [ 159.540297840314707, -8.102335014770091 ], [ 159.539763959863251, -8.103175063318561 ], [ 159.538543920146651, -8.101440077312834 ], [ 159.534856079885486, -8.101648040697023 ], [ 159.528862080135355, -8.098732976813242 ], [ 159.525707039652332, -8.093502987476759 ], [ 159.522039000056679, -8.091116074078201 ], [ 159.520777919907971, -8.091030891204202 ], [ 159.519412080027507, -8.093993948180136 ], [ 159.515274959953388, -8.093548965354477 ], [ 159.513559919769165, -8.095004023944801 ], [ 159.507276119915133, -8.089293891595947 ], [ 159.512819040526779, -8.091254898399617 ], [ 159.517853999777941, -8.09121408852323 ], [ 159.519176999900822, -8.083404932206589 ], [ 159.521429159861412, -8.082506031778237 ], [ 159.519663000147659, -8.078367927880965 ], [ 159.513188039699429, -8.080409006155259 ], [ 159.496085160532147, -8.069013020139321 ], [ 159.486377040307218, -8.069106049633824 ], [ 159.48065699976928, -8.067190024796204 ], [ 159.46895807992405, -8.054841949288022 ], [ 159.455931839957771, -8.050547971839597 ], [ 159.445259999909496, -8.043435084644958 ], [ 159.437763000111403, -8.042841045591771 ], [ 159.431334840092887, -8.034500890163839 ], [ 159.432157079750539, -8.027921895313492 ], [ 159.431145120396451, -8.021455976112053 ], [ 159.43382388040402, -8.023383981052946 ], [ 159.433374959917217, -8.022038103085292 ], [ 159.429561120157643, -8.019249016070711 ], [ 159.429989879754544, -8.022063947996191 ], [ 159.425143919751008, -8.022115994183293 ], [ 159.42145608038814, -8.016609988437922 ], [ 159.417200880363254, -8.015407038544751 ], [ 159.413259960432015, -8.009058917810185 ], [ 159.398915040340967, -8.001970971724989 ], [ 159.392678040018296, -8.000479038463959 ], [ 159.388908119791324, -7.995514978378042 ], [ 159.386936040163249, -7.989264052119548 ], [ 159.378707879995858, -7.985644075160948 ], [ 159.375606120388994, -7.981554896541979 ], [ 159.370097040212386, -7.979737034307158 ], [ 159.364862999921229, -7.980429919240801 ], [ 159.367130999875258, -7.98289894615111 ], [ 159.36679511979051, -7.984970985834051 ], [ 159.369735959688967, -7.99055602755005 ], [ 159.371924040125435, -7.992489883023318 ], [ 159.371575920494934, -7.99422301885385 ], [ 159.365630879826085, -7.993588980819988 ], [ 159.363852120342102, -7.995119975537898 ], [ 159.368790959857847, -8.00402598135129 ], [ 159.368884920043314, -8.007798016057864 ], [ 159.366444839711761, -8.009240014398443 ], [ 159.358367880379745, -7.99419307271411 ], [ 159.354546120174319, -7.995452947924762 ], [ 159.354494999746464, -7.999795991423335 ], [ 159.352023959876988, -7.999943046195396 ], [ 159.347117159674184, -7.994980940563766 ], [ 159.350173919973514, -7.994829962743848 ], [ 159.349241159688148, -7.992621967335536 ], [ 159.346371960433629, -7.993128023132646 ], [ 159.341343120506224, -7.983026043041931 ], [ 159.334827840074809, -7.981839036399661 ], [ 159.319008000373316, -7.973820994843285 ], [ 159.325414919726938, -7.980193906831926 ], [ 159.329103839763093, -7.986875990630888 ], [ 159.326395920441399, -7.989180094970575 ], [ 159.325863119764932, -7.992706992956398 ], [ 159.32188187985048, -7.99107901931723 ], [ 159.318924120183681, -7.993785056562187 ], [ 159.319779120501437, -7.989757099989736 ], [ 159.31880712000779, -7.987259949535416 ], [ 159.316307999700854, -7.985816982340363 ], [ 159.309671039769285, -7.985928925837412 ], [ 159.304907159731556, -7.983068111360678 ], [ 159.306780960074263, -7.985225890179864 ], [ 159.307035120417595, -7.991238020177766 ], [ 159.298092000098734, -7.996616919956678 ], [ 159.293453039784396, -7.996511930884547 ], [ 159.290760960456112, -7.994814989696827 ], [ 159.288383879873805, -7.990323943243684 ], [ 159.28862183999928, -7.987956030042816 ], [ 159.285885840240098, -7.985816982340363 ], [ 159.282195119980173, -7.986097019673511 ], [ 159.276459959897693, -7.9897549607003 ], [ 159.274249920144115, -7.989441949126805 ], [ 159.270401879725085, -7.985169026882232 ], [ 159.270633000078021, -7.982555982249342 ], [ 159.272003880405521, -7.98221408727292 ], [ 159.271410959978681, -7.9717490770056 ], [ 159.267360960317433, -7.970939951663917 ], [ 159.263274959772929, -7.972084028972064 ], [ 159.263168040491166, -7.969632049280693 ], [ 159.261650999775327, -7.968761062452633 ], [ 159.262522919861453, -7.967080049627969 ], [ 159.261108120001353, -7.965988011590172 ], [ 159.261994079857033, -7.964720915038229 ], [ 159.259629960167644, -7.962102927240062 ], [ 159.259615920398062, -7.960070881481224 ], [ 159.255113040476232, -7.95949900488895 ], [ 159.253640999966251, -7.957747895004014 ], [ 159.250127040306381, -7.957930974986821 ], [ 159.249061080525649, -7.956045088863157 ], [ 159.247514880495686, -7.956838912239166 ], [ 159.246691920389168, -7.955712975934723 ], [ 159.245853839839782, -7.958001033502383 ], [ 159.237839159808118, -7.960850971926702 ], [ 159.236336880209024, -7.962632016860503 ], [ 159.231261960300799, -7.961784011440106 ], [ 159.228363960159925, -7.959705080690944 ], [ 159.227593919806822, -7.957704932979756 ], [ 159.229114920296411, -7.957758947830984 ], [ 159.228808919974654, -7.955990003601199 ], [ 159.224117039906957, -7.950513947544039 ], [ 159.224500079747486, -7.952026030197392 ], [ 159.222969000160361, -7.952534096353068 ], [ 159.215333039970972, -7.94593898416627 ], [ 159.216870960228988, -7.943534981499017 ], [ 159.212157119945829, -7.944286044170376 ], [ 159.213890880122278, -7.946491982477037 ], [ 159.213247919940841, -7.948122986407426 ], [ 159.199566120022894, -7.948923956705065 ], [ 159.199559999800869, -7.949972007763841 ], [ 159.196573079921592, -7.948792927407058 ], [ 159.197909040039121, -7.949401007987849 ], [ 159.19467012026476, -7.951776096749981 ], [ 159.192073079998579, -7.951606027357621 ], [ 159.189352920232835, -7.949822973503068 ], [ 159.183752040319007, -7.941824093875281 ], [ 159.183304920056031, -7.937208920660068 ], [ 159.185220120156941, -7.935581974641922 ], [ 159.177580919744315, -7.927988046338594 ], [ 159.182085960114392, -7.929592025374586 ], [ 159.183181080107602, -7.928666934607528 ], [ 159.179731920420807, -7.924795046693133 ], [ 159.172180920196041, -7.921625020724015 ], [ 159.168494880158676, -7.917006055064457 ], [ 159.170051879735013, -7.915814935590391 ], [ 159.19209899998782, -7.923079979902947 ], [ 159.198287040330911, -7.918899074603105 ], [ 159.179702039759491, -7.913413966328744 ], [ 159.168281039798586, -7.906588055910448 ], [ 159.162427080214712, -7.904988088269433 ], [ 159.163711919904301, -7.90777706266954 ], [ 159.160935960386411, -7.911819909022994 ], [ 159.151049999786323, -7.912353877438647 ], [ 159.143533919771613, -7.914715986623007 ], [ 159.144123960199693, -7.917050982841973 ], [ 159.15339108038367, -7.923176073910561 ], [ 159.155592119916378, -7.928595979889046 ], [ 159.161164920291071, -7.931793941740684 ], [ 159.156034920181185, -7.931676991167427 ], [ 159.151062959780944, -7.928480989781669 ], [ 159.148765080063924, -7.931021106171439 ], [ 159.14443607984515, -7.928132096486638 ], [ 159.140941919952496, -7.931514937057829 ], [ 159.137116920422159, -7.927850058536634 ], [ 159.134174999850444, -7.928636983612569 ], [ 159.132440159899033, -7.922580969221358 ], [ 159.124587120024586, -7.922434956584271 ], [ 159.122181959903116, -7.924544027094401 ], [ 159.120020880129175, -7.92173305913637 ], [ 159.117352919667894, -7.92174001277204 ], [ 159.110816040143845, -7.917039037748069 ], [ 159.108818040526586, -7.918262957990184 ], [ 159.108833160071129, -7.920211952061053 ], [ 159.103864079669648, -7.921053981946216 ], [ 159.100256159824369, -7.919774088773875 ], [ 159.099032160334019, -7.916535919425605 ], [ 159.099879959756464, -7.914090026319923 ], [ 159.094289880287306, -7.911674961925223 ], [ 159.098641920496476, -7.907874942647816 ], [ 159.098479920114784, -7.904578022525238 ], [ 159.091666920031912, -7.900246985279963 ], [ 159.088786920332723, -7.899851891321927 ], [ 159.087659039679409, -7.902290915103634 ], [ 159.079277159800597, -7.906133062799257 ], [ 159.076550160262286, -7.903298969612811 ], [ 159.074714879678936, -7.90482691470678 ], [ 159.073373160462154, -7.902392006474436 ], [ 159.069052079790907, -7.902809027482695 ], [ 159.066207000301745, -7.900897036239993 ], [ 159.064688879810916, -7.895854035440715 ], [ 159.068223000360689, -7.889829989741854 ], [ 159.070448880107648, -7.889552916969374 ], [ 159.064937999707212, -7.887501970875165 ], [ 159.070809959732713, -7.88478007879019 ], [ 159.069602880010706, -7.881834937208825 ], [ 159.072756120269901, -7.87565895128556 ], [ 159.073028999707105, -7.870060937579534 ], [ 159.070838040170173, -7.866929897099875 ], [ 159.058269000462673, -7.86198294728845 ], [ 159.058469879929874, -7.860848014949664 ], [ 159.057438119910302, -7.861786987051046 ], [ 159.054626879957908, -7.858385031086431 ], [ 159.048347039877626, -7.855691120802967 ], [ 159.033687839692874, -7.868439076345734 ], [ 159.029223839754906, -7.874430982545671 ], [ 159.0292799997315, -7.882830917028633 ], [ 159.027711840384427, -7.883934943751807 ], [ 159.028935839874805, -7.888615078096841 ], [ 159.022892880145037, -7.893483082130635 ], [ 159.025424039764914, -7.897467054054852 ], [ 159.023199960241783, -7.900166932733359 ], [ 159.023284920206379, -7.910498981243804 ], [ 159.025727879638424, -7.912666947715017 ], [ 159.023586959856061, -7.918768927659221 ], [ 159.02052588045683, -7.919073969933065 ], [ 159.016853880189075, -7.924260916387258 ], [ 159.163166879682109, -8.029254920853743 ], [ 159.431477039809124, -8.173253987595039 ], [ 159.582908160090682, -8.23408712822298 ], [ 159.64067916006718, -8.270230977921129 ], [ 159.651262080377023, -8.277462913641211 ], [ 159.620353919771162, -8.325557064128359 ], [ 159.660222120464283, -8.357335053567168 ] ] ], [ [ [ 159.615178920353799, -8.141514113082188 ], [ 159.612391079717924, -8.136306063219035 ], [ 159.608100960381222, -8.134319973177936 ], [ 159.606637920092027, -8.136813008359436 ], [ 159.60772584008825, -8.139693940779257 ], [ 159.615178920353799, -8.141514113082188 ] ] ], [ [ [ 159.460500959851998, -8.007719053033814 ], [ 159.458325119859609, -8.005574940073064 ], [ 159.456885120459191, -8.005975102017983 ], [ 159.459117120428175, -8.009598998106505 ], [ 159.460500959851998, -8.007719053033814 ] ] ], [ [ [ 159.616872000322616, -8.150662960318233 ], [ 159.613152840299051, -8.143981087779562 ], [ 159.615597960179315, -8.150580996539489 ], [ 159.616872000322616, -8.150662960318233 ] ] ], [ [ [ 159.187739040231065, -7.931721026197289 ], [ 159.185154959959448, -7.928576012257281 ], [ 159.181707959822603, -7.929754972277091 ], [ 159.187739040231065, -7.931721026197289 ] ] ], [ [ [ 159.07719888044133, -7.850719073452087 ], [ 159.074727120122986, -7.848588941411614 ], [ 159.073912080462321, -7.850073936692542 ], [ 159.075582120440743, -7.851527008185377 ], [ 159.07719888044133, -7.850719073452087 ] ] ], [ [ [ 159.083565120485616, -7.851637919102321 ], [ 159.079890959769614, -7.849121029805849 ], [ 159.080510879960656, -7.850946957441048 ], [ 159.083565120485616, -7.851637919102321 ] ] ], [ [ [ 159.063587999820129, -7.838480920678106 ], [ 159.0630721198103, -7.837070065576003 ], [ 159.061940999832103, -7.840593985478252 ], [ 159.063587999820129, -7.838480920678106 ] ] ], [ [ [ 159.096051000452348, -7.880559023232109 ], [ 159.094491119978898, -7.879926949164365 ], [ 159.095251080336226, -7.881855085379166 ], [ 159.096051000452348, -7.880559023232109 ] ] ] ] } },
{ "type": "Feature", "properties": { "shapeName": "Gao-Bugotu", "shapeISO": "", "shapeID": "97153195B92120906809587", "shapeGroup": "SLB", "shapeType": "ADM2" }, "geometry": { "type": "MultiPolygon", "coordinates": [ [ [ [ 159.651019079804456, -8.384330918372388 ], [ 159.658810920153513, -8.396515057424811 ], [ 159.662973960216817, -8.398865938532721 ], [ 159.663332159843122, -8.401145043654523 ], [ 159.66697104012465, -8.403494116224399 ], [ 159.668647919875667, -8.408588057655747 ], [ 159.680495880107969, -8.41601401182057 ], [ 159.685187039726799, -8.411283062847183 ], [ 159.689887920015337, -8.413780043563838 ], [ 159.69517416050931, -8.411692965397055 ], [ 159.697485000220894, -8.409207011200163 ], [ 159.69780792031105, -8.415950087986548 ], [ 159.700291920175147, -8.416142038356979 ], [ 159.708911039730594, -8.411293924924712 ], [ 159.712031160003534, -8.412483922998465 ], [ 159.708230999789123, -8.413062094926065 ], [ 159.703715159872729, -8.416950080654553 ], [ 159.699587040019452, -8.417906980949983 ], [ 159.700664880019843, -8.421104939323646 ], [ 159.70433400028881, -8.421381999615793 ], [ 159.705390959848728, -8.422756080304978 ], [ 159.699026880252688, -8.424097036905097 ], [ 159.691525919782521, -8.430333109554693 ], [ 159.691253040345259, -8.432925938933657 ], [ 159.700721039996438, -8.432630013839715 ], [ 159.701650920283043, -8.434077946292419 ], [ 159.7004611196555, -8.440533038711083 ], [ 159.704519039762602, -8.442256028352672 ], [ 159.702390000199898, -8.445036974640944 ], [ 159.708512880345523, -8.44611808224907 ], [ 159.70947696039326, -8.453823023315881 ], [ 159.702289919792406, -8.448861966656859 ], [ 159.702982919728441, -8.452885975258116 ], [ 159.701352119958301, -8.454368016966724 ], [ 159.704606160175501, -8.457512082134738 ], [ 159.707599919827317, -8.456367979765398 ], [ 159.720573960489077, -8.460503007549631 ], [ 159.73251084045981, -8.460942946500637 ], [ 159.735724920019919, -8.459071019880399 ], [ 159.735516120106837, -8.462753975437817 ], [ 159.740647920440551, -8.473391012410506 ], [ 159.747342120123733, -8.478578923318034 ], [ 159.756810119774912, -8.47680001564464 ], [ 159.756080040078871, -8.480067986533642 ], [ 159.750340920222612, -8.482789910224426 ], [ 159.754560120262539, -8.493594093801764 ], [ 159.75710316010202, -8.495636044608732 ], [ 159.766585919971646, -8.496276042892235 ], [ 159.769820879972229, -8.501044045678107 ], [ 159.775291080165033, -8.501634011194971 ], [ 159.776606880290927, -8.499469968992337 ], [ 159.775976880104082, -8.493858995787086 ], [ 159.779322000507932, -8.492859914438924 ], [ 159.785409960443531, -8.496611975602377 ], [ 159.785571959926898, -8.498241073131318 ], [ 159.788301119913513, -8.500119040668727 ], [ 159.787460879814176, -8.50343096275434 ], [ 159.791023079903113, -8.508721005417298 ], [ 159.79127112002439, -8.514014002057296 ], [ 159.798049920346102, -8.522847960887619 ], [ 159.798012839687772, -8.527041016448157 ], [ 159.803812080192756, -8.528423085639044 ], [ 159.8048420399885, -8.533016952350112 ], [ 159.810261119753392, -8.534604954449909 ], [ 159.813889920039173, -8.538374940397006 ], [ 159.815882880107694, -8.538639100076589 ], [ 159.822290159685792, -8.549379051008708 ], [ 159.82877412035478, -8.553788972150183 ], [ 159.835592880435286, -8.552319063197773 ], [ 159.846477119945945, -8.55614298521297 ], [ 159.84838296049989, -8.558438958400826 ], [ 159.854789160303, -8.559943018325725 ], [ 159.860503079720587, -8.562900036103628 ], [ 159.861763080094278, -8.565060871702112 ], [ 159.871745879980267, -8.568744942774405 ], [ 159.876730079926261, -8.566505990653878 ], [ 159.880112999640659, -8.568118949087991 ], [ 159.888905999797458, -8.5667879294542 ], [ 159.893777879790235, -8.564529029653084 ], [ 159.894766080501654, -8.565604104460252 ], [ 159.895824840285428, -8.562106006183706 ], [ 159.894736920289233, -8.556992029017017 ], [ 159.898727879975041, -8.553458964202161 ], [ 159.892419960355596, -8.553080005920634 ], [ 159.890992920051445, -8.548649072846628 ], [ 159.888863160039875, -8.550080013200283 ], [ 159.882901920051523, -8.549654950798828 ], [ 159.880964040184637, -8.541273028692444 ], [ 159.877640160445679, -8.542843018030142 ], [ 159.872715000475097, -8.540036969460642 ], [ 159.87677903990587, -8.537830066768096 ], [ 159.874849080484864, -8.535619947154574 ], [ 159.874836120490244, -8.532696895042008 ], [ 159.881317919812687, -8.533069998772261 ], [ 159.882101999935429, -8.529139930010038 ], [ 159.87905784030454, -8.528211076138183 ], [ 159.874860959806199, -8.529524073909455 ], [ 159.87309587986735, -8.527528051940264 ], [ 159.870050999787622, -8.527382084258258 ], [ 159.87080988036999, -8.525435004596913 ], [ 159.865657920044697, -8.519732022067478 ], [ 159.864546960058107, -8.52623907910311 ], [ 159.866268840014897, -8.529854992597949 ], [ 159.864177959987131, -8.529587088859595 ], [ 159.864158160219944, -8.530916992656612 ], [ 159.863515920487373, -8.529230892575116 ], [ 159.860809080042316, -8.528221934872057 ], [ 159.859509119909831, -8.530135000492111 ], [ 159.857817119716032, -8.526131026831399 ], [ 159.856022160014192, -8.526098985205763 ], [ 159.857327159695444, -8.522836034263552 ], [ 159.855665040162876, -8.515325980565814 ], [ 159.860004120377482, -8.513792016009779 ], [ 159.860876040463609, -8.511694086666335 ], [ 159.858525600319354, -8.509127244583549 ], [ 159.857276759716427, -8.509924232651503 ], [ 159.854778720082777, -8.508162204291583 ], [ 159.846969599740902, -8.506765286398428 ], [ 159.84715068033924, -8.503232291083664 ], [ 159.850986480314191, -8.501640242684848 ], [ 159.851555640301825, -8.498838164390243 ], [ 159.85425348052604, -8.501975279910507 ], [ 159.856020720014811, -8.500473305879789 ], [ 159.86089152023257, -8.50242140223326 ], [ 159.869169720154559, -8.498636286001883 ], [ 159.871129560236881, -8.495834364330015 ], [ 159.870595679785453, -8.492658388803148 ], [ 159.865126560265935, -8.485502378204497 ], [ 159.863924159868247, -8.481463934166303 ], [ 159.865144920033686, -8.480928948705836 ], [ 159.863457960286922, -8.478691974308548 ], [ 159.860521080162243, -8.478965966196711 ], [ 159.856799040139919, -8.476216955280153 ], [ 159.851741040000036, -8.477273941023334 ], [ 159.851237040209895, -8.478500054569862 ], [ 159.848124119933942, -8.476796989131383 ], [ 159.847481880201315, -8.473472018864552 ], [ 159.848749079673723, -8.472682075964027 ], [ 159.849351000321462, -8.468115971650304 ], [ 159.851801159750437, -8.467045964137586 ], [ 159.853253040268811, -8.462176056847198 ], [ 159.856746839937045, -8.462962994077101 ], [ 159.854330159820393, -8.45922306719997 ], [ 159.846431039965125, -8.455759961755469 ], [ 159.842152080399245, -8.457126086211446 ], [ 159.833748959855541, -8.455753908393829 ], [ 159.833175119645318, -8.457947040032046 ], [ 159.830528040522836, -8.459757014431425 ], [ 159.820738920107061, -8.460105085168413 ], [ 159.819653880109655, -8.461527099114903 ], [ 159.816615839802552, -8.460843065593096 ], [ 159.816328919697412, -8.461928936562249 ], [ 159.805515959707918, -8.464663984865167 ], [ 159.804401039947521, -8.461237960564754 ], [ 159.806566080393537, -8.461240987201974 ], [ 159.811778880019801, -8.456740979831311 ], [ 159.813882000491617, -8.456734035655947 ], [ 159.814004040216219, -8.454857102871049 ], [ 159.827352120497693, -8.450285090567137 ], [ 159.826325039802441, -8.448514954473938 ], [ 159.827001840418973, -8.44450496557192 ], [ 159.823776960414222, -8.43862308707487 ], [ 159.818636880308503, -8.437927974872062 ], [ 159.817245120438827, -8.435429012515993 ], [ 159.811824960000621, -8.436102051432943 ], [ 159.811977960161499, -8.437772001351103 ], [ 159.807952080265636, -8.435729922031955 ], [ 159.814011959763775, -8.431229971908744 ], [ 159.814411920270999, -8.428920952514604 ], [ 159.817320000407676, -8.426126891922705 ], [ 159.817466159897634, -8.424564082248308 ], [ 159.813816119845313, -8.420172085634798 ], [ 159.811404840400115, -8.42120305061084 ], [ 159.809469120083179, -8.419069894589724 ], [ 159.809343119686474, -8.420648038652418 ], [ 159.806693159666906, -8.4209560817579 ], [ 159.805648080326648, -8.422232943891489 ], [ 159.807035159973708, -8.423399939316155 ], [ 159.804685080053872, -8.424386914755134 ], [ 159.805083959887781, -8.425900047566348 ], [ 159.800744160122633, -8.430277022771753 ], [ 159.799767840529142, -8.427117956120508 ], [ 159.798341879999953, -8.429415056862732 ], [ 159.798980159958774, -8.431267007305308 ], [ 159.794403120516989, -8.426510070335679 ], [ 159.79145795972201, -8.426486923036544 ], [ 159.790030920316184, -8.429714012232298 ], [ 159.790763880011013, -8.43268592227856 ], [ 159.789480120096357, -8.432063979903223 ], [ 159.786012959967906, -8.434655016650835 ], [ 159.786690119910531, -8.441021964390757 ], [ 159.782441040107614, -8.440543899061991 ], [ 159.780180959701141, -8.441712086224607 ], [ 159.780416039827855, -8.45082403494979 ], [ 159.775801919727769, -8.442090976234484 ], [ 159.776447040357482, -8.440072955607706 ], [ 159.773081040411483, -8.440002982190697 ], [ 159.769496880107141, -8.430304977611842 ], [ 159.771453840190645, -8.42398699663122 ], [ 159.77010887985233, -8.418103026241971 ], [ 159.774648840432434, -8.417118882655972 ], [ 159.774392160314733, -8.412403973411823 ], [ 159.77099087993426, -8.41057490267394 ], [ 159.768842039706044, -8.415207035582355 ], [ 159.763983119707888, -8.41332206609235 ], [ 159.762660840033845, -8.415247989566877 ], [ 159.760361879643568, -8.412616936717932 ], [ 159.757934039756094, -8.41273588332526 ], [ 159.758502119968767, -8.40963596919523 ], [ 159.751783080071306, -8.408609959078435 ], [ 159.750294840241821, -8.410025930266301 ], [ 159.750174960067142, -8.407331094228708 ], [ 159.7407620397193, -8.402767956148054 ], [ 159.743014920128758, -8.399147110145851 ], [ 159.743035080120364, -8.396112973082341 ], [ 159.750245880262185, -8.398834064191641 ], [ 159.754707000201421, -8.397855926216609 ], [ 159.754186079744557, -8.395370952046527 ], [ 159.758277840286695, -8.393156987237823 ], [ 159.762849119730902, -8.396549959109093 ], [ 159.767512920259435, -8.395422057724588 ], [ 159.778519919943562, -8.396073085141838 ], [ 159.786590040401364, -8.405224927438645 ], [ 159.789855959939871, -8.404636951257517 ], [ 159.790581000087172, -8.400801905286583 ], [ 159.796053000503775, -8.4003189832662 ], [ 159.80405112009322, -8.39457800001688 ], [ 159.810648120266023, -8.396890073243993 ], [ 159.809815080163702, -8.385321020896344 ], [ 159.812004959925673, -8.380203089610744 ], [ 159.813739080326542, -8.379394079681122 ], [ 159.814731960362309, -8.371532905032321 ], [ 159.819533999935004, -8.368059932977534 ], [ 159.826349880016693, -8.366643987556476 ], [ 159.828528960232262, -8.364025961513601 ], [ 159.836802840156082, -8.364115894448782 ], [ 159.838346160187228, -8.362774908700327 ], [ 159.840646919903037, -8.353208007613652 ], [ 159.849578880451134, -8.351538050604789 ], [ 159.85619315971843, -8.345665982899687 ], [ 159.852701160274023, -8.341709964334884 ], [ 159.840861120487546, -8.336343013403935 ], [ 159.829688159749651, -8.329222941794994 ], [ 159.821899919848249, -8.321755970878627 ], [ 159.817656960267385, -8.31485310374801 ], [ 159.810053040289205, -8.313594947401764 ], [ 159.80421600047373, -8.310535032247525 ], [ 159.803658000256888, -8.308408038319813 ], [ 159.793302960076716, -8.304740007459044 ], [ 159.788760120396148, -8.297916992877466 ], [ 159.780680999717532, -8.292528068578308 ], [ 159.779156040352461, -8.287102912284769 ], [ 159.773772959674233, -8.281419936889625 ], [ 159.764093999661725, -8.278867959316669 ], [ 159.761988000089417, -8.279714049038539 ], [ 159.761897999677728, -8.283969047734503 ], [ 159.760931040529499, -8.2821830155107 ], [ 159.760405080523896, -8.288958923690133 ], [ 159.756017040329709, -8.295841050360773 ], [ 159.660222120464283, -8.357335053567168 ], [ 159.657735960151911, -8.365590973730296 ], [ 159.65352000033522, -8.368423045141485 ], [ 159.657624000423141, -8.380551053915189 ], [ 159.651019079804456, -8.384330918372388 ] ] ], [ [ [ 159.522573960283097, -8.444275104480386 ], [ 159.521009040260907, -8.445705011022312 ], [ 159.521699160198153, -8.449273076563976 ], [ 159.519830040078091, -8.453498982433022 ], [ 159.525797040064049, -8.456833917642699 ], [ 159.524751959825437, -8.463668032126078 ], [ 159.528295079697671, -8.465433113287073 ], [ 159.527982960052213, -8.469813022895661 ], [ 159.536195999776737, -8.481563987625284 ], [ 159.541629120209592, -8.482854890685198 ], [ 159.542241119954753, -8.485111958708275 ], [ 159.545615040346661, -8.484511998229078 ], [ 159.548448960065031, -8.486121030563679 ], [ 159.54936300035817, -8.490430027134764 ], [ 159.556919040131675, -8.491705946892557 ], [ 159.562536120263331, -8.498943020163519 ], [ 159.566257080510724, -8.49741700127788 ], [ 159.570420119675703, -8.499476021656633 ], [ 159.571902959732057, -8.504757040764481 ], [ 159.575375160307573, -8.501457947417411 ], [ 159.577337159939844, -8.502878918282686 ], [ 159.578679959829913, -8.496290997606323 ], [ 159.582332879881051, -8.493680969832573 ], [ 159.58706615970695, -8.496044076617322 ], [ 159.585837119769479, -8.503177993819078 ], [ 159.590567879821037, -8.498100968853391 ], [ 159.593344920012214, -8.497734951973186 ], [ 159.596064000002997, -8.503765108569514 ], [ 159.60294792028094, -8.505099908341052 ], [ 159.60474683975653, -8.513274877646177 ], [ 159.604063919816298, -8.519078890148057 ], [ 159.609156840166179, -8.526326126479368 ], [ 159.613364880435341, -8.528677105385761 ], [ 159.612546959877562, -8.531925053390019 ], [ 159.615308880524253, -8.532963016164764 ], [ 159.61740695965068, -8.536504993788187 ], [ 159.628623120370662, -8.54577507107564 ], [ 159.631436159648587, -8.542794957274806 ], [ 159.635909880256264, -8.54631708519582 ], [ 159.643008000220419, -8.545176984605851 ], [ 159.645158999998557, -8.543527082145781 ], [ 159.646020840088909, -8.544932944508105 ], [ 159.650115120405417, -8.544183021527195 ], [ 159.652096919804848, -8.54811008802751 ], [ 159.651387000100442, -8.550706037833837 ], [ 159.655678919660943, -8.549557050694549 ], [ 159.663457080464838, -8.552432981829813 ], [ 159.663579839739981, -8.553863018975491 ], [ 159.664744079704406, -8.552615074521642 ], [ 159.674838119768651, -8.552183072562009 ], [ 159.685246079702239, -8.548054017781302 ], [ 159.686269920174254, -8.546738947470375 ], [ 159.684199919688638, -8.541349926924248 ], [ 159.690364920041333, -8.535596984463382 ], [ 159.682118039881715, -8.532475097935672 ], [ 159.677549999762448, -8.528909941393401 ], [ 159.677444879806217, -8.527143016238275 ], [ 159.678038160457504, -8.526236942757009 ], [ 159.684152040382315, -8.528584006354267 ], [ 159.69017411967161, -8.526174105201454 ], [ 159.696129959886804, -8.525789068117463 ], [ 159.701460840362188, -8.522376050992406 ], [ 159.703621920136101, -8.516219974552095 ], [ 159.697802160313444, -8.51380910555344 ], [ 159.693752880202766, -8.509124040366252 ], [ 159.68551500026399, -8.509901980244912 ], [ 159.685803000144091, -8.511749983464046 ], [ 159.683523840419298, -8.513105049695982 ], [ 159.679833839709858, -8.509867088955231 ], [ 159.678326879888175, -8.510058992797235 ], [ 159.678573840234492, -8.507865980104652 ], [ 159.682218120289207, -8.50843190285978 ], [ 159.684126120393103, -8.507174019152538 ], [ 159.683414040240422, -8.504297034587182 ], [ 159.688549079899047, -8.50039711208062 ], [ 159.685962120526995, -8.497238087156422 ], [ 159.681480120147313, -8.495159114927141 ], [ 159.67973483997568, -8.494908989756606 ], [ 159.674483879916153, -8.498727967780907 ], [ 159.671202120384237, -8.497546068225986 ], [ 159.669023040168582, -8.499276991975215 ], [ 159.665585040252608, -8.497997002684984 ], [ 159.663525840211634, -8.492616908344644 ], [ 159.658140960207902, -8.491011997817797 ], [ 159.650848080100246, -8.496465105241473 ], [ 159.649844040293715, -8.495735025619354 ], [ 159.650632080190178, -8.492961923453718 ], [ 159.646182840470601, -8.493663879379451 ], [ 159.64186788002138, -8.497415042736682 ], [ 159.640788960246027, -8.500158027878435 ], [ 159.638951880337174, -8.496127036778926 ], [ 159.640719119825945, -8.489545052326894 ], [ 159.645395159900232, -8.486299949936143 ], [ 159.652364040142771, -8.487800911454833 ], [ 159.653703960034079, -8.486591027100234 ], [ 159.653482919676918, -8.484108048100309 ], [ 159.656657040376558, -8.480935001666307 ], [ 159.653736000245317, -8.476443057740541 ], [ 159.650169840382631, -8.47660400056815 ], [ 159.647144040519549, -8.478683962674264 ], [ 159.646353840174839, -8.47653403297784 ], [ 159.640405920405499, -8.478122090723971 ], [ 159.639508080330188, -8.474658977781313 ], [ 159.637415039854119, -8.474367000672444 ], [ 159.631076880247321, -8.467494086261601 ], [ 159.629041080421217, -8.458633036610612 ], [ 159.626436119709155, -8.456667981909362 ], [ 159.627035879908618, -8.454489086411737 ], [ 159.629082119954944, -8.453750025728477 ], [ 159.63360696009218, -8.457809057606253 ], [ 159.633232920472523, -8.456014920174503 ], [ 159.638464079866566, -8.45401103798949 ], [ 159.642196920333561, -8.450783974733348 ], [ 159.638904000132527, -8.449549047556156 ], [ 159.62995188049112, -8.452443890226377 ], [ 159.628217039641413, -8.451077037001218 ], [ 159.62901011998494, -8.449262037577023 ], [ 159.634766160507866, -8.448699944138157 ], [ 159.639615000510247, -8.445700915414287 ], [ 159.641278920266615, -8.44269812521199 ], [ 159.641639999891709, -8.43780298246541 ], [ 159.639038999851721, -8.435304019290118 ], [ 159.636864960083159, -8.428664017965001 ], [ 159.638432039655299, -8.423212978454686 ], [ 159.638286959940274, -8.411616041781675 ], [ 159.640536960350943, -8.402778996479427 ], [ 159.638985000323373, -8.397681952401772 ], [ 159.640806959789359, -8.391698038984819 ], [ 159.636017159762446, -8.391332989747104 ], [ 159.522573960283097, -8.444275104480386 ] ] ], [ [ [ 159.923296079851895, -8.52621504811459 ], [ 159.922482840415086, -8.523783948866647 ], [ 159.919292160171494, -8.521505924915532 ], [ 159.92167284030316, -8.513835095787892 ], [ 159.909140880355636, -8.505094033731037 ], [ 159.907368959745952, -8.512138951795222 ], [ 159.909658919915387, -8.518041956923087 ], [ 159.911854919899355, -8.520650927645951 ], [ 159.916808879857939, -8.522143921883028 ], [ 159.916641120376937, -8.525698994495205 ], [ 159.919809119956255, -8.529058935473515 ], [ 159.923296079851895, -8.52621504811459 ] ] ], [ [ [ 159.823230840417011, -8.400060961413674 ], [ 159.822089999769133, -8.399794036027071 ], [ 159.817452120128053, -8.40506502342569 ], [ 159.816177000209819, -8.410362115344869 ], [ 159.812309160023574, -8.41062102119005 ], [ 159.811355159971669, -8.412519002128857 ], [ 159.80487083997653, -8.411283062847183 ], [ 159.806229840084427, -8.415919995128876 ], [ 159.803993880341636, -8.418556012061936 ], [ 159.806729159651951, -8.41897997365021 ], [ 159.808745880159734, -8.414629045799396 ], [ 159.821818919657403, -8.412242113419721 ], [ 159.821538119774317, -8.404134089628778 ], [ 159.823230840417011, -8.400060961413674 ] ] ], [ [ [ 159.649589160399813, -8.457809947538633 ], [ 159.643476000025572, -8.458351017991955 ], [ 159.640773120252618, -8.456698071551429 ], [ 159.638457959644484, -8.458508051000448 ], [ 159.636816000103551, -8.456580028589302 ], [ 159.633692999831794, -8.458125082749941 ], [ 159.635122920134762, -8.462878959652201 ], [ 159.636837960319014, -8.462518962036855 ], [ 159.639742079783559, -8.465370087656209 ], [ 159.649589160399813, -8.457809947538633 ] ] ], [ [ [ 159.875048880177104, -8.575910963297279 ], [ 159.867029159698347, -8.570666883194415 ], [ 159.864615000254332, -8.567136970997989 ], [ 159.861858840503572, -8.568366000805765 ], [ 159.862116959722385, -8.573601034964007 ], [ 159.866627039641173, -8.575108061659794 ], [ 159.871789079962269, -8.578776906499694 ], [ 159.875048880177104, -8.575910963297279 ] ] ], [ [ [ 159.883436159829074, -8.521100054975255 ], [ 159.882001920426234, -8.518529004028849 ], [ 159.879777120454264, -8.517878005527624 ], [ 159.87811212002461, -8.519735938918634 ], [ 159.873482880379925, -8.519958990110302 ], [ 159.872115959826203, -8.524026044256459 ], [ 159.873533999909512, -8.525114050185307 ], [ 159.883436159829074, -8.521100054975255 ] ] ], [ [ [ 159.665291999925444, -8.46109410404136 ], [ 159.664581000446049, -8.459389892641612 ], [ 159.660020160323796, -8.460678021534752 ], [ 159.660092879844342, -8.463634026498703 ], [ 159.664419000064356, -8.463386907161636 ], [ 159.665291999925444, -8.46109410404136 ] ] ], [ [ [ 159.831578160310215, -8.433360924907465 ], [ 159.829671960430147, -8.431075064536875 ], [ 159.825286079785855, -8.432910982620273 ], [ 159.828130080398381, -8.434510081205749 ], [ 159.831578160310215, -8.433360924907465 ] ] ], [ [ [ 159.822038880239546, -8.430478046586733 ], [ 159.818776920474818, -8.429832062624023 ], [ 159.816899879908874, -8.432539028104131 ], [ 159.819558119700361, -8.433172900042734 ], [ 159.822038880239546, -8.430478046586733 ] ] ], [ [ [ 159.755100840486563, -8.500086996837084 ], [ 159.754433040090902, -8.49586409403525 ], [ 159.750084959655453, -8.495244923679723 ], [ 159.755100840486563, -8.500086996837084 ] ] ], [ [ [ 159.797732039804686, -8.413377088216112 ], [ 159.796082880266766, -8.41196807353055 ], [ 159.793895880503641, -8.415005113697456 ], [ 159.795600839793735, -8.415470033185322 ], [ 159.797732039804686, -8.413377088216112 ] ] ], [ [ [ 159.865485839667201, -8.510792960823631 ], [ 159.863793119922803, -8.50926805752103 ], [ 159.862555079764519, -8.511704055175118 ], [ 159.865485839667201, -8.510792960823631 ] ] ], [ [ [ 159.830272079955705, -8.415592005904685 ], [ 159.827681880360387, -8.417874039269927 ], [ 159.830036999828991, -8.418091986352874 ], [ 159.830272079955705, -8.415592005904685 ] ] ], [ [ [ 159.882564960191814, -8.514153032679323 ], [ 159.880752000048346, -8.512417904172278 ], [ 159.880488119933631, -8.514546092507111 ], [ 159.882564960191814, -8.514153032679323 ] ] ], [ [ [ 159.698348999861167, -8.419927965971009 ], [ 159.69576888026171, -8.418174962623644 ], [ 159.696122040339219, -8.41952305726784 ], [ 159.698348999861167, -8.419927965971009 ] ] ], [ [ [ 159.872630040510444, -8.579067023509898 ], [ 159.871708079771423, -8.579287014729422 ], [ 159.868522079750477, -8.577083899345123 ], [ 159.871812119952693, -8.580761980710621 ], [ 159.872630040510444, -8.579067023509898 ] ] ], [ [ [ 159.687956879921046, -8.433699048318852 ], [ 159.684719039921646, -8.43391200064538 ], [ 159.685850159899871, -8.435333041743741 ], [ 159.687956879921046, -8.433699048318852 ] ] ], [ [ [ 159.876029879993212, -8.57615106879836 ], [ 159.875017919740827, -8.574067008869411 ], [ 159.875386919811774, -8.577553962208354 ], [ 159.876029879993212, -8.57615106879836 ] ] ], [ [ [ 159.859684080286172, -8.570543002246412 ], [ 159.85746900008553, -8.570709956465633 ], [ 159.857840880155294, -8.571896079375415 ], [ 159.859684080286172, -8.570543002246412 ] ] ] ] } },
{ "type": "Feature", "properties": { "shapeName": "Nggela", "shapeISO": "", "shapeID": "97153195B87016285227025", "shapeGroup": "SLB", "shapeType": "ADM2" }, "geometry": { "type": "MultiPolygon", "coordinates": [ [ [ [ 160.307741160358745, -9.081110957766048 ], [ 160.304749920481271, -9.07695510508408 ], [ 160.305334920462258, -9.071757065533749 ], [ 160.299432000000479, -9.066686042808138 ], [ 160.297137000282277, -9.059447059992715 ], [ 160.292090159913215, -9.051783977774045 ], [ 160.287914159855319, -9.048642085049416 ], [ 160.288027919807917, -9.046580952575795 ], [ 160.287710040164853, -9.047766971970049 ], [ 160.286379120494445, -9.047411095040713 ], [ 160.286524919759984, -9.045477055233297 ], [ 160.284324960002209, -9.045864041738945 ], [ 160.282272959958249, -9.044052116364856 ], [ 160.28333603974022, -9.043034071295857 ], [ 160.281201959730453, -9.043042959135338 ], [ 160.278715079867567, -9.04053098592089 ], [ 160.268331960148259, -9.037601956890233 ], [ 160.265028959951451, -9.033088999575559 ], [ 160.265303999836902, -9.030792945282339 ], [ 160.259724000363576, -9.027552917948093 ], [ 160.256733840261091, -9.027539940583541 ], [ 160.249280040445001, -9.020680073591716 ], [ 160.245897840281174, -9.012233055498504 ], [ 160.241205960213478, -9.007759958606567 ], [ 160.231848840516108, -9.009174018734361 ], [ 160.225563959988762, -9.013492965548009 ], [ 160.223538959709003, -9.017639951662138 ], [ 160.225053120426082, -9.031045021859669 ], [ 160.223402159765982, -9.033902995890811 ], [ 160.22035007968924, -9.030936049487163 ], [ 160.216801920268267, -9.03095595917468 ], [ 160.209843120021503, -9.027806951639249 ], [ 160.209582840354472, -9.025693968168074 ], [ 160.211895120065464, -9.026987963679398 ], [ 160.214981039678918, -9.024377036786706 ], [ 160.212291840349451, -9.019036018013825 ], [ 160.208940959947995, -9.018856998930783 ], [ 160.204446000471989, -9.014915002899922 ], [ 160.202436119736774, -9.009819001953543 ], [ 160.188017040125828, -9.003646992907457 ], [ 160.182551880380089, -9.003246983164271 ], [ 160.175369880226299, -9.00690003529639 ], [ 160.174762920029821, -9.010548072991392 ], [ 160.163970120031905, -9.019477965073637 ], [ 160.152626160488069, -9.016767074420185 ], [ 160.146843120200941, -9.002456028908981 ], [ 160.146425160150386, -8.996219002714437 ], [ 160.140795120024137, -8.99285012444504 ], [ 160.140417119732376, -8.990193970503146 ], [ 160.136809920335935, -8.990534969062253 ], [ 160.133730120046209, -8.994063876758355 ], [ 160.130036160461287, -8.994219974281547 ], [ 160.125939000145991, -8.998996005201136 ], [ 160.136856000316754, -9.009406909704353 ], [ 160.138576080049745, -9.012863988976758 ], [ 160.13945088013466, -9.018904998129841 ], [ 160.137429120078139, -9.020775004313172 ], [ 160.137356040333117, -9.027566961577827 ], [ 160.135653960143486, -9.027550073679883 ], [ 160.134068880129718, -9.029836903521133 ], [ 160.132915080385544, -9.027811929328251 ], [ 160.131561119826387, -9.0281859577173 ], [ 160.131596040036442, -9.030495893742998 ], [ 160.135809119854287, -9.032562984749234 ], [ 160.134102000115917, -9.033640078477122 ], [ 160.130626920439937, -9.031686943540741 ], [ 160.13174111975141, -9.033144996402122 ], [ 160.130332079888944, -9.0335990145529 ], [ 160.129257840336209, -9.03081605553165 ], [ 160.127696880087825, -9.030680950880067 ], [ 160.129283039876583, -9.029805083640944 ], [ 160.128537839737675, -9.0271570232795 ], [ 160.124901840353232, -9.028329951523141 ], [ 160.125216839997506, -9.026277058216488 ], [ 160.123016880239732, -9.025321004326326 ], [ 160.125441840128417, -9.023969939112488 ], [ 160.122512160000724, -9.022795930226046 ], [ 160.122008879761097, -9.015217045299334 ], [ 160.11892799969641, -9.013087988949934 ], [ 160.117733879968995, -9.016892050951085 ], [ 160.113475080394721, -9.021763958184868 ], [ 160.113679920533997, -9.023553063188947 ], [ 160.114953959778973, -9.026104975314103 ], [ 160.12017611985047, -9.024644050214421 ], [ 160.121901960479363, -9.026376965155112 ], [ 160.124217839739714, -9.036688953557016 ], [ 160.123250160142589, -9.037897936260787 ], [ 160.121153880341666, -9.035684930710429 ], [ 160.120347120452976, -9.036946002624525 ], [ 160.119447119929418, -9.035155008379515 ], [ 160.116031080228822, -9.03874694202834 ], [ 160.114699079885071, -9.034745078822867 ], [ 160.112944079942054, -9.034928000369561 ], [ 160.113049920347152, -9.037478054758592 ], [ 160.110188999966255, -9.040558005928341 ], [ 160.110942840101558, -9.043495009021274 ], [ 160.10806607972728, -9.043899063403957 ], [ 160.107135840114609, -9.048278921486911 ], [ 160.104504960311658, -9.048107026932255 ], [ 160.100810999828468, -9.04331298039779 ], [ 160.098639840058695, -9.045081002815618 ], [ 160.09892207994119, -9.046778978003699 ], [ 160.09730316039068, -9.046994068890731 ], [ 160.098589079855259, -9.042351994809383 ], [ 160.097194079762374, -9.040326023854009 ], [ 160.096100040442451, -9.041416070927259 ], [ 160.094755080104107, -9.04058502593378 ], [ 160.094196000112277, -9.036746016054963 ], [ 160.09018488043489, -9.035046037265925 ], [ 160.085585160328833, -9.043995055039733 ], [ 160.083258839949906, -9.042147033792618 ], [ 160.079159159860211, -9.043822980709363 ], [ 160.072625160334951, -9.041638986711886 ], [ 160.068890160317977, -9.044628954054463 ], [ 160.061297039886171, -9.044097090326762 ], [ 160.070288040409736, -9.054146912584523 ], [ 160.074632879723566, -9.052904031412371 ], [ 160.07932512001571, -9.056131032593475 ], [ 160.085153160508696, -9.053315007994083 ], [ 160.087557960405746, -9.054322002771077 ], [ 160.087205159654332, -9.058547976631797 ], [ 160.083993960093011, -9.061622947322816 ], [ 160.084631160276899, -9.063867967017545 ], [ 160.082862119665975, -9.065133917791215 ], [ 160.085782080022256, -9.067221961361531 ], [ 160.088007959769243, -9.074615960968172 ], [ 160.093062000135291, -9.076305976551087 ], [ 160.097029919830703, -9.091337127318647 ], [ 160.099085160097871, -9.093265943612654 ], [ 160.101609840169601, -9.090598977468668 ], [ 160.103450160301662, -9.090688025176894 ], [ 160.103603160462541, -9.09280702419084 ], [ 160.104845879945117, -9.091780941489716 ], [ 160.105042080088026, -9.097645021751834 ], [ 160.111554839846747, -9.097841064199947 ], [ 160.114763160307547, -9.099658050047315 ], [ 160.116110999746383, -9.097407921769294 ], [ 160.118595000508776, -9.097300925122424 ], [ 160.120153079860046, -9.099524037680688 ], [ 160.118413919910438, -9.099594065681931 ], [ 160.120478160398449, -9.100182010886467 ], [ 160.124838120155175, -9.098700947585868 ], [ 160.126871039982518, -9.101725986815328 ], [ 160.129855079862978, -9.102281048161606 ], [ 160.13059596000366, -9.09460199679779 ], [ 160.128210959873741, -9.092186006892083 ], [ 160.128957960236505, -9.089776044261056 ], [ 160.132128839814555, -9.091170052774171 ], [ 160.134684839648685, -9.085899878807041 ], [ 160.141255919832275, -9.086775965602804 ], [ 160.144401960094427, -9.083153939915274 ], [ 160.141843080261538, -9.077933061895047 ], [ 160.140864960444191, -9.070589966785098 ], [ 160.143247079676968, -9.06877798820682 ], [ 160.144994160072457, -9.069589949003765 ], [ 160.143774839906399, -9.077280024276325 ], [ 160.149673080145561, -9.082664080644765 ], [ 160.149993839787413, -9.085220016971949 ], [ 160.153271999770027, -9.086020032706326 ], [ 160.152099840258074, -9.088014996653785 ], [ 160.155893159801565, -9.090156940395099 ], [ 160.158848040367928, -9.0894840180482 ], [ 160.163750879898629, -9.093857987723805 ], [ 160.165488960073276, -9.09173597357907 ], [ 160.163908920506572, -9.088452059567469 ], [ 160.167143160058259, -9.085006016266584 ], [ 160.17192000009058, -9.089480996596569 ], [ 160.169389920245692, -9.090851011541037 ], [ 160.17044687980561, -9.092526020114409 ], [ 160.172984159647513, -9.092286073840153 ], [ 160.175228039836185, -9.089444915069343 ], [ 160.178267880367144, -9.093573074677147 ], [ 160.180200000236425, -9.088545906972994 ], [ 160.188725880055273, -9.09112206334823 ], [ 160.190624160387813, -9.088596918207857 ], [ 160.188627960096056, -9.085221972367577 ], [ 160.189145999655778, -9.084003016817574 ], [ 160.190390880484898, -9.084445062477112 ], [ 160.190255879867408, -9.085522000465428 ], [ 160.192288080144181, -9.085884059775744 ], [ 160.191627839969897, -9.092385962188549 ], [ 160.193526839852979, -9.094472070879188 ], [ 160.193256840414534, -9.097287950310278 ], [ 160.195809960249846, -9.102016047605957 ], [ 160.195285080019232, -9.108189034195386 ], [ 160.20082799973261, -9.110901012404474 ], [ 160.203387960238814, -9.111049949117318 ], [ 160.204620959949978, -9.109263057073978 ], [ 160.206719039974757, -9.110088967034926 ], [ 160.209834840249499, -9.125119053745603 ], [ 160.212008880018061, -9.126403981409705 ], [ 160.213604040027633, -9.131776102171431 ], [ 160.217296919837565, -9.130116028428935 ], [ 160.215212160031825, -9.125427934587153 ], [ 160.211881080295854, -9.125553051342756 ], [ 160.213389119892554, -9.119472070626065 ], [ 160.21239191985859, -9.118398967174663 ], [ 160.217601840384361, -9.116067913921039 ], [ 160.214415840363358, -9.11164409632061 ], [ 160.211606040410402, -9.111769928645433 ], [ 160.212035879782292, -9.103398101051395 ], [ 160.213559039821831, -9.102163033660201 ], [ 160.216890840006641, -9.10348199034083 ], [ 160.221630960503433, -9.100419997378639 ], [ 160.223919120449068, -9.100683043822253 ], [ 160.224804000529787, -9.098948887564209 ], [ 160.221286080197842, -9.095826958595076 ], [ 160.222899960199641, -9.091783073634964 ], [ 160.2205729202702, -9.090961032472958 ], [ 160.219396079637278, -9.085934005304361 ], [ 160.215842160218699, -9.081846995215194 ], [ 160.217984880224833, -9.077372096892569 ], [ 160.218722880366755, -9.080882913055365 ], [ 160.222128120520978, -9.084830051045774 ], [ 160.221521160324556, -9.087069949437831 ], [ 160.223474159736014, -9.08678396393924 ], [ 160.224955920017351, -9.083797013779863 ], [ 160.22507616041645, -9.074661997179263 ], [ 160.227541080063901, -9.081075942382713 ], [ 160.22466504013849, -9.089313032774726 ], [ 160.225724160146683, -9.094381068779484 ], [ 160.228515959658012, -9.095069978099952 ], [ 160.229174040282317, -9.097054938424478 ], [ 160.226623079996955, -9.100697973819614 ], [ 160.22655396002574, -9.107504060125647 ], [ 160.221923999932244, -9.111293082465261 ], [ 160.223748119846533, -9.114627970948099 ], [ 160.23221316036441, -9.119064014452764 ], [ 160.232558039771675, -9.120848014188722 ], [ 160.229274119791484, -9.12438897116637 ], [ 160.231295879848062, -9.12993493179335 ], [ 160.230763080069863, -9.134846001173516 ], [ 160.234962839668697, -9.130419040343194 ], [ 160.239156840168334, -9.133837988689111 ], [ 160.242819119766381, -9.132174014404313 ], [ 160.239839039659699, -9.127676997547098 ], [ 160.241166000454683, -9.124669950755127 ], [ 160.240317839909522, -9.121629998887263 ], [ 160.236065159658892, -9.126316009577762 ], [ 160.234494839863572, -9.121462938685942 ], [ 160.235952839705703, -9.120141915498381 ], [ 160.233999840294274, -9.118205957356038 ], [ 160.241409000128925, -9.1173820216274 ], [ 160.241928120361933, -9.121831004372289 ], [ 160.244667000119904, -9.122903920599081 ], [ 160.244850959818706, -9.125577043714697 ], [ 160.247283119704406, -9.127520958753509 ], [ 160.246833120340909, -9.133668979154347 ], [ 160.249304160210357, -9.137425023337308 ], [ 160.239539880008834, -9.137447059793727 ], [ 160.237428839989462, -9.143546037917421 ], [ 160.231462919778494, -9.144008090792916 ], [ 160.235979119919307, -9.14677097710214 ], [ 160.240710959745826, -9.14721898685843 ], [ 160.242648840511009, -9.149151943833246 ], [ 160.248792960423259, -9.146183107883168 ], [ 160.253040960451159, -9.140911969171988 ], [ 160.256040119876161, -9.138913923711455 ], [ 160.256832839995269, -9.140091994994506 ], [ 160.262748000002802, -9.134841914168142 ], [ 160.262683920478651, -9.133333980917252 ], [ 160.260661079748814, -9.132391008473817 ], [ 160.26501599995683, -9.127487013939053 ], [ 160.268355000138655, -9.128262053353629 ], [ 160.268419079662834, -9.131330917062 ], [ 160.270376039746338, -9.132596094846102 ], [ 160.279296120074775, -9.126290062088096 ], [ 160.283124000502255, -9.127378071257038 ], [ 160.285392000456284, -9.126418022011309 ], [ 160.286524919759984, -9.122837985263962 ], [ 160.283206080468091, -9.119694048921884 ], [ 160.281830159693499, -9.115711038789732 ], [ 160.283702880261245, -9.110789931670821 ], [ 160.288278839928012, -9.106569906576276 ], [ 160.292477160425818, -9.107030941057168 ], [ 160.30198584028463, -9.094105042713403 ], [ 160.306353000038371, -9.093311977396612 ], [ 160.305017039920898, -9.08560891637693 ], [ 160.307741160358745, -9.081110957766048 ] ] ], [ [ [ 160.412358960143933, -9.137579102633012 ], [ 160.407599039879983, -9.138106029906305 ], [ 160.405950960116968, -9.136724999995732 ], [ 160.405548120509309, -9.123699052236972 ], [ 160.399595879843446, -9.126123004097451 ], [ 160.392338999720835, -9.12494204344525 ], [ 160.389542159762442, -9.122721931937662 ], [ 160.389839880312223, -9.118711941101878 ], [ 160.388307000501271, -9.116154999979765 ], [ 160.368365879820772, -9.11389200181172 ], [ 160.359770880030709, -9.11656288185522 ], [ 160.356737159721746, -9.119753054137171 ], [ 160.354491840432047, -9.119204061790265 ], [ 160.35118884023521, -9.111534971070927 ], [ 160.347863879822967, -9.109378048812317 ], [ 160.347997080216686, -9.104700879583545 ], [ 160.345735920035224, -9.100890993218821 ], [ 160.346525039706648, -9.096067969417268 ], [ 160.34432688017273, -9.090836082020353 ], [ 160.335227160143631, -9.083081954142081 ], [ 160.332177960065707, -9.074649021536535 ], [ 160.329355919668643, -9.07185304963213 ], [ 160.326056159695071, -9.060727957340747 ], [ 160.32208499977645, -9.056551959118321 ], [ 160.319139839879796, -9.057162906662921 ], [ 160.318377000421975, -9.058886065724552 ], [ 160.317262079763282, -9.057844954699435 ], [ 160.317273959982941, -9.059468035145375 ], [ 160.310451959679199, -9.060494032912091 ], [ 160.310796839984789, -9.064628035920142 ], [ 160.307673839713033, -9.068145019893162 ], [ 160.307992080478812, -9.071965031047371 ], [ 160.305919920443273, -9.07611205529621 ], [ 160.309024920273373, -9.080436952993825 ], [ 160.306750079648509, -9.084808011301261 ], [ 160.306659000360128, -9.088484942055493 ], [ 160.308550079797328, -9.091962056825714 ], [ 160.307799840109709, -9.094110019471966 ], [ 160.306769159865098, -9.09557403968738 ], [ 160.302668039776023, -9.096310935409283 ], [ 160.295763960404827, -9.107562888817414 ], [ 160.285718159871323, -9.113414092494022 ], [ 160.286352119831918, -9.117532910818921 ], [ 160.290266039998983, -9.118902995434294 ], [ 160.289945999907644, -9.122700960538372 ], [ 160.291635839653225, -9.124945952903524 ], [ 160.288887959674412, -9.127729958284046 ], [ 160.290981000150452, -9.129207880313121 ], [ 160.290659159835315, -9.131792985096526 ], [ 160.286199119671068, -9.130652918474793 ], [ 160.280658000181518, -9.136997971644519 ], [ 160.282681919788018, -9.138878913173375 ], [ 160.27901603974226, -9.140747049974077 ], [ 160.282191959767403, -9.144705966912422 ], [ 160.274489040055073, -9.141919961376731 ], [ 160.272038879727745, -9.14312503564447 ], [ 160.271210160521946, -9.144756081759242 ], [ 160.272367920039926, -9.146440079114068 ], [ 160.269267959758565, -9.147638029176031 ], [ 160.267226039710408, -9.151318933091348 ], [ 160.259955840267054, -9.152364037302309 ], [ 160.257331079787804, -9.157791921338992 ], [ 160.259843879639931, -9.160046999197837 ], [ 160.258903920255847, -9.164782971145254 ], [ 160.257827880479311, -9.165117940275529 ], [ 160.256898000192734, -9.162556000270037 ], [ 160.254325079691938, -9.163059078786778 ], [ 160.254690840437974, -9.165219052341069 ], [ 160.251621839694565, -9.16655199191865 ], [ 160.254524159833608, -9.169828077974767 ], [ 160.253609039765479, -9.172107957578071 ], [ 160.245605879728998, -9.16553891527521 ], [ 160.24864392003613, -9.163781973538327 ], [ 160.246901880087705, -9.160424976125309 ], [ 160.24304484034613, -9.164059011711243 ], [ 160.239644999965066, -9.16174496149279 ], [ 160.240073040011424, -9.159329960807195 ], [ 160.23660804033122, -9.160807040241433 ], [ 160.239472920485866, -9.167372082817094 ], [ 160.234869960156544, -9.167973066381435 ], [ 160.231908960266537, -9.164819044951543 ], [ 160.23032784002649, -9.164978977083946 ], [ 160.228302839746732, -9.15968803518181 ], [ 160.23025008005888, -9.157818044148391 ], [ 160.232888159858817, -9.158028980652707 ], [ 160.232263919669577, -9.154550021223503 ], [ 160.229724840502172, -9.153856962041035 ], [ 160.227672120009345, -9.150728049666251 ], [ 160.223830920261179, -9.149795964080544 ], [ 160.221876840176463, -9.15274806521677 ], [ 160.223101920340156, -9.158172033332329 ], [ 160.220271960395536, -9.162932020421851 ], [ 160.216085159892941, -9.163384985326591 ], [ 160.211279159648171, -9.159497003012632 ], [ 160.209960839747907, -9.161156051490922 ], [ 160.20923292050017, -9.168445039401181 ], [ 160.204456080467793, -9.170630035783899 ], [ 160.204515839993775, -9.172603914186821 ], [ 160.210650959685154, -9.175407092462015 ], [ 160.214037840071626, -9.172513998124687 ], [ 160.221143880481634, -9.170893030613152 ], [ 160.22170187980015, -9.167576082916243 ], [ 160.226849880351665, -9.167428058351561 ], [ 160.22749500008311, -9.170746962370302 ], [ 160.230338999797283, -9.174003995766206 ], [ 160.223882039790738, -9.171393075521916 ], [ 160.221075119836541, -9.178057964980981 ], [ 160.223078159900837, -9.180755017397415 ], [ 160.218808920106369, -9.182955931047887 ], [ 160.217997840219482, -9.185606034967508 ], [ 160.220175120211252, -9.188762004261056 ], [ 160.226313119901448, -9.19274703911516 ], [ 160.237064159916713, -9.1924099648901 ], [ 160.242909120178069, -9.193824006004627 ], [ 160.244237159849689, -9.19148491859997 ], [ 160.246656000414646, -9.191019017808012 ], [ 160.247405879877874, -9.186520969173539 ], [ 160.249083119853282, -9.185139949602998 ], [ 160.248134160248355, -9.182952021343068 ], [ 160.250646960100454, -9.183363025699572 ], [ 160.251033959714761, -9.181682046929465 ], [ 160.252377840278115, -9.183648044517268 ], [ 160.253376120087069, -9.181844992019792 ], [ 160.255864079724915, -9.181666054571497 ], [ 160.261116840008242, -9.184709046322981 ], [ 160.265193840331932, -9.184153046690884 ], [ 160.272152999904819, -9.188801985236129 ], [ 160.27505316049394, -9.189227019020848 ], [ 160.274439000300475, -9.184820103680906 ], [ 160.275821040398796, -9.179789070107358 ], [ 160.27926912031063, -9.176671048238486 ], [ 160.286339880286192, -9.175008873964249 ], [ 160.289070840496606, -9.171965976415018 ], [ 160.286730120123707, -9.170560911012196 ], [ 160.283833920206689, -9.172099961180527 ], [ 160.28602704019184, -9.169554954216435 ], [ 160.285572000381336, -9.164068075038667 ], [ 160.283384999719829, -9.16353905412354 ], [ 160.281933839650321, -9.165254948460797 ], [ 160.277527080362205, -9.164776041324789 ], [ 160.276268880212371, -9.165904092534399 ], [ 160.277010840127986, -9.163208881623616 ], [ 160.279598159724458, -9.162946947778028 ], [ 160.280474040482687, -9.161393996749313 ], [ 160.274981880074449, -9.161221979637594 ], [ 160.27370388015737, -9.162761959029705 ], [ 160.273519920458568, -9.158295894022539 ], [ 160.27528608017235, -9.159535920568725 ], [ 160.278783840512688, -9.158795067782883 ], [ 160.281591119793035, -9.156106023430345 ], [ 160.287759000144462, -9.158293050806456 ], [ 160.290938160392841, -9.152367058214633 ], [ 160.292561039717157, -9.156633100557405 ], [ 160.291782000041536, -9.159477988790847 ], [ 160.294435919834854, -9.158684002173619 ], [ 160.297230960467772, -9.160953113519154 ], [ 160.301351159875168, -9.161333932661574 ], [ 160.303073039831986, -9.15890098076213 ], [ 160.308033840461462, -9.160239986046612 ], [ 160.317789120442171, -9.169723057386431 ], [ 160.31975795984701, -9.173449045846297 ], [ 160.327887839830737, -9.178226953137658 ], [ 160.328339999642481, -9.180981044315164 ], [ 160.330735079768175, -9.183514952333875 ], [ 160.33934988022375, -9.185271086328694 ], [ 160.345113119845365, -9.181451933109454 ], [ 160.356909959649812, -9.186343099902984 ], [ 160.357060079811873, -9.183837997722646 ], [ 160.361115840369052, -9.18511400646255 ], [ 160.362154079936744, -9.18317609199041 ], [ 160.35803208030552, -9.179837936500464 ], [ 160.360984079974742, -9.173744912187825 ], [ 160.356732120173007, -9.168985070149827 ], [ 160.356633120438829, -9.163882020134904 ], [ 160.361416079794878, -9.168788000612174 ], [ 160.363960919858215, -9.173897021526825 ], [ 160.367585039921295, -9.175471952108529 ], [ 160.369518960014432, -9.178787048679752 ], [ 160.372517039664444, -9.178441964747824 ], [ 160.373728080058555, -9.171406935793716 ], [ 160.377027840032156, -9.172560910622764 ], [ 160.380205920505546, -9.170808090678253 ], [ 160.382278079642788, -9.171248961512672 ], [ 160.382408039813271, -9.168319937922634 ], [ 160.384682159989296, -9.165890054403588 ], [ 160.387287119803005, -9.164653959343156 ], [ 160.389266040101973, -9.165517058223525 ], [ 160.385654160482915, -9.160977991693539 ], [ 160.386507000352395, -9.157211000544962 ], [ 160.392152880472082, -9.149755979547194 ], [ 160.395825960514799, -9.146804031799949 ], [ 160.403631839735084, -9.14851396429585 ], [ 160.405395839898972, -9.145018918333154 ], [ 160.408906920458321, -9.142830920901057 ], [ 160.408726920533269, -9.140669033038408 ], [ 160.412358960143933, -9.137579102633012 ] ] ], [ [ [ 160.114974119770579, -8.976835035880912 ], [ 160.114600080150893, -8.973957051935187 ], [ 160.108422119803578, -8.967127995563908 ], [ 160.097142960232816, -8.961812980040882 ], [ 160.094166120349342, -8.957296054090712 ], [ 160.094539080194011, -8.954949911477565 ], [ 160.089785999702627, -8.949054884002557 ], [ 160.087632119925701, -8.950049012288257 ], [ 160.075236959921227, -8.947616052304353 ], [ 160.065942120422534, -8.950061992465756 ], [ 160.065533159694468, -8.958115022239994 ], [ 160.058999160169208, -8.960303966340453 ], [ 160.056474840321869, -8.965643006514526 ], [ 160.059308040489725, -8.966051059360217 ], [ 160.068242880138342, -8.963102047009098 ], [ 160.073229960083125, -8.967382960937494 ], [ 160.077026160523729, -8.965383950946947 ], [ 160.07898816015603, -8.966634955944691 ], [ 160.081130880162192, -8.964821033045347 ], [ 160.082975880516898, -8.965305006749137 ], [ 160.084431000360212, -8.968718946483541 ], [ 160.078255920011742, -8.972290915909648 ], [ 160.075560959786316, -8.978329935293054 ], [ 160.070137920247646, -8.978419899788687 ], [ 160.073097840362692, -8.98359901589539 ], [ 160.070936040139912, -8.985661041328351 ], [ 160.071955919939825, -8.991162029061252 ], [ 160.067556000424304, -8.991255012616257 ], [ 160.064678879825607, -9.000382009757862 ], [ 160.057729079799685, -9.008618991242161 ], [ 160.053585119952999, -9.010183981957796 ], [ 160.055929079650781, -9.018343940778495 ], [ 160.062433919862002, -9.024540053617153 ], [ 160.066400040231855, -9.031934930397254 ], [ 160.07415084014886, -9.029201022433185 ], [ 160.075518120028732, -9.027085026146626 ], [ 160.076751119739953, -9.012111988930783 ], [ 160.074245880109316, -9.008985039688532 ], [ 160.075617840211805, -9.00762911229984 ], [ 160.074532079765561, -9.004643993577345 ], [ 160.079952959754308, -9.003342985757858 ], [ 160.080212159646379, -9.002086951570465 ], [ 160.07678496017499, -8.998965071194139 ], [ 160.079460840183771, -8.998652881119547 ], [ 160.078970880163212, -8.996934945326169 ], [ 160.082831160127995, -8.995032992090016 ], [ 160.08314292044733, -8.992230001500383 ], [ 160.085004839672109, -8.99162107796996 ], [ 160.088056919748851, -8.993198943184355 ], [ 160.090081920028609, -8.990997041958284 ], [ 160.09234488043387, -8.985076108483412 ], [ 160.089010919800813, -8.983554034301401 ], [ 160.089045120460298, -8.982338113510114 ], [ 160.094580119727794, -8.980126010970016 ], [ 160.09522415968425, -8.977299081568487 ], [ 160.099040880340908, -8.976481045042474 ], [ 160.097240159743166, -8.980340963443036 ], [ 160.101527039754899, -8.982628093131003 ], [ 160.101869040061644, -8.984286003562108 ], [ 160.099858080449792, -8.986732052524308 ], [ 160.10220887992017, -8.987939069165634 ], [ 160.099973999952368, -8.989732075191998 ], [ 160.097883119924603, -8.988744990263495 ], [ 160.09624583970799, -8.99117607412375 ], [ 160.096497120052533, -8.994589947493541 ], [ 160.102539000007312, -8.995889920842389 ], [ 160.104620879814206, -9.002523941591193 ], [ 160.108023960418564, -9.004021046654255 ], [ 160.109982000277029, -8.995905032972471 ], [ 160.113611159888904, -8.989887995984299 ], [ 160.112077919853533, -8.985329994684614 ], [ 160.114593959928868, -8.983578036274851 ], [ 160.111851839947661, -8.97934105121776 ], [ 160.114974119770579, -8.976835035880912 ] ] ], [ [ [ 160.042277879944749, -8.912342971566053 ], [ 160.036508880325471, -8.888595035310923 ], [ 160.033344120071121, -8.882714052620994 ], [ 160.025606999699249, -8.878396043825589 ], [ 160.022419919903314, -8.885945057037704 ], [ 160.020018000005081, -8.885801895881704 ], [ 160.019733959898758, -8.881110988903755 ], [ 160.01662104052113, -8.880821995955925 ], [ 160.01370899971235, -8.887110082350798 ], [ 160.012491839994567, -8.88546595722554 ], [ 160.00977996000077, -8.885231030292447 ], [ 160.012319040066501, -8.88295591649505 ], [ 160.008726960214631, -8.881041986577415 ], [ 160.005562920409091, -8.882195111754676 ], [ 160.002374040389356, -8.880081104789046 ], [ 160.000206840393361, -8.880537981615705 ], [ 159.998834159842005, -8.881927105221953 ], [ 159.99887196005082, -8.886288998964044 ], [ 159.996551040343462, -8.885809009808257 ], [ 159.995750040452378, -8.883842098044589 ], [ 159.995769840219538, -8.88929304990519 ], [ 159.988845960182857, -8.894136968663551 ], [ 159.988039919844709, -8.905874999058256 ], [ 159.986562839785961, -8.908815049012681 ], [ 159.983226000052383, -8.910677975625605 ], [ 159.982827120218445, -8.9138980629996 ], [ 159.987107880008182, -8.916721929793017 ], [ 159.990558120368291, -8.917185873586485 ], [ 159.992100000400029, -8.919497050003372 ], [ 159.992146080380877, -8.923349927313494 ], [ 159.994310040153636, -8.923623060893226 ], [ 159.993160919733754, -8.919944098145098 ], [ 159.993816839909812, -8.915499916409855 ], [ 159.991876080044108, -8.91319796185892 ], [ 159.995934000151209, -8.907737051105535 ], [ 159.9931029604316, -8.903601080960723 ], [ 159.994856879701359, -8.901716066778478 ], [ 159.993646919980506, -8.898780049615448 ], [ 159.999963839820794, -8.897341019763267 ], [ 159.999975000489911, -8.905274999922113 ], [ 160.005085920383152, -8.910757998430014 ], [ 160.006821840109524, -8.902515953883158 ], [ 160.003427040175495, -8.893443942975873 ], [ 159.994734839976758, -8.892515993758943 ], [ 159.999383159837976, -8.891883073644532 ], [ 159.999722999696502, -8.890542003745713 ], [ 160.001539920512045, -8.891487031007046 ], [ 160.001488080533647, -8.889177989063956 ], [ 160.003734839822783, -8.89109009814953 ], [ 160.004247120283196, -8.889027004206234 ], [ 160.006668120398132, -8.890370035292484 ], [ 160.005323880508627, -8.892239991290518 ], [ 160.007033159796975, -8.892668043826335 ], [ 160.007727959956839, -8.896580066620579 ], [ 160.012802879865063, -8.898663924252142 ], [ 160.016721840479136, -8.896838104172183 ], [ 160.017060959888795, -8.899080054704594 ], [ 160.022961000351785, -8.903104932127643 ], [ 160.031341080006769, -8.915309999161055 ], [ 160.036417079689954, -8.913935939945716 ], [ 160.040004840441952, -8.915263053579855 ], [ 160.042277879944749, -8.912342971566053 ] ] ], [ [ [ 160.058940120193739, -8.946196951499267 ], [ 160.052892120016963, -8.945462950091615 ], [ 160.045521840166117, -8.949903031706187 ], [ 160.038464040185175, -8.949901965208927 ], [ 160.038513000164784, -8.959154110096799 ], [ 160.042366080132581, -8.959273949484148 ], [ 160.044143040291061, -8.957985047396816 ], [ 160.046152920127952, -8.960850000282349 ], [ 160.049526120070936, -8.961237966373229 ], [ 160.055359919663204, -8.954180011369889 ], [ 160.055502839828279, -8.950132937720205 ], [ 160.057943999934793, -8.949935926089461 ], [ 160.058940120193739, -8.946196951499267 ] ] ], [ [ [ 159.989964120166434, -8.889906945932321 ], [ 159.984564119719835, -8.883414035062341 ], [ 159.980172119751842, -8.881964985520376 ], [ 159.971056919953753, -8.882125931852054 ], [ 159.972068880206166, -8.885455108990916 ], [ 159.976302840464541, -8.884687017775335 ], [ 159.978444120471295, -8.888276882604176 ], [ 159.977670120344385, -8.891997066956188 ], [ 159.974130960245901, -8.892955071755514 ], [ 159.975995039918956, -8.894534964836385 ], [ 159.975623159849192, -8.901055954478448 ], [ 159.978457080465915, -8.900997980607544 ], [ 159.983508960383716, -8.897204975929052 ], [ 159.985932120048545, -8.893965001920558 ], [ 159.988745879775337, -8.892982991778286 ], [ 159.989964120166434, -8.889906945932321 ] ] ], [ [ [ 160.158657960447016, -9.109906083408154 ], [ 160.150759920366824, -9.103834967260406 ], [ 160.150898160309254, -9.101106051241894 ], [ 160.147338119770296, -9.096487071698274 ], [ 160.144334999673163, -9.097202992600087 ], [ 160.134926039997424, -9.090531970019963 ], [ 160.134388920221056, -9.097865058457412 ], [ 160.139989079686018, -9.099270055370361 ], [ 160.143872040315102, -9.102396042175265 ], [ 160.14562704025812, -9.104980985611826 ], [ 160.145595000046882, -9.10794998602522 ], [ 160.147580039669549, -9.107989976201013 ], [ 160.150244040356995, -9.111640009045983 ], [ 160.152633000260664, -9.110203957611207 ], [ 160.15836707966983, -9.11266603491819 ], [ 160.158657960447016, -9.109906083408154 ] ] ], [ [ [ 160.025423040000419, -8.980960040598591 ], [ 160.02354815988275, -8.974149961513888 ], [ 160.020808919900333, -8.972607928822351 ], [ 160.013897999858244, -8.97617505879556 ], [ 160.015727160219541, -8.978577069658954 ], [ 160.016894999733296, -8.977799929560973 ], [ 160.020222840144385, -8.979626054906308 ], [ 160.02030887988397, -8.983754939361646 ], [ 160.023072960080583, -8.985675975265961 ], [ 160.024687919857342, -8.985110955584693 ], [ 160.025423040000419, -8.980960040598591 ] ] ], [ [ [ 160.040689919932163, -8.849588040097515 ], [ 160.034902919871229, -8.846463964666414 ], [ 160.032183839880446, -8.850192042194642 ], [ 160.027405920073164, -8.851140018568257 ], [ 160.025814000286829, -8.852855084197184 ], [ 160.026849000529637, -8.854184908359866 ], [ 160.037316000438608, -8.854588995300031 ], [ 160.040689919932163, -8.849588040097515 ] ] ], [ [ [ 160.227018000057086, -8.997533014947987 ], [ 160.222205160039749, -8.990512034825244 ], [ 160.219999080059949, -8.990048006276353 ], [ 160.220977920326163, -9.001356085112386 ], [ 160.224329880502609, -9.004932000153364 ], [ 160.225338959857879, -8.999048985163252 ], [ 160.227018000057086, -8.997533014947987 ] ] ], [ [ [ 160.208477999691581, -9.186380948690379 ], [ 160.205807879680407, -9.180990995373261 ], [ 160.201541159660223, -9.180387012585498 ], [ 160.200258839745032, -9.183250013028317 ], [ 160.204529879763328, -9.187444962815665 ], [ 160.206958079875221, -9.188292902500333 ], [ 160.208477999691581, -9.186380948690379 ] ] ], [ [ [ 160.014210120402026, -8.905852948271491 ], [ 160.008539039843726, -8.900673080733656 ], [ 160.009827840205418, -8.90668092294451 ], [ 160.014210120402026, -8.905852948271491 ] ] ], [ [ [ 160.040045879975708, -8.961099101888824 ], [ 160.038636840113242, -8.959920088258018 ], [ 160.037235000247733, -8.960995976411743 ], [ 160.035126119778312, -8.963885974995966 ], [ 160.035567119819291, -8.965768000028763 ], [ 160.037465039927355, -8.965719994585932 ], [ 160.040045879975708, -8.961099101888824 ] ] ], [ [ [ 159.968319119970801, -8.912761931427202 ], [ 159.967753919756944, -8.911272986469273 ], [ 159.965523000461246, -8.914025030838053 ], [ 159.961438079691646, -8.914854055142218 ], [ 159.962542920354537, -8.917911930551844 ], [ 159.968319119970801, -8.912761931427202 ] ] ], [ [ [ 160.256117879843771, -9.188013039634502 ], [ 160.255290959963531, -9.184040923328253 ], [ 160.253385120307883, -9.182800982628226 ], [ 160.250823000251756, -9.186603062309194 ], [ 160.256117879843771, -9.188013039634502 ] ] ], [ [ [ 159.991005960181809, -8.952298103292247 ], [ 159.988965119908613, -8.949835997790332 ], [ 159.986660040194664, -8.953279064790015 ], [ 159.988228919990604, -8.954579897310534 ], [ 159.991005960181809, -8.952298103292247 ] ] ], [ [ [ 160.005079079712232, -8.8748359598509 ], [ 160.000995960064785, -8.871587962842906 ], [ 159.998329080276875, -8.873400926530161 ], [ 160.003347840208477, -8.877107922758572 ], [ 160.005079079712232, -8.8748359598509 ] ] ], [ [ [ 160.102299960106848, -9.033955082125752 ], [ 160.101937080257898, -9.032164962257156 ], [ 160.096233960386655, -9.028810996717278 ], [ 160.098885000181212, -9.031715030473389 ], [ 160.099160040066721, -9.03526806761591 ], [ 160.101291960526538, -9.035538095676733 ], [ 160.102299960106848, -9.033955082125752 ] ] ], [ [ [ 160.105768920459127, -9.041614988646268 ], [ 160.103427120311267, -9.038533980401182 ], [ 160.100489160411627, -9.040215988097422 ], [ 160.10231292010144, -9.041910964675637 ], [ 160.105768920459127, -9.041614988646268 ] ] ], [ [ [ 159.995081160281671, -8.880245076071397 ], [ 159.988368960156834, -8.878635954060089 ], [ 159.990383880440817, -8.881895982463476 ], [ 159.995081160281671, -8.880245076071397 ] ] ], [ [ [ 160.189810920052651, -9.114929040956021 ], [ 160.187718960249896, -9.113550053931149 ], [ 160.187370120170584, -9.118516977136297 ], [ 160.18935408001829, -9.118285045263942 ], [ 160.189810920052651, -9.114929040956021 ] ] ], [ [ [ 160.01365895995778, -8.913736953055265 ], [ 160.01164115967498, -8.913561971814579 ], [ 160.00822296042449, -8.910024992272794 ], [ 160.006923000291977, -8.911795976029859 ], [ 160.011402840223383, -8.914658980524871 ], [ 160.01365895995778, -8.913736953055265 ] ] ], [ [ [ 159.996224160479557, -8.943515918308623 ], [ 159.994509839845847, -8.942399082021147 ], [ 159.992547119764708, -8.944581008273209 ], [ 159.995167920470152, -8.945138978187304 ], [ 159.996224160479557, -8.943515918308623 ] ] ], [ [ [ 160.245304919854277, -9.19645306233547 ], [ 160.244238960073545, -9.195448955357081 ], [ 160.242174000035021, -9.198514040055132 ], [ 160.245001079980796, -9.198046905260666 ], [ 160.245304919854277, -9.19645306233547 ] ] ], [ [ [ 160.157539080014601, -9.122874951692285 ], [ 160.155834119826153, -9.122311036021699 ], [ 160.155920160464092, -9.126223061418477 ], [ 160.157539080014601, -9.122874951692285 ] ] ], [ [ [ 160.187496840117859, -9.113146078158877 ], [ 160.185848039906006, -9.110377954934593 ], [ 160.183504080208195, -9.10988706650539 ], [ 160.183749959881254, -9.111972005765676 ], [ 160.187496840117859, -9.113146078158877 ] ] ], [ [ [ 160.035202080420419, -8.987914001100647 ], [ 160.033248000335732, -8.987787059386328 ], [ 160.03200708017863, -8.990235928966705 ], [ 160.033624919954207, -8.990539058624462 ], [ 160.035202080420419, -8.987914001100647 ] ] ], [ [ [ 160.107176879648307, -9.045722899155889 ], [ 160.106712120066419, -9.044256010067187 ], [ 160.104116880024094, -9.043733922117786 ], [ 160.10685684045535, -9.046644058012411 ], [ 160.107176879648307, -9.045722899155889 ] ] ], [ [ [ 160.158390840109092, -9.097199082834251 ], [ 160.155083159689667, -9.095210923347159 ], [ 160.154723880288401, -9.097172955525947 ], [ 160.158390840109092, -9.097199082834251 ] ] ], [ [ [ 160.116548040013583, -9.101473960501819 ], [ 160.11571895968504, -9.100175079793424 ], [ 160.114389119789564, -9.101730963466526 ], [ 160.115151960145681, -9.102876099390455 ], [ 160.116548040013583, -9.101473960501819 ] ] ], [ [ [ 160.150952880286439, -9.114986980073779 ], [ 160.150022999999862, -9.11288695149155 ], [ 160.148955960444141, -9.114334010058268 ], [ 160.150952880286439, -9.114986980073779 ] ] ], [ [ [ 159.988596119837695, -8.883944000242936 ], [ 159.988060079836316, -8.882545993453718 ], [ 159.98703588003815, -8.88354901649878 ], [ 159.987895919904645, -8.884727920966958 ], [ 159.988596119837695, -8.883944000242936 ] ] ], [ [ [ 160.099182000282127, -9.006137000364127 ], [ 160.09851095966323, -9.004511902070993 ], [ 160.097587920047516, -9.005933975228087 ], [ 160.099182000282127, -9.006137000364127 ] ] ], [ [ [ 160.0976390404754, -8.988753879456747 ], [ 160.09730316039068, -8.987612114226273 ], [ 160.096587840014763, -8.988576978842616 ], [ 160.0976390404754, -8.988753879456747 ] ] ] ] } },
{ "type": "Feature", "properties": { "shapeName": "Savo-Russull Islands", "shapeISO": "", "shapeID": "97153195B89982446723092", "shapeGroup": "SLB", "shapeType": "ADM2" }, "geometry": { "type": "MultiPolygon", "coordinates": [ [ [ [ 159.125906160373717, -9.107943055084753 ], [ 159.136243919662746, -9.111142012933998 ], [ 159.140831039998687, -9.114108118807943 ], [ 159.141201119844595, -9.115582009869328 ], [ 159.138695159765064, -9.116965076158129 ], [ 159.143308919640702, -9.115614000603697 ], [ 159.144656040427293, -9.11709606068413 ], [ 159.14670084047421, -9.109078040085382 ], [ 159.150260159666033, -9.103078003931765 ], [ 159.153135119816483, -9.101682086213518 ], [ 159.158388959874799, -9.094622969867608 ], [ 159.166490039870524, -9.082088014675035 ], [ 159.170088960393286, -9.073401945938432 ], [ 159.178146119958114, -9.061785058598826 ], [ 159.178392000529499, -9.057963872459718 ], [ 159.180154920020101, -9.057234008329326 ], [ 159.179057999803064, -9.055595986656618 ], [ 159.180613920502736, -9.05524296162165 ], [ 159.18142283994132, -9.050799017658338 ], [ 159.184767960345198, -9.04509397954009 ], [ 159.192915120321715, -9.036282935313389 ], [ 159.202483919930955, -9.032954962036571 ], [ 159.205038120439525, -9.029529007304188 ], [ 159.201870119961939, -9.027963033501276 ], [ 159.193974959880478, -9.028966011877559 ], [ 159.185007000245662, -9.034910045684354 ], [ 159.176849039824475, -9.03710794656714 ], [ 159.17346683966062, -9.033367027938683 ], [ 159.171887879868876, -9.027772108707305 ], [ 159.164717040384147, -9.016340057546634 ], [ 159.163408080030848, -9.016822007515717 ], [ 159.163189919672476, -9.014291006715341 ], [ 159.158599920236099, -9.010583095327091 ], [ 159.158327039900598, -9.013919985832032 ], [ 159.163626959939705, -9.017433910116779 ], [ 159.165749880178709, -9.022528915412689 ], [ 159.169309919819341, -9.038863022898804 ], [ 159.163371000270814, -9.039732113262854 ], [ 159.16008600051569, -9.034582955203888 ], [ 159.158688839974531, -9.027504031359648 ], [ 159.157118159954763, -9.025578061605952 ], [ 159.154031880116833, -9.025380024372629 ], [ 159.15152196026358, -9.029087961268877 ], [ 159.155882999795267, -9.03548192151991 ], [ 159.159941999677329, -9.0500559845515 ], [ 159.155443080427631, -9.048366023340105 ], [ 159.15265091979353, -9.042981097874755 ], [ 159.148626119672628, -9.039291079878364 ], [ 159.147943920181234, -9.034301905869269 ], [ 159.145422839658892, -9.033242945730599 ], [ 159.139938959920954, -9.038282976257644 ], [ 159.14440116053342, -9.044310049513646 ], [ 159.145820999942259, -9.05182895075686 ], [ 159.143014079988063, -9.050951889946747 ], [ 159.140157120279241, -9.042972031437511 ], [ 159.13781495990699, -9.041507975149301 ], [ 159.13495404042439, -9.044273963387402 ], [ 159.133925160403606, -9.0502749837378 ], [ 159.131714039976742, -9.047729997690654 ], [ 159.132859920173416, -9.04433902485497 ], [ 159.130938960074872, -9.043814981403481 ], [ 159.135573959717135, -9.040598002822433 ], [ 159.138987839867781, -9.040201055550936 ], [ 159.136652159941917, -9.038167961431697 ], [ 159.134127840094663, -9.031739029207088 ], [ 159.134456880406816, -9.014340962315288 ], [ 159.136742879904176, -9.005317073998995 ], [ 159.134778000273116, -8.998691105464728 ], [ 159.131469960527539, -8.998714927803363 ], [ 159.129950039812911, -8.995610974615877 ], [ 159.13016495994799, -8.998845066476697 ], [ 159.127799040034773, -9.003827975469346 ], [ 159.1203229197788, -9.013169055214949 ], [ 159.117517080497919, -9.014276962562228 ], [ 159.112941119932799, -9.012265945045831 ], [ 159.105653999822749, -8.997120908514464 ], [ 159.094395000243509, -8.998576078752372 ], [ 159.07680504015616, -8.996359986292696 ], [ 159.075789120129969, -8.998789952887854 ], [ 159.096025080463107, -9.013540965469385 ], [ 159.100026120144719, -9.018257009289918 ], [ 159.105417120370532, -9.019716004829592 ], [ 159.109873920311514, -9.024909996275328 ], [ 159.11190791991379, -9.033947082597841 ], [ 159.109104959733401, -9.039045053801219 ], [ 159.111712079995357, -9.04468299433719 ], [ 159.111501840082894, -9.048601911360464 ], [ 159.113545919680945, -9.049670068812626 ], [ 159.113675879851456, -9.052873990580126 ], [ 159.115799879865421, -9.056113968356089 ], [ 159.112677960266922, -9.053775933269206 ], [ 159.108752159880254, -9.04464904157066 ], [ 159.105494880338142, -9.043717034987489 ], [ 159.104057040487646, -9.044846001861616 ], [ 159.104901959911274, -9.050158018097468 ], [ 159.103653839757186, -9.054507048394639 ], [ 159.104121120011797, -9.048203017430982 ], [ 159.101762039871119, -9.041140004496173 ], [ 159.10136208026222, -9.031045021859669 ], [ 159.09442883978025, -9.022744020071485 ], [ 159.086379959987369, -9.022563936571125 ], [ 159.083619120013992, -9.023564973528128 ], [ 159.082152119951047, -9.027784018905397 ], [ 159.085518119897046, -9.029951920147784 ], [ 159.085851119982976, -9.039043987569981 ], [ 159.088731840131061, -9.048324961117086 ], [ 159.086841120019955, -9.055942966971948 ], [ 159.086427119743178, -9.050746045395263 ], [ 159.084037080064547, -9.049577989895067 ], [ 159.081638040165103, -9.043539094538881 ], [ 159.079343040446901, -9.031660100568157 ], [ 159.068508120241944, -9.0306430862766 ], [ 159.067770120100079, -9.031547039292098 ], [ 159.070597920494748, -9.032319086520598 ], [ 159.070818959953556, -9.034507049116003 ], [ 159.065614079874848, -9.038258977965482 ], [ 159.062357159658859, -9.038445097296863 ], [ 159.060909960261398, -9.040412061429702 ], [ 159.063437879658039, -9.033168995039363 ], [ 159.06010391992325, -9.038904086215235 ], [ 159.060224879872891, -9.04465295191654 ], [ 159.057686880480475, -9.047597032770843 ], [ 159.059025000147898, -9.052973001553163 ], [ 159.057488880113738, -9.056706073696454 ], [ 159.064751160009564, -9.057504908172938 ], [ 159.062298840132314, -9.061689960243129 ], [ 159.062376960324343, -9.068041925376809 ], [ 159.060777120092126, -9.068004063863953 ], [ 159.055193880395592, -9.05636495989916 ], [ 159.048656999973161, -9.055639892082057 ], [ 159.047814959649997, -9.060932019159335 ], [ 159.045292079802124, -9.063671017282633 ], [ 159.039874079812137, -9.06045208272684 ], [ 159.030623880294854, -9.058507092389194 ], [ 159.028373160333643, -9.061119015970997 ], [ 159.030979920371209, -9.068672049042817 ], [ 159.028953119867623, -9.072941046176981 ], [ 159.029002079847231, -9.077475011007147 ], [ 159.035262120160326, -9.077315040035208 ], [ 159.045261839814685, -9.085253965852809 ], [ 159.045239160048709, -9.087850942004769 ], [ 159.048107999977134, -9.092179075642138 ], [ 159.047057159740945, -9.098347965533348 ], [ 159.052956839979515, -9.105804950315482 ], [ 159.053572079947912, -9.110468952017634 ], [ 159.056184960207474, -9.110399993083524 ], [ 159.069369960332267, -9.09610102887325 ], [ 159.074296920526677, -9.097779923210298 ], [ 159.076177919968103, -9.101045976862236 ], [ 159.080945040229068, -9.102152902696421 ], [ 159.082827839894293, -9.107044981537797 ], [ 159.081512039768398, -9.115435917740792 ], [ 159.084757079764756, -9.119370057073459 ], [ 159.084924840144083, -9.124881083923368 ], [ 159.088183919910051, -9.124932979108445 ], [ 159.094083960373013, -9.121733078660384 ], [ 159.098128920485493, -9.11657407840287 ], [ 159.09926112023868, -9.111924907510497 ], [ 159.101327880501032, -9.110383997480172 ], [ 159.124101840226643, -9.108403020855993 ], [ 159.124574160030022, -9.107196941178801 ], [ 159.125906160373717, -9.107943055084753 ] ] ], [ [ [ 159.230999880409939, -9.094579068382851 ], [ 159.226560000237271, -9.084544064628767 ], [ 159.22645703983099, -9.078446923290059 ], [ 159.221564999846606, -9.07548407621637 ], [ 159.21750887996339, -9.076701994992822 ], [ 159.209469000391323, -9.084569125883322 ], [ 159.198293159654611, -9.088208022981881 ], [ 159.194045880075521, -9.092144949747684 ], [ 159.192390959641642, -9.095925958451884 ], [ 159.193607040482817, -9.091679096717556 ], [ 159.201709919804046, -9.081025997061097 ], [ 159.206801039930099, -9.078775040341339 ], [ 159.214277160186015, -9.071414010746002 ], [ 159.22379196026688, -9.068945961774389 ], [ 159.224182919654965, -9.065099966981235 ], [ 159.219536039793098, -9.060345964273074 ], [ 159.217320960490781, -9.053542004256926 ], [ 159.225455880023247, -9.040618979088581 ], [ 159.226341120328414, -9.034241997871474 ], [ 159.224273999841614, -9.03212994204323 ], [ 159.226387919859775, -9.02733906017164 ], [ 159.228782999985441, -9.027008051298974 ], [ 159.227651160456674, -9.024190020640606 ], [ 159.224393880016265, -9.023211917577225 ], [ 159.220826999704741, -9.025495930999202 ], [ 159.223497119715944, -9.028418125419668 ], [ 159.222885840419593, -9.036546029372936 ], [ 159.217064999923593, -9.03851495877219 ], [ 159.215442840149848, -9.034321993076011 ], [ 159.212814119896876, -9.043236009062145 ], [ 159.208638119838952, -9.049659937239655 ], [ 159.211859040069982, -9.052194954759523 ], [ 159.215748840471605, -9.052229973889272 ], [ 159.21572688025617, -9.055829913422066 ], [ 159.211958039804159, -9.055563101115224 ], [ 159.210156959880322, -9.051321983718061 ], [ 159.208229880458077, -9.050210990448251 ], [ 159.201897840174951, -9.054323069849412 ], [ 159.195621959868447, -9.062440967874748 ], [ 159.19362108025237, -9.073812898760664 ], [ 159.19024212031178, -9.07912395428532 ], [ 159.189095879890687, -9.073732024017291 ], [ 159.191089919734196, -9.064735930908807 ], [ 159.188775120248835, -9.062988980449916 ], [ 159.186120119782203, -9.064152903977432 ], [ 159.177828959865622, -9.076710881988678 ], [ 159.173453160115457, -9.088252102045695 ], [ 159.165730080411493, -9.098199023459998 ], [ 159.163270919863351, -9.119139014980423 ], [ 159.168566880128708, -9.126370037380349 ], [ 159.178812120130004, -9.132116078114093 ], [ 159.174941039720579, -9.13215197672478 ], [ 159.168841920014216, -9.129543060138326 ], [ 159.159210840206327, -9.119811880785113 ], [ 159.157099079738117, -9.1206599820958 ], [ 159.153384960161645, -9.12610807606945 ], [ 159.153705000252955, -9.129371027430629 ], [ 159.157378080295672, -9.132976056443233 ], [ 159.170486040003397, -9.133395115740162 ], [ 159.176441159769695, -9.137460033127397 ], [ 159.186530879835772, -9.133652984607638 ], [ 159.192956159855498, -9.133252052970956 ], [ 159.197713919671173, -9.134587955523394 ], [ 159.20243100017754, -9.133673954461687 ], [ 159.21152891998284, -9.125259098675588 ], [ 159.213476879845501, -9.119799972788908 ], [ 159.219006840462612, -9.114434070727553 ], [ 159.218863920297508, -9.111325961933474 ], [ 159.223561919688933, -9.10171603351279 ], [ 159.228336960395751, -9.09701192651552 ], [ 159.229703880051176, -9.097394058581333 ], [ 159.230999880409939, -9.094579068382851 ] ] ], [ [ [ 159.839740080505209, -9.124913963016532 ], [ 159.827411160473105, -9.109237997571388 ], [ 159.821196839916411, -9.106310062606198 ], [ 159.818379839966383, -9.100198896217767 ], [ 159.810234840438085, -9.100180944839179 ], [ 159.792482160418501, -9.110205912868507 ], [ 159.786798119865551, -9.11814197635498 ], [ 159.784157880515693, -9.134050005537564 ], [ 159.785286120495073, -9.137849052581588 ], [ 159.793505999992192, -9.150109088615496 ], [ 159.799741919641605, -9.154751008782107 ], [ 159.802475040300294, -9.15933991158759 ], [ 159.809951159657885, -9.164400023150682 ], [ 159.817050000070935, -9.162793945471165 ], [ 159.824765879777885, -9.154449083729489 ], [ 159.83275716049306, -9.150710101756376 ], [ 159.835129920178844, -9.147931962244609 ], [ 159.837798960415057, -9.141326042027105 ], [ 159.83777988019844, -9.131043012304046 ], [ 159.839740080505209, -9.124913963016532 ] ] ], [ [ [ 159.14044907993312, -9.15928802237552 ], [ 159.138217079964136, -9.150369077010668 ], [ 159.128007839947827, -9.135795009145474 ], [ 159.122789999874527, -9.133981939507528 ], [ 159.119056080530868, -9.135747914969025 ], [ 159.110951039863039, -9.133997045751766 ], [ 159.106704120508397, -9.135367956366018 ], [ 159.104394000347327, -9.143042044062001 ], [ 159.12573695999501, -9.160651016159935 ], [ 159.135107039686972, -9.16474494327389 ], [ 159.138690839766838, -9.163660957958207 ], [ 159.14044907993312, -9.15928802237552 ] ] ], [ [ [ 159.256895040183451, -9.117726987000411 ], [ 159.255147959787962, -9.116097061054022 ], [ 159.255568080286793, -9.108146022750205 ], [ 159.247713959739087, -9.103826969310013 ], [ 159.242465160127807, -9.104535944321825 ], [ 159.234638040242629, -9.113097914052283 ], [ 159.233964840073725, -9.120109035959711 ], [ 159.236885880205023, -9.129399107503811 ], [ 159.236101080531796, -9.130286994816199 ], [ 159.242036040306516, -9.129048998745471 ], [ 159.252099119934485, -9.122683010305204 ], [ 159.256895040183451, -9.117726987000411 ] ] ], [ [ [ 158.75452187981881, -9.019367922870918 ], [ 158.744747160295304, -9.010675896105198 ], [ 158.741202959749785, -9.010596961906236 ], [ 158.734099079787995, -9.015583975557519 ], [ 158.728983839896614, -9.02216003656296 ], [ 158.732249039884579, -9.029365992758217 ], [ 158.740610040221242, -9.026792949215906 ], [ 158.741679959775752, -9.024158021650026 ], [ 158.743893960201376, -9.024169043405788 ], [ 158.743821960231401, -9.027280040450085 ], [ 158.746299120322874, -9.031251944075377 ], [ 158.748670079784887, -9.032255089998092 ], [ 158.753613959747639, -9.025999024314531 ], [ 158.753225159909533, -9.021586006756081 ], [ 158.75452187981881, -9.019367922870918 ] ] ], [ [ [ 159.107295960261979, -8.992053991249612 ], [ 159.105821039753181, -8.984912007233188 ], [ 159.107056920361487, -8.979253043824901 ], [ 159.1038889198839, -8.976852993488388 ], [ 159.098482079664706, -8.977980924316661 ], [ 159.0988989599403, -8.986806902393162 ], [ 159.096407040528646, -8.988728989179194 ], [ 159.089700959727566, -8.98705598594616 ], [ 159.087704039885239, -8.981254999674631 ], [ 159.084237960430045, -8.984519977153056 ], [ 159.074391960487105, -8.982291887623171 ], [ 159.070186079767893, -8.985373020110661 ], [ 159.07100796009945, -8.991623033880419 ], [ 159.074174160353209, -8.996785072088427 ], [ 159.075758880142558, -8.995919966482118 ], [ 159.07673016018731, -8.99089588011317 ], [ 159.087057840378861, -8.98802991989816 ], [ 159.09524603988919, -8.991977009735201 ], [ 159.100607160351956, -8.989777944657789 ], [ 159.103995840063959, -8.992963908010626 ], [ 159.107295960261979, -8.992053991249612 ] ] ], [ [ [ 159.044028840103465, -9.023742923968181 ], [ 159.042239999725382, -9.020375013782406 ], [ 159.038178840293426, -9.022648022701361 ], [ 159.03397800002125, -9.022120926164632 ], [ 159.031110960316653, -9.017421999572592 ], [ 159.033232080331828, -9.009745045506367 ], [ 159.027018840448392, -9.008934016123829 ], [ 159.027694919717732, -9.019256102590301 ], [ 159.031403999745464, -9.027414967788582 ], [ 159.031316159782051, -9.033918994948412 ], [ 159.040545120431062, -9.039891923479038 ], [ 159.041495880259788, -9.030837032374752 ], [ 159.044028840103465, -9.023742923968181 ] ] ], [ [ [ 159.05931012002921, -8.991397954064745 ], [ 159.057546840314188, -8.987896044048306 ], [ 159.052674960321468, -8.988591024006688 ], [ 159.04348704010448, -8.996703112576984 ], [ 159.056886960364352, -9.008914993806885 ], [ 159.05776896044631, -8.994567013516715 ], [ 159.05931012002921, -8.991397954064745 ] ] ], [ [ [ 159.264240840044465, -9.063302003444095 ], [ 159.258885839803696, -9.045969987713546 ], [ 159.255702000230997, -9.044794984329318 ], [ 159.254278919700624, -9.04665401196999 ], [ 159.254970120311157, -9.047790080223002 ], [ 159.252446880238836, -9.049488043353474 ], [ 159.253516080242832, -9.054969038305114 ], [ 159.25108500013215, -9.060807946580228 ], [ 159.254434080309778, -9.062364000686713 ], [ 159.257509919927429, -9.067472056587691 ], [ 159.264240840044465, -9.063302003444095 ] ] ], [ [ [ 159.271223040506072, -9.103614045911227 ], [ 159.269190119780433, -9.098387955904212 ], [ 159.266386079825025, -9.095984966749715 ], [ 159.262080120494943, -9.095097883227652 ], [ 159.258551040392263, -9.098903920565938 ], [ 159.258628079911034, -9.104945083340066 ], [ 159.262565040068495, -9.112407084673624 ], [ 159.259518000438845, -9.119964901803867 ], [ 159.259448160018763, -9.124392881523583 ], [ 159.262684920243174, -9.121031958122822 ], [ 159.263604000085053, -9.110344008468601 ], [ 159.27042383994052, -9.104752955411762 ], [ 159.269828040413131, -9.102251011519423 ], [ 159.27060312031503, -9.104621077939845 ], [ 159.271223040506072, -9.103614045911227 ] ] ], [ [ [ 159.203426039763286, -9.041817994334831 ], [ 159.194088000282534, -9.042353950441454 ], [ 159.192009000474428, -9.043850889873557 ], [ 159.186251159727647, -9.056270038679902 ], [ 159.186373919901115, -9.059342007408608 ], [ 159.189496920172871, -9.060489055680936 ], [ 159.192916919647246, -9.058699067735654 ], [ 159.194334959730554, -9.052511009044583 ], [ 159.203426039763286, -9.041817994334831 ] ] ], [ [ [ 159.16136508020773, -9.111016891061468 ], [ 159.158850840356251, -9.104974053720184 ], [ 159.154463879936969, -9.106208045245399 ], [ 159.150764160354498, -9.109766032376898 ], [ 159.151277879916023, -9.114958898851615 ], [ 159.147835920226242, -9.119565021459803 ], [ 159.148266119822523, -9.120940074553456 ], [ 159.151417920082309, -9.12202596739667 ], [ 159.151806000369874, -9.120627990926737 ], [ 159.15346884035128, -9.120744934156628 ], [ 159.159565080058854, -9.115136981062749 ], [ 159.16136508020773, -9.111016891061468 ] ] ], [ [ [ 159.294215159691674, -9.116201030778173 ], [ 159.29379216009238, -9.114519912625878 ], [ 159.29146512016294, -9.115238996733503 ], [ 159.283991879905784, -9.120666912786273 ], [ 159.286726080339463, -9.127587959176102 ], [ 159.285510000396613, -9.132005892362711 ], [ 159.281853119673428, -9.135161982432445 ], [ 159.282521999844079, -9.136055009023822 ], [ 159.285308040256126, -9.135865029939518 ], [ 159.28960392048873, -9.130846987425723 ], [ 159.293212920108942, -9.124187967141232 ], [ 159.294215159691674, -9.116201030778173 ] ] ], [ [ [ 159.256000080106929, -9.070022058466552 ], [ 159.250537079911112, -9.070926090704642 ], [ 159.249855960194679, -9.064668918564122 ], [ 159.245186040342418, -9.06144394968568 ], [ 159.243066000102232, -9.057764964791769 ], [ 159.244739999854403, -9.06123899969114 ], [ 159.243533999907385, -9.073291031998753 ], [ 159.250151880520633, -9.076663068287482 ], [ 159.256000080106929, -9.070022058466552 ] ] ], [ [ [ 159.150275999659442, -9.13838788592534 ], [ 159.145810919946456, -9.133301991792649 ], [ 159.141483000400967, -9.136391070607051 ], [ 159.134390999760512, -9.134584046172215 ], [ 159.134891039776875, -9.138993006966462 ], [ 159.140076120088395, -9.141353943492065 ], [ 159.146269920429063, -9.142031033181564 ], [ 159.149207159879865, -9.140619984426413 ], [ 159.150275999659442, -9.13838788592534 ] ] ], [ [ [ 159.37029000013203, -9.13748491296619 ], [ 159.369234839897615, -9.134975023927575 ], [ 159.363511920259185, -9.136812969225231 ], [ 159.361602840380328, -9.142779028356324 ], [ 159.364103040462226, -9.144311978997823 ], [ 159.363695160407474, -9.145557918336392 ], [ 159.361178039658853, -9.143493079562045 ], [ 159.357330000138148, -9.144225077559041 ], [ 159.35939999972544, -9.140422010689162 ], [ 159.356156040402368, -9.145026027088395 ], [ 159.358272840419346, -9.146941046243237 ], [ 159.364675080448649, -9.147040031735756 ], [ 159.368700960344512, -9.143538040868815 ], [ 159.37029000013203, -9.13748491296619 ] ] ], [ [ [ 159.135104159688154, -8.971258977473893 ], [ 159.131753999735537, -8.968497053375293 ], [ 159.126108120514232, -8.968947063037829 ], [ 159.123174839938883, -8.97456102709911 ], [ 159.12623807978639, -8.977733078596183 ], [ 159.129201959675214, -8.978446034931295 ], [ 159.129621000399055, -8.980118010235175 ], [ 159.131297159701177, -8.973348986887235 ], [ 159.135104159688154, -8.971258977473893 ] ] ], [ [ [ 159.10069391964214, -9.150927972626857 ], [ 159.098321880405138, -9.149135060849169 ], [ 159.098995079675717, -9.145249055172963 ], [ 159.093735839844243, -9.148655065809649 ], [ 159.091143120474555, -9.148791902773571 ], [ 159.090249959723536, -9.150857066589385 ], [ 159.091667999806873, -9.154317047231032 ], [ 159.094772999636973, -9.155682015331726 ], [ 159.097709879761652, -9.154982916605157 ], [ 159.10069391964214, -9.150927972626857 ] ] ], [ [ [ 159.283802160209348, -9.038375946629975 ], [ 159.278021999921066, -9.028168002691862 ], [ 159.278144039645639, -9.039061941153482 ], [ 159.276989879677075, -9.040105951413818 ], [ 159.282191879756937, -9.041240974378272 ], [ 159.283802160209348, -9.038375946629975 ] ] ], [ [ [ 159.272732159877705, -9.018273009050601 ], [ 159.269694120468898, -9.00530800749585 ], [ 159.26768496018255, -9.00289995147044 ], [ 159.263399880394616, -9.001572980675279 ], [ 159.266680920376018, -9.003099957039058 ], [ 159.267953879845976, -9.005469965821748 ], [ 159.269361839933538, -9.013403899367235 ], [ 159.267449880055835, -9.018802067041966 ], [ 159.271269120486892, -9.021643961138022 ], [ 159.272732159877705, -9.018273009050601 ] ] ], [ [ [ 159.247258919928498, -9.041763954509417 ], [ 159.245749080107998, -9.039787042814369 ], [ 159.243346080434776, -9.040954951908253 ], [ 159.239999159807098, -9.045133086519842 ], [ 159.24056111979769, -9.049173941971976 ], [ 159.244728840083638, -9.048978939676447 ], [ 159.245096039930729, -9.044358045279257 ], [ 159.247258919928498, -9.041763954509417 ] ] ], [ [ [ 159.364091879793165, -9.114233061023242 ], [ 159.362451000027193, -9.11143402123453 ], [ 159.359388120404105, -9.111196930515433 ], [ 159.35835095971305, -9.112072955448085 ], [ 159.35700600027306, -9.11591400287692 ], [ 159.357210119963497, -9.117511049888856 ], [ 159.35885387972823, -9.1117199867707 ], [ 159.360599880348758, -9.111440952106422 ], [ 159.361979040448261, -9.112741035914395 ], [ 159.362646839945626, -9.123311972324338 ], [ 159.361413840234434, -9.125480895662449 ], [ 159.357125880447711, -9.126277977542301 ], [ 159.351540840527292, -9.124714914467898 ], [ 159.351639119812631, -9.123230930359943 ], [ 159.349915080305891, -9.123717002418324 ], [ 159.350055120472121, -9.122504043591292 ], [ 159.348297960080885, -9.123980032376219 ], [ 159.356634120203296, -9.127522024718077 ], [ 159.362444879805139, -9.12574907827657 ], [ 159.363645119754608, -9.123804975792378 ], [ 159.364091879793165, -9.114233061023242 ] ] ], [ [ [ 159.258273120507994, -9.135724989230269 ], [ 159.257840040014571, -9.133998999984279 ], [ 159.252858000516824, -9.13734096358149 ], [ 159.249908160397553, -9.137753086431077 ], [ 159.246173879931121, -9.135685891379115 ], [ 159.242761080453761, -9.137404941093072 ], [ 159.255126000470852, -9.138538055491836 ], [ 159.258273120507994, -9.135724989230269 ] ] ], [ [ [ 159.141137040320444, -9.025578950165617 ], [ 159.140243160018827, -9.02184804450399 ], [ 159.138236160180782, -9.02060096389364 ], [ 159.136750079901191, -9.024914974004824 ], [ 159.137394119857618, -9.02891196920635 ], [ 159.139882080393789, -9.028204979005528 ], [ 159.141137040320444, -9.025578950165617 ] ] ], [ [ [ 159.23089692000363, -8.982295976386489 ], [ 159.227695079989246, -8.98277690501126 ], [ 159.225374160281831, -8.98554903275728 ], [ 159.222200040480544, -8.986345002706589 ], [ 159.218353079836476, -8.985257989111998 ], [ 159.21644399995759, -8.982420075421691 ], [ 159.215905079957395, -8.983969000991349 ], [ 159.216971039738127, -8.987316093112886 ], [ 159.218813879644614, -8.988155084220523 ], [ 159.22371312052428, -8.987232887312809 ], [ 159.23089692000363, -8.982295976386489 ] ] ], [ [ [ 159.300372960047326, -9.09525891221781 ], [ 159.298363080210436, -9.092599070927925 ], [ 159.291338039991274, -9.10171603351279 ], [ 159.300372960047326, -9.09525891221781 ] ] ], [ [ [ 159.155026919702578, -8.996316962189125 ], [ 159.153769079777106, -8.994254108688283 ], [ 159.147462960381489, -8.994468874941671 ], [ 159.145368119681649, -9.001175990810863 ], [ 159.146885160397517, -9.002037883765999 ], [ 159.149630879928054, -8.995385008677147 ], [ 159.151552919801503, -8.995370963780051 ], [ 159.152951879668223, -8.997318961440733 ], [ 159.155026919702578, -8.996316962189125 ] ] ], [ [ [ 159.120799919804824, -8.987886977103013 ], [ 159.120282960020006, -8.983738938054081 ], [ 159.116078159974137, -8.978154985508549 ], [ 159.115956839800049, -8.984434992485143 ], [ 159.120799919804824, -8.987886977103013 ] ] ], [ [ [ 159.134028119911591, -9.115264945037151 ], [ 159.133354919742743, -9.113660956127585 ], [ 159.130569960003953, -9.113004074065337 ], [ 159.126138000277223, -9.115947059580819 ], [ 159.130402920073521, -9.116960988945154 ], [ 159.134028119911591, -9.115264945037151 ] ] ], [ [ [ 159.350654160222746, -9.100105051907406 ], [ 159.349905000310088, -9.098157966121546 ], [ 159.347345039803884, -9.098189958435798 ], [ 159.347041920379269, -9.101093076569592 ], [ 159.347388960234753, -9.099000964240922 ], [ 159.349465080044098, -9.098286113929463 ], [ 159.344940960355729, -9.106642065235235 ], [ 159.347423880444808, -9.1054649498783 ], [ 159.350654160222746, -9.100105051907406 ] ] ], [ [ [ 159.29032607973889, -9.077727943752748 ], [ 159.289553160285266, -9.076860010799964 ], [ 159.28510500034065, -9.079770056115953 ], [ 159.284550959897615, -9.082704961206701 ], [ 159.288989039846399, -9.080965030847393 ], [ 159.29032607973889, -9.077727943752748 ] ] ], [ [ [ 159.070122000243742, -9.033197081855016 ], [ 159.06647484019021, -9.032332953146689 ], [ 159.064468920127069, -9.036096104023571 ], [ 159.067623959711767, -9.036488966842903 ], [ 159.070122000243742, -9.033197081855016 ] ] ], [ [ [ 159.229879920202478, -9.002505985273139 ], [ 159.229466999700662, -9.000546103904748 ], [ 159.228002160085964, -9.000927983445663 ], [ 159.225598079739484, -9.006831056226126 ], [ 159.227682119994654, -9.007439954714656 ], [ 159.229879920202478, -9.002505985273139 ] ] ], [ [ [ 159.246001080003083, -9.079792985491153 ], [ 159.244068960133802, -9.076162001311252 ], [ 159.2415298800681, -9.077273981164607 ], [ 159.242909040167575, -9.080743028202379 ], [ 159.245187839667949, -9.081059057030727 ], [ 159.246001080003083, -9.079792985491153 ] ] ], [ [ [ 159.27818615985268, -9.081272882439679 ], [ 159.27714900005995, -9.079545920502271 ], [ 159.275954880332534, -9.081912937314272 ], [ 159.273188999912094, -9.083139010069626 ], [ 159.275534040283191, -9.084742068848977 ], [ 159.275102040463054, -9.087291947219228 ], [ 159.277197960039558, -9.083832028893884 ], [ 159.276138120480852, -9.08250997735745 ], [ 159.27818615985268, -9.081272882439679 ] ] ], [ [ [ 159.124484880067172, -9.112339015353472 ], [ 159.123629160198902, -9.110651124675464 ], [ 159.121743120310413, -9.11085391400626 ], [ 159.120358919763845, -9.114413987171911 ], [ 159.124484880067172, -9.112339015353472 ] ] ], [ [ [ 159.223455000407171, -9.127609997141427 ], [ 159.221859119948761, -9.125397011607761 ], [ 159.220128960219967, -9.130968014311964 ], [ 159.223455000407171, -9.127609997141427 ] ] ], [ [ [ 159.120636120097572, -8.993499936701019 ], [ 159.117994080523857, -8.992953952552933 ], [ 159.119172000033444, -8.996302917328695 ], [ 159.117680880205114, -8.998240954596772 ], [ 159.120375840430512, -9.000705043077549 ], [ 159.120636120097572, -8.993499936701019 ] ] ], [ [ [ 159.311130839835215, -9.124749037211757 ], [ 159.30843984028192, -9.124787957723132 ], [ 159.306044039707331, -9.129610949367343 ], [ 159.311130839835215, -9.124749037211757 ] ] ], [ [ [ 159.235053120294367, -8.993576918780526 ], [ 159.234630840245615, -8.988295004596793 ], [ 159.232629959731241, -8.989415966098525 ], [ 159.234207839747967, -8.995508036807756 ], [ 159.235053120294367, -8.993576918780526 ] ] ], [ [ [ 159.242901840170589, -8.983104931662158 ], [ 159.241219919972536, -8.980593964332721 ], [ 159.237434159752127, -8.979472974292216 ], [ 159.239926080062105, -8.980592008361972 ], [ 159.240805919695788, -8.984394990184072 ], [ 159.242901840170589, -8.983104931662158 ] ] ], [ [ [ 159.226710839949902, -8.976513936987674 ], [ 159.225096959948104, -8.973456020829609 ], [ 159.223052880350025, -8.973198926921697 ], [ 159.225719039689125, -8.975320038807023 ], [ 159.221576880066266, -8.974543958956499 ], [ 159.224748119868792, -8.975403959217893 ], [ 159.224555880397986, -8.978010971461124 ], [ 159.226710839949902, -8.976513936987674 ] ] ], [ [ [ 159.218110080162205, -8.966549967031883 ], [ 159.21707183969616, -8.964617094851649 ], [ 159.214377960144077, -8.963691993435381 ], [ 159.21090396024303, -8.967589030447041 ], [ 159.214078080044345, -8.966415016701232 ], [ 159.213579119802944, -8.964822988209088 ], [ 159.214885919708024, -8.964258113366718 ], [ 159.217255079844477, -8.966168051685733 ], [ 159.216941880424031, -8.968377038437012 ], [ 159.218110080162205, -8.966549967031883 ] ] ], [ [ [ 159.112358999950573, -8.99982003554074 ], [ 159.107618880352106, -8.995650087920811 ], [ 159.110933040319679, -9.001569958475885 ], [ 159.112358999950573, -8.99982003554074 ] ] ], [ [ [ 159.157380960294489, -9.04185710256813 ], [ 159.154166160285541, -9.042962965893 ], [ 159.153986879911002, -9.045172905196857 ], [ 159.157380960294489, -9.04185710256813 ] ] ], [ [ [ 159.155841960261512, -8.965936910862212 ], [ 159.151642920213192, -8.962935979622705 ], [ 159.147797040242409, -8.965476051595914 ], [ 159.152090040476196, -8.963501034290848 ], [ 159.154611839650812, -8.96626797543621 ], [ 159.155841960261512, -8.965936910862212 ] ] ], [ [ [ 159.131981879865236, -8.983448959333543 ], [ 159.130182960389675, -8.980441061867058 ], [ 159.131293920376265, -8.985121089885995 ], [ 159.131981879865236, -8.983448959333543 ] ] ], [ [ [ 159.130168919721768, -9.124039924293385 ], [ 159.127098840101723, -9.12335195986452 ], [ 159.128461080432828, -9.124993937728588 ], [ 159.130168919721768, -9.124039924293385 ] ] ], [ [ [ 159.173431920348889, -8.960058953198857 ], [ 159.169939920006186, -8.958222060731122 ], [ 159.16686587971401, -8.95994604789856 ], [ 159.167171880035767, -8.96128294987648 ], [ 159.169645080353519, -8.958675994577087 ], [ 159.173431920348889, -8.960058953198857 ] ] ], [ [ [ 159.359830919770616, -9.118955957490691 ], [ 159.35772096042453, -9.119301099880564 ], [ 159.359652000518821, -9.121140902768154 ], [ 159.359830919770616, -9.118955957490691 ] ] ], [ [ [ 159.144132960420535, -8.96839695161272 ], [ 159.14111903987876, -8.967925960721786 ], [ 159.13947599966454, -8.969564913926353 ], [ 159.144132960420535, -8.96839695161272 ] ] ], [ [ [ 159.132444119672783, -8.987667939569185 ], [ 159.131712960201781, -8.985856966930951 ], [ 159.131072880019133, -8.988311894353009 ], [ 159.132444119672783, -8.987667939569185 ] ] ], [ [ [ 159.265657079903974, -9.091887050521775 ], [ 159.264650879649167, -9.090241010508839 ], [ 159.264609119666574, -9.092617022691831 ], [ 159.265657079903974, -9.091887050521775 ] ] ], [ [ [ 159.18546492005504, -8.974271930523543 ], [ 159.183196920101011, -8.971346987724672 ], [ 159.183810000519486, -8.973957941516447 ], [ 159.18546492005504, -8.974271930523543 ] ] ], [ [ [ 159.279116040139286, -9.078722073151479 ], [ 159.277830119776354, -9.078810056845249 ], [ 159.278345999786126, -9.080779999038837 ], [ 159.279116040139286, -9.078722073151479 ] ] ], [ [ [ 159.067443959786686, -9.031147060862832 ], [ 159.066786959835696, -9.030234928617295 ], [ 159.065727839827474, -9.031678054524406 ], [ 159.067443959786686, -9.031147060862832 ] ] ] ] } },
{ "type": "Feature", "properties": { "shapeName": "Rennell-Bellona", "shapeISO": "", "shapeID": "97153195B87172178268345", "shapeGroup": "SLB", "shapeType": "ADM2" }, "geometry": { "type": "MultiPolygon", "coordinates": [ [ [ [ 160.657413120072277, -11.832420054270216 ], [ 160.655281920061327, -11.826641972895382 ], [ 160.650821160346538, -11.820521974914003 ], [ 160.636496040022735, -11.806059969269477 ], [ 160.6280580001673, -11.802421927312595 ], [ 160.619856839764083, -11.795837104588044 ], [ 160.598607119853, -11.788790119903837 ], [ 160.583652000240676, -11.779231980263942 ], [ 160.574338080525337, -11.777220013112363 ], [ 160.559584920155146, -11.768946088464659 ], [ 160.511613840140797, -11.725159966290832 ], [ 160.500225960166091, -11.709497065377795 ], [ 160.493986079844575, -11.704610025834253 ], [ 160.45977491994023, -11.694987979955675 ], [ 160.439330159693981, -11.691191947219743 ], [ 160.424516160022876, -11.683643089070749 ], [ 160.408977120204469, -11.672312012234556 ], [ 160.400585879880452, -11.668950022894263 ], [ 160.396328160081111, -11.668088013354852 ], [ 160.388229960084175, -11.670833919489541 ], [ 160.378701120233785, -11.671438026354151 ], [ 160.362579960433152, -11.668293026873618 ], [ 160.320444840459345, -11.646754972240215 ], [ 160.303272119973656, -11.634194978806601 ], [ 160.292532960177994, -11.623859087476278 ], [ 160.271506079949546, -11.609721082872335 ], [ 160.254412919655351, -11.60089396436438 ], [ 160.226700120414023, -11.577178927994261 ], [ 160.213524840060614, -11.56770289516956 ], [ 160.194943079712488, -11.558606045969183 ], [ 160.175166119861956, -11.558142070042646 ], [ 160.169276160293066, -11.555745111478556 ], [ 160.165643040009087, -11.552573941245976 ], [ 160.153911000177715, -11.55018804526148 ], [ 160.150473000261684, -11.546893892055769 ], [ 160.139644919829294, -11.525612084218453 ], [ 160.129802160109563, -11.513197980119303 ], [ 160.119357120416055, -11.504351946221417 ], [ 160.092824040009788, -11.488536937798237 ], [ 160.081656840167767, -11.486536980149326 ], [ 160.06914396043689, -11.486631880076741 ], [ 160.046494920434725, -11.482362916940568 ], [ 160.025357879802982, -11.472891095751189 ], [ 160.008162839775764, -11.462504095738986 ], [ 159.993910079646383, -11.462177913321614 ], [ 159.982869959976028, -11.465754958417715 ], [ 159.975807120446348, -11.473761997407493 ], [ 159.969282839794118, -11.478254060971249 ], [ 159.96631212013267, -11.484717990692783 ], [ 159.962835959783376, -11.487614044757544 ], [ 159.961264920437486, -11.493795006112393 ], [ 159.952427999849817, -11.504364999133342 ], [ 159.951926880058465, -11.506898033865639 ], [ 159.95593799973588, -11.518682052956274 ], [ 159.962725079829539, -11.525126006567284 ], [ 159.963869159802357, -11.53195799552687 ], [ 159.968348999733763, -11.538966003658366 ], [ 159.969699000519171, -11.548793956572576 ], [ 159.967051920498392, -11.556678008913211 ], [ 159.977716919875746, -11.562775096916781 ], [ 159.983723160069957, -11.570898933875833 ], [ 159.986957040295579, -11.579588928070899 ], [ 159.996461039931773, -11.585242040737734 ], [ 160.005285000524822, -11.597588065205985 ], [ 160.016146920493924, -11.602920965930599 ], [ 160.034627160435207, -11.618660055523856 ], [ 160.037174160048494, -11.616866077553986 ], [ 160.038399959762671, -11.609901983623766 ], [ 160.046539919742202, -11.602986029225065 ], [ 160.062867000355425, -11.602887112889469 ], [ 160.069331160358956, -11.60441299668086 ], [ 160.079573879687558, -11.609662015978817 ], [ 160.081715880143236, -11.612132036611655 ], [ 160.085715120499316, -11.613363071061498 ], [ 160.091161920477219, -11.621900998891144 ], [ 160.090533000065392, -11.626361069415379 ], [ 160.087187160110972, -11.630134011102513 ], [ 160.0860621603548, -11.634694089211441 ], [ 160.086813840041827, -11.638564058702745 ], [ 160.09695684008571, -11.642351114513998 ], [ 160.101836999850434, -11.64054212827628 ], [ 160.109893079640301, -11.640318934482689 ], [ 160.11900216011469, -11.644061011973367 ], [ 160.129496880236672, -11.658156021313062 ], [ 160.13114388022467, -11.666331902062643 ], [ 160.140627000318716, -11.660750949419123 ], [ 160.150587839989271, -11.661847968761728 ], [ 160.153989120369744, -11.664862063081099 ], [ 160.158036960481013, -11.671916092360616 ], [ 160.164064080217372, -11.671612012879033 ], [ 160.169816880517061, -11.674440028363536 ], [ 160.174216080482097, -11.678137930286073 ], [ 160.176621960154137, -11.684163967886601 ], [ 160.180614000513174, -11.68581702505338 ], [ 160.187915160392805, -11.685173993943307 ], [ 160.194800879996251, -11.682477057501536 ], [ 160.200952920354354, -11.682949992867373 ], [ 160.210568160168776, -11.681235928750741 ], [ 160.234513920080246, -11.683203998931369 ], [ 160.245532080433463, -11.686344069054977 ], [ 160.248246840426049, -11.685352026789714 ], [ 160.247495159840696, -11.683878938732752 ], [ 160.256199959809607, -11.665055973718827 ], [ 160.262758079998633, -11.660720099906436 ], [ 160.274553120477549, -11.659950085558517 ], [ 160.282023120511468, -11.65777400768865 ], [ 160.302826080383937, -11.664768985536647 ], [ 160.315704000412012, -11.679863999477799 ], [ 160.319184120535084, -11.689089970871857 ], [ 160.320185999893397, -11.698076976606743 ], [ 160.318653840531312, -11.703334978982937 ], [ 160.310860920407265, -11.712692003987479 ], [ 160.299235080307056, -11.71689998945121 ], [ 160.300393920498266, -11.720445045196421 ], [ 160.311984840388476, -11.73066101774018 ], [ 160.320130919691707, -11.723545918983497 ], [ 160.323428880339804, -11.722282943543071 ], [ 160.332890040218416, -11.723349053236538 ], [ 160.353234000506575, -11.719667970800314 ], [ 160.361218080326466, -11.720087087282572 ], [ 160.372032839641491, -11.724284031922428 ], [ 160.379112960062315, -11.730465919639068 ], [ 160.387903080220298, -11.732988969365771 ], [ 160.392767039767193, -11.736602022663176 ], [ 160.39668095993423, -11.742525980957087 ], [ 160.402669920135622, -11.742172105380869 ], [ 160.411196879729459, -11.749919031110588 ], [ 160.412657040019781, -11.755235961979622 ], [ 160.411853879680478, -11.768820094608788 ], [ 160.422275880281916, -11.776535080878816 ], [ 160.431407999848375, -11.791721950947661 ], [ 160.434042119874505, -11.812395944897615 ], [ 160.44122592025218, -11.828057038602942 ], [ 160.452885960113576, -11.835169960417742 ], [ 160.476906960218287, -11.84319190320711 ], [ 160.485464159799506, -11.851778917520711 ], [ 160.493099040213934, -11.850332088150934 ], [ 160.510894920215549, -11.840217108312702 ], [ 160.51672188003522, -11.838930005514783 ], [ 160.530999839704947, -11.848462103977282 ], [ 160.533590040198561, -11.852786918701604 ], [ 160.534415880303868, -11.861800105783461 ], [ 160.536313079963122, -11.864761102087481 ], [ 160.553520000209943, -11.878217028849434 ], [ 160.561554840233299, -11.881418986633642 ], [ 160.56551807970601, -11.878568967631471 ], [ 160.567849080307553, -11.862434972967177 ], [ 160.577551080310457, -11.847580044758928 ], [ 160.580799000305632, -11.833488908057397 ], [ 160.583995080322381, -11.828381029952707 ], [ 160.587457920452664, -11.82585497982504 ], [ 160.598027160319077, -11.824559000861678 ], [ 160.606289160023209, -11.827888965160701 ], [ 160.616778839698156, -11.829033944887399 ], [ 160.628342040273594, -11.837618937383811 ], [ 160.639272000438979, -11.843136057377942 ], [ 160.645172040003644, -11.844436000731488 ], [ 160.652527919860518, -11.84293399221974 ], [ 160.657413120072277, -11.832420054270216 ] ] ], [ [ [ 159.835717079709809, -11.311165988816841 ], [ 159.822992159842642, -11.300388113713918 ], [ 159.809193000422709, -11.294814920132778 ], [ 159.791460839720827, -11.285016117253003 ], [ 159.772538159739213, -11.281811028551289 ], [ 159.761586959807232, -11.27416205933838 ], [ 159.752337840064939, -11.273541038119742 ], [ 159.754235039724136, -11.281537949188182 ], [ 159.757796160038083, -11.287312984716159 ], [ 159.766004879764409, -11.29477696986654 ], [ 159.787316879874112, -11.306783896406944 ], [ 159.798259080483575, -11.310800979433614 ], [ 159.816808080171626, -11.314520953252218 ], [ 159.831349919956068, -11.313773996837595 ], [ 159.834643919932091, -11.312973028648779 ], [ 159.835717079709809, -11.311165988816841 ] ] ] ] } },
{ "type": "Feature", "properties": { "shapeName": "North West Guadalcanl", "shapeISO": "", "shapeID": "97153195B50711658929087", "shapeGroup": "SLB", "shapeType": "ADM2" }, "geometry": { "type": "Polygon", "coordinates": [ [ [ 159.976676880084256, -9.458317078104203 ], [ 159.956787960504869, -9.456295986768888 ], [ 159.954855839737291, -9.453932911428932 ], [ 159.958400040282839, -9.444227960430272 ], [ 159.948156959831465, -9.44267590296575 ], [ 159.923540879749964, -9.440676915027058 ], [ 159.918488999832164, -9.433832006821691 ], [ 159.91806492045788, -9.42378590909375 ], [ 159.908702039864636, -9.426133919292029 ], [ 159.90507288025276, -9.42445890154052 ], [ 159.897504960259624, -9.411418949666297 ], [ 159.892493040100589, -9.407003110740813 ], [ 159.889254839876799, -9.401144006299464 ], [ 159.8836370401946, -9.397827994171227 ], [ 159.881131080115125, -9.397810058169272 ], [ 159.879778919779767, -9.394546046973357 ], [ 159.877455120073563, -9.393286961122829 ], [ 159.87411611989171, -9.383633051061887 ], [ 159.864841080160204, -9.368568002167041 ], [ 159.859689119834911, -9.3677730676183 ], [ 159.852120840515624, -9.360959041347952 ], [ 159.849095039754275, -9.355715984229676 ], [ 159.84361908046219, -9.353149927794071 ], [ 159.837753960209199, -9.34358601625879 ], [ 159.83487612005996, -9.344481001378517 ], [ 159.827105160151376, -9.336556068324866 ], [ 159.819401880214599, -9.334731953236624 ], [ 159.814495080011795, -9.331325965443813 ], [ 159.811346159750798, -9.323451000544829 ], [ 159.807904920509856, -9.321436937297273 ], [ 159.805883880003876, -9.32262292542109 ], [ 159.80435495996673, -9.321843872282226 ], [ 159.803867160394418, -9.317035053145313 ], [ 159.801591960443375, -9.316948017260984 ], [ 159.792450120207263, -9.308344978790243 ], [ 159.786352080275861, -9.298958006780735 ], [ 159.77306411974476, -9.290789919228784 ], [ 159.767952120076558, -9.289697084193104 ], [ 159.759678959703336, -9.281881935508816 ], [ 159.749930160169072, -9.281622043398805 ], [ 159.742217160460882, -9.277714934020798 ], [ 159.738240960095226, -9.277278103910332 ], [ 159.732502920013957, -9.27100502821736 ], [ 159.726315960344152, -9.260878016002815 ], [ 159.720199919971066, -9.255419026413515 ], [ 159.713322119915176, -9.252001962535992 ], [ 159.698287079886938, -9.250121977037397 ], [ 159.695737919825461, -9.252416971993345 ], [ 159.689415960436406, -9.250288088694669 ], [ 159.678620999990272, -9.254045915663397 ], [ 159.675527159930937, -9.25616091990789 ], [ 159.673080960275684, -9.262700917451467 ], [ 159.665298839698011, -9.266466962073242 ], [ 159.659331839712053, -9.263306003359469 ], [ 159.654276000020474, -9.271157095091057 ], [ 159.648110999667779, -9.27158700433241 ], [ 159.642280080074329, -9.279578961416904 ], [ 159.63869808021829, -9.281488988686009 ], [ 159.635852999830774, -9.281275106220081 ], [ 159.632431919683114, -9.284915891086403 ], [ 159.627237840049105, -9.282909955618349 ], [ 159.622522919990985, -9.286955921810408 ], [ 159.617450160531007, -9.286148900083177 ], [ 159.612860879746876, -9.291294946093098 ], [ 159.713079120240934, -9.405011907216652 ], [ 159.697542960421373, -9.452421913648367 ], [ 159.807355920513885, -9.557351936245759 ], [ 159.811068960315396, -9.554397942088691 ], [ 159.815212920162054, -9.554747978195095 ], [ 159.818117040524982, -9.547170115723983 ], [ 159.820741079657012, -9.547109940750085 ], [ 159.820853040284106, -9.543264054113509 ], [ 159.823820879946766, -9.542426033449363 ], [ 159.826101120344816, -9.545712070891632 ], [ 159.831038159636705, -9.545559947056962 ], [ 159.833270160504043, -9.548872935065415 ], [ 159.837293879951602, -9.550726092925528 ], [ 159.83783784039889, -9.554869923249996 ], [ 159.83472599989787, -9.558022004146228 ], [ 159.838373880400241, -9.559049025094534 ], [ 159.836310000136677, -9.564325014364268 ], [ 159.842445840276895, -9.565677901622987 ], [ 159.845694120496518, -9.564150001793275 ], [ 159.846630120106823, -9.560054919833474 ], [ 159.850815120385533, -9.560603927488849 ], [ 159.855254999659849, -9.558263938230354 ], [ 159.857767079961405, -9.549903888607197 ], [ 159.855967079812558, -9.547164968060109 ], [ 159.858455040348701, -9.541832086864341 ], [ 159.861255120530359, -9.539990064571407 ], [ 159.865982999684746, -9.541051043757003 ], [ 159.865158959803267, -9.534327072634749 ], [ 159.866638919860833, -9.533727076633337 ], [ 159.87019896039979, -9.536446045821981 ], [ 159.87277583977604, -9.544457977895652 ], [ 159.879200040020777, -9.541363993915805 ], [ 159.883368120531117, -9.543029032316074 ], [ 159.888984119989516, -9.541390974808616 ], [ 159.890136120408187, -9.543038085645971 ], [ 159.89496912041713, -9.5411449464016 ], [ 159.898080960019826, -9.54259697517135 ], [ 159.903512999779338, -9.541370028904513 ], [ 159.905112840011554, -9.53955498512237 ], [ 159.90528492038905, -9.535799899617992 ], [ 159.90804108013981, -9.536219007185309 ], [ 159.909617159932793, -9.5348539329399 ], [ 159.90969708034865, -9.528359014284041 ], [ 159.917906160299424, -9.528685999555805 ], [ 159.921338039993401, -9.520058055635058 ], [ 159.926978160115482, -9.517446001748842 ], [ 159.926793840192175, -9.512315922339294 ], [ 159.930057960405236, -9.508138023197832 ], [ 159.938219160151334, -9.514150105672343 ], [ 159.941378879958677, -9.525909985838215 ], [ 159.94711511981609, -9.519469041130824 ], [ 159.953595119813031, -9.519211989804344 ], [ 159.954819839752247, -9.522726008772221 ], [ 159.957164159674477, -9.523454016112741 ], [ 159.961956120149694, -9.520693935888644 ], [ 159.962939999964647, -9.514174959205761 ], [ 159.96598812026761, -9.511136977064345 ], [ 159.967123920468396, -9.502241052225001 ], [ 159.96959604011289, -9.497508950626905 ], [ 159.974596080052265, -9.498924060983995 ], [ 159.977892960027049, -9.495104971435238 ], [ 159.983084880111136, -9.494630067928551 ], [ 159.985037159972023, -9.496604952320768 ], [ 159.987588839807927, -9.496659987873455 ], [ 159.986909160090931, -9.501642952192322 ], [ 159.989901120417244, -9.503812013212817 ], [ 159.994676879776307, -9.501906939931246 ], [ 159.995148840253506, -9.496749997630124 ], [ 159.99623712047412, -9.496288056271187 ], [ 159.99902208021291, -9.497094056045576 ], [ 160.001333999699511, -9.500218088863621 ], [ 160.005581999727411, -9.499954987150502 ], [ 160.007086080448659, -9.496199999464096 ], [ 160.006158000385938, -9.49381696071651 ], [ 160.012742039665824, -9.493838974406723 ], [ 160.016093999842241, -9.488164034168877 ], [ 160.013901960530319, -9.485970018063338 ], [ 160.006518000236042, -9.487658052012295 ], [ 160.007186159957854, -9.485045040414272 ], [ 160.013151000393833, -9.483206084725067 ], [ 160.015631040484152, -9.480553092574389 ], [ 160.014354839892633, -9.477426040291848 ], [ 160.010298000458818, -9.47918495540177 ], [ 160.007608079782159, -9.47798991690788 ], [ 160.006943879834125, -9.476110976195622 ], [ 160.01342892027813, -9.470952047956068 ], [ 160.020587880441525, -9.475296937091873 ], [ 160.023864959750824, -9.475302973261432 ], [ 160.023141000276865, -9.46859688581606 ], [ 160.024276080028812, -9.466879996082715 ], [ 160.030830959994574, -9.467420098191367 ], [ 160.034383080087679, -9.469480006755665 ], [ 160.03735091975031, -9.468665952620068 ], [ 160.03856699969316, -9.466493117551542 ], [ 160.037166960051508, -9.461299955247418 ], [ 160.03912716035822, -9.455216988732365 ], [ 160.043824079974655, -9.452932031636024 ], [ 160.040359080294479, -9.450259984644379 ], [ 160.041744000391589, -9.444420968688494 ], [ 160.037735040264124, -9.441534893818758 ], [ 160.037303040443987, -9.439004986342947 ], [ 160.038758879837843, -9.436483938732785 ], [ 160.034142960412225, -9.436472930026852 ], [ 160.033368600060896, -9.430527317826414 ], [ 160.028862840140278, -9.428466998310025 ], [ 160.029030959845727, -9.420566003895097 ], [ 160.033703040146236, -9.420569022465909 ], [ 160.034895000323701, -9.41834101377005 ], [ 160.023494879904916, -9.413358973864453 ], [ 160.024088880106746, -9.406769948905612 ], [ 160.020194040156383, -9.408193067863767 ], [ 160.021000080494503, -9.410213908694335 ], [ 160.018337160480343, -9.41027499557004 ], [ 160.014539880264749, -9.415989043714655 ], [ 160.013805839896634, -9.417542997044137 ], [ 160.017302879788076, -9.419463987370429 ], [ 160.016199119798472, -9.423164944239655 ], [ 160.019524080210715, -9.423335056850894 ], [ 160.021186920192093, -9.421585090265994 ], [ 160.022692079790005, -9.422496032848358 ], [ 160.01966808015078, -9.43252902795177 ], [ 160.013448000494776, -9.434663012580495 ], [ 160.008288119723602, -9.432500084940095 ], [ 160.007241959710001, -9.43388101476126 ], [ 160.003200960269652, -9.433911911086764 ], [ 160.003213920264272, -9.447210072022957 ], [ 159.976676880084256, -9.458317078104203 ] ] ] } },
{ "type": "Feature", "properties": { "shapeName": "West Guadalcanal", "shapeISO": "", "shapeID": "97153195B83823462382784", "shapeGroup": "SLB", "shapeType": "ADM2" }, "geometry": { "type": "MultiPolygon", "coordinates": [ [ [ [ 159.612860879746876, -9.291294946093098 ], [ 159.609828959661741, -9.29618494276659 ], [ 159.608817000307681, -9.30117701090871 ], [ 159.604088040479979, -9.300673063923103 ], [ 159.599544120126097, -9.30249611448099 ], [ 159.596097119989224, -9.307072969488479 ], [ 159.596052840232232, -9.3141869964699 ], [ 159.59292515973786, -9.317067026288466 ], [ 159.594293160066599, -9.319961063956226 ], [ 159.592800960463279, -9.322774969577484 ], [ 159.592923000187909, -9.328073052008271 ], [ 159.597074880480449, -9.33369307370601 ], [ 159.592932000408751, -9.336296039839565 ], [ 159.594108119694482, -9.339186898387558 ], [ 159.597302040161281, -9.341369946708218 ], [ 159.598306079967841, -9.348599963178682 ], [ 159.596863920119148, -9.350541049119233 ], [ 159.591398039924542, -9.351899039837814 ], [ 159.587566920172179, -9.354524070125471 ], [ 159.589762920156176, -9.358286994468365 ], [ 159.586142040316275, -9.366021932447637 ], [ 159.583480920525943, -9.366089065319162 ], [ 159.583037040486175, -9.367397089350359 ], [ 159.586539119926357, -9.366478009800645 ], [ 159.590325959921728, -9.368184032897046 ], [ 159.596485919827359, -9.376934061416286 ], [ 159.599163960284386, -9.386153063595668 ], [ 159.598008000091966, -9.388863966055593 ], [ 159.591837960190503, -9.392245948425449 ], [ 159.600877919795352, -9.395321030460959 ], [ 159.600398039770567, -9.399131992335732 ], [ 159.605961120373848, -9.403594989960164 ], [ 159.607901880239552, -9.407631918455298 ], [ 159.606952919736329, -9.40905894096713 ], [ 159.598171080248619, -9.408491933143587 ], [ 159.593772960058601, -9.410379056431028 ], [ 159.593298840031423, -9.413281018329494 ], [ 159.594859079830968, -9.417628055655111 ], [ 159.602870879863872, -9.419848965006405 ], [ 159.600638879894888, -9.42185997106334 ], [ 159.601547879740963, -9.42470199531992 ], [ 159.599388960415268, -9.428370045904085 ], [ 159.60140784047303, -9.433912977000125 ], [ 159.592946040178305, -9.436079980002397 ], [ 159.593409000434718, -9.439671024402076 ], [ 159.597890999916075, -9.443118030371064 ], [ 159.595977960263411, -9.448311999616198 ], [ 159.603689880196612, -9.459464068240953 ], [ 159.604257960409228, -9.466138019408373 ], [ 159.601582080400476, -9.470258017975553 ], [ 159.607343160472197, -9.469986016064871 ], [ 159.613814879798838, -9.471869962061044 ], [ 159.61748904051484, -9.480022953810392 ], [ 159.612849000425541, -9.489093974369334 ], [ 159.613583039895332, -9.493797964052952 ], [ 159.608802959639775, -9.498263108449112 ], [ 159.600593160138487, -9.49559603040591 ], [ 159.583875839687778, -9.497445039020883 ], [ 159.586004159699939, -9.500972063172885 ], [ 159.584322959950754, -9.503314930508632 ], [ 159.586962839974547, -9.504291874670809 ], [ 159.589145879963922, -9.508000972259115 ], [ 159.585338160426431, -9.512598010031443 ], [ 159.589838160349444, -9.51837799265258 ], [ 159.589204919939306, -9.521178034118504 ], [ 159.586193159845834, -9.522193981457868 ], [ 159.586374959994714, -9.524186991548449 ], [ 159.59237400019191, -9.527721019035889 ], [ 159.601979880459396, -9.522637958859873 ], [ 159.604148879780922, -9.522942049713924 ], [ 159.604364879690991, -9.525106893261752 ], [ 159.607148040104249, -9.52478008197334 ], [ 159.603585840015342, -9.535091977996528 ], [ 159.612825960435117, -9.53781093705461 ], [ 159.612872040415937, -9.540495969163345 ], [ 159.616749959699661, -9.542132078221238 ], [ 159.615583920409705, -9.543662916408417 ], [ 159.6205350003695, -9.545270964815083 ], [ 159.62481107993662, -9.553182930993357 ], [ 159.624479880074517, -9.558455994178013 ], [ 159.633964079943524, -9.557755930218997 ], [ 159.638528879839527, -9.560925024216651 ], [ 159.639298920192658, -9.564594101263683 ], [ 159.635633040146956, -9.568122029891343 ], [ 159.636916080511043, -9.56971806969811 ], [ 159.636413880046405, -9.572646904188716 ], [ 159.641883000464247, -9.574488040374089 ], [ 159.644278079691617, -9.586395989651365 ], [ 159.647918039748134, -9.585902932295848 ], [ 159.652420919669964, -9.588387026608455 ], [ 159.659904960371733, -9.595943027035773 ], [ 159.663859920072554, -9.602670037476665 ], [ 159.669537119954555, -9.619043041709368 ], [ 159.666900119929608, -9.62848693838624 ], [ 159.660977040374547, -9.634042946357496 ], [ 159.656389920038635, -9.635475944690025 ], [ 159.653300039753077, -9.639752009823408 ], [ 159.660169920261438, -9.647000930741077 ], [ 159.661406160195895, -9.650128020792133 ], [ 159.671174039946777, -9.649136057021357 ], [ 159.673601879834251, -9.651596973174314 ], [ 159.67367496047757, -9.654993923715477 ], [ 159.677588160195711, -9.656523009897342 ], [ 159.681098880530612, -9.654036932267996 ], [ 159.686210159750004, -9.653801099578029 ], [ 159.691251959672002, -9.655950911516872 ], [ 159.691986000040117, -9.65803398950362 ], [ 159.695105039639799, -9.657415047870673 ], [ 159.696426959987718, -9.659949011825237 ], [ 159.695296919784454, -9.664687898466362 ], [ 159.691871160312502, -9.668301019714919 ], [ 159.701652000058004, -9.676983035013912 ], [ 159.699650039768642, -9.685040966577095 ], [ 159.701533920107181, -9.68606103566256 ], [ 159.702550919908305, -9.684672079496561 ], [ 159.710271840062319, -9.683188012327328 ], [ 159.713775000175787, -9.684268947759586 ], [ 159.715334879750941, -9.686545075399055 ], [ 159.716396160207353, -9.693659915425059 ], [ 159.712898039642596, -9.697083055154138 ], [ 159.709390919755378, -9.697047036802475 ], [ 159.70932396023241, -9.700631067292392 ], [ 159.70745987966103, -9.702016053666023 ], [ 159.707688120015177, -9.70560499907724 ], [ 159.705092160422282, -9.70977992863712 ], [ 159.707606040049342, -9.717133966592112 ], [ 159.725595959745618, -9.721528925538617 ], [ 159.73628688001051, -9.720766926245517 ], [ 159.73888788005047, -9.721897062113447 ], [ 159.74404487992453, -9.728219009401133 ], [ 159.752720879905468, -9.728721970730835 ], [ 159.753598920213591, -9.738330079176338 ], [ 159.757715159847237, -9.735807884350294 ], [ 159.764974919968694, -9.738037003539057 ], [ 159.770354039974791, -9.742245945600269 ], [ 159.769695960248811, -9.748009935781889 ], [ 159.775137000229165, -9.754715986609458 ], [ 159.776964000142215, -9.752807005956413 ], [ 159.78022991968075, -9.756163015566765 ], [ 159.782068080262889, -9.756588057670935 ], [ 159.782307120163352, -9.755141030583287 ], [ 159.787675080398742, -9.759394992079837 ], [ 159.789633839807749, -9.764056015456832 ], [ 159.788219039947705, -9.766268094573391 ], [ 159.787776960131737, -9.773161985505258 ], [ 159.789540960295597, -9.777711950499604 ], [ 159.794796959903834, -9.777648979243363 ], [ 159.797958840159424, -9.781040037709005 ], [ 159.800591159961755, -9.780684028570105 ], [ 159.8048420399885, -9.783694926580553 ], [ 159.809213160414345, -9.784031952337001 ], [ 159.814496159786728, -9.789031957045429 ], [ 159.813857160277365, -9.793482018428811 ], [ 159.818492159919629, -9.798742976042973 ], [ 159.8228110801426, -9.800088000840042 ], [ 159.826363919786246, -9.798683023982193 ], [ 159.836094000226609, -9.801074905422736 ], [ 159.843976919864048, -9.798518952761535 ], [ 159.843134880439209, -9.78229697486414 ], [ 159.844542840526714, -9.780229039029265 ], [ 159.848998920018829, -9.779178924289237 ], [ 159.845142960052272, -9.773605987235403 ], [ 159.84684684046573, -9.770685998195944 ], [ 159.845679000053678, -9.768677061037657 ], [ 159.846355080221315, -9.757568882005897 ], [ 159.84391284033984, -9.751125972276952 ], [ 159.84671112029767, -9.744293006338053 ], [ 159.845176080038499, -9.733124937689825 ], [ 159.856734959717443, -9.72529010674231 ], [ 159.855550919985802, -9.720001022555499 ], [ 159.858246959986189, -9.714589967081743 ], [ 159.867384119999713, -9.710772068392554 ], [ 159.866607960322852, -9.693739936124398 ], [ 159.868199880109216, -9.688951955467665 ], [ 159.870639960440741, -9.687718975356626 ], [ 159.869840040324618, -9.681931056564432 ], [ 159.873711840284614, -9.681555956194046 ], [ 159.875877960505619, -9.675984052841271 ], [ 159.879560039870881, -9.671515923658392 ], [ 159.977805120063607, -9.652269871325817 ], [ 159.879888000408101, -9.613998084368609 ], [ 159.807355920513885, -9.557351936245759 ], [ 159.697542960421373, -9.452421913648367 ], [ 159.713079120240934, -9.405011907216652 ], [ 159.612860879746876, -9.291294946093098 ] ] ], [ [ [ 159.627849839794294, -9.560525117783756 ], [ 159.625501920322705, -9.559344918236434 ], [ 159.623793000360479, -9.560445065108544 ], [ 159.626059919641222, -9.561704957418698 ], [ 159.627849839794294, -9.560525117783756 ] ] ], [ [ [ 159.624217079734791, -9.558956014640472 ], [ 159.62309315975358, -9.55758694892176 ], [ 159.623084160431034, -9.559748909812487 ], [ 159.624217079734791, -9.558956014640472 ] ] ] ] } },
{ "type": "Feature", "properties": { "shapeName": "South Guadalcanal", "shapeISO": "", "shapeID": "97153195B58101898205888", "shapeGroup": "SLB", "shapeType": "ADM2" }, "geometry": { "type": "Polygon", "coordinates": [ [ [ 159.843976919864048, -9.798518952761535 ], [ 159.87161412048431, -9.784216074820812 ], [ 159.883558920002542, -9.780638973388641 ], [ 159.889987080021086, -9.781168995116175 ], [ 159.892400880138979, -9.784025034275961 ], [ 159.895236960305596, -9.784131108522843 ], [ 159.897789000365947, -9.786205938664478 ], [ 159.910205039912569, -9.788915951180142 ], [ 159.914666880300615, -9.795479985915668 ], [ 159.926199839990375, -9.800058912369936 ], [ 159.938543880465318, -9.799675962202281 ], [ 159.953254919730114, -9.801481975888656 ], [ 159.958585079756631, -9.80320106698921 ], [ 159.961712039802165, -9.806104983565698 ], [ 159.968773080006343, -9.804533125639047 ], [ 159.973400879651592, -9.805259990774761 ], [ 159.980549040268613, -9.807231991836302 ], [ 159.984487080201063, -9.811318028713814 ], [ 159.987697920436233, -9.811996990176535 ], [ 159.994188000429006, -9.817095011111244 ], [ 160.012585079731139, -9.812670983988161 ], [ 160.017962040187342, -9.812913089514273 ], [ 160.029172079786974, -9.816602115700423 ], [ 160.033719959914635, -9.821507982359202 ], [ 160.038549000149771, -9.820470945415337 ], [ 160.042842000383558, -9.822562041847096 ], [ 160.051683960520023, -9.821482973633163 ], [ 160.066303920496466, -9.826347975859195 ], [ 160.086836880032251, -9.819527020716466 ], [ 160.106771880490669, -9.816751988514477 ], [ 160.136629920410883, -9.815596102368941 ], [ 160.145589960498114, -9.817355913355206 ], [ 160.170395039827241, -9.818748041834839 ], [ 160.223860080473628, -9.810268012729933 ], [ 160.252956000486535, -9.808153070829299 ], [ 160.270439040393853, -9.807686057357587 ], [ 160.272501120433589, -9.808561905535212 ], [ 160.273902960299125, -9.811493977258822 ], [ 160.278221880522068, -9.811536013159079 ], [ 160.280696159716484, -9.814086012313593 ], [ 160.300672920157524, -9.810811999707457 ], [ 160.324851959971852, -9.811316964896605 ], [ 160.326726119640682, -9.807678075967006 ], [ 160.326651960120756, -9.803780007660581 ], [ 160.322393880096996, -9.801536961026397 ], [ 160.316049960492535, -9.7851760643265 ], [ 160.252482960234346, -9.731228961756544 ], [ 160.130397959636952, -9.707513006963641 ], [ 160.067791079652693, -9.706623941532719 ], [ 159.977805120063607, -9.652269871325817 ], [ 159.879560039870881, -9.671515923658392 ], [ 159.875877960505619, -9.675984052841271 ], [ 159.873711840284614, -9.681555956194046 ], [ 159.869840040324618, -9.681931056564432 ], [ 159.870639960440741, -9.687718975356626 ], [ 159.868199880109216, -9.688951955467665 ], [ 159.866607960322852, -9.693739936124398 ], [ 159.867384119999713, -9.710772068392554 ], [ 159.858246959986189, -9.714589967081743 ], [ 159.855550919985802, -9.720001022555499 ], [ 159.856734959717443, -9.72529010674231 ], [ 159.845176080038499, -9.733124937689825 ], [ 159.84671112029767, -9.744293006338053 ], [ 159.84391284033984, -9.751125972276952 ], [ 159.846355080221315, -9.757568882005897 ], [ 159.845679000053678, -9.768677061037657 ], [ 159.84684684046573, -9.770685998195944 ], [ 159.845142960052272, -9.773605987235403 ], [ 159.848998920018829, -9.779178924289237 ], [ 159.844542840526714, -9.780229039029265 ], [ 159.843134880439209, -9.78229697486414 ], [ 159.843976919864048, -9.798518952761535 ] ] ] } },
{ "type": "Feature", "properties": { "shapeName": "East Guadalcanal", "shapeISO": "", "shapeID": "97153195B16319119687534", "shapeGroup": "SLB", "shapeType": "ADM2" }, "geometry": { "type": "MultiPolygon", "coordinates": [ [ [ [ 160.324851959971852, -9.811316964896605 ], [ 160.34108904017333, -9.8156450551351 ], [ 160.363668960204308, -9.828893958973417 ], [ 160.369568999769001, -9.835197023420958 ], [ 160.37203212009095, -9.84190308590358 ], [ 160.375277160087307, -9.845338001559742 ], [ 160.39240811969205, -9.853569912985092 ], [ 160.404995159841206, -9.864309910536395 ], [ 160.417789920128484, -9.880922956339807 ], [ 160.425299160370656, -9.895498093146136 ], [ 160.449094079671113, -9.887326988587864 ], [ 160.476122880095573, -9.887015957745316 ], [ 160.504986960205002, -9.896999120970641 ], [ 160.518846959824174, -9.898348001454266 ], [ 160.526615039733969, -9.906062951676383 ], [ 160.537058999652544, -9.908330998287868 ], [ 160.548050879792157, -9.913825062677516 ], [ 160.553031119964345, -9.922207035511738 ], [ 160.567697159921664, -9.918117053609894 ], [ 160.575036120010111, -9.917881054488829 ], [ 160.579041120363826, -9.920252035063704 ], [ 160.58974896039706, -9.922169978484666 ], [ 160.602670080407137, -9.934488907116425 ], [ 160.609536000243423, -9.937185998954906 ], [ 160.613549999919627, -9.941676079488897 ], [ 160.616202839937984, -9.941169896354642 ], [ 160.622556119987649, -9.945222002984828 ], [ 160.630122960205853, -9.946168934996532 ], [ 160.632871919959626, -9.943065909047819 ], [ 160.630823879689444, -9.938890021125911 ], [ 160.633382039971821, -9.93283503927057 ], [ 160.643027160447559, -9.926448030383108 ], [ 160.659065880057909, -9.918927004568804 ], [ 160.696481040424885, -9.904877943790066 ], [ 160.697283120090901, -9.906620079515051 ], [ 160.706084039795229, -9.908627114347084 ], [ 160.710986159775416, -9.904521890830095 ], [ 160.715923920414497, -9.905776053909101 ], [ 160.732113120411327, -9.901544012437299 ], [ 160.734390119687873, -9.901420065737904 ], [ 160.737186959646294, -9.90460398882715 ], [ 160.743233160497567, -9.904239070281175 ], [ 160.759838160096706, -9.892278971788416 ], [ 160.764153119647631, -9.895021983065982 ], [ 160.775583840278244, -9.892008907654949 ], [ 160.775152920233069, -9.888909091745116 ], [ 160.780169160390301, -9.890217043696675 ], [ 160.785551160395244, -9.887758955876853 ], [ 160.789858919949154, -9.881650894691731 ], [ 160.796680920252868, -9.884577884414069 ], [ 160.802475839861302, -9.880925084410576 ], [ 160.804132919845102, -9.87611000846073 ], [ 160.807524120229772, -9.878344036088381 ], [ 160.807688999711957, -9.876695027624855 ], [ 160.814664000176577, -9.873615993923519 ], [ 160.830114120256525, -9.862394999394564 ], [ 160.828927920076723, -9.856823107833836 ], [ 160.834235040112816, -9.852845990996922 ], [ 160.833427919999735, -9.849417005689078 ], [ 160.831202040252748, -9.845826066014952 ], [ 160.82843004050855, -9.84641397706323 ], [ 160.825493160383871, -9.844338992683012 ], [ 160.823089080037391, -9.839239086158393 ], [ 160.816619160036225, -9.840873029726689 ], [ 160.816330080381192, -9.839163888543849 ], [ 160.80979104040884, -9.836412077076732 ], [ 160.809230160193181, -9.831083080568368 ], [ 160.805022119924047, -9.824669975105866 ], [ 160.804744920488616, -9.815626963353965 ], [ 160.802267039948248, -9.811293020099107 ], [ 160.803488160338134, -9.809531047946127 ], [ 160.802925840123095, -9.807061007325805 ], [ 160.800798960110342, -9.805554958576158 ], [ 160.799837040510852, -9.806355075374364 ], [ 160.798334040462862, -9.803576030652055 ], [ 160.801432920070937, -9.800547043588498 ], [ 160.801247160148307, -9.799083002368917 ], [ 160.795393920114975, -9.795898061086664 ], [ 160.796116080263459, -9.793109881994789 ], [ 160.794996840504865, -9.790786943383655 ], [ 160.791747120285862, -9.790512006798439 ], [ 160.794938880304443, -9.789406049462798 ], [ 160.791674039642572, -9.788236942747893 ], [ 160.791813000033898, -9.786390059927772 ], [ 160.801769879930674, -9.787632076716253 ], [ 160.802816039944247, -9.783540071952014 ], [ 160.813060919721096, -9.772371012986092 ], [ 160.811660160528902, -9.772074064760595 ], [ 160.80939612034868, -9.767572095854128 ], [ 160.803551879637894, -9.764387030430056 ], [ 160.801776000152699, -9.766097088701081 ], [ 160.801705079957628, -9.771283976243691 ], [ 160.803266040206012, -9.771853038663652 ], [ 160.801364879874711, -9.774120942519756 ], [ 160.799169959665704, -9.772705034976457 ], [ 160.799505120199854, -9.768865981714072 ], [ 160.797518999903929, -9.768236955602273 ], [ 160.797690000506464, -9.765495908423491 ], [ 160.795095119790204, -9.761187919725401 ], [ 160.793534879990688, -9.759598996559093 ], [ 160.794169919726301, -9.761645951141055 ], [ 160.790448960377233, -9.761653933651916 ], [ 160.79164703987837, -9.759963897757126 ], [ 160.78945284011823, -9.759683969204305 ], [ 160.78545107998778, -9.753111953413887 ], [ 160.782162840009363, -9.754089949880775 ], [ 160.783723079808937, -9.755761034211126 ], [ 160.78281083973954, -9.756381035779288 ], [ 160.779737880120706, -9.754602097515408 ], [ 160.777504079927866, -9.75542202789225 ], [ 160.775845920169132, -9.751990971322684 ], [ 160.770726000055049, -9.749979082561573 ], [ 160.770009960128618, -9.747299975391517 ], [ 160.771943880221698, -9.744707951891739 ], [ 160.770971879728108, -9.742953964365988 ], [ 160.772897880273689, -9.74180598214463 ], [ 160.773558120447944, -9.739252058157344 ], [ 160.768001880515527, -9.736620942464391 ], [ 160.769908080395624, -9.735381041093337 ], [ 160.768017000060098, -9.733345989800679 ], [ 160.760527919809505, -9.735940940179871 ], [ 160.755437880356737, -9.72881493464936 ], [ 160.742202120028509, -9.728280038401596 ], [ 160.740888839676984, -9.726640041396232 ], [ 160.700880959940378, -9.720210904933705 ], [ 160.651591920250212, -9.721806048000266 ], [ 160.599103919646154, -9.715350915607704 ], [ 160.57763496050012, -9.747138008328292 ], [ 160.559218080532446, -9.746663103386719 ], [ 160.545281040496207, -9.757178078748616 ], [ 160.500663000433292, -9.784222105399135 ], [ 160.471829879861815, -9.78574102348297 ], [ 160.463813040280144, -9.774875901865826 ], [ 160.457772959650896, -9.771792017741493 ], [ 160.445451960064673, -9.769300941191339 ], [ 160.433187840005615, -9.77076795256181 ], [ 160.430612040404355, -9.769309101732935 ], [ 160.431068159989849, -9.76506803880655 ], [ 160.442075880122871, -9.756910032651916 ], [ 160.446731039756685, -9.734112927472689 ], [ 160.357241160410211, -9.713582935572141 ], [ 160.297139880281065, -9.705015951673552 ], [ 160.291846080464012, -9.69857007702838 ], [ 160.252482960234346, -9.731228961756544 ], [ 160.316049960492535, -9.7851760643265 ], [ 160.322393880096996, -9.801536961026397 ], [ 160.326651960120756, -9.803780007660581 ], [ 160.326726119640682, -9.807678075967006 ], [ 160.324851959971852, -9.811316964896605 ] ] ], [ [ [ 160.880547960368375, -9.816062039852721 ], [ 160.879042080321653, -9.812416995467064 ], [ 160.875614160401426, -9.809407067102882 ], [ 160.873076879661198, -9.809393942159051 ], [ 160.866955080188859, -9.795515106944995 ], [ 160.863776999715441, -9.793446011509857 ], [ 160.857132120236315, -9.793464103626107 ], [ 160.851891959723162, -9.790883082298832 ], [ 160.853276160269729, -9.798172008087501 ], [ 160.858540080323849, -9.805634952078842 ], [ 160.864710120225226, -9.811167976106033 ], [ 160.866702000518814, -9.819276938981176 ], [ 160.866101880094931, -9.822029957780323 ], [ 160.868675880370716, -9.826961106724243 ], [ 160.866303840235418, -9.827942964189583 ], [ 160.859579040340407, -9.823195930628989 ], [ 160.859058119883571, -9.824975921277932 ], [ 160.852293000005346, -9.830233895549384 ], [ 160.85513699971952, -9.833851076667587 ], [ 160.860903839788818, -9.835626929775639 ], [ 160.867814040280365, -9.835278074297291 ], [ 160.869813840121481, -9.833823054054966 ], [ 160.875252000103018, -9.834529992189585 ], [ 160.876195920159205, -9.823588076224731 ], [ 160.880547960368375, -9.816062039852721 ] ] ], [ [ [ 160.835091839756103, -9.782223006278645 ], [ 160.831424160384842, -9.778848989038199 ], [ 160.828683839729166, -9.784517978728939 ], [ 160.82459784008293, -9.786090995698482 ], [ 160.818887159990254, -9.785767984532617 ], [ 160.817814000212479, -9.788046968438289 ], [ 160.815782160160154, -9.787643074744048 ], [ 160.81039908038025, -9.791373887785975 ], [ 160.811426160177177, -9.795528055133836 ], [ 160.813460159779453, -9.795490097122899 ], [ 160.813339920278707, -9.794459896440177 ], [ 160.815831120139791, -9.799010987976329 ], [ 160.814566080217304, -9.798796897782776 ], [ 160.815222000393391, -9.799887036676171 ], [ 160.809090120026951, -9.798684087840433 ], [ 160.807559040439799, -9.799928010213165 ], [ 160.808392079643824, -9.803574079383374 ], [ 160.807097880407241, -9.806471962481574 ], [ 160.810391880383264, -9.811222073101689 ], [ 160.823517120083721, -9.809282022388903 ], [ 160.822179000416298, -9.804167918507465 ], [ 160.819198920309617, -9.801000941075253 ], [ 160.821928080296203, -9.800114075055614 ], [ 160.824116880283214, -9.802775906169018 ], [ 160.827305039854082, -9.802129030767526 ], [ 160.829808119934796, -9.799517036120656 ], [ 160.829915040114855, -9.795873051293816 ], [ 160.827437160472783, -9.792712024961274 ], [ 160.830903960376872, -9.792898980466752 ], [ 160.831179000262324, -9.794328105485414 ], [ 160.831098000071478, -9.788877991512301 ], [ 160.831776960237931, -9.787478997995635 ], [ 160.832850120015706, -9.788448023699914 ], [ 160.8324631204014, -9.785113980197124 ], [ 160.835091839756103, -9.782223006278645 ] ] ], [ [ [ 160.8228169201507, -9.830303951956022 ], [ 160.820592839729244, -9.82575594997088 ], [ 160.820915040268829, -9.819525956925998 ], [ 160.81705691985394, -9.813786086870932 ], [ 160.805184120305739, -9.809984932972958 ], [ 160.806534120192822, -9.822875971904224 ], [ 160.809869159702544, -9.827410001527531 ], [ 160.812069120358643, -9.834338980134058 ], [ 160.815902040334834, -9.835270092689834 ], [ 160.821510839796161, -9.833193088089143 ], [ 160.8228169201507, -9.830303951956022 ] ] ], [ [ [ 160.849680119745756, -9.837853074638415 ], [ 160.840577160391746, -9.830558991217773 ], [ 160.833449159766275, -9.827737051132436 ], [ 160.829645039778114, -9.82931394254493 ], [ 160.836203159967113, -9.8385979570496 ], [ 160.839146160313788, -9.84051992229861 ], [ 160.847339040046762, -9.840096938377402 ], [ 160.849680119745756, -9.837853074638415 ] ] ], [ [ [ 160.791087959886596, -9.747010988281989 ], [ 160.782065999825107, -9.742199110857594 ], [ 160.7823608403761, -9.740912039975436 ], [ 160.778751839857534, -9.738440958189546 ], [ 160.777117080313616, -9.734713100115085 ], [ 160.774934040324183, -9.735695940389073 ], [ 160.773611040201331, -9.734082945547293 ], [ 160.770143880072851, -9.735799013603305 ], [ 160.771262040056456, -9.737201950379337 ], [ 160.777020959679874, -9.738402105980837 ], [ 160.776757080463483, -9.739652108021499 ], [ 160.782716160003588, -9.744299925235437 ], [ 160.791087959886596, -9.747010988281989 ] ] ], [ [ [ 160.840865160271846, -9.81801304734676 ], [ 160.839664920322406, -9.814308074624336 ], [ 160.837391879921313, -9.817455946838457 ], [ 160.83459503996292, -9.817908934368416 ], [ 160.838440919933703, -9.820229022784835 ], [ 160.840865160271846, -9.81801304734676 ] ] ], [ [ [ 160.852497840144622, -9.82807101664895 ], [ 160.85065392046323, -9.82424094080012 ], [ 160.848203039687036, -9.824085040686274 ], [ 160.848757080130042, -9.828205987076279 ], [ 160.852497840144622, -9.82807101664895 ] ] ], [ [ [ 160.809356880140427, -9.740802936094399 ], [ 160.807434840266922, -9.738605946127842 ], [ 160.804887120204825, -9.73872800116369 ], [ 160.805026079697825, -9.741345972368903 ], [ 160.809356880140427, -9.740802936094399 ] ] ], [ [ [ 160.836947999881602, -9.808943071373841 ], [ 160.835693039954919, -9.807104995043337 ], [ 160.833106079684541, -9.808308977650375 ], [ 160.834992840021869, -9.812012953637712 ], [ 160.836947999881602, -9.808943071373841 ] ] ], [ [ [ 160.797126959842586, -9.738198975968309 ], [ 160.794279000354607, -9.734618008836607 ], [ 160.794045000002853, -9.73824208530824 ], [ 160.797126959842586, -9.738198975968309 ] ] ], [ [ [ 160.855615080418801, -9.839413955935981 ], [ 160.854449040230548, -9.838262936795166 ], [ 160.853055840361463, -9.839410053826658 ], [ 160.85318508008308, -9.843164935786822 ], [ 160.855615080418801, -9.839413955935981 ] ] ], [ [ [ 160.887353040005422, -9.812463997493516 ], [ 160.884187920424893, -9.80877989181721 ], [ 160.882626960176538, -9.811639950864143 ], [ 160.887353040005422, -9.812463997493516 ] ] ], [ [ [ 160.774468920517876, -9.747156989683067 ], [ 160.772245919871409, -9.747725029834065 ], [ 160.773477120257098, -9.748488918418717 ], [ 160.774468920517876, -9.747156989683067 ] ] ], [ [ [ 160.777091160324375, -9.750238974180965 ], [ 160.776482039679678, -9.74898599581639 ], [ 160.775259119964261, -9.749673954865079 ], [ 160.775696879782004, -9.750816942478984 ], [ 160.777091160324375, -9.750238974180965 ] ] ], [ [ [ 160.793961840262114, -9.747992905184212 ], [ 160.792459919989113, -9.74633295816027 ], [ 160.791274080033702, -9.747138895016024 ], [ 160.793961840262114, -9.747992905184212 ] ] ], [ [ [ 160.779431160248407, -9.7475699809175 ], [ 160.777558080354567, -9.744759044191841 ], [ 160.776939960387324, -9.745932916409608 ], [ 160.779431160248407, -9.7475699809175 ] ] ], [ [ [ 160.780964040059359, -9.746516037739374 ], [ 160.779430080473446, -9.74480995825404 ], [ 160.779644999710257, -9.746499007064422 ], [ 160.780964040059359, -9.746516037739374 ] ] ] ] } },
{ "type": "Feature", "properties": { "shapeName": "East-Central", "shapeISO": "", "shapeID": "97153195B72128513413491", "shapeGroup": "SLB", "shapeType": "ADM2" }, "geometry": { "type": "MultiPolygon", "coordinates": [ [ [ [ 160.740888839676984, -9.726640041396232 ], [ 160.734462840106772, -9.720478980882021 ], [ 160.711439040035998, -9.705875037832246 ], [ 160.697534040211025, -9.706972045112764 ], [ 160.693518959861535, -9.70499998390911 ], [ 160.68256992037783, -9.707775948029893 ], [ 160.676620919935203, -9.707854013478766 ], [ 160.668613079676106, -9.705406994105351 ], [ 160.66106387967514, -9.701062922500364 ], [ 160.656797880103881, -9.683807971022121 ], [ 160.656339960294559, -9.671074094080458 ], [ 160.658310960147617, -9.666579992292306 ], [ 160.660150920055287, -9.640328038744268 ], [ 160.652950920358109, -9.633453951134371 ], [ 160.648540919948459, -9.624819973124415 ], [ 160.638112080472752, -9.612484955306494 ], [ 160.635176999673604, -9.606512057370526 ], [ 160.634900880013134, -9.5982919851854 ], [ 160.632963000146248, -9.598302988612044 ], [ 160.629991920260409, -9.593529980731274 ], [ 160.622259840335602, -9.59078094049285 ], [ 160.620296040479502, -9.591882937624225 ], [ 160.614641879689572, -9.587311108056449 ], [ 160.613782920496391, -9.583953945385131 ], [ 160.614954000233354, -9.576112981491578 ], [ 160.611657839809112, -9.578541947915467 ], [ 160.603314120363564, -9.576308044404293 ], [ 160.598216160464943, -9.568513052954659 ], [ 160.597032119835063, -9.569399997733253 ], [ 160.583820119946097, -9.553602017794272 ], [ 160.578772920250884, -9.549730998728233 ], [ 160.568854920337913, -9.549397997273287 ], [ 160.530723000493964, -9.536860004763433 ], [ 160.508018880290138, -9.536324094978752 ], [ 160.499930039840166, -9.533197907695447 ], [ 160.49413007978464, -9.535431915957858 ], [ 160.488461159674557, -9.533996009680061 ], [ 160.483815000261558, -9.529761038523528 ], [ 160.479669959741614, -9.520372978229325 ], [ 160.478133839707453, -9.513643984959042 ], [ 160.47932687965988, -9.510673989704303 ], [ 160.476262920261831, -9.508651075954601 ], [ 160.474149000243699, -9.509073944909685 ], [ 160.467589079830844, -9.493325011800151 ], [ 160.462820160244377, -9.490260036474517 ], [ 160.453158840449106, -9.477158127979418 ], [ 160.437461040472243, -9.467656060030288 ], [ 160.407284040235709, -9.456125001395888 ], [ 160.395634080370115, -9.446400048704762 ], [ 160.392258000428285, -9.448095023558428 ], [ 160.39196100032737, -9.451217015999845 ], [ 160.382679119924973, -9.464774973865532 ], [ 160.375952160480011, -9.484801101545694 ], [ 160.399505159881244, -9.561165004405085 ], [ 160.274836079910557, -9.666059015689573 ], [ 160.24497588044045, -9.691638095096648 ], [ 160.252482960234346, -9.731228961756544 ], [ 160.291846080464012, -9.69857007702838 ], [ 160.297139880281065, -9.705015951673552 ], [ 160.357241160410211, -9.713582935572141 ], [ 160.446731039756685, -9.734112927472689 ], [ 160.442075880122871, -9.756910032651916 ], [ 160.431068159989849, -9.76506803880655 ], [ 160.430612040404355, -9.769309101732935 ], [ 160.433187840005615, -9.77076795256181 ], [ 160.445451960064673, -9.769300941191339 ], [ 160.457772959650896, -9.771792017741493 ], [ 160.463813040280144, -9.774875901865826 ], [ 160.471829879861815, -9.78574102348297 ], [ 160.500663000433292, -9.784222105399135 ], [ 160.545281040496207, -9.757178078748616 ], [ 160.559218080532446, -9.746663103386719 ], [ 160.57763496050012, -9.747138008328292 ], [ 160.599103919646154, -9.715350915607704 ], [ 160.651591920250212, -9.721806048000266 ], [ 160.700880959940378, -9.720210904933705 ], [ 160.740888839676984, -9.726640041396232 ] ] ], [ [ [ 160.478367840059178, -9.497369054959181 ], [ 160.477323120044986, -9.496643121910346 ], [ 160.47617112052464, -9.498098003438935 ], [ 160.478367840059178, -9.497369054959181 ] ] ], [ [ [ 160.501956840343723, -9.528787006477803 ], [ 160.500417840310774, -9.528685999555805 ], [ 160.50035087988951, -9.529830979205583 ], [ 160.501956840343723, -9.528787006477803 ] ] ] ] } },
{ "type": "Feature", "properties": { "shapeName": "North-East", "shapeISO": "", "shapeID": "97153195B83197530845720", "shapeGroup": "SLB", "shapeType": "ADM2" }, "geometry": { "type": "Polygon", "coordinates": [ [ [ 160.395634080370115, -9.446400048704762 ], [ 160.385670000476324, -9.422974942478366 ], [ 160.3733720399822, -9.418529952152779 ], [ 160.365414959926511, -9.417451013654384 ], [ 160.352610119643458, -9.410294884483854 ], [ 160.338705840267295, -9.412220886939084 ], [ 160.319067839909764, -9.422661884675202 ], [ 160.305179040302619, -9.425253883545592 ], [ 160.295500080290083, -9.423230999943273 ], [ 160.291677959860266, -9.415526105806869 ], [ 160.286302080077348, -9.413083020235785 ], [ 160.28053487978363, -9.415042924500074 ], [ 160.262866079953625, -9.414534880785119 ], [ 160.263105840302984, -9.421327078061134 ], [ 160.266986999809916, -9.422550902016141 ], [ 160.26556392017784, -9.432106952824649 ], [ 160.262057880065584, -9.436507022048842 ], [ 160.258941000015852, -9.436755967471877 ], [ 160.259594040193093, -9.43968895820203 ], [ 160.256735999811013, -9.443221015315718 ], [ 160.253513999805051, -9.441419123929256 ], [ 160.251706080108647, -9.443548969442208 ], [ 160.24791384034009, -9.444572072147853 ], [ 160.245470160459234, -9.450092902909608 ], [ 160.240848119913295, -9.453031107856207 ], [ 160.240713120194073, -9.45426405187542 ], [ 160.243040879674055, -9.45518005781533 ], [ 160.239150000395739, -9.457170971549488 ], [ 160.239651839737633, -9.460283115953898 ], [ 160.232817960112612, -9.462389053481591 ], [ 160.233735960179558, -9.465027981678293 ], [ 160.232555159772886, -9.467907112458322 ], [ 160.234785000191948, -9.468814027148364 ], [ 160.235753040013464, -9.472677084871139 ], [ 160.231400999804265, -9.471779058270467 ], [ 160.230966119985311, -9.474415073682394 ], [ 160.228816920431001, -9.472924937992424 ], [ 160.225832879652245, -9.47662603071697 ], [ 160.228888920401033, -9.477162921749118 ], [ 160.231217040105463, -9.479989931034767 ], [ 160.230072960132617, -9.481415943539922 ], [ 160.225368840519167, -9.479061918998958 ], [ 160.225697160382452, -9.480229967039875 ], [ 160.221391919704615, -9.483911983630048 ], [ 160.217511839972644, -9.481505956459793 ], [ 160.216904160225653, -9.483202001843944 ], [ 160.218943919825563, -9.485528123972943 ], [ 160.213111920457152, -9.486972045345988 ], [ 160.213799160395581, -9.489877977340644 ], [ 160.218303839642886, -9.493310986122447 ], [ 160.217565840399345, -9.496778047807798 ], [ 160.221309839738808, -9.499948063183734 ], [ 160.228198080014948, -9.499940074402817 ], [ 160.233083999777278, -9.505569905590331 ], [ 160.232128919950327, -9.508713033332448 ], [ 160.238514959761829, -9.511244912085784 ], [ 160.240132079986836, -9.517864954681903 ], [ 160.246810080350485, -9.526636920680849 ], [ 160.247602080020755, -9.529769913865197 ], [ 160.250241960044519, -9.53178897444641 ], [ 160.248808079967802, -9.535598955543065 ], [ 160.251396840461979, -9.539990951811079 ], [ 160.264121039880308, -9.563919964574048 ], [ 160.270277040012161, -9.624651024790076 ], [ 160.263218879806772, -9.64332192111819 ], [ 160.265967840458842, -9.653539004425625 ], [ 160.274836079910557, -9.666059015689573 ], [ 160.399505159881244, -9.561165004405085 ], [ 160.375952160480011, -9.484801101545694 ], [ 160.382679119924973, -9.464774973865532 ], [ 160.39196100032737, -9.451217015999845 ], [ 160.392258000428285, -9.448095023558428 ], [ 160.395634080370115, -9.446400048704762 ] ] ] } },
{ "type": "Feature", "properties": { "shapeName": "North Guadalcanal", "shapeISO": "", "shapeID": "97153195B68303818667914", "shapeGroup": "SLB", "shapeType": "ADM2" }, "geometry": { "type": "Polygon", "coordinates": [ [ [ 160.262866079953625, -9.414534880785119 ], [ 160.251137999896002, -9.41874002143263 ], [ 160.237919879785039, -9.420977971666179 ], [ 160.221062880290816, -9.425987069615111 ], [ 160.214699880469709, -9.426161975306746 ], [ 160.206600960023906, -9.423490964197716 ], [ 160.196025960159943, -9.413637945902146 ], [ 160.187232960003143, -9.412481036210464 ], [ 160.177908960291973, -9.408855969066364 ], [ 160.163210159674577, -9.408103924009357 ], [ 160.156554839975229, -9.404011062947536 ], [ 160.1179531201023, -9.428175075970051 ], [ 160.105332959966915, -9.432415918455396 ], [ 160.097753880202987, -9.431364013592468 ], [ 160.100141039882857, -9.440782031602664 ], [ 160.101048959953971, -9.440366003502346 ], [ 160.09958808011308, -9.450900077510976 ], [ 160.106568120126411, -9.469813973573114 ], [ 160.110933839880715, -9.471673062978629 ], [ 160.112368080181881, -9.474618894765245 ], [ 160.11078695994189, -9.485582096468367 ], [ 160.135481160215448, -9.496320011739133 ], [ 160.251396840461979, -9.539990951811079 ], [ 160.248808079967802, -9.535598955543065 ], [ 160.250241960044519, -9.53178897444641 ], [ 160.247602080020755, -9.529769913865197 ], [ 160.246810080350485, -9.526636920680849 ], [ 160.240132079986836, -9.517864954681903 ], [ 160.238514959761829, -9.511244912085784 ], [ 160.232128919950327, -9.508713033332448 ], [ 160.233083999777278, -9.505569905590331 ], [ 160.228198080014948, -9.499940074402817 ], [ 160.221309839738808, -9.499948063183734 ], [ 160.217565840399345, -9.496778047807798 ], [ 160.218303839642886, -9.493310986122447 ], [ 160.213799160395581, -9.489877977340644 ], [ 160.213111920457152, -9.486972045345988 ], [ 160.218943919825563, -9.485528123972943 ], [ 160.216904160225653, -9.483202001843944 ], [ 160.217511839972644, -9.481505956459793 ], [ 160.221391919704615, -9.483911983630048 ], [ 160.225697160382452, -9.480229967039875 ], [ 160.225368840519167, -9.479061918998958 ], [ 160.230072960132617, -9.481415943539922 ], [ 160.231217040105463, -9.479989931034767 ], [ 160.228888920401033, -9.477162921749118 ], [ 160.225832879652245, -9.47662603071697 ], [ 160.228816920431001, -9.472924937992424 ], [ 160.230966119985311, -9.474415073682394 ], [ 160.231400999804265, -9.471779058270467 ], [ 160.235753040013464, -9.472677084871139 ], [ 160.234785000191948, -9.468814027148364 ], [ 160.232555159772886, -9.467907112458322 ], [ 160.233735960179558, -9.465027981678293 ], [ 160.232817960112612, -9.462389053481591 ], [ 160.239651839737633, -9.460283115953898 ], [ 160.239150000395739, -9.457170971549488 ], [ 160.243040879674055, -9.45518005781533 ], [ 160.240713120194073, -9.45426405187542 ], [ 160.240848119913295, -9.453031107856207 ], [ 160.245470160459234, -9.450092902909608 ], [ 160.24791384034009, -9.444572072147853 ], [ 160.251706080108647, -9.443548969442208 ], [ 160.253513999805051, -9.441419123929256 ], [ 160.256735999811013, -9.443221015315718 ], [ 160.259594040193093, -9.43968895820203 ], [ 160.258941000015852, -9.436755967471877 ], [ 160.262057880065584, -9.436507022048842 ], [ 160.26556392017784, -9.432106952824649 ], [ 160.266986999809916, -9.422550902016141 ], [ 160.263105840302984, -9.421327078061134 ], [ 160.262866079953625, -9.414534880785119 ] ] ] } },
{ "type": "Feature", "properties": { "shapeName": "Central Guadalcanal", "shapeISO": "", "shapeID": "97153195B29965366735238", "shapeGroup": "SLB", "shapeType": "ADM2" }, "geometry": { "type": "Polygon", "coordinates": [ [ [ 159.807355920513885, -9.557351936245759 ], [ 159.879888000408101, -9.613998084368609 ], [ 159.977805120063607, -9.652269871325817 ], [ 160.067791079652693, -9.706623941532719 ], [ 160.130397959636952, -9.707513006963641 ], [ 160.252482960234346, -9.731228961756544 ], [ 160.24497588044045, -9.691638095096648 ], [ 160.274836079910557, -9.666059015689573 ], [ 160.265967840458842, -9.653539004425625 ], [ 160.263218879806772, -9.64332192111819 ], [ 160.270277040012161, -9.624651024790076 ], [ 160.264121039880308, -9.563919964574048 ], [ 160.251396840461979, -9.539990951811079 ], [ 160.135481160215448, -9.496320011739133 ], [ 160.11078695994189, -9.485582096468367 ], [ 160.112368080181881, -9.474618894765245 ], [ 160.110933839880715, -9.471673062978629 ], [ 160.106568120126411, -9.469813973573114 ], [ 160.09958808011308, -9.450900077510976 ], [ 160.101048959953971, -9.440366003502346 ], [ 160.100141039882857, -9.440782031602664 ], [ 160.097753880202987, -9.431364013592468 ], [ 160.087921920029657, -9.430064044656028 ], [ 160.078254119787914, -9.426603058227498 ], [ 160.068498120256635, -9.42085100717367 ], [ 160.045251839829376, -9.412718988822373 ], [ 160.037445959710766, -9.407778954445714 ], [ 160.028717039976414, -9.405537012221764 ], [ 160.024088880106746, -9.406769948905612 ], [ 160.023494879904916, -9.413358973864453 ], [ 160.034895000323701, -9.41834101377005 ], [ 160.033703040146236, -9.420569022465909 ], [ 160.029030959845727, -9.420566003895097 ], [ 160.028862840140278, -9.428466998310025 ], [ 160.033368600060896, -9.430527317826414 ], [ 160.034142960412225, -9.436472930026852 ], [ 160.038758879837843, -9.436483938732785 ], [ 160.037303040443987, -9.439004986342947 ], [ 160.037735040264124, -9.441534893818758 ], [ 160.041744000391589, -9.444420968688494 ], [ 160.040359080294479, -9.450259984644379 ], [ 160.043824079974655, -9.452932031636024 ], [ 160.03912716035822, -9.455216988732365 ], [ 160.037166960051508, -9.461299955247418 ], [ 160.03856699969316, -9.466493117551542 ], [ 160.03735091975031, -9.468665952620068 ], [ 160.034383080087679, -9.469480006755665 ], [ 160.030830959994574, -9.467420098191367 ], [ 160.024276080028812, -9.466879996082715 ], [ 160.023141000276865, -9.46859688581606 ], [ 160.023864959750824, -9.475302973261432 ], [ 160.020587880441525, -9.475296937091873 ], [ 160.01342892027813, -9.470952047956068 ], [ 160.006943879834125, -9.476110976195622 ], [ 160.007608079782159, -9.47798991690788 ], [ 160.010298000458818, -9.47918495540177 ], [ 160.014354839892633, -9.477426040291848 ], [ 160.015631040484152, -9.480553092574389 ], [ 160.013151000393833, -9.483206084725067 ], [ 160.007186159957854, -9.485045040414272 ], [ 160.006518000236042, -9.487658052012295 ], [ 160.013901960530319, -9.485970018063338 ], [ 160.016093999842241, -9.488164034168877 ], [ 160.012742039665824, -9.493838974406723 ], [ 160.006158000385938, -9.49381696071651 ], [ 160.007086080448659, -9.496199999464096 ], [ 160.005581999727411, -9.499954987150502 ], [ 160.001333999699511, -9.500218088863621 ], [ 159.99902208021291, -9.497094056045576 ], [ 159.99623712047412, -9.496288056271187 ], [ 159.995148840253506, -9.496749997630124 ], [ 159.994676879776307, -9.501906939931246 ], [ 159.989901120417244, -9.503812013212817 ], [ 159.986909160090931, -9.501642952192322 ], [ 159.987588839807927, -9.496659987873455 ], [ 159.985037159972023, -9.496604952320768 ], [ 159.983084880111136, -9.494630067928551 ], [ 159.977892960027049, -9.495104971435238 ], [ 159.974596080052265, -9.498924060983995 ], [ 159.96959604011289, -9.497508950626905 ], [ 159.967123920468396, -9.502241052225001 ], [ 159.96598812026761, -9.511136977064345 ], [ 159.962939999964647, -9.514174959205761 ], [ 159.961956120149694, -9.520693935888644 ], [ 159.957164159674477, -9.523454016112741 ], [ 159.954819839752247, -9.522726008772221 ], [ 159.953595119813031, -9.519211989804344 ], [ 159.94711511981609, -9.519469041130824 ], [ 159.941378879958677, -9.525909985838215 ], [ 159.938219160151334, -9.514150105672343 ], [ 159.930057960405236, -9.508138023197832 ], [ 159.926793840192175, -9.512315922339294 ], [ 159.926978160115482, -9.517446001748842 ], [ 159.921338039993401, -9.520058055635058 ], [ 159.917906160299424, -9.528685999555805 ], [ 159.90969708034865, -9.528359014284041 ], [ 159.909617159932793, -9.5348539329399 ], [ 159.90804108013981, -9.536219007185309 ], [ 159.90528492038905, -9.535799899617992 ], [ 159.905112840011554, -9.53955498512237 ], [ 159.903512999779338, -9.541370028904513 ], [ 159.898080960019826, -9.54259697517135 ], [ 159.89496912041713, -9.5411449464016 ], [ 159.890136120408187, -9.543038085645971 ], [ 159.888984119989516, -9.541390974808616 ], [ 159.883368120531117, -9.543029032316074 ], [ 159.879200040020777, -9.541363993915805 ], [ 159.87277583977604, -9.544457977895652 ], [ 159.87019896039979, -9.536446045821981 ], [ 159.866638919860833, -9.533727076633337 ], [ 159.865158959803267, -9.534327072634749 ], [ 159.865982999684746, -9.541051043757003 ], [ 159.861255120530359, -9.539990064571407 ], [ 159.858455040348701, -9.541832086864341 ], [ 159.855967079812558, -9.547164968060109 ], [ 159.857767079961405, -9.549903888607197 ], [ 159.855254999659849, -9.558263938230354 ], [ 159.850815120385533, -9.560603927488849 ], [ 159.846630120106823, -9.560054919833474 ], [ 159.845694120496518, -9.564150001793275 ], [ 159.842445840276895, -9.565677901622987 ], [ 159.836310000136677, -9.564325014364268 ], [ 159.838373880400241, -9.559049025094534 ], [ 159.83472599989787, -9.558022004146228 ], [ 159.83783784039889, -9.554869923249996 ], [ 159.837293879951602, -9.550726092925528 ], [ 159.833270160504043, -9.548872935065415 ], [ 159.831038159636705, -9.545559947056962 ], [ 159.826101120344816, -9.545712070891632 ], [ 159.823820879946766, -9.542426033449363 ], [ 159.820853040284106, -9.543264054113509 ], [ 159.820741079657012, -9.547109940750085 ], [ 159.818117040524982, -9.547170115723983 ], [ 159.815212920162054, -9.554747978195095 ], [ 159.811068960315396, -9.554397942088691 ], [ 159.807355920513885, -9.557351936245759 ] ] ] } },
{ "type": "Feature", "properties": { "shapeName": "North Malaita", "shapeISO": "", "shapeID": "97153195B19002980300101", "shapeGroup": "SLB", "shapeType": "ADM2" }, "geometry": { "type": "MultiPolygon", "coordinates": [ [ [ [ 160.654977000412885, -8.461349057989921 ], [ 160.657504919809469, -8.459925085537218 ], [ 160.661170080304686, -8.452837903079462 ], [ 160.682378040233147, -8.423900994689101 ], [ 160.756999920380139, -8.427966038712702 ], [ 160.697851919854088, -8.377170051529433 ], [ 160.67621699965423, -8.366292983268119 ], [ 160.671642840211263, -8.36608604901579 ], [ 160.669700999672273, -8.363010872668147 ], [ 160.65836712012424, -8.357501032380545 ], [ 160.657368840315314, -8.354783926602416 ], [ 160.648876080482665, -8.353671042704342 ], [ 160.643923919849584, -8.350946965598848 ], [ 160.643666159956922, -8.349293026586974 ], [ 160.64138808000709, -8.350413937455954 ], [ 160.636105079736353, -8.347703015687873 ], [ 160.627883039790987, -8.34836106830293 ], [ 160.620233039832016, -8.343639982273414 ], [ 160.616044079779499, -8.343052980965883 ], [ 160.610730840419649, -8.338943950376935 ], [ 160.611915959926222, -8.337242942346382 ], [ 160.611053040060938, -8.335952978440348 ], [ 160.597373040366847, -8.329424018529572 ], [ 160.586596080362341, -8.328438048937844 ], [ 160.567908839833507, -8.329437910599081 ], [ 160.562003040271236, -8.333493967322806 ], [ 160.562643840004426, -8.334872098770834 ], [ 160.559798040066426, -8.339223918635305 ], [ 160.558917119759457, -8.346239978956669 ], [ 160.564830839767609, -8.359257871049481 ], [ 160.572840840474981, -8.36873700693971 ], [ 160.575410880078636, -8.377360953185553 ], [ 160.57322388031551, -8.378798051043647 ], [ 160.576017119826247, -8.388498057405503 ], [ 160.578999000156784, -8.392671027505973 ], [ 160.582627079993671, -8.393775964830159 ], [ 160.583091840473855, -8.396694908052833 ], [ 160.586903880009601, -8.39763102414515 ], [ 160.588686960390106, -8.400780003417129 ], [ 160.596957960315052, -8.407512008730542 ], [ 160.594742159665572, -8.410075075891893 ], [ 160.592555880351284, -8.410366923366556 ], [ 160.593530040394853, -8.409366913482224 ], [ 160.59153311965423, -8.408298879862233 ], [ 160.589139120201821, -8.408858003963111 ], [ 160.58771315967266, -8.40717297119685 ], [ 160.588131119723215, -8.404490046300408 ], [ 160.585804079793803, -8.40364298058741 ], [ 160.58516904005819, -8.401499044070514 ], [ 160.585043039661457, -8.409525034712857 ], [ 160.592597999660029, -8.414525057709577 ], [ 160.596380879881593, -8.415379043361172 ], [ 160.600665959669527, -8.411486055640735 ], [ 160.602692039724275, -8.413962023951603 ], [ 160.601799959646542, -8.416702931941641 ], [ 160.611202080448038, -8.423816951647963 ], [ 160.613628120111656, -8.424645989101432 ], [ 160.618813919973746, -8.423144069961504 ], [ 160.628319000283199, -8.428355091076373 ], [ 160.630714080408893, -8.432901012042514 ], [ 160.63546716000198, -8.434470019274061 ], [ 160.638846840391437, -8.438223895854922 ], [ 160.639414919705757, -8.440990093566377 ], [ 160.641317159812019, -8.440867060996641 ], [ 160.645209840212488, -8.44539307117725 ], [ 160.647715079843181, -8.457399915668503 ], [ 160.6514871605184, -8.460825083735571 ], [ 160.654977000412885, -8.461349057989921 ] ] ], [ [ [ 160.590255840186046, -8.315924065794398 ], [ 160.588292040329918, -8.308055022442934 ], [ 160.58390795990951, -8.304993995166836 ], [ 160.57984500025367, -8.302712012614121 ], [ 160.570653120262961, -8.303231925787303 ], [ 160.573111919688358, -8.310078001985589 ], [ 160.580816999848963, -8.317794010612261 ], [ 160.586400959994393, -8.319940010618188 ], [ 160.590255840186046, -8.315924065794398 ] ] ] ] } },
{ "type": "Feature", "properties": { "shapeName": "Lau-Mbaelela", "shapeISO": "", "shapeID": "97153195B87820202711948", "shapeGroup": "SLB", "shapeType": "ADM2" }, "geometry": { "type": "MultiPolygon", "coordinates": [ [ [ [ 160.654977000412885, -8.461349057989921 ], [ 160.657616159987754, -8.463770048989986 ], [ 160.660886040198363, -8.470842964510398 ], [ 160.664317919892369, -8.470907947911366 ], [ 160.666786079763028, -8.475851985133545 ], [ 160.668830160259461, -8.47601898125076 ], [ 160.67050488046047, -8.480555972391606 ], [ 160.674279119787343, -8.480878031570382 ], [ 160.676693999680225, -8.484351058756864 ], [ 160.679401919900243, -8.485147921016186 ], [ 160.679477160093455, -8.488756923516313 ], [ 160.676246880315546, -8.493816981551305 ], [ 160.676634959704785, -8.495301000877108 ], [ 160.679989080329506, -8.498296972811742 ], [ 160.685277839699523, -8.498473038059966 ], [ 160.686343079929742, -8.502994988325854 ], [ 160.691583959993437, -8.506544007947891 ], [ 160.692690960206278, -8.508947089369059 ], [ 160.695543960141293, -8.50915893172456 ], [ 160.697484000456456, -8.51096706267802 ], [ 160.704300960313049, -8.505016060325039 ], [ 160.705157040405794, -8.50630706319539 ], [ 160.705517040255899, -8.504867057653406 ], [ 160.715397960408922, -8.506393046489295 ], [ 160.714941839925075, -8.504340116341691 ], [ 160.719270119695011, -8.502032958696557 ], [ 160.718766119904842, -8.499664013712135 ], [ 160.723262160054077, -8.498053970207014 ], [ 160.725926159843226, -8.493752892818346 ], [ 160.730630999905543, -8.496321973054561 ], [ 160.734327119938683, -8.4937370481559 ], [ 160.766589959755947, -8.494212910917865 ], [ 160.79707296031421, -8.494140988019417 ], [ 160.799698080119526, -8.488313988592095 ], [ 160.802930160121321, -8.486516967078625 ], [ 160.805833920259772, -8.487386994787572 ], [ 160.812849960258092, -8.485280019484543 ], [ 160.812986039752303, -8.48021094688395 ], [ 160.811658000080655, -8.477814983754266 ], [ 160.812681839654374, -8.475263048239922 ], [ 160.810922160387037, -8.474882944533787 ], [ 160.810841879746732, -8.470632881429077 ], [ 160.809282000171606, -8.469949043174717 ], [ 160.80968988022633, -8.465208072169194 ], [ 160.81489115985741, -8.463323881191419 ], [ 160.815043080243299, -8.461719026536766 ], [ 160.817491080122409, -8.460681048176451 ], [ 160.815947039642339, -8.45921202850171 ], [ 160.821034920443481, -8.451281967403666 ], [ 160.823738879991396, -8.450219034806715 ], [ 160.828994880497987, -8.451159116148053 ], [ 160.830754919989744, -8.44797493798167 ], [ 160.82882712011866, -8.444932103979859 ], [ 160.834251959881186, -8.444105958506164 ], [ 160.830997919663986, -8.441039057212233 ], [ 160.832589840348646, -8.431654988311502 ], [ 160.829466120526348, -8.425080983617942 ], [ 160.826391000459211, -8.423035988337407 ], [ 160.825106159871297, -8.424240017386662 ], [ 160.824527999662848, -8.422618975152918 ], [ 160.822424880089329, -8.422886062613008 ], [ 160.821322920323581, -8.419752042357187 ], [ 160.820804160314992, -8.421776934585928 ], [ 160.819536959944259, -8.419804926610167 ], [ 160.816209839982093, -8.419588939446285 ], [ 160.819122959667482, -8.414775946862946 ], [ 160.816984919883936, -8.411505107873584 ], [ 160.817154120262671, -8.408989059947205 ], [ 160.819624080357187, -8.406760036734374 ], [ 160.813037879730729, -8.401898984819342 ], [ 160.814813039665324, -8.392651973441328 ], [ 160.804563120339708, -8.376475006599161 ], [ 160.800733080362335, -8.373971018755073 ], [ 160.798326120017038, -8.369632942698885 ], [ 160.792103879912759, -8.366887072091846 ], [ 160.789933080367405, -8.361964972822857 ], [ 160.786077839951389, -8.360155966166246 ], [ 160.784638920325932, -8.356766060768008 ], [ 160.778386080009795, -8.355490942598605 ], [ 160.774883999671317, -8.356942012381234 ], [ 160.773008039778631, -8.355017937091985 ], [ 160.76939904015839, -8.35494402959362 ], [ 160.768991160103639, -8.3534600059652 ], [ 160.760070000000212, -8.350270039270221 ], [ 160.760909879875072, -8.347256002202144 ], [ 160.753023000463884, -8.339665954484003 ], [ 160.753865039888723, -8.335569889454332 ], [ 160.748310960404581, -8.330052893861197 ], [ 160.744933080238951, -8.323711022540294 ], [ 160.738040880189061, -8.317790982842661 ], [ 160.730389080006262, -8.31919695338075 ], [ 160.723162079646613, -8.316466936209196 ], [ 160.718075999967624, -8.321129932633683 ], [ 160.714829880196248, -8.321816882639251 ], [ 160.711311959864361, -8.321065993020879 ], [ 160.709492880397192, -8.318295023839573 ], [ 160.696788840072145, -8.316868033637787 ], [ 160.697940120041949, -8.314751048155301 ], [ 160.702886160453005, -8.314489051779233 ], [ 160.70293115976051, -8.312170967680338 ], [ 160.693108920256833, -8.31260608858536 ], [ 160.692287039925276, -8.314527878959241 ], [ 160.684820999665135, -8.316331931556491 ], [ 160.680196080018732, -8.321503952717681 ], [ 160.679169000221776, -8.324433945370137 ], [ 160.681385160197379, -8.325747991362221 ], [ 160.700002920530551, -8.331164063671512 ], [ 160.704505080003486, -8.336679975130345 ], [ 160.7106128397063, -8.335429013361047 ], [ 160.71029100028943, -8.339322940163408 ], [ 160.71593508018529, -8.341421983371108 ], [ 160.715399040183883, -8.342742917787595 ], [ 160.717348079821534, -8.34448699956865 ], [ 160.718025960213026, -8.343060105242534 ], [ 160.718745959913235, -8.344618967715562 ], [ 160.723493999957583, -8.344074889697966 ], [ 160.72193591970796, -8.345104987299228 ], [ 160.723172159642417, -8.346345054669488 ], [ 160.722660959855261, -8.349353042923012 ], [ 160.721699040255743, -8.347221986230117 ], [ 160.719240960380887, -8.347925987676287 ], [ 160.719683040196827, -8.350096043011151 ], [ 160.717362840039982, -8.35174000588699 ], [ 160.718043959756358, -8.355067089761983 ], [ 160.723051920141614, -8.358865009859329 ], [ 160.717991040003, -8.371647055880679 ], [ 160.715288879780587, -8.374377933881354 ], [ 160.710895080487091, -8.375061050457617 ], [ 160.704343080520118, -8.372663012056131 ], [ 160.697851919854088, -8.377170051529433 ], [ 160.756999920380139, -8.427966038712702 ], [ 160.682378040233147, -8.423900994689101 ], [ 160.661170080304686, -8.452837903079462 ], [ 160.657504919809469, -8.459925085537218 ], [ 160.654977000412885, -8.461349057989921 ] ] ], [ [ [ 160.814621879969536, -8.33741694440522 ], [ 160.812272160274091, -8.332511035775829 ], [ 160.813374120039867, -8.33214397188477 ], [ 160.812379080454178, -8.32514101520089 ], [ 160.813986840233895, -8.316171990600909 ], [ 160.81116516006125, -8.313941012361546 ], [ 160.80853104003512, -8.305125976799298 ], [ 160.80220404019903, -8.295053061865922 ], [ 160.784740080508357, -8.29055594075062 ], [ 160.780597919987201, -8.287716002272438 ], [ 160.761125879785169, -8.293282931798499 ], [ 160.754472000085201, -8.2995900287757 ], [ 160.756594920324176, -8.302202073606047 ], [ 160.760400120087326, -8.300700038759333 ], [ 160.763060879653239, -8.302441992775298 ], [ 160.765328880505564, -8.304712933775626 ], [ 160.76536488049058, -8.307960980261816 ], [ 160.780254839905496, -8.311529952886582 ], [ 160.788259079716937, -8.3157110489472 ], [ 160.797090959857542, -8.327883973909358 ], [ 160.80466392029777, -8.331392923394359 ], [ 160.803849960412066, -8.3326300062878 ], [ 160.805648879887656, -8.336256992720523 ], [ 160.809212880200391, -8.334518037897766 ], [ 160.811690040291893, -8.338865943941524 ], [ 160.814621879969536, -8.33741694440522 ] ] ], [ [ [ 160.619547239892995, -7.905424719811942 ], [ 160.617440880096268, -7.904028889269899 ], [ 160.613379000215389, -7.904366748961919 ], [ 160.610984639640265, -7.906010221253699 ], [ 160.611459119891862, -7.909277000019804 ], [ 160.615827360318917, -7.910572079724409 ], [ 160.619547239892995, -7.905424719811942 ] ] ], [ [ [ 160.721786880219184, -8.316642015936164 ], [ 160.718927040511602, -8.316420984455853 ], [ 160.718236919676031, -8.317766938736478 ], [ 160.720062120263549, -8.31846297800889 ], [ 160.721786880219184, -8.316642015936164 ] ] ], [ [ [ 160.81540488031726, -8.324631995986152 ], [ 160.814256120121797, -8.322102918784738 ], [ 160.813981080236317, -8.325438091438052 ], [ 160.81540488031726, -8.324631995986152 ] ] ], [ [ [ 160.819053839696267, -8.322531973053568 ], [ 160.817706000257459, -8.32446707221388 ], [ 160.818791040254865, -8.32772599714308 ], [ 160.819053839696267, -8.322531973053568 ] ] ], [ [ [ 160.808555880249344, -8.33661301046916 ], [ 160.806962879789751, -8.336559937609618 ], [ 160.807291920101875, -8.338358901279541 ], [ 160.808555880249344, -8.33661301046916 ] ] ], [ [ [ 160.818696000294409, -8.328420059971943 ], [ 160.817330879964459, -8.328225038985313 ], [ 160.817759999785807, -8.330891036023308 ], [ 160.818696000294409, -8.328420059971943 ] ] ], [ [ [ 160.716263039824156, -8.310907994245824 ], [ 160.71467688003537, -8.31129698525956 ], [ 160.715277000459281, -8.313441061817029 ], [ 160.716263039824156, -8.310907994245824 ] ] ], [ [ [ 160.819423920440528, -8.336014957115559 ], [ 160.818804000249486, -8.335323044457725 ], [ 160.819067880364173, -8.337689077226628 ], [ 160.819423920440528, -8.336014957115559 ] ] ] ] } },
{ "type": "Feature", "properties": { "shapeName": "Baegu-Asifola", "shapeISO": "", "shapeID": "97153195B83644089590295", "shapeGroup": "SLB", "shapeType": "ADM2" }, "geometry": { "type": "MultiPolygon", "coordinates": [ [ [ [ 160.766589959755947, -8.494212910917865 ], [ 160.81460315997731, -8.55545395991448 ], [ 160.874637839909582, -8.544073016101319 ], [ 160.878206160220515, -8.544129086940622 ], [ 160.883309880116741, -8.547178965864143 ], [ 160.89225408021062, -8.542608944111421 ], [ 160.895598840390051, -8.544945939000083 ], [ 160.89631884009026, -8.543626942120222 ], [ 160.902815040305029, -8.543018884556368 ], [ 160.904111039765439, -8.544927960245774 ], [ 160.907743080274429, -8.543730005097329 ], [ 160.905534839846382, -8.541757020693787 ], [ 160.906079160518061, -8.540688998288701 ], [ 160.908734880535206, -8.542142932093354 ], [ 160.913563919872075, -8.541490015152917 ], [ 160.917272999899808, -8.54046506962155 ], [ 160.918674839765288, -8.542969934091341 ], [ 160.922621879918552, -8.538680931378124 ], [ 160.91726508035228, -8.539264964895846 ], [ 160.912427039896272, -8.534648031851829 ], [ 160.909377120267806, -8.529066056275946 ], [ 160.902897839821406, -8.526715079793938 ], [ 160.905173039772421, -8.523780032057488 ], [ 160.903902960301224, -8.5205900475814 ], [ 160.899433919916135, -8.517907912352172 ], [ 160.899221160229331, -8.516210005268213 ], [ 160.905842999718061, -8.511362083394827 ], [ 160.904468160515023, -8.508387932652065 ], [ 160.90072884049988, -8.506498968844587 ], [ 160.898640840470932, -8.503544006328552 ], [ 160.89548399976411, -8.495777930379951 ], [ 160.885694880246632, -8.493779952248556 ], [ 160.885713960463278, -8.491443001079137 ], [ 160.882976880030839, -8.488843088768746 ], [ 160.872329880196787, -8.483108941043188 ], [ 160.8707588399526, -8.483570039910925 ], [ 160.867073160139682, -8.478695000806638 ], [ 160.859710080285851, -8.477354055867641 ], [ 160.852330079765295, -8.468884025196198 ], [ 160.848267120109512, -8.466891961248512 ], [ 160.84567188006713, -8.467585953552646 ], [ 160.84569887983136, -8.465249911590659 ], [ 160.842570120460294, -8.464088917809766 ], [ 160.840977840449511, -8.461239028473976 ], [ 160.842774959701245, -8.458028049778667 ], [ 160.846156080090111, -8.457116115373086 ], [ 160.84578888024302, -8.451563991262313 ], [ 160.841769119670886, -8.447523944999153 ], [ 160.834251959881186, -8.444105958506164 ], [ 160.82882712011866, -8.444932103979859 ], [ 160.830754919989744, -8.44797493798167 ], [ 160.828994880497987, -8.451159116148053 ], [ 160.823738879991396, -8.450219034806715 ], [ 160.821034920443481, -8.451281967403666 ], [ 160.815947039642339, -8.45921202850171 ], [ 160.817491080122409, -8.460681048176451 ], [ 160.815043080243299, -8.461719026536766 ], [ 160.81489115985741, -8.463323881191419 ], [ 160.80968988022633, -8.465208072169194 ], [ 160.809282000171606, -8.469949043174717 ], [ 160.810841879746732, -8.470632881429077 ], [ 160.810922160387037, -8.474882944533787 ], [ 160.812681839654374, -8.475263048239922 ], [ 160.811658000080655, -8.477814983754266 ], [ 160.812986039752303, -8.48021094688395 ], [ 160.812849960258092, -8.485280019484543 ], [ 160.805833920259772, -8.487386994787572 ], [ 160.802930160121321, -8.486516967078625 ], [ 160.799698080119526, -8.488313988592095 ], [ 160.79707296031421, -8.494140988019417 ], [ 160.766589959755947, -8.494212910917865 ] ] ], [ [ [ 160.888127040132304, -8.492228098806105 ], [ 160.886270160456291, -8.491274943930392 ], [ 160.887210119840347, -8.493225936031859 ], [ 160.888127040132304, -8.492228098806105 ] ] ] ] } },
{ "type": "Feature", "properties": { "shapeName": "Fataleka", "shapeISO": "", "shapeID": "97153195B6337807626421", "shapeGroup": "SLB", "shapeType": "ADM2" }, "geometry": { "type": "Polygon", "coordinates": [ [ [ 160.697484000456456, -8.51096706267802 ], [ 160.698449879829695, -8.515740935318556 ], [ 160.702344000229573, -8.520365929020008 ], [ 160.709829840256873, -8.521702984476001 ], [ 160.711310159640533, -8.528367903123282 ], [ 160.706890080133377, -8.532098966651651 ], [ 160.711454160478894, -8.535965101835854 ], [ 160.71572088049902, -8.544267038785534 ], [ 160.72240607996136, -8.552693927795829 ], [ 160.72805015985719, -8.557167888928491 ], [ 160.728137999820603, -8.560515983095078 ], [ 160.731358920051633, -8.563726993347595 ], [ 160.730839080268055, -8.567600104185662 ], [ 160.738935119816716, -8.57099100244235 ], [ 160.737607080145096, -8.573727941532242 ], [ 160.740415079874282, -8.572821088801275 ], [ 160.742511000349111, -8.569786010331899 ], [ 160.749807840230517, -8.574531024055583 ], [ 160.890964920522777, -8.685525026825418 ], [ 160.910046000438456, -8.699817979174846 ], [ 160.921459079953536, -8.697828905263181 ], [ 160.933505039654221, -8.699464967310808 ], [ 160.939344960366839, -8.697036938851108 ], [ 160.940864880183199, -8.700698903837528 ], [ 160.93872108040199, -8.704033093222209 ], [ 160.938944999859643, -8.706769065921312 ], [ 160.944473160252898, -8.710185045981875 ], [ 160.946555040059792, -8.698115906570276 ], [ 160.957361160276747, -8.697518061638565 ], [ 160.960056840052687, -8.696085009843609 ], [ 160.961707080263949, -8.697041030822829 ], [ 160.969805999811371, -8.6920009431445 ], [ 160.975704960499399, -8.691071065822513 ], [ 160.975925999958207, -8.689674999875189 ], [ 160.973183879977057, -8.689094935234419 ], [ 160.977233879638248, -8.687036054127727 ], [ 160.976859840018562, -8.689152051551194 ], [ 160.980005880280714, -8.688996003556655 ], [ 160.981567920304087, -8.684997091139552 ], [ 160.986763079713114, -8.684465061696251 ], [ 160.990751879848943, -8.679373024954412 ], [ 160.995466080356522, -8.676588985767086 ], [ 161.002582920312904, -8.66696195199424 ], [ 161.003924999754105, -8.660795054189256 ], [ 161.003391120200945, -8.655040900289057 ], [ 160.997855040260191, -8.636448025548312 ], [ 160.98812388004481, -8.623359982481137 ], [ 160.972625879760187, -8.609165926729164 ], [ 160.973079839795759, -8.60764497643237 ], [ 160.974632880496614, -8.607572007726118 ], [ 160.974455040121512, -8.60571094417377 ], [ 160.961337000417984, -8.584160058541938 ], [ 160.956875160029966, -8.580782982534549 ], [ 160.952856840355508, -8.57404600666935 ], [ 160.948707840061786, -8.572142950674039 ], [ 160.942237920060649, -8.565813067095529 ], [ 160.9394950805289, -8.56561300392821 ], [ 160.940207880232151, -8.563057026571935 ], [ 160.938630000215369, -8.561056018650943 ], [ 160.933013999858701, -8.558938947285874 ], [ 160.929528840186862, -8.559859004569317 ], [ 160.924424040515703, -8.557098114202105 ], [ 160.919647920033867, -8.552491009678624 ], [ 160.919961839903152, -8.55114996721826 ], [ 160.917904079861643, -8.553546004393278 ], [ 160.91359812053156, -8.551596922886963 ], [ 160.911105839997191, -8.546382055624068 ], [ 160.913563919872075, -8.541490015152917 ], [ 160.908734880535206, -8.542142932093354 ], [ 160.906079160518061, -8.540688998288701 ], [ 160.905534839846382, -8.541757020693787 ], [ 160.907743080274429, -8.543730005097329 ], [ 160.904111039765439, -8.544927960245774 ], [ 160.902815040305029, -8.543018884556368 ], [ 160.89631884009026, -8.543626942120222 ], [ 160.895598840390051, -8.544945939000083 ], [ 160.89225408021062, -8.542608944111421 ], [ 160.883309880116741, -8.547178965864143 ], [ 160.878206160220515, -8.544129086940622 ], [ 160.874637839909582, -8.544073016101319 ], [ 160.81460315997731, -8.55545395991448 ], [ 160.766589959755947, -8.494212910917865 ], [ 160.734327119938683, -8.4937370481559 ], [ 160.730630999905543, -8.496321973054561 ], [ 160.725926159843226, -8.493752892818346 ], [ 160.723262160054077, -8.498053970207014 ], [ 160.718766119904842, -8.499664013712135 ], [ 160.719270119695011, -8.502032958696557 ], [ 160.714941839925075, -8.504340116341691 ], [ 160.715397960408922, -8.506393046489295 ], [ 160.705517040255899, -8.504867057653406 ], [ 160.705157040405794, -8.50630706319539 ], [ 160.704300960313049, -8.505016060325039 ], [ 160.697484000456456, -8.51096706267802 ] ] ] } },
{ "type": "Feature", "properties": { "shapeName": "West Kwara'ae", "shapeISO": "", "shapeID": "97153195B25231511740038", "shapeGroup": "SLB", "shapeType": "ADM2" }, "geometry": { "type": "Polygon", "coordinates": [ [ [ 160.728137999820603, -8.560515983095078 ], [ 160.721903880395075, -8.568972059200677 ], [ 160.717790880086341, -8.572064991145881 ], [ 160.705833840124001, -8.567106000473567 ], [ 160.690784039877315, -8.569121037415776 ], [ 160.686408959677721, -8.579780034823635 ], [ 160.675885080241585, -8.591136060646843 ], [ 160.67389895994566, -8.597590105626145 ], [ 160.67636604004133, -8.600414060290971 ], [ 160.667623079639128, -8.60472710575805 ], [ 160.655960880227781, -8.60497395541338 ], [ 160.651779120172279, -8.6070831172052 ], [ 160.653733919807507, -8.620869886250798 ], [ 160.652203919995401, -8.626769068046627 ], [ 160.66232495982382, -8.634794960941695 ], [ 160.663737960358446, -8.639412098909908 ], [ 160.661345039782674, -8.646194891181356 ], [ 160.665275160167539, -8.663207125129375 ], [ 160.669114919916296, -8.666406942896957 ], [ 160.670922120062187, -8.670053903669299 ], [ 160.672484880534398, -8.668854031730211 ], [ 160.682811119828244, -8.681925012404339 ], [ 160.68461111997712, -8.688846005098453 ], [ 160.684040880214553, -8.691707887536495 ], [ 160.688345040219104, -8.692524065316913 ], [ 160.686339839706505, -8.692247913636212 ], [ 160.68687911993112, -8.693300917571097 ], [ 160.684732079926732, -8.69600992312264 ], [ 160.680276000434588, -8.698755029384591 ], [ 160.67913408001175, -8.70227801677046 ], [ 160.679562840506946, -8.7072809579318 ], [ 160.68311712015003, -8.707682001839263 ], [ 160.686529920525686, -8.711582102542751 ], [ 160.691340960319195, -8.712375996079773 ], [ 160.704042840195967, -8.719148930499129 ], [ 160.715664000073559, -8.722347024725401 ], [ 160.721331119959814, -8.725516091215569 ], [ 160.821284040339776, -8.762494966442281 ], [ 160.821838079884515, -8.701313113110086 ], [ 160.86998483982569, -8.688118965211142 ], [ 160.890964920522777, -8.685525026825418 ], [ 160.749807840230517, -8.574531024055583 ], [ 160.742511000349111, -8.569786010331899 ], [ 160.740415079874282, -8.572821088801275 ], [ 160.737607080145096, -8.573727941532242 ], [ 160.738935119816716, -8.57099100244235 ], [ 160.730839080268055, -8.567600104185662 ], [ 160.731358920051633, -8.563726993347595 ], [ 160.728137999820603, -8.560515983095078 ] ] ] } },
{ "type": "Feature", "properties": { "shapeName": "Central Kwara'ae", "shapeISO": "", "shapeID": "97153195B68911878451033", "shapeGroup": "SLB", "shapeType": "ADM2" }, "geometry": { "type": "Polygon", "coordinates": [ [ [ 160.686529920525686, -8.711582102542751 ], [ 160.684914959850602, -8.711292977305028 ], [ 160.683427080245536, -8.721035942808149 ], [ 160.678249920379869, -8.724837872233097 ], [ 160.672505040526005, -8.732132934994503 ], [ 160.670201039688692, -8.743066098797675 ], [ 160.674486120374922, -8.756627986317689 ], [ 160.682477039967324, -8.7663989421008 ], [ 160.704209880126399, -8.750256018682551 ], [ 160.705329119885022, -8.771716074382505 ], [ 160.724927160483759, -8.818329020598501 ], [ 160.723526040168764, -8.819856051768618 ], [ 160.727249880414973, -8.827720025057239 ], [ 160.729031159673326, -8.826585048439155 ], [ 160.729031159673326, -8.827974020194437 ], [ 160.731594000178347, -8.828509044982692 ], [ 160.732442159825183, -8.827435970067265 ], [ 160.732068839756039, -8.828811953153274 ], [ 160.733588040021829, -8.828612919510984 ], [ 160.731650879705484, -8.829835933659073 ], [ 160.734134160019011, -8.831387995540306 ], [ 160.732355040310608, -8.833019023043617 ], [ 160.734565080064158, -8.834984073082541 ], [ 160.733931839654105, -8.836898065463991 ], [ 160.735205879797377, -8.836533978451838 ], [ 160.736558040132735, -8.839083998742765 ], [ 160.737795000516002, -8.837952082027947 ], [ 160.741262159746157, -8.841437998962181 ], [ 160.738819919864682, -8.842392934255079 ], [ 160.738876079841305, -8.843684022518083 ], [ 160.740018000264172, -8.843507940605241 ], [ 160.738755119891664, -8.844296038177914 ], [ 160.740402119879661, -8.845081999534752 ], [ 160.740717839972774, -8.847710929813902 ], [ 160.743117959647236, -8.848009020508458 ], [ 160.743440879737335, -8.852099019498556 ], [ 160.741234080206993, -8.852407065934944 ], [ 160.740227879952243, -8.854507004312303 ], [ 160.741784159977954, -8.856121033021843 ], [ 160.744200119645825, -8.855751985196916 ], [ 160.746620039985714, -8.858477058170264 ], [ 160.74946908014698, -8.857337018831391 ], [ 160.75359216045149, -8.860541035518168 ], [ 160.752179880365759, -8.863239928132042 ], [ 160.753402080530662, -8.865510006250275 ], [ 160.750971000419952, -8.868315038114991 ], [ 160.754015880499679, -8.871525005286751 ], [ 160.752213000351986, -8.873687968849149 ], [ 160.75155491972771, -8.872290989185627 ], [ 160.751139839675915, -8.874243914080733 ], [ 160.753497840041632, -8.875379988066225 ], [ 160.751211839645947, -8.87659004146321 ], [ 160.749345959749093, -8.875521907947443 ], [ 160.751093040144582, -8.884112059654313 ], [ 160.749329039980694, -8.888160931646242 ], [ 160.746711120172392, -8.889980037274031 ], [ 160.747350119681755, -8.8920989668568 ], [ 160.744874040263539, -8.894189964091789 ], [ 160.745933879822275, -8.896611009446072 ], [ 160.744563000393043, -8.896740117568406 ], [ 160.744322160268723, -8.898576963759668 ], [ 160.746836039895783, -8.897414998478844 ], [ 160.74766007977729, -8.894619080979149 ], [ 160.750203120515096, -8.895495986000695 ], [ 160.747467119857617, -8.899027949760256 ], [ 160.749295919994523, -8.900556067109466 ], [ 160.751778840083603, -8.900240947984832 ], [ 160.752611159737057, -8.905148918755705 ], [ 160.754704919763611, -8.902448912038473 ], [ 160.754842079931109, -8.896766970644176 ], [ 160.756817040456269, -8.896599983770008 ], [ 160.760651040207421, -8.899152076650132 ], [ 160.759810079659275, -8.902651994823517 ], [ 160.758207000102146, -8.903588987970238 ], [ 160.7601931203981, -8.905489107415658 ], [ 160.758214919649674, -8.905998056966872 ], [ 160.758354959815932, -8.909428023012479 ], [ 160.761493080530613, -8.909112022784456 ], [ 160.761824999943229, -8.911803978286265 ], [ 160.7626951198055, -8.910732035239452 ], [ 160.764626880348715, -8.913486929803252 ], [ 160.76711412043602, -8.912251923915271 ], [ 160.766576999761298, -8.913879035641385 ], [ 160.77039011997033, -8.913651951636554 ], [ 160.762500000335905, -8.887932053667571 ], [ 160.865669880274794, -8.870956962694818 ], [ 160.821905040305779, -8.796659093780558 ], [ 160.821284040339776, -8.762494966442281 ], [ 160.721331119959814, -8.725516091215569 ], [ 160.715664000073559, -8.722347024725401 ], [ 160.704042840195967, -8.719148930499129 ], [ 160.691340960319195, -8.712375996079773 ], [ 160.686529920525686, -8.711582102542751 ] ] ] } },
{ "type": "Feature", "properties": { "shapeName": "East Malaita", "shapeISO": "", "shapeID": "97153195B67887401050589", "shapeGroup": "SLB", "shapeType": "ADM2" }, "geometry": { "type": "MultiPolygon", "coordinates": [ [ [ [ 160.890964920522777, -8.685525026825418 ], [ 160.86998483982569, -8.688118965211142 ], [ 160.821838079884515, -8.701313113110086 ], [ 160.821284040339776, -8.762494966442281 ], [ 160.821905040305779, -8.796659093780558 ], [ 160.865669880274794, -8.870956962694818 ], [ 160.937881920077672, -8.837957951367171 ], [ 160.938825840133831, -8.834746979785313 ], [ 160.941186000049498, -8.834754983743876 ], [ 160.941538080352046, -8.837221953894417 ], [ 160.945513920493283, -8.836127916469186 ], [ 160.946121960464723, -8.833030050653075 ], [ 160.944594120202538, -8.831399023199189 ], [ 160.946153999777636, -8.830549000767258 ], [ 160.948928880418919, -8.832302937155122 ], [ 160.946532000069396, -8.829668916859308 ], [ 160.944653879728463, -8.82309792416542 ], [ 160.939789920181596, -8.821880935697422 ], [ 160.932596039808118, -8.797052036233474 ], [ 160.934713920498382, -8.78687897326086 ], [ 160.931894039651269, -8.777373971580953 ], [ 160.931598839774153, -8.773598906266493 ], [ 160.933294080191246, -8.771930080889279 ], [ 160.931718000398291, -8.769260052256554 ], [ 160.933798079981386, -8.766583954959712 ], [ 160.92892116043987, -8.763283059236921 ], [ 160.925869080363185, -8.764225031560457 ], [ 160.919985959668566, -8.761137949575078 ], [ 160.931522160479858, -8.762391074016383 ], [ 160.932270960168069, -8.761388076669682 ], [ 160.929073079927491, -8.759142976916957 ], [ 160.932075120249607, -8.755278064235609 ], [ 160.932011039827131, -8.7523261157798 ], [ 160.938438840519524, -8.755507913874842 ], [ 160.938838079679584, -8.758093005719559 ], [ 160.937071919965774, -8.761899893628444 ], [ 160.940333160179989, -8.761403020749444 ], [ 160.939460879869415, -8.758677944069198 ], [ 160.942874040469547, -8.761132969105292 ], [ 160.940277000203366, -8.748977058629343 ], [ 160.942548959931173, -8.749325930786203 ], [ 160.946202959757244, -8.755239992925972 ], [ 160.946993160101982, -8.746974014034704 ], [ 160.950980160014041, -8.739771043170993 ], [ 160.952132879983253, -8.741705097427911 ], [ 160.948623959872151, -8.745258991126885 ], [ 160.951001040454457, -8.746339954594143 ], [ 160.954767000009383, -8.742219966172769 ], [ 160.954421039928832, -8.726894943659353 ], [ 160.95258503979494, -8.717211022670021 ], [ 160.943826959848195, -8.71377002064413 ], [ 160.944473160252898, -8.710185045981875 ], [ 160.938944999859643, -8.706769065921312 ], [ 160.93872108040199, -8.704033093222209 ], [ 160.940864880183199, -8.700698903837528 ], [ 160.939344960366839, -8.697036938851108 ], [ 160.933505039654221, -8.699464967310808 ], [ 160.921459079953536, -8.697828905263181 ], [ 160.910046000438456, -8.699817979174846 ], [ 160.890964920522777, -8.685525026825418 ] ] ], [ [ [ 161.049449159664363, -8.762353003444431 ], [ 161.045079840360671, -8.755249955812717 ], [ 161.037600119657071, -8.749892915144606 ], [ 161.017997040407863, -8.744841087015139 ], [ 161.008682040019266, -8.74539206646339 ], [ 161.005984920243918, -8.748847008899649 ], [ 161.000273160376281, -8.7510430697728 ], [ 160.994832120395927, -8.758276065595599 ], [ 160.995953879928834, -8.760400020702173 ], [ 161.00003196002757, -8.754695076765859 ], [ 161.007939000328633, -8.749761087263924 ], [ 161.012858040077191, -8.748404913473601 ], [ 161.017814880034592, -8.74953105618121 ], [ 161.02071503972536, -8.748099982384749 ], [ 161.038612079909456, -8.753214922442943 ], [ 161.047225080141232, -8.76102106982654 ], [ 161.046464040008942, -8.76441591603694 ], [ 161.044454160171995, -8.765720974587587 ], [ 161.041890960340908, -8.764052114246688 ], [ 161.042159880004363, -8.765443988577829 ], [ 161.034145920421508, -8.762924058927675 ], [ 161.029100159827436, -8.763854113272529 ], [ 161.024880959787509, -8.768854982498887 ], [ 161.024964839977144, -8.772672968663381 ], [ 161.029451160355023, -8.766024112645583 ], [ 161.045580960152023, -8.767167990577708 ], [ 161.048049840471549, -8.766065918362127 ], [ 161.049449159664363, -8.762353003444431 ] ] ], [ [ [ 160.950411000026406, -8.750971907772989 ], [ 160.949351160467671, -8.749508105793712 ], [ 160.94789891972485, -8.750059967482885 ], [ 160.947618119841792, -8.755507913874842 ], [ 160.950411000026406, -8.750971907772989 ] ] ], [ [ [ 160.949523960395709, -8.746125933167287 ], [ 160.948451880392952, -8.745671914084149 ], [ 160.94761884029063, -8.747774948803714 ], [ 160.949108880343971, -8.747827074489466 ], [ 160.949523960395709, -8.746125933167287 ] ] ], [ [ [ 161.002136160274347, -8.748363994986985 ], [ 161.001048959828694, -8.747774948803714 ], [ 160.999124039956399, -8.750777992013283 ], [ 161.002136160274347, -8.748363994986985 ] ] ], [ [ [ 160.942032000146384, -8.776247024262425 ], [ 160.941012120346443, -8.775685060900129 ], [ 160.940558879861442, -8.77775590546783 ], [ 160.942032000146384, -8.776247024262425 ] ] ] ] } },
{ "type": "Feature", "properties": { "shapeName": "Auki-Langalanga", "shapeISO": "", "shapeID": "97153195B20176739288406", "shapeGroup": "SLB", "shapeType": "ADM2" }, "geometry": { "type": "MultiPolygon", "coordinates": [ [ [ [ 160.682477039967324, -8.7663989421008 ], [ 160.692046920249851, -8.776807028796968 ], [ 160.695016920360729, -8.776005090385633 ], [ 160.694934840394922, -8.771937019204152 ], [ 160.696437119993988, -8.774122981314299 ], [ 160.700497920099878, -8.773512983785061 ], [ 160.700848919729168, -8.777970087174312 ], [ 160.698012840460819, -8.781548005182207 ], [ 160.700667840029155, -8.782395293730579 ], [ 160.700032079844675, -8.784280028642705 ], [ 160.703529119736118, -8.786547924266314 ], [ 160.712976960293986, -8.804463082077916 ], [ 160.719414120533372, -8.809407906209156 ], [ 160.71752016019903, -8.811063933718801 ], [ 160.720386839679179, -8.810835007158136 ], [ 160.720157160224005, -8.811923962049963 ], [ 160.722954000182426, -8.816620020221119 ], [ 160.722745919819857, -8.818782061403921 ], [ 160.723526040168764, -8.819856051768618 ], [ 160.724927160483759, -8.818329020598501 ], [ 160.705329119885022, -8.771716074382505 ], [ 160.704209880126399, -8.750256018682551 ], [ 160.682477039967324, -8.7663989421008 ] ] ], [ [ [ 160.742816999772515, -8.888518920538857 ], [ 160.74195695990602, -8.88725608836957 ], [ 160.738738919673835, -8.888022039875795 ], [ 160.734173040002815, -8.890936980746611 ], [ 160.730449920205501, -8.898806013665716 ], [ 160.729911000205306, -8.908253999821657 ], [ 160.732010160005046, -8.909315991561591 ], [ 160.732036079994259, -8.906203983879889 ], [ 160.733364119665907, -8.90561394495665 ], [ 160.735779000457086, -8.907734916967785 ], [ 160.737203880312961, -8.912641009041035 ], [ 160.738269840093722, -8.904488989610931 ], [ 160.737226920303357, -8.902700009576099 ], [ 160.734561120290408, -8.902903981977031 ], [ 160.734507119863736, -8.898384014536779 ], [ 160.741506959644227, -8.891617029851416 ], [ 160.742816999772515, -8.888518920538857 ] ] ], [ [ [ 160.753246919921537, -8.968612978460699 ], [ 160.749651960070821, -8.965341989570458 ], [ 160.751108159689124, -8.958781966429928 ], [ 160.750455839960722, -8.953199052334035 ], [ 160.748317079728309, -8.951181116559763 ], [ 160.746013079789293, -8.954556071141887 ], [ 160.744628159692184, -8.966402037115342 ], [ 160.750168919855611, -8.970472043151016 ], [ 160.753246919921537, -8.968612978460699 ] ] ], [ [ [ 160.744047120383243, -8.930572072599762 ], [ 160.742466000143224, -8.929173887331951 ], [ 160.742792880007158, -8.924965075317054 ], [ 160.739855999882479, -8.927845047334358 ], [ 160.738845120303381, -8.938668030668783 ], [ 160.742388959726156, -8.938023099734661 ], [ 160.744047120383243, -8.930572072599762 ] ] ], [ [ [ 160.76031408034774, -8.948395924076035 ], [ 160.759703879928054, -8.944085981507826 ], [ 160.757884080011991, -8.941854976201562 ], [ 160.753560839790822, -8.94282405229823 ], [ 160.756157160506461, -8.943178965116468 ], [ 160.756899839972647, -8.944640040750047 ], [ 160.756319880438667, -8.954006116283322 ], [ 160.760067120001366, -8.953128996425168 ], [ 160.76031408034774, -8.948395924076035 ] ] ], [ [ [ 160.739160119947627, -8.862217107609904 ], [ 160.735844880205093, -8.858002012209599 ], [ 160.737089039687021, -8.874217948267319 ], [ 160.738674840149713, -8.873172038324698 ], [ 160.739160119947627, -8.862217107609904 ] ] ], [ [ [ 160.741400040362493, -8.920600975234956 ], [ 160.738521120438264, -8.915335072295656 ], [ 160.733490120062555, -8.913040051421444 ], [ 160.735298039759016, -8.910851001915075 ], [ 160.732414080286048, -8.909040891674637 ], [ 160.732100160416735, -8.910137913242728 ], [ 160.73408915981318, -8.910783071881093 ], [ 160.730591040146777, -8.914188986715285 ], [ 160.737437160215819, -8.917091093184442 ], [ 160.739988120501181, -8.921639992861971 ], [ 160.741400040362493, -8.920600975234956 ] ] ], [ [ [ 160.740538919822683, -8.882594009983746 ], [ 160.737636959908087, -8.875721982598014 ], [ 160.735168080486829, -8.876225994263915 ], [ 160.735176000034386, -8.881295944412242 ], [ 160.738659000156275, -8.883258068997913 ], [ 160.740538919822683, -8.882594009983746 ] ] ], [ [ [ 160.749903959965906, -8.879714037875949 ], [ 160.746693119730708, -8.875591089111996 ], [ 160.74452483995978, -8.878589003713222 ], [ 160.741590120283377, -8.879582968048808 ], [ 160.749903959965906, -8.879714037875949 ] ] ], [ [ [ 160.75564488004602, -8.930615104592762 ], [ 160.754945040337361, -8.928874974732461 ], [ 160.75395900007419, -8.930622928672156 ], [ 160.752755159677093, -8.92935508436673 ], [ 160.750848959797054, -8.933049956318024 ], [ 160.747516079837226, -8.933734016229542 ], [ 160.752844080313821, -8.933578071021817 ], [ 160.75564488004602, -8.930615104592762 ] ] ], [ [ [ 160.724012040415602, -8.832527047646913 ], [ 160.720098839799107, -8.828756992272874 ], [ 160.721975159916212, -8.832548925088053 ], [ 160.724012040415602, -8.832527047646913 ] ] ], [ [ [ 160.735618079850326, -8.855167022795005 ], [ 160.732987920496271, -8.849535038145184 ], [ 160.734114000027432, -8.855366041900965 ], [ 160.735618079850326, -8.855167022795005 ] ] ], [ [ [ 160.732415160061009, -8.834002971841823 ], [ 160.731298079852365, -8.830815088456202 ], [ 160.729238879811447, -8.831151967641505 ], [ 160.730493839738045, -8.831977976607511 ], [ 160.729683840524501, -8.834386981953777 ], [ 160.732415160061009, -8.834002971841823 ] ] ], [ [ [ 160.755708960468468, -8.916434031037953 ], [ 160.751161080340836, -8.915895043873418 ], [ 160.752786839663941, -8.917953007745556 ], [ 160.755708960468468, -8.916434031037953 ] ] ], [ [ [ 160.746181919943552, -8.890696011103048 ], [ 160.745010119757723, -8.889599998049038 ], [ 160.743773879823294, -8.892824005832759 ], [ 160.74562283995175, -8.892575035657922 ], [ 160.746181919943552, -8.890696011103048 ] ] ], [ [ [ 160.726381920102625, -8.835982067675626 ], [ 160.724693879682548, -8.833834001081152 ], [ 160.723397880222137, -8.834090125630523 ], [ 160.724603159720346, -8.836286036459544 ], [ 160.726381920102625, -8.835982067675626 ] ] ], [ [ [ 160.72838208016816, -8.837800009014723 ], [ 160.726929840323663, -8.836475106126613 ], [ 160.725716999705753, -8.837317999838863 ], [ 160.726915080105243, -8.838685053564015 ], [ 160.72838208016816, -8.837800009014723 ] ] ], [ [ [ 160.755072840059597, -8.949084044821351 ], [ 160.753115879976065, -8.947879921750509 ], [ 160.752485160238678, -8.948982872035142 ], [ 160.754903999905309, -8.950824078658213 ], [ 160.755072840059597, -8.949084044821351 ] ] ], [ [ [ 160.730496000186321, -8.84053001643916 ], [ 160.728073920296453, -8.83887910139423 ], [ 160.728261839769061, -8.840224983487422 ], [ 160.730496000186321, -8.84053001643916 ] ] ], [ [ [ 160.735236840233654, -8.849379947394288 ], [ 160.733943000323166, -8.847912977388471 ], [ 160.73430515972322, -8.849928992156595 ], [ 160.735236840233654, -8.849379947394288 ] ] ], [ [ [ 160.69842216051498, -8.779773014904061 ], [ 160.696784880298367, -8.779103966476898 ], [ 160.697252159654624, -8.780267906723457 ], [ 160.69842216051498, -8.779773014904061 ] ] ], [ [ [ 160.73458884050342, -8.842075096611902 ], [ 160.733345040347558, -8.841148974408085 ], [ 160.733423159641291, -8.84261188047587 ], [ 160.73458884050342, -8.842075096611902 ] ] ], [ [ [ 160.741981079671405, -8.850134061074657 ], [ 160.740623160236794, -8.84963090393094 ], [ 160.740318960138893, -8.851026012402135 ], [ 160.741981079671405, -8.850134061074657 ] ] ], [ [ [ 160.722437040397637, -8.816596007149313 ], [ 160.721559000089485, -8.815854986780911 ], [ 160.720904880137255, -8.816957089453648 ], [ 160.722437040397637, -8.816596007149313 ] ] ] ] } },
{ "type": "Feature", "properties": { "shapeName": "East Kwaio", "shapeISO": "", "shapeID": "97153195B50400826200425", "shapeGroup": "SLB", "shapeType": "ADM2" }, "geometry": { "type": "MultiPolygon", "coordinates": [ [ [ [ 160.865669880274794, -8.870956962694818 ], [ 160.923944880041432, -8.93512204806513 ], [ 160.998909119821292, -9.056879030264895 ], [ 161.128497959989375, -8.99240796667755 ], [ 161.128977120463617, -8.990967884550443 ], [ 161.126049960110294, -8.989151060854166 ], [ 161.125873919958991, -8.986613110087056 ], [ 161.121201839658482, -8.983386909999778 ], [ 161.122127039722415, -8.981943058244124 ], [ 161.125359840173047, -8.981200950671166 ], [ 161.126701920512573, -8.982604979760435 ], [ 161.126817120464636, -8.981216062528993 ], [ 161.128783079870658, -8.985641129112853 ], [ 161.133109919641214, -8.988530041947307 ], [ 161.136574920219715, -8.987888933033904 ], [ 161.142244920104758, -8.983941976695647 ], [ 161.145311039951054, -8.984442993123475 ], [ 161.142813000317403, -8.979325939280777 ], [ 161.131915080363257, -8.969500907048188 ], [ 161.135827919856979, -8.968901013162263 ], [ 161.137717920417543, -8.965654030075534 ], [ 161.143527960468873, -8.970560942291666 ], [ 161.146976040380707, -8.970262951942276 ], [ 161.157759119708913, -8.977523991626599 ], [ 161.161444079971261, -8.982689075303497 ], [ 161.158790879728485, -8.985909948840828 ], [ 161.159977079908316, -8.98688904101202 ], [ 161.162340840271639, -8.986272107787654 ], [ 161.163525959778184, -8.988315983940637 ], [ 161.166403080376938, -8.985277012688824 ], [ 161.151606000474203, -8.97012195807954 ], [ 161.145280080413102, -8.961572057823169 ], [ 161.145325079720607, -8.9595330103588 ], [ 161.143396920523429, -8.95916993475754 ], [ 161.142122159931318, -8.955492042245377 ], [ 161.140538880141349, -8.955394070707849 ], [ 161.137558080484098, -8.951598964713313 ], [ 161.134750079856616, -8.95265300674977 ], [ 161.13080088015343, -8.948288882655007 ], [ 161.117997840094176, -8.941747044063993 ], [ 161.115887879849822, -8.933285918661966 ], [ 161.110910160350244, -8.929506052348341 ], [ 161.110049039810491, -8.923955942079731 ], [ 161.10185003985552, -8.912001899633649 ], [ 161.096025960034638, -8.908683099996399 ], [ 161.090148960460368, -8.901708064298326 ], [ 161.082938879869062, -8.896766970644176 ], [ 161.076336840147547, -8.889776057577034 ], [ 161.077016159640124, -8.891461066430892 ], [ 161.073051119943528, -8.894595962844123 ], [ 161.077548960316591, -8.900384103421967 ], [ 161.070924960379614, -8.8987069600535 ], [ 161.072214840516295, -8.901626972847009 ], [ 161.076591000490879, -8.904217975696 ], [ 161.072326079796255, -8.906744941898667 ], [ 161.070666119813637, -8.909596960310763 ], [ 161.07300000041397, -8.917077045222818 ], [ 161.071034040109623, -8.916081049063152 ], [ 161.066638080367881, -8.912198932031595 ], [ 161.067093120178384, -8.910786983689492 ], [ 161.058021839912897, -8.905068005848959 ], [ 161.057170079818377, -8.902523067480704 ], [ 161.052379920465313, -8.901209067593303 ], [ 161.046014039747121, -8.890437969166273 ], [ 161.039653919924831, -8.888629002862835 ], [ 161.041307040134882, -8.886696962176551 ], [ 161.040510000017576, -8.882502065921374 ], [ 161.046662040375622, -8.881736992537698 ], [ 161.052212880534881, -8.887083940573184 ], [ 161.058038040130725, -8.88845400945551 ], [ 161.059724999877488, -8.891180084465192 ], [ 161.061438960286779, -8.891296923347292 ], [ 161.062755840187663, -8.887205048403537 ], [ 161.059413960006992, -8.882350011580131 ], [ 161.053560000423118, -8.877929026975632 ], [ 161.050628880296074, -8.872131995042599 ], [ 161.049369959697344, -8.872551000618662 ], [ 161.043099840286715, -8.865094015880521 ], [ 161.038419119989811, -8.866515032168252 ], [ 161.036127000270398, -8.864784913465057 ], [ 161.036129880269243, -8.860823997877588 ], [ 161.032516919976871, -8.862490998559016 ], [ 161.029869120405579, -8.860323878042692 ], [ 161.028612000030648, -8.859995029300379 ], [ 161.027498160045269, -8.858773004706411 ], [ 161.025735960105237, -8.859746925524629 ], [ 161.025581880169398, -8.857526077545304 ], [ 161.027765999933735, -8.858858019021902 ], [ 161.028380879677741, -8.856482076098223 ], [ 161.024426999751938, -8.855618061076532 ], [ 161.023011120116848, -8.857589037531874 ], [ 161.020631160434021, -8.856489012804843 ], [ 161.019925920053936, -8.854235063993739 ], [ 161.017436879742803, -8.852105956288929 ], [ 161.016815879776772, -8.852884074987863 ], [ 161.017054919677236, -8.851822097250459 ], [ 161.016064919640286, -8.852434100095099 ], [ 161.016715079818738, -8.849887018245679 ], [ 161.01423000017968, -8.850709072195309 ], [ 161.01193391978822, -8.849610983305597 ], [ 161.010809999807009, -8.846900074069053 ], [ 161.011621079693867, -8.8446080046474 ], [ 161.00961912030283, -8.84336796491686 ], [ 161.007414120098019, -8.842993035770821 ], [ 161.007135120438761, -8.845723894100274 ], [ 161.00091684010826, -8.848238101496209 ], [ 160.999525080238584, -8.850659983758305 ], [ 160.995395160161479, -8.847954062528839 ], [ 160.993828079691042, -8.848613915121453 ], [ 160.990173000089982, -8.846868949197733 ], [ 160.992698040386131, -8.850794977390873 ], [ 160.996698000292781, -8.853634981047158 ], [ 161.000795159709782, -8.855420109778603 ], [ 161.003828160468174, -8.854360985097653 ], [ 161.008152839790426, -8.858739035248304 ], [ 161.012658959935493, -8.859959992300135 ], [ 161.018034120167869, -8.866189924432941 ], [ 161.015239080433304, -8.864453934374049 ], [ 161.014158000209648, -8.865129052384802 ], [ 161.01268992037177, -8.862857015271786 ], [ 161.009444880375412, -8.864067999441062 ], [ 161.009672040056216, -8.86666887195595 ], [ 161.007455160530071, -8.865877976509779 ], [ 161.007033960256308, -8.868437042065086 ], [ 161.002576079642012, -8.864255987003419 ], [ 161.000040960248384, -8.86486903562753 ], [ 160.996758840492021, -8.861991948672816 ], [ 160.994838960168494, -8.863279944784415 ], [ 160.994666160240428, -8.861040087400369 ], [ 160.99161984016132, -8.861159959385654 ], [ 160.990542000160929, -8.858821025280031 ], [ 160.988875919956286, -8.859164103092564 ], [ 160.986209040168347, -8.86316007349974 ], [ 160.985055959974716, -8.858654021798369 ], [ 160.982142119840461, -8.858522944355059 ], [ 160.98068411999833, -8.859897032724939 ], [ 160.981387920379063, -8.857170014666812 ], [ 160.977875040494183, -8.854624031925299 ], [ 160.977120840134489, -8.85580712068581 ], [ 160.975231920247211, -8.853657035014908 ], [ 160.969996079732226, -8.853474021171635 ], [ 160.963787159847016, -8.845907977759195 ], [ 160.963989840436369, -8.843528039367026 ], [ 160.966734119967498, -8.841248042860043 ], [ 160.966905119671708, -8.83610603924323 ], [ 160.964115120384236, -8.832484893919814 ], [ 160.960277159960953, -8.831540960272083 ], [ 160.954916040396455, -8.834235085256791 ], [ 160.950252960316789, -8.834086035187452 ], [ 160.948928880418919, -8.832302937155122 ], [ 160.946153999777636, -8.830549000767258 ], [ 160.944594120202538, -8.831399023199189 ], [ 160.946121960464723, -8.833030050653075 ], [ 160.945513920493283, -8.836127916469186 ], [ 160.941538080352046, -8.837221953894417 ], [ 160.941186000049498, -8.834754983743876 ], [ 160.938825840133831, -8.834746979785313 ], [ 160.937881920077672, -8.837957951367171 ], [ 160.865669880274794, -8.870956962694818 ] ] ], [ [ [ 161.068748039713938, -8.88541811796463 ], [ 161.062251119948627, -8.880855074426268 ], [ 161.061346079876273, -8.878778940266246 ], [ 161.059251960523596, -8.878422898263361 ], [ 161.059309919825722, -8.881554882679985 ], [ 161.064484920141439, -8.887449043532795 ], [ 161.067396960051894, -8.888291999259449 ], [ 161.068748039713938, -8.88541811796463 ] ] ], [ [ [ 161.030877119985917, -8.858763934510288 ], [ 161.028965879658756, -8.858194093980574 ], [ 161.028191159981304, -8.859367033264505 ], [ 161.030877119985917, -8.858763934510288 ] ] ] ] } },
{ "type": "Feature", "properties": { "shapeName": "West Kwaio", "shapeISO": "", "shapeID": "97153195B63477576504683", "shapeGroup": "SLB", "shapeType": "ADM2" }, "geometry": { "type": "MultiPolygon", "coordinates": [ [ [ [ 160.766576999761298, -8.913879035641385 ], [ 160.767540000034074, -8.915919939201004 ], [ 160.763214960487403, -8.91578994910774 ], [ 160.765345079825096, -8.919792058675442 ], [ 160.763402879960012, -8.92289203718145 ], [ 160.759632959733011, -8.921784028623858 ], [ 160.76127204017348, -8.924717016130137 ], [ 160.759973159815956, -8.925902011376026 ], [ 160.762268879982969, -8.929103115701526 ], [ 160.758044999720425, -8.935478035026099 ], [ 160.762825079976011, -8.936759904950604 ], [ 160.760796119922446, -8.939218009007906 ], [ 160.762589999849297, -8.942991017753332 ], [ 160.761647880016966, -8.947436997480322 ], [ 160.767371159879815, -8.949901965208927 ], [ 160.762511160106698, -8.955511956136554 ], [ 160.759994040256402, -8.956339996101743 ], [ 160.76179583973078, -8.957560982896709 ], [ 160.761495960529373, -8.958847042585615 ], [ 160.757939879764223, -8.958318964131012 ], [ 160.760311919899465, -8.964734087645114 ], [ 160.756881840429287, -8.962773113322884 ], [ 160.756157880057003, -8.958353102853799 ], [ 160.754091119794595, -8.959682009577342 ], [ 160.754325839696861, -8.961876989184963 ], [ 160.751885039814823, -8.96514196378341 ], [ 160.758023040403316, -8.969931002360694 ], [ 160.759712880148896, -8.976742938152077 ], [ 160.758348120043365, -8.979000931556035 ], [ 160.761681000003165, -8.98512909050897 ], [ 160.771259160057639, -8.98908207835599 ], [ 160.774305840361166, -8.987917023415532 ], [ 160.780155119722451, -8.988443991849746 ], [ 160.77856283971164, -8.99094299353392 ], [ 160.78001508045449, -8.992268047911111 ], [ 160.776717840255259, -8.992329029332792 ], [ 160.776235080231686, -8.993721992927105 ], [ 160.767901079659168, -8.99060395128007 ], [ 160.7655661201822, -8.991966875628219 ], [ 160.767797040376252, -8.997685020581947 ], [ 160.771645079896956, -8.99902800644954 ], [ 160.774670879760009, -9.005007912542309 ], [ 160.773590159760829, -9.009777045791001 ], [ 160.776611999850132, -9.009694912435757 ], [ 160.777100880095759, -9.006362070890827 ], [ 160.779445920466856, -9.007020925911918 ], [ 160.777680120079168, -9.009842113563433 ], [ 160.781482080517378, -9.013982030754292 ], [ 160.779237840104315, -9.013468965584847 ], [ 160.778283120501868, -9.014883003076354 ], [ 160.787908080087647, -9.021254993428897 ], [ 160.787833919669396, -9.023491020826219 ], [ 160.780655159738814, -9.018194076533733 ], [ 160.776808920441908, -9.017454887748148 ], [ 160.776573119866327, -9.018904998129841 ], [ 160.792172999884002, -9.028439990956652 ], [ 160.794822959903513, -9.027830062082435 ], [ 160.796230919991075, -9.022460117079888 ], [ 160.797715920495676, -9.022828995618825 ], [ 160.796077919830196, -9.03079401243132 ], [ 160.800914160062376, -9.040177945911426 ], [ 160.803326159956413, -9.048930056033857 ], [ 160.798379039770424, -9.059898022823241 ], [ 160.798363920225853, -9.063532903454373 ], [ 160.801950960529012, -9.068041036030467 ], [ 160.806553919959981, -9.069022927533251 ], [ 160.810162920478575, -9.073729001538251 ], [ 160.81059888007249, -9.075591968791807 ], [ 160.808765040386874, -9.077285001271621 ], [ 160.810278120430581, -9.084113928293368 ], [ 160.819198920309617, -9.091686917264216 ], [ 160.828113960191018, -9.093998933454506 ], [ 160.830673919798897, -9.096473919179836 ], [ 160.830036000064496, -9.101050065152426 ], [ 160.834104000167372, -9.111047993864673 ], [ 160.838685000281259, -9.116062937472099 ], [ 160.843473000084373, -9.12525696673266 ], [ 160.844022000080344, -9.132408958211977 ], [ 160.851139919811715, -9.140267932639421 ], [ 160.858189079796261, -9.140538058177567 ], [ 160.85933603976784, -9.141930980356964 ], [ 160.858293119977475, -9.144518125222401 ], [ 160.863076080231849, -9.148379970520047 ], [ 160.872410159938795, -9.1610369899793 ], [ 160.873655039869647, -9.164895101566772 ], [ 160.882392959824784, -9.167294960895417 ], [ 160.900531919908161, -9.179032979096347 ], [ 160.907196960277219, -9.181715986502507 ], [ 160.911482040065124, -9.181177929357212 ], [ 160.917104159745548, -9.17747903266274 ], [ 160.919465040110026, -9.171505914382434 ], [ 160.921461959952325, -9.17063501146013 ], [ 160.921403999751874, -9.168072045940262 ], [ 160.922670120347618, -9.170593962575772 ], [ 160.929050039937067, -9.171604892943217 ], [ 160.929450000444263, -9.176959982278131 ], [ 160.936532999965607, -9.173358064175639 ], [ 160.936610040382647, -9.177256912359303 ], [ 160.933502159655433, -9.179866012536099 ], [ 160.932701880213216, -9.182907065090198 ], [ 160.939221839968923, -9.188151105533379 ], [ 160.942479120409388, -9.188223957954378 ], [ 160.942613040353621, -9.190299909504674 ], [ 160.950579840180694, -9.194639946686438 ], [ 161.036657999824769, -9.117256013639803 ], [ 160.998909119821292, -9.056879030264895 ], [ 160.923944880041432, -8.93512204806513 ], [ 160.865669880274794, -8.870956962694818 ], [ 160.762500000335905, -8.887932053667571 ], [ 160.77039011997033, -8.913651951636554 ], [ 160.766576999761298, -8.913879035641385 ] ] ], [ [ [ 160.774959960313424, -9.016892939532429 ], [ 160.772272920533879, -9.014028963410633 ], [ 160.77311495995869, -9.016484055248387 ], [ 160.774959960313424, -9.016892939532429 ] ] ] ] } },
{ "type": "Feature", "properties": { "shapeName": "East AreAre", "shapeISO": "", "shapeID": "97153195B49171741806918", "shapeGroup": "SLB", "shapeType": "ADM2" }, "geometry": { "type": "MultiPolygon", "coordinates": [ [ [ [ 160.998909119821292, -9.056879030264895 ], [ 161.036657999824769, -9.117256013639803 ], [ 161.121980159783618, -9.240668067058261 ], [ 161.1696250803829, -9.301879017744055 ], [ 161.175951000443973, -9.321857016306254 ], [ 161.181582839895725, -9.330473930111188 ], [ 161.300373120068315, -9.447762989617823 ], [ 161.396483040476312, -9.539700011965095 ], [ 161.395854840513294, -9.523299041131274 ], [ 161.392559040313444, -9.523292118535094 ], [ 161.396678159945907, -9.519434069270744 ], [ 161.398653120471096, -9.511193962343894 ], [ 161.389115999950349, -9.501770063932504 ], [ 161.376307920342384, -9.495461992285401 ], [ 161.372426040386614, -9.484191963514261 ], [ 161.368529039987948, -9.483194012667518 ], [ 161.364486959874256, -9.480145989864157 ], [ 161.362095840420665, -9.476834999206579 ], [ 161.362897920086738, -9.475128980274045 ], [ 161.360043840376733, -9.473122013830794 ], [ 161.358621840519646, -9.467781053809935 ], [ 161.354945160029217, -9.466424938629869 ], [ 161.354550960417924, -9.463161932021425 ], [ 161.353303920038854, -9.463915987949372 ], [ 161.353722959864371, -9.462538906527847 ], [ 161.356397039649323, -9.462512984270068 ], [ 161.3602058398601, -9.459817041704067 ], [ 161.357829839951052, -9.459224017535258 ], [ 161.360138880337161, -9.457514005211518 ], [ 161.361168840132876, -9.453372013995176 ], [ 161.356265999703851, -9.45082994212366 ], [ 161.355791160126159, -9.451674046276347 ], [ 161.349539040258918, -9.451979088368695 ], [ 161.347780079643798, -9.453467894314667 ], [ 161.346777120510552, -9.450721987846276 ], [ 161.345841840450788, -9.451316980192614 ], [ 161.340216120322737, -9.444263117555957 ], [ 161.336621880022619, -9.445029111359995 ], [ 161.33748804011114, -9.440902951882565 ], [ 161.33444100048149, -9.441043048347026 ], [ 161.337627000502437, -9.439270976256411 ], [ 161.336988000094749, -9.434362040207104 ], [ 161.33545295983555, -9.432198044735584 ], [ 161.334530999994882, -9.433911911086764 ], [ 161.334091079728864, -9.428085048022556 ], [ 161.331080040084203, -9.4273589694237 ], [ 161.331131160512086, -9.430184967852091 ], [ 161.329145040216162, -9.42887309704008 ], [ 161.326635839913394, -9.429325007881607 ], [ 161.325894959772711, -9.423576020432561 ], [ 161.321817960347317, -9.424147976096505 ], [ 161.324291159766716, -9.422684081381057 ], [ 161.323022880519375, -9.41953803535692 ], [ 161.323822080186602, -9.416630976151691 ], [ 161.32321692021398, -9.415758019067839 ], [ 161.321894999866061, -9.416882066249363 ], [ 161.322658919997167, -9.414326052403359 ], [ 161.320344840062347, -9.413146060148051 ], [ 161.321842080112674, -9.412079002579738 ], [ 161.320811039643644, -9.409964057193049 ], [ 161.319540960172475, -9.410086941086828 ], [ 161.319592079702034, -9.408408115764725 ], [ 161.318130840535019, -9.408203012381474 ], [ 161.319089159686854, -9.406949126659976 ], [ 161.316506879639093, -9.403113034399221 ], [ 161.314729920378966, -9.404214037728716 ], [ 161.314028999997021, -9.401985924025521 ], [ 161.312832000270845, -9.402514940013615 ], [ 161.31331296007059, -9.406753966960069 ], [ 161.310598920526871, -9.403529995570684 ], [ 161.313616080393558, -9.399680013776479 ], [ 161.312887080472507, -9.397379061272629 ], [ 161.309639880027845, -9.39898797227618 ], [ 161.311997880393534, -9.395699997744092 ], [ 161.311425119958272, -9.393437022098244 ], [ 161.309405160125579, -9.394868897947429 ], [ 161.308293120363999, -9.394568955603861 ], [ 161.309529000074008, -9.393118964725517 ], [ 161.305696080097846, -9.39358495182114 ], [ 161.309634840479106, -9.390890957098668 ], [ 161.306290080299704, -9.389510920223332 ], [ 161.30716811970953, -9.385015952111763 ], [ 161.304431040175388, -9.383785956746591 ], [ 161.302298039940609, -9.380379029219933 ], [ 161.300206080137883, -9.384048969922901 ], [ 161.297789039796726, -9.38053904028742 ], [ 161.298425160205625, -9.37598694731023 ], [ 161.302511159851861, -9.378161062453811 ], [ 161.303211000458788, -9.376019092502361 ], [ 161.29698588035572, -9.371160939482149 ], [ 161.296752959778956, -9.369018925767486 ], [ 161.290235880022038, -9.361332007579989 ], [ 161.283654000292103, -9.36266207192404 ], [ 161.286288120318261, -9.358592118216416 ], [ 161.285384160020897, -9.355918987643454 ], [ 161.283148919828648, -9.355119939368699 ], [ 161.283737160032871, -9.351217026413089 ], [ 161.279243999882482, -9.349319990345718 ], [ 161.277704999849504, -9.35042294029479 ], [ 161.278319880491807, -9.347279080447203 ], [ 161.276851080205034, -9.345331936716676 ], [ 161.275537080302968, -9.345886970412216 ], [ 161.275350960155862, -9.343014106174486 ], [ 161.273838959887115, -9.343494901641506 ], [ 161.270258039806009, -9.340650080437568 ], [ 161.269822080212123, -9.333495919177576 ], [ 161.264504159731302, -9.327184952569349 ], [ 161.257673879655641, -9.322463952736285 ], [ 161.254232999740793, -9.322022027256779 ], [ 161.249177160049214, -9.317456025339247 ], [ 161.24329296047793, -9.318007018240737 ], [ 161.241085080274303, -9.314102979374951 ], [ 161.241248879981526, -9.310348992703247 ], [ 161.237690999890816, -9.309229041811532 ], [ 161.235119160063334, -9.302874116071211 ], [ 161.233203959962395, -9.303403994157277 ], [ 161.234067960500994, -9.301644008787624 ], [ 161.233008840492829, -9.29930403834982 ], [ 161.224932960037449, -9.295156962121812 ], [ 161.221416120378791, -9.287997960943391 ], [ 161.215723080503352, -9.285572987070584 ], [ 161.214165000253757, -9.279508969458774 ], [ 161.221916160395182, -9.277315941915736 ], [ 161.226387000105774, -9.273500095548869 ], [ 161.231559839973215, -9.279585001036933 ], [ 161.236494000164612, -9.281207068013119 ], [ 161.238014999755933, -9.285050010857308 ], [ 161.24232095998434, -9.286278044460234 ], [ 161.24231195976347, -9.290520973775811 ], [ 161.24472612010581, -9.291412009721485 ], [ 161.244646920138791, -9.289588013682716 ], [ 161.246385000313438, -9.288911918170134 ], [ 161.250294959808372, -9.293258022745981 ], [ 161.248700880472086, -9.293982072236265 ], [ 161.248706999795786, -9.296400947800228 ], [ 161.252235000123534, -9.298270027692185 ], [ 161.258497920435445, -9.297866973313818 ], [ 161.260395839645184, -9.301686995500557 ], [ 161.262272880211157, -9.301950070604988 ], [ 161.263239840257711, -9.30035403370376 ], [ 161.264856960482746, -9.303024038077682 ], [ 161.267258159932112, -9.302895965386922 ], [ 161.268462000329208, -9.298449971469951 ], [ 161.265462120455339, -9.296017076475428 ], [ 161.2644771599671, -9.296603097414636 ], [ 161.264364120463341, -9.293677068816509 ], [ 161.262525959881202, -9.293558052616836 ], [ 161.261521920074642, -9.290965959303058 ], [ 161.25858288040007, -9.28962602881256 ], [ 161.256049919658039, -9.272683981946432 ], [ 161.251367039811157, -9.26370803065331 ], [ 161.251193160108159, -9.260601053843388 ], [ 161.246899080099382, -9.258733017295729 ], [ 161.247651840459724, -9.257286903208298 ], [ 161.246328840336815, -9.256587116458757 ], [ 161.248273920200717, -9.254576933176791 ], [ 161.251989120450446, -9.25472403277797 ], [ 161.252951040049965, -9.252405069403791 ], [ 161.251522919970853, -9.244483025985629 ], [ 161.2540980000216, -9.243543902617093 ], [ 161.252618039964005, -9.241767983165824 ], [ 161.250222959838368, -9.24305195497802 ], [ 161.243940960208135, -9.235838058743029 ], [ 161.235521999671022, -9.232852005456538 ], [ 161.235119160063334, -9.230202965461695 ], [ 161.238031920422628, -9.225972988779516 ], [ 161.23525812045466, -9.224688954825172 ], [ 161.234589959834494, -9.222543024119359 ], [ 161.235858960429027, -9.221663008087663 ], [ 161.232060959764596, -9.218003089761249 ], [ 161.234614080498204, -9.21878805917267 ], [ 161.23550400012769, -9.215431049922278 ], [ 161.237647080358272, -9.214396969611524 ], [ 161.231033160417098, -9.208127037807316 ], [ 161.229684959855547, -9.204646971584776 ], [ 161.23173192035074, -9.20098510023592 ], [ 161.230178879649884, -9.197042980489206 ], [ 161.231100119940066, -9.194588061813571 ], [ 161.233788959943439, -9.200600947605677 ], [ 161.231237999658049, -9.202641111849724 ], [ 161.232008040011209, -9.206801006267076 ], [ 161.23637699998875, -9.208155999669538 ], [ 161.238682079702784, -9.20380209206208 ], [ 161.243123039650357, -9.201925936070324 ], [ 161.242526879898577, -9.204591002006852 ], [ 161.244109079913557, -9.206033955839224 ], [ 161.246540160024239, -9.201852907990611 ], [ 161.257893840237784, -9.206810067594452 ], [ 161.259689879714557, -9.205563988274571 ], [ 161.259211080363087, -9.201804044675008 ], [ 161.263784880479932, -9.198187098695049 ], [ 161.264705040096828, -9.193132978443153 ], [ 161.25795900043525, -9.189533001358871 ], [ 161.257140000102481, -9.186347897724824 ], [ 161.255305079743579, -9.187755033102034 ], [ 161.251989120450446, -9.184623932108531 ], [ 161.250680160097147, -9.185034933608083 ], [ 161.251603920161699, -9.188790079580455 ], [ 161.248848840185872, -9.187299078218143 ], [ 161.246412000077584, -9.187905892047384 ], [ 161.244750960320033, -9.190902987030929 ], [ 161.239551119790093, -9.188647039406431 ], [ 161.243120159651568, -9.186318934054393 ], [ 161.242614000311448, -9.184526912072574 ], [ 161.240754960187161, -9.186095931206927 ], [ 161.238822840317908, -9.183935907003359 ], [ 161.23600692014287, -9.186208942958697 ], [ 161.234989920341718, -9.184473959014554 ], [ 161.238390120048905, -9.18344405288903 ], [ 161.239593960446001, -9.179305029655188 ], [ 161.238673080380266, -9.173898088243289 ], [ 161.239948919849041, -9.172963041720571 ], [ 161.244768959863393, -9.176064037288388 ], [ 161.24492484002306, -9.174152017552382 ], [ 161.25212087994646, -9.168206032194918 ], [ 161.249897159749423, -9.165790896587152 ], [ 161.247431160327011, -9.166857994077905 ], [ 161.244024840397799, -9.165243042004322 ], [ 161.23715315966561, -9.159737082023 ], [ 161.232291000342542, -9.162664932937171 ], [ 161.230955040225012, -9.160738091176562 ], [ 161.22867408027642, -9.163051970396729 ], [ 161.226779040167145, -9.162861116810189 ], [ 161.225154000394554, -9.160695087049278 ], [ 161.226465839848373, -9.159409039464686 ], [ 161.224799040093217, -9.158876990665023 ], [ 161.222975999953917, -9.154923029066673 ], [ 161.223854040262069, -9.152783961719956 ], [ 161.222139000077846, -9.151972012111198 ], [ 161.225196119703298, -9.151091998801054 ], [ 161.223764039850408, -9.150165066904679 ], [ 161.224462080233479, -9.147698983860607 ], [ 161.221128120498719, -9.148169916468984 ], [ 161.220659040020308, -9.146973923274128 ], [ 161.220250080190567, -9.148134019494069 ], [ 161.21613995988065, -9.148650978964829 ], [ 161.208558000117904, -9.147281007520437 ], [ 161.206867079699066, -9.146640003622958 ], [ 161.206692120221078, -9.144299894178527 ], [ 161.20588607988293, -9.145383938401862 ], [ 161.202137040096403, -9.144578014535416 ], [ 161.199880920362034, -9.148119091507734 ], [ 161.196589079935961, -9.147092101302009 ], [ 161.196702839888616, -9.136225972524885 ], [ 161.202390119766477, -9.13408306053886 ], [ 161.204472000471696, -9.135035092523433 ], [ 161.206180920433894, -9.128283024421682 ], [ 161.20899107971303, -9.126038053333883 ], [ 161.213371919910259, -9.126399005999572 ], [ 161.214513119884259, -9.122295040958887 ], [ 161.217122040370072, -9.121275084585156 ], [ 161.219962080310495, -9.122641067500725 ], [ 161.222019840352033, -9.121949013184317 ], [ 161.222517000369606, -9.118172011643836 ], [ 161.216862120029134, -9.111759087282641 ], [ 161.218991160490162, -9.11042700865246 ], [ 161.216363159787704, -9.10892003868404 ], [ 161.218618920195979, -9.108310957217245 ], [ 161.218602000427609, -9.104799876952281 ], [ 161.215695000065921, -9.098469002684727 ], [ 161.212550040477055, -9.095789989332001 ], [ 161.211570120435852, -9.098111932969081 ], [ 161.209558080150686, -9.098783061238887 ], [ 161.205253920146134, -9.097994983128078 ], [ 161.204802119660513, -9.096305070299255 ], [ 161.200648079818052, -9.097685012202248 ], [ 161.197817040098442, -9.095636958720032 ], [ 161.197953840041492, -9.097134031074042 ], [ 161.19426311978151, -9.099270943745401 ], [ 161.184458160270651, -9.096077034495918 ], [ 161.181623159878967, -9.099383094154593 ], [ 161.175587039921766, -9.098906053561031 ], [ 161.171570160246773, -9.095976968621502 ], [ 161.171327880123073, -9.09140804533755 ], [ 161.167451039716013, -9.086194929459852 ], [ 161.166800159987019, -9.079770944539986 ], [ 161.170239960126906, -9.082929984128322 ], [ 161.171871120121466, -9.082260958853638 ], [ 161.175690000328046, -9.08489190589745 ], [ 161.180718119806642, -9.091911934470012 ], [ 161.185552920039413, -9.09122301899278 ], [ 161.188589879673259, -9.086715000380135 ], [ 161.185713120197306, -9.066277037219253 ], [ 161.188696080302776, -9.065369972356052 ], [ 161.187921000400905, -9.063944045415425 ], [ 161.189264160515421, -9.064310036919208 ], [ 161.192161079982981, -9.061606061043532 ], [ 161.190437040476212, -9.060965081004333 ], [ 161.191085040206389, -9.058389951766319 ], [ 161.187134040279432, -9.055370946374945 ], [ 161.187441839926663, -9.051619017852911 ], [ 161.181032039675927, -9.054972949430304 ], [ 161.1789400798732, -9.053777887945406 ], [ 161.178840000364033, -9.054842120483681 ], [ 161.177510880019099, -9.054494072014137 ], [ 161.178008040036673, -9.053262924596922 ], [ 161.172237959744137, -9.053374023393138 ], [ 161.170810920338312, -9.051435927198835 ], [ 161.172789120188412, -9.042323019306041 ], [ 161.174738159826063, -9.040006048330648 ], [ 161.177528880460756, -9.039547060834966 ], [ 161.176281840081657, -9.037070082647771 ], [ 161.179193160441571, -9.036008998270166 ], [ 161.178545880261879, -9.037617067251826 ], [ 161.179476840323446, -9.03766310826334 ], [ 161.18423711991349, -9.035338996850744 ], [ 161.182726919868571, -9.032948918170007 ], [ 161.179972919667733, -9.032388060656562 ], [ 161.181317880006077, -9.030877030362038 ], [ 161.178599160239713, -9.027860993585191 ], [ 161.172435960110874, -9.025567039893762 ], [ 161.169810840305558, -9.022381008670203 ], [ 161.17241399989544, -9.020584964237509 ], [ 161.167345919759811, -9.017761017245565 ], [ 161.170531919780757, -9.015764062585637 ], [ 161.166125880043154, -9.008577924433583 ], [ 161.154792000495149, -9.007431065093378 ], [ 161.152823160191986, -9.004503901882023 ], [ 161.14762692010973, -9.006308915185596 ], [ 161.147487959718404, -9.008871082615125 ], [ 161.144201880188291, -9.004061936264591 ], [ 161.145275039966037, -9.002827950331401 ], [ 161.144610120467462, -9.000348052768139 ], [ 161.146014840331787, -8.999460022129297 ], [ 161.145385919919875, -8.997566971312336 ], [ 161.140987080179315, -8.992638024037092 ], [ 161.137464839849201, -8.993656923109793 ], [ 161.131327919933966, -8.992021989376521 ], [ 161.129778120354672, -8.995228023027673 ], [ 161.130413160090285, -8.997861028058781 ], [ 161.126601119656243, -8.995609908254695 ], [ 161.128497959989375, -8.99240796667755 ], [ 160.998909119821292, -9.056879030264895 ] ] ], [ [ [ 161.270001000362186, -9.170150958353997 ], [ 161.269327079744414, -9.166046076153767 ], [ 161.265512160209909, -9.160121990089699 ], [ 161.260120080209163, -9.159072999012134 ], [ 161.258241959868286, -9.160796022746304 ], [ 161.259005160448794, -9.163566064717653 ], [ 161.256392999739774, -9.165190975131338 ], [ 161.255733119789966, -9.168161962249753 ], [ 161.258164920349486, -9.171925105324965 ], [ 161.267463000071444, -9.173411018022769 ], [ 161.270001000362186, -9.170150958353997 ] ] ], [ [ [ 161.205733079722052, -9.037980952533532 ], [ 161.205172919955288, -9.033517063505116 ], [ 161.198795159915761, -9.026563980152588 ], [ 161.191470960045734, -9.021803067729369 ], [ 161.191347839647847, -9.027037028049934 ], [ 161.19624996052633, -9.03208798850822 ], [ 161.196549839727709, -9.034655128527163 ], [ 161.198498159814847, -9.034945955053878 ], [ 161.198237880147786, -9.032027013885346 ], [ 161.201691000506685, -9.034184046433595 ], [ 161.198964000070077, -9.036693041696855 ], [ 161.201950919949326, -9.041426025924293 ], [ 161.200086840276299, -9.042734007238542 ], [ 161.204392080055811, -9.042326930570502 ], [ 161.205733079722052, -9.037980952533532 ] ] ], [ [ [ 161.366228999822653, -9.44799008673991 ], [ 161.363203920408466, -9.445449040485476 ], [ 161.360901000244411, -9.445433947842092 ], [ 161.356872959900329, -9.449780047547593 ], [ 161.360826839826132, -9.448944993647528 ], [ 161.363583000475245, -9.452223938317774 ], [ 161.366228999822653, -9.44799008673991 ] ] ], [ [ [ 161.271483119969673, -9.208213923386747 ], [ 161.270181000287238, -9.205989002556013 ], [ 161.266204080370983, -9.204567014149568 ], [ 161.267244839713101, -9.212349943443355 ], [ 161.268761880428912, -9.212924910398801 ], [ 161.271483119969673, -9.208213923386747 ] ] ], [ [ [ 161.361664920375517, -9.443195091583791 ], [ 161.356668119761025, -9.444082006051431 ], [ 161.357388120359587, -9.442779953929893 ], [ 161.354737079666734, -9.442698098366749 ], [ 161.352482039707326, -9.445085042774112 ], [ 161.357127839794202, -9.447851058115615 ], [ 161.361664920375517, -9.443195091583791 ] ] ], [ [ [ 161.335077840440903, -9.418209964633295 ], [ 161.33428115964972, -9.415747009692183 ], [ 161.330180040458941, -9.415712914700634 ], [ 161.330702039792442, -9.418309050962211 ], [ 161.332909919996069, -9.419641027433892 ], [ 161.335077840440903, -9.418209964633295 ] ] ], [ [ [ 161.352307080229281, -9.438321901507068 ], [ 161.349525000489336, -9.436199126037806 ], [ 161.347473000445405, -9.440889989928474 ], [ 161.350126920238722, -9.44068295270411 ], [ 161.349686999972761, -9.438845002684833 ], [ 161.350998119875982, -9.439707957896237 ], [ 161.352307080229281, -9.438321901507068 ] ] ], [ [ [ 161.32267295976672, -9.404396058019403 ], [ 161.320897080281583, -9.400260888228861 ], [ 161.319620160139493, -9.400247924729312 ], [ 161.319714120324932, -9.404265891121954 ], [ 161.320878000064909, -9.405342916825285 ], [ 161.321456879823927, -9.403878054704043 ], [ 161.32267295976672, -9.404396058019403 ] ] ], [ [ [ 161.347816080527139, -9.438139899332095 ], [ 161.346040919694161, -9.435250931126767 ], [ 161.34247584050479, -9.43487094187522 ], [ 161.346350160239183, -9.438602984009796 ], [ 161.347816080527139, -9.438139899332095 ] ] ], [ [ [ 161.355534119784011, -9.44958597736 ], [ 161.352452159944335, -9.448451915531818 ], [ 161.351399879708737, -9.450462932761264 ], [ 161.353590119695099, -9.451370958132959 ], [ 161.355534119784011, -9.44958597736 ] ] ], [ [ [ 161.359992000398307, -9.4415879849227 ], [ 161.359110000316377, -9.439052041027823 ], [ 161.357468039877119, -9.439215043886094 ], [ 161.356668840209863, -9.441761995100908 ], [ 161.35825392022366, -9.442752965170579 ], [ 161.359992000398307, -9.4415879849227 ] ] ], [ [ [ 161.352036000117579, -9.448854084608984 ], [ 161.3502241197491, -9.447011917051135 ], [ 161.349040080017488, -9.448163916145353 ], [ 161.350822079724708, -9.450538926447578 ], [ 161.352036000117579, -9.448854084608984 ] ] ], [ [ [ 161.306877960279479, -9.371832968577403 ], [ 161.304679080296694, -9.371114941549875 ], [ 161.303109119827468, -9.372796077700558 ], [ 161.306580960178565, -9.373256053596585 ], [ 161.306877960279479, -9.371832968577403 ] ] ], [ [ [ 161.364701880009363, -9.453552943055604 ], [ 161.36406792004874, -9.45268007977084 ], [ 161.362836000112509, -9.453679007880424 ], [ 161.36329103992307, -9.455686975909209 ], [ 161.364701880009363, -9.453552943055604 ] ] ], [ [ [ 161.351506080338226, -9.442853996845932 ], [ 161.35105896007525, -9.44154998663519 ], [ 161.349708960188138, -9.441996021381931 ], [ 161.350913880360253, -9.443760089169553 ], [ 161.351506080338226, -9.442853996845932 ] ] ], [ [ [ 161.327414160038472, -9.415034045262098 ], [ 161.326640880360458, -9.414375950717128 ], [ 161.326524959959556, -9.415900966974723 ], [ 161.327414160038472, -9.415034045262098 ] ] ] ] } },
{ "type": "Feature", "properties": { "shapeName": "West Areare", "shapeISO": "", "shapeID": "97153195B24972598877483", "shapeGroup": "SLB", "shapeType": "ADM2" }, "geometry": { "type": "MultiPolygon", "coordinates": [ [ [ [ 160.950579840180694, -9.194639946686438 ], [ 160.950725999670681, -9.196391938508462 ], [ 160.956623160134853, -9.202360016224564 ], [ 160.96408415994793, -9.20648597772076 ], [ 160.965218159924945, -9.210477919535816 ], [ 160.963369920245327, -9.220076911344709 ], [ 160.9651659597221, -9.222334969234769 ], [ 160.963392960235694, -9.22607799245608 ], [ 160.969457159732031, -9.231117961219654 ], [ 160.968957840164535, -9.23430603683169 ], [ 160.972904880317799, -9.238637005696644 ], [ 161.002109880060686, -9.247048991202224 ], [ 161.005402079812853, -9.245623970974242 ], [ 161.00922491979324, -9.247742045710575 ], [ 161.011190880097587, -9.250417068836635 ], [ 161.00572284035303, -9.247451037327531 ], [ 161.00519291967538, -9.252921876308813 ], [ 161.006954039840423, -9.258978891297629 ], [ 161.006357880088615, -9.263366937844546 ], [ 161.011782000300627, -9.264988902275794 ], [ 161.011167119658325, -9.272102006781731 ], [ 161.016852960435074, -9.278264923021778 ], [ 161.019353880067513, -9.284538047435658 ], [ 161.030886120206731, -9.294386019025325 ], [ 161.035883999697859, -9.29598403682467 ], [ 161.037371880201277, -9.299024087294905 ], [ 161.0394080402518, -9.298468978994189 ], [ 161.03920896011013, -9.300127018056759 ], [ 161.041793040381691, -9.301753075492645 ], [ 161.040755879690636, -9.303213039081703 ], [ 161.040391920066725, -9.301890918633031 ], [ 161.03833091980195, -9.302427902878939 ], [ 161.028115919788064, -9.298920881437002 ], [ 161.023394159957377, -9.295340104768695 ], [ 161.02095192007593, -9.296991054085463 ], [ 161.03670407980556, -9.303926054741948 ], [ 161.046800999868623, -9.306520005854917 ], [ 161.052518160407743, -9.305174983479651 ], [ 161.056722960453698, -9.298625119774119 ], [ 161.05882212025341, -9.298251020156993 ], [ 161.065285920032522, -9.302554910313773 ], [ 161.064597959645255, -9.305516923814752 ], [ 161.060371919832733, -9.309232949203274 ], [ 161.062548840498437, -9.313372043437541 ], [ 161.072826840261484, -9.318728885056336 ], [ 161.078757119813559, -9.319696937209988 ], [ 161.081915040295371, -9.317060986431423 ], [ 161.081682119718636, -9.31347506740839 ], [ 161.075654999982277, -9.314934094469139 ], [ 161.071323840213552, -9.313623030692028 ], [ 161.066905920256346, -9.310217014457757 ], [ 161.067599999967342, -9.306505973398497 ], [ 161.066495879753319, -9.303931028511361 ], [ 161.067885119848654, -9.303467941182657 ], [ 161.068357080325882, -9.307263922428728 ], [ 161.071760880480724, -9.311651009444283 ], [ 161.078645160084761, -9.312692974074478 ], [ 161.079667919883519, -9.312198991204454 ], [ 161.07831108022387, -9.310233889630137 ], [ 161.074739879914119, -9.310023043607716 ], [ 161.073425160461539, -9.303791054441641 ], [ 161.07453612044813, -9.303667955808578 ], [ 161.075831040133551, -9.306524979586939 ], [ 161.076939120121352, -9.30333311827439 ], [ 161.078361840427306, -9.303781995645833 ], [ 161.079231960289604, -9.3019690770443 ], [ 161.083078920035348, -9.305702015129933 ], [ 161.089053840467187, -9.29889992062947 ], [ 161.089066080012913, -9.303321927719898 ], [ 161.090411040351228, -9.304583115472836 ], [ 161.087356080275725, -9.305948034223928 ], [ 161.089918919882393, -9.308837013034626 ], [ 161.086862160481388, -9.311104980052679 ], [ 161.087435999793314, -9.31252795776604 ], [ 161.089557840257328, -9.311450111610156 ], [ 161.091300959980714, -9.313002934334342 ], [ 161.089477919841443, -9.314047914389068 ], [ 161.091178920256112, -9.314896969951665 ], [ 161.089898040340245, -9.316986028486163 ], [ 161.092631160100609, -9.316501998942508 ], [ 161.089095959775904, -9.318629059687362 ], [ 161.094458880462525, -9.31708993919777 ], [ 161.0958218403442, -9.318810946936196 ], [ 161.093185920094214, -9.319034931717047 ], [ 161.09376984030024, -9.320295884457337 ], [ 161.09178984022634, -9.321031956799164 ], [ 161.088923159847837, -9.320594114308347 ], [ 161.088568919995367, -9.321826997678084 ], [ 161.086996080425621, -9.317305932040187 ], [ 161.084062080299731, -9.321750086698286 ], [ 161.089035840025502, -9.330514072314671 ], [ 161.097333839714679, -9.337789072981353 ], [ 161.101400040492052, -9.338672882891682 ], [ 161.101359000059972, -9.33611789135889 ], [ 161.107392960467195, -9.329884946460256 ], [ 161.108195040133239, -9.33164496700538 ], [ 161.111169000017895, -9.332443892295935 ], [ 161.109992879833896, -9.335175106178554 ], [ 161.110887120359877, -9.336069046970541 ], [ 161.113430879749899, -9.336088051528428 ], [ 161.115265079659935, -9.338500064018627 ], [ 161.117641080467308, -9.33758694751654 ], [ 161.118401039926312, -9.338795969912349 ], [ 161.116890839881393, -9.340855045823957 ], [ 161.1192409198012, -9.341874011729374 ], [ 161.120651040337009, -9.345003000604716 ], [ 161.124658919791159, -9.34449592092993 ], [ 161.124878880373302, -9.342242025471423 ], [ 161.127201960528964, -9.343413910949447 ], [ 161.129838959655643, -9.342548938982592 ], [ 161.131503960085269, -9.344769087255598 ], [ 161.137055160468918, -9.342934003123053 ], [ 161.139858840199935, -9.345996911748554 ], [ 161.139326040421764, -9.348003905967319 ], [ 161.147892959774367, -9.351472959152442 ], [ 161.14855500017245, -9.353104993612051 ], [ 161.144272079934467, -9.353617922249747 ], [ 161.141433119769033, -9.351629075906375 ], [ 161.138964959898345, -9.353027912080071 ], [ 161.138269079963493, -9.354221074192877 ], [ 161.140178880291245, -9.354692974064241 ], [ 161.141451839761203, -9.359643000691991 ], [ 161.144885160352942, -9.357541942695747 ], [ 161.149748040124877, -9.358442930581013 ], [ 161.152138079803478, -9.361176959594832 ], [ 161.15085612011265, -9.363636040323941 ], [ 161.152787160206998, -9.362546097757866 ], [ 161.153985960157002, -9.363579030327079 ], [ 161.156865959856219, -9.360750002717751 ], [ 161.15823611973488, -9.366043955292657 ], [ 161.160458039708118, -9.365553954908822 ], [ 161.160482879922341, -9.367648038066243 ], [ 161.164020960245836, -9.365014936905313 ], [ 161.160612119643957, -9.370592093462166 ], [ 161.164868040117739, -9.371901876561036 ], [ 161.167268880241011, -9.370483936261998 ], [ 161.167667040524407, -9.367464044414538 ], [ 161.169191999889449, -9.368429119619847 ], [ 161.167917959746177, -9.370689061372904 ], [ 161.170463160033961, -9.36878502878413 ], [ 161.174095920093464, -9.369455996423405 ], [ 161.175381120007529, -9.367223042165175 ], [ 161.178761880171976, -9.368523070004226 ], [ 161.178784920162371, -9.370825101530615 ], [ 161.176685039913792, -9.37075690436822 ], [ 161.176569839961729, -9.374222001057513 ], [ 161.172498959860093, -9.372860012717844 ], [ 161.172164879999173, -9.375139994635877 ], [ 161.167123080077147, -9.377999984187117 ], [ 161.168417999762568, -9.379269070760802 ], [ 161.170704000158253, -9.376937968930656 ], [ 161.174552039678957, -9.377078979318613 ], [ 161.181965160185712, -9.382051063167134 ], [ 161.182504080185936, -9.380783940640503 ], [ 161.18573904018649, -9.381812024016563 ], [ 161.184336119647725, -9.383709948183029 ], [ 161.182893959799003, -9.381926038825968 ], [ 161.181585000344, -9.384113968016097 ], [ 161.183041920411142, -9.385446964590809 ], [ 161.18551008028183, -9.384716001127314 ], [ 161.189065080373695, -9.388419105404926 ], [ 161.187837839761784, -9.390489964105601 ], [ 161.19167184041126, -9.394538943334981 ], [ 161.190591839962622, -9.396468052540135 ], [ 161.19249300029395, -9.398249045694429 ], [ 161.193951000136053, -9.396541040377167 ], [ 161.191289159896854, -9.392865015862476 ], [ 161.192105999781376, -9.389977089762136 ], [ 161.190519839992589, -9.387107964372218 ], [ 161.192379959891838, -9.388698097810522 ], [ 161.192321999691416, -9.3907829838371 ], [ 161.195416920424037, -9.393145069789773 ], [ 161.192599920474009, -9.383880968096445 ], [ 161.199663120228138, -9.382692880948456 ], [ 161.198196120165193, -9.385963042131324 ], [ 161.199621000021097, -9.392468109154413 ], [ 161.20102788033364, -9.391770014509159 ], [ 161.199935999665371, -9.386793985151462 ], [ 161.201154960505306, -9.38681600666094 ], [ 161.200213920447936, -9.387879944964665 ], [ 161.201149920058214, -9.388467942339991 ], [ 161.202098879663168, -9.38723209918099 ], [ 161.200964879686126, -9.385053956696684 ], [ 161.202059999679307, -9.384858074378187 ], [ 161.202931919765462, -9.389741074992054 ], [ 161.205126839974469, -9.391326934679848 ], [ 161.204172839922506, -9.394322111460889 ], [ 161.208354960202456, -9.394330990345402 ], [ 161.206292880162721, -9.393009038502068 ], [ 161.205162839959485, -9.389719942195722 ], [ 161.20809108008774, -9.391863958488894 ], [ 161.208756000484669, -9.395256034497551 ], [ 161.206765920414909, -9.397130087994512 ], [ 161.21084508028855, -9.395188018834398 ], [ 161.213478840090318, -9.395541058909206 ], [ 161.214328080410439, -9.397473003710914 ], [ 161.212831920135073, -9.398051928278742 ], [ 161.213416920116089, -9.399368000622214 ], [ 161.20872684027222, -9.399119028793297 ], [ 161.211435119818304, -9.402099043615765 ], [ 161.207399880375533, -9.400060929850742 ], [ 161.204659919944305, -9.401267959383111 ], [ 161.202462119736509, -9.398220987384345 ], [ 161.200640879821037, -9.399870916115935 ], [ 161.203127040133353, -9.400104970267165 ], [ 161.203710960339379, -9.403667976274628 ], [ 161.205442920292001, -9.402983045424493 ], [ 161.212053960234414, -9.406294035220307 ], [ 161.210586960171469, -9.40794800962856 ], [ 161.213005080287559, -9.408588002726271 ], [ 161.211453839810559, -9.409248062007258 ], [ 161.212944959638861, -9.410609018734119 ], [ 161.215962839954386, -9.409658089878363 ], [ 161.215264080020717, -9.411239063304896 ], [ 161.217469080225555, -9.411822049165171 ], [ 161.217789120316894, -9.416375091242191 ], [ 161.222456160170367, -9.418022092036361 ], [ 161.216228160068482, -9.419427052572734 ], [ 161.223396840003261, -9.42231988181574 ], [ 161.224473960453111, -9.424344013386573 ], [ 161.218289160333285, -9.424511995307641 ], [ 161.220308040391018, -9.427412951165621 ], [ 161.222409000414558, -9.427319016970673 ], [ 161.222716080511276, -9.429570050752572 ], [ 161.225891999638122, -9.428655931078643 ], [ 161.230286880503229, -9.435354983469846 ], [ 161.231311080301396, -9.432396918354105 ], [ 161.233425000319528, -9.436869075525983 ], [ 161.232554880457258, -9.437555005089154 ], [ 161.234165160011372, -9.438628020586247 ], [ 161.23274099970601, -9.439913042317302 ], [ 161.233565040485814, -9.442800905939642 ], [ 161.235034919649252, -9.443403903156929 ], [ 161.233491959842496, -9.445110967253916 ], [ 161.240190839748323, -9.446202957351696 ], [ 161.240551920271713, -9.448310046267675 ], [ 161.238295080088477, -9.451580119672185 ], [ 161.24344704041377, -9.453774887221361 ], [ 161.24134608039023, -9.455448874948596 ], [ 161.242417079719729, -9.456444066694992 ], [ 161.241495119879005, -9.457526966531573 ], [ 161.239748040381812, -9.456596052266358 ], [ 161.238692159698587, -9.457974932708552 ], [ 161.241698159794481, -9.462321939559466 ], [ 161.242646040522686, -9.45850492845214 ], [ 161.24410187991657, -9.456922929426957 ], [ 161.245065959964336, -9.457718013940937 ], [ 161.249595120099741, -9.468129048129747 ], [ 161.252812079658668, -9.470988977156571 ], [ 161.25061104012596, -9.470829895985553 ], [ 161.248550039861129, -9.467017063674547 ], [ 161.2470510004853, -9.467460934253209 ], [ 161.249758919806993, -9.472157053916344 ], [ 161.249783040470703, -9.475405949334322 ], [ 161.251733159883315, -9.476736107418962 ], [ 161.254737000429259, -9.474303931331727 ], [ 161.255950919923862, -9.474795906995698 ], [ 161.255238839771152, -9.477937897272266 ], [ 161.256900960202017, -9.478424896427935 ], [ 161.254685880001375, -9.481668938931612 ], [ 161.259068879748554, -9.483567023529352 ], [ 161.25671412050437, -9.484172967202204 ], [ 161.256385080192246, -9.487139108911929 ], [ 161.258993999779705, -9.491365021381583 ], [ 161.265242159873196, -9.494147884725386 ], [ 161.264405159997125, -9.495763977069066 ], [ 161.275826880406896, -9.504415967589384 ], [ 161.278364160248771, -9.508253060439324 ], [ 161.281473119852649, -9.508556986793167 ], [ 161.286299999639596, -9.515079976147714 ], [ 161.287206120385179, -9.509664931444867 ], [ 161.288949959659135, -9.514593916200441 ], [ 161.290387079959089, -9.51105300756398 ], [ 161.290779120020431, -9.513124015201823 ], [ 161.294401080533618, -9.514046964826772 ], [ 161.297682840065534, -9.512005963854866 ], [ 161.298604080355688, -9.513901926944417 ], [ 161.297254080468633, -9.515250930852012 ], [ 161.301345840112475, -9.515871907231242 ], [ 161.300545919996352, -9.517731990156864 ], [ 161.293145039933677, -9.51971206768004 ], [ 161.289664919810633, -9.525560097191155 ], [ 161.30147184050918, -9.537104971605885 ], [ 161.303002920096247, -9.536976985042282 ], [ 161.302687920452001, -9.540105978183473 ], [ 161.306903159819825, -9.544366028077711 ], [ 161.315884080347558, -9.549885960651169 ], [ 161.32665995967875, -9.553114947016113 ], [ 161.336350080360376, -9.559031097626439 ], [ 161.341398000504398, -9.560429090415276 ], [ 161.369348040320659, -9.58277702282159 ], [ 161.378631000498075, -9.593517911738227 ], [ 161.38331100034614, -9.595147021261319 ], [ 161.38407312025339, -9.597194977749199 ], [ 161.386336079760355, -9.597995060139173 ], [ 161.397043919793646, -9.594288008374653 ], [ 161.399860919743617, -9.590832055594197 ], [ 161.40326291967466, -9.591075031423069 ], [ 161.402293080527613, -9.584700989945938 ], [ 161.397147959974887, -9.579276047900949 ], [ 161.39753604026248, -9.577022980776853 ], [ 161.401632840353358, -9.568850117301309 ], [ 161.404773119719607, -9.569523002060668 ], [ 161.40466008021582, -9.56770810856046 ], [ 161.407469159719994, -9.565533950596357 ], [ 161.407626840103489, -9.562772969068281 ], [ 161.410376880530521, -9.559606021760844 ], [ 161.408458079981955, -9.551713019181463 ], [ 161.402267159640076, -9.549131029302236 ], [ 161.400350879764233, -9.543955983961389 ], [ 161.395125120143376, -9.542096044032856 ], [ 161.397081000451919, -9.541376064784808 ], [ 161.396483040476312, -9.539700011965095 ], [ 161.300373120068315, -9.447762989617823 ], [ 161.181582839895725, -9.330473930111188 ], [ 161.175951000443973, -9.321857016306254 ], [ 161.1696250803829, -9.301879017744055 ], [ 161.121980159783618, -9.240668067058261 ], [ 161.036657999824769, -9.117256013639803 ], [ 160.950579840180694, -9.194639946686438 ] ] ], [ [ [ 161.291405879984069, -9.516570105340588 ], [ 161.287008840467308, -9.518355980561678 ], [ 161.285792040075648, -9.51611298430627 ], [ 161.282909879928184, -9.516281098228653 ], [ 161.27477604017065, -9.509767008846294 ], [ 161.272964880251038, -9.506787038746763 ], [ 161.270777880487884, -9.506493052439351 ], [ 161.250904080453068, -9.492776073792195 ], [ 161.248362120388549, -9.4876759832761 ], [ 161.245908000287443, -9.488480051346151 ], [ 161.245707119921946, -9.490634992653796 ], [ 161.252133839941052, -9.498159961860248 ], [ 161.269589880084197, -9.510271005809713 ], [ 161.284779000048275, -9.52318791396063 ], [ 161.288835840380386, -9.522356057911804 ], [ 161.291405879984069, -9.516570105340588 ] ] ], [ [ [ 161.246841840347798, -9.482109063275228 ], [ 161.241955919687143, -9.470727984320323 ], [ 161.231831999859907, -9.457233114947368 ], [ 161.233742160412049, -9.458083950518207 ], [ 161.234769959759575, -9.456912986332258 ], [ 161.229540959915482, -9.455827953740245 ], [ 161.230208039862333, -9.461566991751814 ], [ 161.237624040367876, -9.471637909583023 ], [ 161.242318079985523, -9.483557969495878 ], [ 161.244453960219118, -9.484403057953651 ], [ 161.246841840347798, -9.482109063275228 ] ] ], [ [ [ 161.129274840115045, -9.344176930394623 ], [ 161.125401960380088, -9.344350990156865 ], [ 161.124512039852306, -9.34619103988317 ], [ 161.127677879881645, -9.348509026546511 ], [ 161.128103039929215, -9.350408908735325 ], [ 161.124212880201441, -9.355844925885263 ], [ 161.119546920122957, -9.353853073281771 ], [ 161.113404959760686, -9.348136047276311 ], [ 161.112570120332862, -9.345014013147722 ], [ 161.107418160007569, -9.342637923239389 ], [ 161.104703039790536, -9.339186898387558 ], [ 161.100307080048822, -9.340412078644283 ], [ 161.102280959900668, -9.343430073400858 ], [ 161.110850039701546, -9.3480900462575 ], [ 161.118372960387177, -9.357649038718172 ], [ 161.122137840167085, -9.359351020469218 ], [ 161.128020959963408, -9.357113915143085 ], [ 161.128668959693584, -9.348997985086454 ], [ 161.126903160204222, -9.345983057557554 ], [ 161.129274840115045, -9.344176930394623 ] ] ], [ [ [ 161.230818959832561, -9.452240095623617 ], [ 161.227626840487886, -9.446131046023178 ], [ 161.225049960213312, -9.445083977787679 ], [ 161.224553879970699, -9.440764097860354 ], [ 161.217893880048678, -9.434500008433666 ], [ 161.212868999895079, -9.42608792875952 ], [ 161.213028120277983, -9.423761049826835 ], [ 161.205973919846372, -9.415643127981587 ], [ 161.200662120485958, -9.412381060614528 ], [ 161.201004840343245, -9.414271003506185 ], [ 161.208308880221637, -9.42113796371839 ], [ 161.213685120229002, -9.432342938294212 ], [ 161.229711960518046, -9.4536090505601 ], [ 161.230818959832561, -9.452240095623617 ] ] ], [ [ [ 161.192266920388079, -9.399699015700534 ], [ 161.190114120386085, -9.398891011491845 ], [ 161.189714880327728, -9.395943999626773 ], [ 161.188035119679625, -9.394635017734055 ], [ 161.185886999900305, -9.394432037262163 ], [ 161.170427880497783, -9.383939040784689 ], [ 161.167707000283201, -9.382744915136037 ], [ 161.16611292004859, -9.385001922860171 ], [ 161.165202840427526, -9.383332033686129 ], [ 161.166971880140096, -9.382592896637481 ], [ 161.166445920134521, -9.380791044564456 ], [ 161.164519920487265, -9.380626060954894 ], [ 161.164779839929906, -9.381999916526887 ], [ 161.163474840248654, -9.381228100200854 ], [ 161.164397160313797, -9.378133002496021 ], [ 161.159673960483701, -9.379454123264463 ], [ 161.160249960243902, -9.38230306633109 ], [ 161.163078119964666, -9.385302938767074 ], [ 161.172041040050715, -9.38774693133578 ], [ 161.180427960376619, -9.392223927265553 ], [ 161.188772040046558, -9.400835013227731 ], [ 161.192266920388079, -9.399699015700534 ] ] ], [ [ [ 161.198489880042899, -9.411211006062205 ], [ 161.195229000053104, -9.407674005205882 ], [ 161.194358159741967, -9.404325025461297 ], [ 161.19132911965562, -9.404735059245345 ], [ 161.193056040059503, -9.408192002761995 ], [ 161.198489880042899, -9.411211006062205 ] ] ], [ [ [ 161.139876839743266, -9.361503038662521 ], [ 161.137312920361609, -9.358786061688626 ], [ 161.137104839999068, -9.355425953653716 ], [ 161.135796960319055, -9.355078023701106 ], [ 161.134912080238337, -9.359608012397654 ], [ 161.138468879655733, -9.362048101252064 ], [ 161.139876839743266, -9.361503038662521 ] ] ], [ [ [ 161.145779039756206, -9.36641407359293 ], [ 161.142128999703885, -9.362727962669437 ], [ 161.139602880531044, -9.362250034783086 ], [ 161.141272920509465, -9.364551043187527 ], [ 161.145779039756206, -9.36641407359293 ] ] ], [ [ [ 161.160554160341803, -9.374941975342599 ], [ 161.154996120185587, -9.374023981233618 ], [ 161.159106960046017, -9.376966028986368 ], [ 161.160554160341803, -9.374941975342599 ] ] ], [ [ [ 161.239624919983925, -9.454104075398627 ], [ 161.236852920239784, -9.451294075376422 ], [ 161.236785959818519, -9.453649000817313 ], [ 161.239624919983925, -9.454104075398627 ] ] ], [ [ [ 161.248064040512645, -9.46585607225253 ], [ 161.246336040333802, -9.464149998968324 ], [ 161.243673839870212, -9.46460896509045 ], [ 161.246552040243898, -9.466562006405589 ], [ 161.248064040512645, -9.46585607225253 ] ] ], [ [ [ 161.228972879702866, -9.442616065284879 ], [ 161.227114920251836, -9.441214927915036 ], [ 161.226375119886143, -9.443013091124358 ], [ 161.228131920053016, -9.443942976720813 ], [ 161.228972879702866, -9.442616065284879 ] ] ], [ [ [ 161.255962079694598, -9.486828061591247 ], [ 161.255513160106119, -9.485179970045531 ], [ 161.254104839794167, -9.486212003851184 ], [ 161.254601999811769, -9.487969097678338 ], [ 161.255962079694598, -9.486828061591247 ] ] ], [ [ [ 161.15079383991403, -9.364781036298387 ], [ 161.150396039855053, -9.363766045135616 ], [ 161.148872879815514, -9.36448906044866 ], [ 161.15079383991403, -9.364781036298387 ] ] ], [ [ [ 161.107939080464405, -9.338103983933301 ], [ 161.107373159801739, -9.337132074671281 ], [ 161.106557040366084, -9.337980008898271 ], [ 161.107527960186417, -9.339092052212026 ], [ 161.107939080464405, -9.338103983933301 ] ] ], [ [ [ 161.25360984022484, -9.486550037015618 ], [ 161.252488079793551, -9.485789106299187 ], [ 161.252750880133306, -9.487136978311286 ], [ 161.25360984022484, -9.486550037015618 ] ] ] ] } },
{ "type": "Feature", "properties": { "shapeName": "Small Malaita", "shapeISO": "", "shapeID": "97153195B48441070638838", "shapeGroup": "SLB", "shapeType": "ADM2" }, "geometry": { "type": "MultiPolygon", "coordinates": [ [ [ [ 161.580597839726181, -9.688879031038642 ], [ 161.577286919981816, -9.67757195401194 ], [ 161.576763120424459, -9.666089003779328 ], [ 161.575328880123294, -9.662954076308299 ], [ 161.572389119999855, -9.661110937553067 ], [ 161.566667999686899, -9.663518887279736 ], [ 161.56541412043353, -9.660871029163479 ], [ 161.559862920049909, -9.660663060403554 ], [ 161.571629880091365, -9.652816067572831 ], [ 161.572209120074803, -9.64999510875781 ], [ 161.570081160287032, -9.643716051950312 ], [ 161.564622119865021, -9.637287103367692 ], [ 161.562930119671165, -9.633034964325285 ], [ 161.558800920042927, -9.630847028341137 ], [ 161.559581040391834, -9.629377098302488 ], [ 161.557628040082108, -9.627234037887801 ], [ 161.547816960349195, -9.628322961816446 ], [ 161.545444920213896, -9.624677999867293 ], [ 161.545797000516473, -9.617078982935029 ], [ 161.547257880357392, -9.615820006836218 ], [ 161.549822159963497, -9.614805936064066 ], [ 161.55389699983894, -9.61759293724146 ], [ 161.557583039876278, -9.617743963933767 ], [ 161.560280159651597, -9.61345608498301 ], [ 161.56023912011787, -9.603975917398817 ], [ 161.558729999847884, -9.602728960576723 ], [ 161.559898920034925, -9.601603926264978 ], [ 161.559577079719759, -9.595900963727022 ], [ 161.557053120096896, -9.593566009396586 ], [ 161.558942039984174, -9.5934320103089 ], [ 161.558826120481598, -9.59014607908558 ], [ 161.556509159649636, -9.587572012384094 ], [ 161.558627040339871, -9.586157980069105 ], [ 161.558094960112271, -9.576770942334592 ], [ 161.555049000257611, -9.567489965385937 ], [ 161.553189960133324, -9.568709008343154 ], [ 161.552838960504033, -9.574887931057894 ], [ 161.553572999973852, -9.574769010469806 ], [ 161.554485960492059, -9.576098959261786 ], [ 161.553266999652095, -9.575120977947799 ], [ 161.552908080475248, -9.577536107709616 ], [ 161.550834120215882, -9.575939038752425 ], [ 161.551220040055171, -9.573161102401262 ], [ 161.548880040131166, -9.574035078044517 ], [ 161.550981000154707, -9.570966035716349 ], [ 161.546189039679518, -9.571191985398375 ], [ 161.548259040165163, -9.568240063887766 ], [ 161.546657040382996, -9.567494048137826 ], [ 161.547607079762827, -9.565520993422743 ], [ 161.54593812045772, -9.565579034994233 ], [ 161.545619160141371, -9.568248939105342 ], [ 161.543367000180751, -9.565902080523598 ], [ 161.544620880332445, -9.564233958049911 ], [ 161.543079000300679, -9.561909968711928 ], [ 161.547681959731648, -9.562646944963566 ], [ 161.546455080242509, -9.561284993543342 ], [ 161.54338391994915, -9.561251978724053 ], [ 161.54227691973631, -9.558817031670928 ], [ 161.544893040219137, -9.560458022478082 ], [ 161.546748840120188, -9.558866021497952 ], [ 161.543044080090652, -9.556772038175486 ], [ 161.540804880124625, -9.558176963137532 ], [ 161.539605000399632, -9.554976069856403 ], [ 161.542920959692765, -9.554774958905648 ], [ 161.544002039916364, -9.553278960433193 ], [ 161.539436879795915, -9.549677923709297 ], [ 161.537510159699792, -9.549296996536551 ], [ 161.538206040532941, -9.549861996966303 ], [ 161.538206040532941, -9.550761948747029 ], [ 161.536349880407471, -9.552355052776067 ], [ 161.536618080520356, -9.550425044579702 ], [ 161.537594039889427, -9.55104808719609 ], [ 161.538068880365472, -9.549995126248616 ], [ 161.537036039672614, -9.549394979850986 ], [ 161.536939919937197, -9.545636985821867 ], [ 161.537491080381471, -9.546539078244605 ], [ 161.53876008007768, -9.545438886741946 ], [ 161.535953160123483, -9.543349969279589 ], [ 161.534669039984408, -9.543938942917574 ], [ 161.535204000210825, -9.542347042035416 ], [ 161.534463840518981, -9.543280030514277 ], [ 161.532694080357516, -9.542116989891769 ], [ 161.535683159786743, -9.541895102825073 ], [ 161.536276080213611, -9.540191006025049 ], [ 161.530962839955436, -9.539120970692997 ], [ 161.530194960050551, -9.536710007214603 ], [ 161.531890920018185, -9.534796950767472 ], [ 161.52919992046489, -9.533645065614477 ], [ 161.52827687995088, -9.530828085119477 ], [ 161.530214040267225, -9.528990973113739 ], [ 161.52810192047292, -9.527234089143795 ], [ 161.523505080365624, -9.528771030281023 ], [ 161.519918040062493, -9.525382934090121 ], [ 161.51724288050255, -9.525489089997452 ], [ 161.51484383970481, -9.520455880660922 ], [ 161.515708920018369, -9.520788021666045 ], [ 161.515320839730748, -9.518148989789086 ], [ 161.514474120083293, -9.51727309520601 ], [ 161.513722080171846, -9.518281954149741 ], [ 161.514735120199219, -9.516261926259663 ], [ 161.512928999828347, -9.516460041606505 ], [ 161.512796159659047, -9.515365966561292 ], [ 161.510298120025396, -9.517114922212727 ], [ 161.508688920246215, -9.513903879914606 ], [ 161.504931960013863, -9.512934063832427 ], [ 161.505649079715283, -9.51120301652908 ], [ 161.504155079888164, -9.508052987271336 ], [ 161.506391040529223, -9.503791952309008 ], [ 161.504036999937313, -9.503864029761919 ], [ 161.502671160056849, -9.502269989285921 ], [ 161.499889080316876, -9.503794970139642 ], [ 161.497721159872043, -9.503055027403088 ], [ 161.495169119811692, -9.495822030660433 ], [ 161.489543040357518, -9.489198011096413 ], [ 161.484345000051405, -9.486210050720938 ], [ 161.482650840307628, -9.487290903246784 ], [ 161.480436839881975, -9.486510978015042 ], [ 161.481116160272904, -9.485401006128399 ], [ 161.479909079652543, -9.484223033630258 ], [ 161.482352039982885, -9.484462001771956 ], [ 161.481764160003081, -9.481415056146249 ], [ 161.48350295972827, -9.483050027305858 ], [ 161.485616160195917, -9.482011060419454 ], [ 161.487998999877505, -9.478185036624158 ], [ 161.485796160120941, -9.477633943403763 ], [ 161.481813840431556, -9.468932984218368 ], [ 161.478348839852998, -9.466416061624974 ], [ 161.478212039910005, -9.462231920653766 ], [ 161.47461204051055, -9.46179709874073 ], [ 161.473344119691006, -9.463325100801372 ], [ 161.467862040176897, -9.459858944512945 ], [ 161.460141120022854, -9.459029064399692 ], [ 161.457417000483304, -9.449728022694863 ], [ 161.458823879897551, -9.444754071772834 ], [ 161.452952999647039, -9.439500919952433 ], [ 161.450904960275153, -9.431368985513418 ], [ 161.447640120511608, -9.431750043702193 ], [ 161.44736795972662, -9.42623602183788 ], [ 161.445992039850324, -9.425862060466235 ], [ 161.445429000084744, -9.423245028516426 ], [ 161.429866920275941, -9.402894076837475 ], [ 161.428529159934612, -9.403043067584138 ], [ 161.424633959759774, -9.399074099749233 ], [ 161.42040899972227, -9.399068062227265 ], [ 161.420796000234844, -9.397322944507311 ], [ 161.417366999641331, -9.394980954750823 ], [ 161.418412079879943, -9.393774080536556 ], [ 161.413530840340258, -9.387871065912663 ], [ 161.409732839675797, -9.387917061594008 ], [ 161.40722796026958, -9.390499020615747 ], [ 161.405029080286766, -9.38905398590863 ], [ 161.408697119882419, -9.387315921754066 ], [ 161.407037880348696, -9.383845983168765 ], [ 161.407622159880873, -9.380792998299658 ], [ 161.399990160363558, -9.373145055782663 ], [ 161.391987000327077, -9.359963042113836 ], [ 161.386250040020741, -9.358191976022846 ], [ 161.386170840053694, -9.360107078588891 ], [ 161.384784119732757, -9.359059039105807 ], [ 161.38474308019903, -9.361335026673711 ], [ 161.383443120066545, -9.360232999491336 ], [ 161.383397040085725, -9.361673004413239 ], [ 161.380253879822391, -9.361184952524122 ], [ 161.379663119843741, -9.362391051213601 ], [ 161.377377839896923, -9.359470014825565 ], [ 161.374006079953318, -9.358948924408681 ], [ 161.372226960244916, -9.355598941558407 ], [ 161.371450080119217, -9.359497010165573 ], [ 161.368176959685371, -9.360854965456491 ], [ 161.365113000287351, -9.359435914224841 ], [ 161.359061040336769, -9.351927989672859 ], [ 161.353153080326223, -9.348528919048396 ], [ 161.352150120294652, -9.342492991682953 ], [ 161.353442159981284, -9.336345949520801 ], [ 161.348540040001126, -9.333420964808939 ], [ 161.347192920112832, -9.327641080580234 ], [ 161.339641919888066, -9.32538902964907 ], [ 161.335702079731817, -9.327225982950754 ], [ 161.331486119915155, -9.33334405641871 ], [ 161.335082879989642, -9.33485788343887 ], [ 161.339852880249424, -9.340691109213481 ], [ 161.341076160189232, -9.344071962558139 ], [ 161.340392880024581, -9.346743940713193 ], [ 161.344522079652819, -9.348677045704406 ], [ 161.34497603968839, -9.360751955675038 ], [ 161.347862160507958, -9.358718039674772 ], [ 161.350734960210133, -9.360968987238348 ], [ 161.352534960359009, -9.359568939737372 ], [ 161.354473920000856, -9.360334055576759 ], [ 161.353401120447529, -9.361492027540461 ], [ 161.355228120360579, -9.363683993092346 ], [ 161.352316080450152, -9.363330921061578 ], [ 161.353355040466738, -9.366314084530893 ], [ 161.350947000346423, -9.366949005122626 ], [ 161.350665119790079, -9.370037986510301 ], [ 161.353662119665131, -9.370106007171174 ], [ 161.356907159661489, -9.372454025824398 ], [ 161.355750840142946, -9.370931128187543 ], [ 161.356664880436114, -9.37015200523885 ], [ 161.358612119849937, -9.373051995233414 ], [ 161.361626040391712, -9.37286995826306 ], [ 161.360582039928062, -9.370407923854112 ], [ 161.365312080429021, -9.372378014745614 ], [ 161.364483000100506, -9.37089099070735 ], [ 161.366834880244141, -9.369834103767792 ], [ 161.362451880497019, -9.369352989225453 ], [ 161.364197159770356, -9.367205104559456 ], [ 161.365218120243611, -9.36926490047137 ], [ 161.367423120448422, -9.36951407155747 ], [ 161.368059960407834, -9.372682948420779 ], [ 161.369642879973355, -9.372933005590255 ], [ 161.367324840264729, -9.378377016907788 ], [ 161.368111079937393, -9.380453973334959 ], [ 161.366226119823892, -9.37775401575418 ], [ 161.365732920478393, -9.381032925817101 ], [ 161.36423891975295, -9.380946971331834 ], [ 161.365173840486591, -9.38232402205513 ], [ 161.36274384015087, -9.381623066218596 ], [ 161.363531160496791, -9.38448904028912 ], [ 161.361446040466632, -9.383619020861474 ], [ 161.361102960384926, -9.38223007634787 ], [ 161.363477880518985, -9.384337910212004 ], [ 161.360028000383323, -9.380185985622251 ], [ 161.358539040104944, -9.383111997383871 ], [ 161.358707159810365, -9.386126069463506 ], [ 161.363599920243587, -9.391426027917907 ], [ 161.365016160103096, -9.397718957966275 ], [ 161.367978960216959, -9.39862410335615 ], [ 161.370159839758088, -9.403035964122473 ], [ 161.368917120275512, -9.403168972693882 ], [ 161.369139959958176, -9.407746989756308 ], [ 161.370420839874015, -9.407182998442781 ], [ 161.371429920127611, -9.400600958684567 ], [ 161.367188040321679, -9.39693296904133 ], [ 161.368593120410424, -9.397067046017339 ], [ 161.367786000297315, -9.39569804409404 ], [ 161.369615159760315, -9.391833945982567 ], [ 161.372846880435986, -9.39612300553666 ], [ 161.373169080077218, -9.400150076696807 ], [ 161.374703039663132, -9.400019020575211 ], [ 161.376123959745257, -9.39731495331365 ], [ 161.374236120531265, -9.396674050585137 ], [ 161.371537920082659, -9.391047944418672 ], [ 161.374232880308028, -9.388887940228695 ], [ 161.374741919646937, -9.386958966679835 ], [ 161.37278208046294, -9.387473088242642 ], [ 161.375556960205898, -9.385117001780607 ], [ 161.377130880448902, -9.388532940485794 ], [ 161.382887999848521, -9.390213992000799 ], [ 161.385467039673017, -9.39417489215395 ], [ 161.390256120149417, -9.396387961979705 ], [ 161.390426040078665, -9.394793956990224 ], [ 161.393934960189767, -9.392191962012847 ], [ 161.392404960377604, -9.394745120958616 ], [ 161.393981040170559, -9.395611027260584 ], [ 161.391737159981943, -9.397355975307857 ], [ 161.397161999744469, -9.399724942740876 ], [ 161.396937000511855, -9.401180943968068 ], [ 161.393964839952758, -9.4007479977024 ], [ 161.393808959793034, -9.402533053288442 ], [ 161.39091888009807, -9.402986951749197 ], [ 161.390197080174005, -9.404607023595057 ], [ 161.385779879767341, -9.399830959551455 ], [ 161.382070080189038, -9.399474017543591 ], [ 161.381554919729837, -9.401486030385085 ], [ 161.379564120109535, -9.40060202470206 ], [ 161.378198999779585, -9.401612113589159 ], [ 161.381203920100546, -9.403010037333434 ], [ 161.376027840009868, -9.403460028841033 ], [ 161.378390879924297, -9.407129014390366 ], [ 161.376847920117569, -9.408328028004037 ], [ 161.378665919809805, -9.408558880165009 ], [ 161.378376119705877, -9.41272005480203 ], [ 161.379933839731024, -9.415118038526703 ], [ 161.379281880227069, -9.419023073613154 ], [ 161.377469999858562, -9.420847988605301 ], [ 161.37859608028802, -9.424141938126205 ], [ 161.386610039870845, -9.423118953306394 ], [ 161.389298879874218, -9.414196954376068 ], [ 161.391093120025488, -9.417248934307716 ], [ 161.39376612003548, -9.418242993412814 ], [ 161.395691039907774, -9.417147007473963 ], [ 161.400611160329589, -9.419465052437012 ], [ 161.397767159717063, -9.422006113371779 ], [ 161.39615507993912, -9.421777932960339 ], [ 161.394566040151574, -9.425249089043437 ], [ 161.397334080121965, -9.428286055905083 ], [ 161.401979159760003, -9.429554957404836 ], [ 161.40707891988248, -9.425797957858451 ], [ 161.407709999844286, -9.426506105291029 ], [ 161.405475840325352, -9.428018993260089 ], [ 161.407716120066311, -9.430555018468583 ], [ 161.405360999699411, -9.431185026173665 ], [ 161.40444696030454, -9.437838040742166 ], [ 161.399906999724465, -9.441858056195011 ], [ 161.39820995998187, -9.441129876086874 ], [ 161.395616880387763, -9.444884045706221 ], [ 161.39191103968497, -9.44485794371124 ], [ 161.39174184020456, -9.453077094746385 ], [ 161.395521119978469, -9.458895900156481 ], [ 161.394425999985287, -9.460777953572688 ], [ 161.392227840451369, -9.459750992213765 ], [ 161.392304879970169, -9.463325100801372 ], [ 161.389546919995524, -9.466799033759767 ], [ 161.391522960295703, -9.471637909583023 ], [ 161.390609999777496, -9.472590975131357 ], [ 161.388046080395839, -9.470204931353699 ], [ 161.38486907969741, -9.475302973261432 ], [ 161.382570120205429, -9.475622020522733 ], [ 161.382809879656435, -9.477371889907579 ], [ 161.380073879897282, -9.477212100916915 ], [ 161.379194040263627, -9.482931075191615 ], [ 161.384253839728984, -9.486278935566492 ], [ 161.386844040222599, -9.493072024229726 ], [ 161.391647160468551, -9.495318012143974 ], [ 161.392111920050496, -9.496950964843853 ], [ 161.390709000410027, -9.499589094909899 ], [ 161.3920449605275, -9.501666031073375 ], [ 161.397686160424541, -9.505044065226411 ], [ 161.400521880366767, -9.504915001695771 ], [ 161.400336120444081, -9.508234952802285 ], [ 161.40236292004937, -9.508342002320218 ], [ 161.40323411968663, -9.510917022587975 ], [ 161.405956079676258, -9.512250060554857 ], [ 161.404020000033171, -9.513282899913921 ], [ 161.403212160369549, -9.517534940315548 ], [ 161.399814120212255, -9.521183892011013 ], [ 161.398488959641128, -9.532188915050588 ], [ 161.4016479598979, -9.540652000918239 ], [ 161.408774879850085, -9.547117041192488 ], [ 161.412414839906603, -9.552609061406551 ], [ 161.413039080095842, -9.560988036598062 ], [ 161.410385879853067, -9.568257991755694 ], [ 161.405888040378301, -9.573134123168472 ], [ 161.408264040287378, -9.579060929406932 ], [ 161.413103880068888, -9.580536047805261 ], [ 161.409723119904442, -9.58204097793141 ], [ 161.408895839799698, -9.585739999369959 ], [ 161.407087920103294, -9.585129976693105 ], [ 161.405385839913635, -9.587395059404868 ], [ 161.408175119650622, -9.590972977816197 ], [ 161.405111160252602, -9.591117095338415 ], [ 161.398852920163336, -9.596870010792706 ], [ 161.401631040129502, -9.603330077773213 ], [ 161.397618839778829, -9.609856040871898 ], [ 161.400786840256444, -9.613285001094264 ], [ 161.401862880032979, -9.616998943781066 ], [ 161.407179000289972, -9.618365996094674 ], [ 161.407432079959989, -9.616689081056638 ], [ 161.40885516049039, -9.6165829531166 ], [ 161.407666080311714, -9.62316509573791 ], [ 161.418303000149962, -9.634609935189184 ], [ 161.421906960221492, -9.64332103415239 ], [ 161.424933839859534, -9.645717043821678 ], [ 161.426208959777739, -9.649119022226136 ], [ 161.429304960285378, -9.650493928852994 ], [ 161.431733160397215, -9.649276955514232 ], [ 161.43393383970556, -9.645481028732524 ], [ 161.431073999997949, -9.652185049354728 ], [ 161.436332880503329, -9.65818411093279 ], [ 161.434775880028695, -9.658803052024902 ], [ 161.434662840524908, -9.660953896805394 ], [ 161.438916959876593, -9.661121051987987 ], [ 161.439049080495295, -9.664959921762136 ], [ 161.441695079842759, -9.670503972818107 ], [ 161.456091839912204, -9.684559053988766 ], [ 161.461815119775025, -9.685919975408467 ], [ 161.463679919896947, -9.685227982285475 ], [ 161.469323999792749, -9.676937965667147 ], [ 161.474667119813887, -9.656346979525605 ], [ 161.470911959805306, -9.64709302974576 ], [ 161.473146839773136, -9.632977998852068 ], [ 161.469276120486398, -9.631511981891064 ], [ 161.468346959750392, -9.629741963872508 ], [ 161.473817880392062, -9.62845996361713 ], [ 161.478701999930564, -9.635162016316656 ], [ 161.48050595985319, -9.635138058737171 ], [ 161.483222880294022, -9.630648979669965 ], [ 161.484523920201525, -9.630722982169946 ], [ 161.483042159920132, -9.635903979248406 ], [ 161.486637119770819, -9.641236977949218 ], [ 161.49051503995284, -9.643658023946138 ], [ 161.497504080187014, -9.652309088421143 ], [ 161.501540040078652, -9.649980025292363 ], [ 161.505091080396767, -9.653018007376378 ], [ 161.500485960517494, -9.657845006339761 ], [ 161.502130080506674, -9.658571126969736 ], [ 161.504213040088587, -9.663094968944449 ], [ 161.505655920386147, -9.663292998304627 ], [ 161.507906999673509, -9.66915807073719 ], [ 161.509454999927272, -9.66908496368452 ], [ 161.512547039762779, -9.672356996150299 ], [ 161.511104160363544, -9.673646104129055 ], [ 161.511828840286398, -9.674752976531042 ], [ 161.514621000022146, -9.676275053197131 ], [ 161.518708080341696, -9.67364202356713 ], [ 161.522267040207367, -9.673041919257411 ], [ 161.524360079785026, -9.674298020044638 ], [ 161.521804079950954, -9.677930024680002 ], [ 161.517950999983157, -9.680204953337133 ], [ 161.519048999975183, -9.683815956306807 ], [ 161.52205212007226, -9.684793977082062 ], [ 161.521570080497526, -9.689917009634343 ], [ 161.52439392022012, -9.695080949540674 ], [ 161.5272580799259, -9.696635048328361 ], [ 161.527205160172514, -9.69822994865266 ], [ 161.531231040068349, -9.70267607595053 ], [ 161.534883960119487, -9.704817059547524 ], [ 161.535380040362071, -9.707076014981695 ], [ 161.540213040371043, -9.707129064949461 ], [ 161.543193840028295, -9.702613977159775 ], [ 161.544020040358021, -9.704922094255437 ], [ 161.547287039671517, -9.705381089744362 ], [ 161.545024080164552, -9.709520006029331 ], [ 161.547783119914129, -9.708712027223273 ], [ 161.551547999694037, -9.718739059845197 ], [ 161.553412080265417, -9.719404016387163 ], [ 161.553572999973852, -9.722084056984423 ], [ 161.564378040415789, -9.728327052469362 ], [ 161.568714960182149, -9.728998023068513 ], [ 161.571588120108771, -9.726769907760257 ], [ 161.57370995967446, -9.715683042747747 ], [ 161.580299040299764, -9.696778942743673 ], [ 161.580385080039349, -9.692994020278672 ], [ 161.578262159800346, -9.691005020496245 ], [ 161.580597839726181, -9.688879031038642 ] ] ], [ [ [ 161.379362159969048, -9.473759045479145 ], [ 161.376638040429498, -9.47028305221866 ], [ 161.371739880223146, -9.469125977542703 ], [ 161.367278039835099, -9.471898901718799 ], [ 161.371818000415175, -9.46729297355326 ], [ 161.370836999700742, -9.465507010678335 ], [ 161.368632000394228, -9.465984084863186 ], [ 161.368423920031717, -9.464153017152331 ], [ 161.370902880347074, -9.464724904564369 ], [ 161.374272840066823, -9.461043038104444 ], [ 161.372216159800246, -9.454273107582985 ], [ 161.368738919675963, -9.450392087303856 ], [ 161.366691960079095, -9.454805062415526 ], [ 161.367797160068079, -9.458757053486362 ], [ 161.366603040340664, -9.45970198800384 ], [ 161.366345999998572, -9.457167953303383 ], [ 161.365375080178239, -9.461318065395059 ], [ 161.36403516028696, -9.461046943763062 ], [ 161.363667960439841, -9.462922060527697 ], [ 161.362658159737407, -9.46154302269218 ], [ 161.360816040279786, -9.462832930115393 ], [ 161.362715040162868, -9.466568042730639 ], [ 161.360836919821935, -9.473362943008008 ], [ 161.363995920078708, -9.474472953452695 ], [ 161.363355839896059, -9.47796293005625 ], [ 161.364701880009363, -9.48017794774827 ], [ 161.370902880347074, -9.483556016350313 ], [ 161.373129839868994, -9.482983982341739 ], [ 161.374790160076003, -9.477416986094205 ], [ 161.379362159969048, -9.473759045479145 ] ] ], [ [ [ 161.394312960481528, -9.4314799652996 ], [ 161.392650840050692, -9.430395029946661 ], [ 161.392115879824246, -9.425580967444434 ], [ 161.389314000317114, -9.427800050794554 ], [ 161.386489079921205, -9.425417070518286 ], [ 161.385132959812125, -9.428820003952707 ], [ 161.381674080353918, -9.430540990196475 ], [ 161.381035079946287, -9.428650071586555 ], [ 161.379178919820788, -9.432426039770876 ], [ 161.378183159786204, -9.430795976943108 ], [ 161.377002000053437, -9.433083034434276 ], [ 161.376013079791448, -9.432480019817573 ], [ 161.379507960132912, -9.434686984427834 ], [ 161.380320119794789, -9.437868049200919 ], [ 161.37777312018153, -9.434802046595665 ], [ 161.377296839706048, -9.439036060596084 ], [ 161.38103183972305, -9.439541048476389 ], [ 161.381350080488829, -9.437430887696159 ], [ 161.38309896020985, -9.44115100569806 ], [ 161.383168080181065, -9.44332400022919 ], [ 161.379975959938065, -9.446531086990737 ], [ 161.381221919643878, -9.448278973753986 ], [ 161.38647792015044, -9.443192073213543 ], [ 161.386017839892816, -9.437553051678904 ], [ 161.382566160431651, -9.436633093194404 ], [ 161.386283160006968, -9.436877954194893 ], [ 161.387534879710358, -9.438707036219851 ], [ 161.388952919793695, -9.435722010029997 ], [ 161.393788080250914, -9.434495036558427 ], [ 161.394312960481528, -9.4314799652996 ] ] ], [ [ [ 161.554944960076341, -9.55987102959776 ], [ 161.545442040215136, -9.535192095745154 ], [ 161.54400887968896, -9.536992961741538 ], [ 161.548320960139336, -9.548362960087532 ], [ 161.546931000493487, -9.554840989814259 ], [ 161.548899839898326, -9.554544915264971 ], [ 161.551959119972054, -9.558059989341711 ], [ 161.550757079798785, -9.559407043725884 ], [ 161.552229839859308, -9.56114494691699 ], [ 161.554447080508197, -9.5617940617266 ], [ 161.554944960076341, -9.55987102959776 ] ] ], [ [ [ 161.383242960149886, -9.467269004898194 ], [ 161.382116160169886, -9.466865081878156 ], [ 161.383015080020186, -9.464714962590177 ], [ 161.381131920130514, -9.460758955056596 ], [ 161.381360160484633, -9.458544878133365 ], [ 161.380496159946063, -9.457928059026473 ], [ 161.377404839661125, -9.460122963931237 ], [ 161.376851160340806, -9.463711982945323 ], [ 161.373377879990272, -9.465764989362896 ], [ 161.374010039727068, -9.46759409513516 ], [ 161.380971000422079, -9.471199014918117 ], [ 161.383242960149886, -9.467269004898194 ] ] ], [ [ [ 161.387390879770351, -9.49562905165876 ], [ 161.384410080113099, -9.490015922998715 ], [ 161.384328000147264, -9.487334933258673 ], [ 161.379266040233659, -9.484468925163871 ], [ 161.378130960481684, -9.493620074395714 ], [ 161.386350839978775, -9.497548007465811 ], [ 161.387390879770351, -9.49562905165876 ] ] ], [ [ [ 161.382858840534396, -9.441412021267322 ], [ 161.381744999650692, -9.440491007325218 ], [ 161.380029960364737, -9.441974891823238 ], [ 161.377441920319399, -9.43998104906003 ], [ 161.376423120294447, -9.438374993112468 ], [ 161.377172999757647, -9.436094008046242 ], [ 161.3712981597333, -9.435465961956517 ], [ 161.378714160238843, -9.445550959739165 ], [ 161.381787840306572, -9.443846916215698 ], [ 161.382858840534396, -9.441412021267322 ] ] ], [ [ [ 161.360127000117501, -9.416302108537327 ], [ 161.359265880476045, -9.411459969966261 ], [ 161.356979160529818, -9.410124054411867 ], [ 161.355642840187926, -9.412268121946168 ], [ 161.357383079912495, -9.420159895264367 ], [ 161.360127000117501, -9.416302108537327 ] ] ], [ [ [ 161.391390839676944, -9.451774898697749 ], [ 161.38775699984248, -9.45143807421969 ], [ 161.385740999783536, -9.449136934253744 ], [ 161.385104880272962, -9.450285020362475 ], [ 161.385789959763144, -9.453027911187817 ], [ 161.388329039828875, -9.45432708416172 ], [ 161.391390839676944, -9.451774898697749 ] ] ], [ [ [ 161.391679920230359, -9.496526127645529 ], [ 161.390765879937192, -9.495063961235024 ], [ 161.3867320804938, -9.493903952419233 ], [ 161.387533080384884, -9.495326001034176 ], [ 161.387524080164013, -9.498196001635135 ], [ 161.389406160278753, -9.498823045123824 ], [ 161.391679920230359, -9.496526127645529 ] ] ], [ [ [ 161.386176960275776, -9.462731016047407 ], [ 161.382342960524596, -9.459959083651883 ], [ 161.381858040052776, -9.462101065914016 ], [ 161.383845959674233, -9.465035972174865 ], [ 161.386176960275776, -9.462731016047407 ] ] ], [ [ [ 161.335955160300188, -9.320633014727395 ], [ 161.335594079776797, -9.319377035875027 ], [ 161.330846039732478, -9.318805973381345 ], [ 161.332211880511267, -9.322093076860799 ], [ 161.335955160300188, -9.320633014727395 ] ] ], [ [ [ 161.352362879981513, -9.391096958504182 ], [ 161.348835960327079, -9.385093914988026 ], [ 161.348020919768118, -9.387077063808958 ], [ 161.352362879981513, -9.391096958504182 ] ] ], [ [ [ 161.39179007973533, -9.460110891051629 ], [ 161.390499840272525, -9.458255999849873 ], [ 161.388731159886021, -9.459020897163144 ], [ 161.390522159814054, -9.462897914075374 ], [ 161.39179007973533, -9.460110891051629 ] ] ], [ [ [ 161.378277840420537, -9.480000050932329 ], [ 161.377536960279855, -9.478579003695957 ], [ 161.375762880120192, -9.482803068981916 ], [ 161.378277840420537, -9.480000050932329 ] ] ], [ [ [ 161.345525039684389, -9.399979951634206 ], [ 161.343453960322108, -9.396588987645135 ], [ 161.340532920190867, -9.3954600796216 ], [ 161.342745120392664, -9.39890805893603 ], [ 161.345525039684389, -9.399979951634206 ] ] ], [ [ [ 161.341629119959009, -9.382588990079771 ], [ 161.340795000081727, -9.381159904217515 ], [ 161.339412959983434, -9.382479060472631 ], [ 161.340473159766589, -9.384586005157274 ], [ 161.341629119959009, -9.382588990079771 ] ] ], [ [ [ 161.539776000103871, -9.520752872484687 ], [ 161.536282919986149, -9.515101988452363 ], [ 161.538346079800874, -9.521413071163304 ], [ 161.539776000103871, -9.520752872484687 ] ] ], [ [ [ 161.346105000116637, -9.403838986204436 ], [ 161.344978919687179, -9.401413043604377 ], [ 161.343065880034544, -9.401933004272818 ], [ 161.343812880397252, -9.404093992918385 ], [ 161.344766880449214, -9.402279111421247 ], [ 161.345040839661408, -9.404274947267036 ], [ 161.346105000116637, -9.403838986204436 ] ] ], [ [ [ 161.349451919846047, -9.383532001846998 ], [ 161.347574880178371, -9.381653967274334 ], [ 161.346652920337704, -9.38380691327194 ], [ 161.349451919846047, -9.383532001846998 ] ] ], [ [ [ 161.387885880237974, -9.446477996658626 ], [ 161.385936839701969, -9.446250011040638 ], [ 161.386394039960805, -9.448796022973511 ], [ 161.387332920468225, -9.449084021824319 ], [ 161.387885880237974, -9.446477996658626 ] ] ], [ [ [ 161.37289008041796, -9.41386506578465 ], [ 161.37109692004168, -9.411500990261313 ], [ 161.371289160410782, -9.413339973592683 ], [ 161.372548080111216, -9.414701979971607 ], [ 161.37289008041796, -9.41386506578465 ] ] ], [ [ [ 161.370054000251315, -9.393685998066333 ], [ 161.369349120095649, -9.392674998127003 ], [ 161.368975080475991, -9.395649030668139 ], [ 161.370054000251315, -9.393685998066333 ] ] ], [ [ [ 161.544624840106195, -9.545250018260875 ], [ 161.543612160303269, -9.544085919774341 ], [ 161.542734119995117, -9.546224002672515 ], [ 161.544624840106195, -9.545250018260875 ] ] ], [ [ [ 161.384564880497805, -9.428104048364476 ], [ 161.384190839979794, -9.426788973514261 ], [ 161.38298015981016, -9.427824910658778 ], [ 161.384564880497805, -9.428104048364476 ] ] ], [ [ [ 161.389746000137251, -9.442012001674577 ], [ 161.389060919748744, -9.441103952195499 ], [ 161.388362880263941, -9.442099895054781 ], [ 161.389746000137251, -9.442012001674577 ] ] ], [ [ [ 161.37132587994634, -9.396449938943791 ], [ 161.369861040331642, -9.395397037336384 ], [ 161.369532000019518, -9.396292954104315 ], [ 161.37132587994634, -9.396449938943791 ] ] ], [ [ [ 161.367603120373474, -9.372238068528558 ], [ 161.366597999893628, -9.370860976362255 ], [ 161.366442119733961, -9.372267904325303 ], [ 161.367603120373474, -9.372238068528558 ] ] ] ] } },
{ "type": "Feature", "properties": { "shapeName": "Malaita Outer Island", "shapeISO": "", "shapeID": "97153195B283418478941", "shapeGroup": "SLB", "shapeType": "ADM2" }, "geometry": { "type": "MultiPolygon", "coordinates": [ [ [ [ 159.704714879681035, -5.477730462536105 ], [ 159.697859400065028, -5.465067102486124 ], [ 159.696842040039428, -5.457923618672996 ], [ 159.692848559680954, -5.454140854362622 ], [ 159.696308160486325, -5.463494959001308 ], [ 159.69799583978363, -5.475346673357137 ], [ 159.696432000434783, -5.483359134518763 ], [ 159.6906615599178, -5.496108467961314 ], [ 159.69257676001871, -5.497224532291262 ], [ 159.697299240298264, -5.489357389257202 ], [ 159.701385960393367, -5.486249958186312 ], [ 159.704714879681035, -5.477730462536105 ] ] ], [ [ [ 162.950534999995824, -8.406586957017209 ], [ 162.94868999964109, -8.405557021591335 ], [ 162.937866959655793, -8.408033918326586 ], [ 162.936489960004565, -8.411481959665496 ], [ 162.933577920094109, -8.413639018140776 ], [ 162.939822839964336, -8.417080065832346 ], [ 162.950534999995824, -8.406586957017209 ] ] ], [ [ [ 159.389239319653399, -5.469105846529234 ], [ 159.385392359907655, -5.468781708616901 ], [ 159.379156440258242, -5.457081453597962 ], [ 159.370903800101075, -5.447568668434678 ], [ 159.369018479763099, -5.443337510268748 ], [ 159.36610176052838, -5.442670750269953 ], [ 159.384521520494815, -5.470421209591583 ], [ 159.387359039762543, -5.471942447608529 ], [ 159.389239319653399, -5.469105846529234 ] ] ], [ [ [ 159.495747119999152, -5.489421175978795 ], [ 159.486773040142367, -5.484016173550088 ], [ 159.464167560346567, -5.476693021324072 ], [ 159.495747119999152, -5.489421175978795 ] ] ], [ [ [ 159.407615160087346, -5.09470503950453 ], [ 159.402548880175488, -5.092125963759868 ], [ 159.398777159724659, -5.098663904612873 ], [ 159.40337904027902, -5.097381995956668 ], [ 159.406770960214232, -5.098993972932823 ], [ 159.407615160087346, -5.09470503950453 ] ] ], [ [ [ 159.610875119675342, -5.52903229241011 ], [ 159.594448680001818, -5.527621743657456 ], [ 159.586452000411811, -5.525368944177216 ], [ 159.575217119699658, -5.525635360049035 ], [ 159.605566919864231, -5.529875610076902 ], [ 159.610875119675342, -5.52903229241011 ] ] ], [ [ [ 159.686797320179267, -5.391238056984299 ], [ 159.678426600071191, -5.397767489515832 ], [ 159.683914799807354, -5.406229161097849 ], [ 159.684802920111338, -5.405246251801347 ], [ 159.682907880002034, -5.397113223405193 ], [ 159.686797320179267, -5.391238056984299 ] ] ], [ [ [ 159.688412279955969, -5.413033858030147 ], [ 159.686845200383885, -5.408930405188875 ], [ 159.684500880461655, -5.407495382377721 ], [ 159.686438760328514, -5.412295744488068 ], [ 159.686331840148455, -5.425833964463086 ], [ 159.687680400036129, -5.42438661717896 ], [ 159.688412279955969, -5.413033858030147 ] ] ], [ [ [ 159.517069560329105, -5.509853347323115 ], [ 159.51180059982795, -5.507679314520698 ], [ 159.507425160302205, -5.498741581074946 ], [ 159.506242200345582, -5.500018356904502 ], [ 159.506823960103361, -5.502491274095449 ], [ 159.511182840085155, -5.509150648952335 ], [ 159.51467304020403, -5.511641265661988 ], [ 159.516562320315728, -5.51162263201432 ], [ 159.517069560329105, -5.509853347323115 ] ] ], [ [ [ 159.647646960534729, -5.535644427958544 ], [ 159.646286520427424, -5.533407246444832 ], [ 159.643152719711026, -5.534432764585351 ], [ 159.635469959990246, -5.53221940590246 ], [ 159.645270600401261, -5.537298257074237 ], [ 159.647646960534729, -5.535644427958544 ] ] ], [ [ [ 159.549872039697078, -5.520962577036484 ], [ 159.53637203992804, -5.516803604858786 ], [ 159.53538491988985, -5.517524031887255 ], [ 159.542488080301098, -5.520894673001591 ], [ 159.549872039697078, -5.520962577036484 ] ] ], [ [ [ 159.690541320417026, -5.438590435425787 ], [ 159.689914200228969, -5.433936681401383 ], [ 159.688153800512794, -5.433092511616385 ], [ 159.688294920454013, -5.448326450532403 ], [ 159.690051360396438, -5.445153043330222 ], [ 159.690541320417026, -5.438590435425787 ] ] ], [ [ [ 159.285088079673983, -5.471495394254789 ], [ 159.281181000177838, -5.467839217352817 ], [ 159.280120800394684, -5.468819156864845 ], [ 159.279704639669632, -5.47111965309328 ], [ 159.281138519746349, -5.472312812294275 ], [ 159.285088079673983, -5.471495394254789 ] ] ], [ [ [ 159.531111720321604, -5.515314194390001 ], [ 159.518639159675615, -5.511758978705891 ], [ 159.525181439871204, -5.51518752309391 ], [ 159.531111720321604, -5.515314194390001 ] ] ], [ [ [ 159.561458640487388, -5.524338393792481 ], [ 159.557877720406282, -5.523557954630492 ], [ 159.557111639826928, -5.521542533826565 ], [ 159.553232279645499, -5.520588300490852 ], [ 159.552485280181116, -5.521968408061573 ], [ 159.556735799983443, -5.52434896472169 ], [ 159.56104967975935, -5.525271300062335 ], [ 159.561458640487388, -5.524338393792481 ] ] ], [ [ [ 159.686382959678042, -5.508087103359281 ], [ 159.682356000007189, -5.50633948699132 ], [ 159.679495439850768, -5.509448605773477 ], [ 159.683934600472838, -5.508010956165518 ], [ 159.685070040449261, -5.509732766964475 ], [ 159.686382959678042, -5.508087103359281 ] ] ], [ [ [ 159.673652279813211, -5.52086331917336 ], [ 159.672330000139226, -5.518518223943039 ], [ 159.668881560002944, -5.523585725859157 ], [ 159.672273119713736, -5.523463177077932 ], [ 159.673652279813211, -5.52086331917336 ] ] ], [ [ [ 159.194885040399868, -5.393247465411721 ], [ 159.19021799964807, -5.385039188726123 ], [ 159.190016759956421, -5.388304663863458 ], [ 159.193448639650455, -5.393305706632902 ], [ 159.194885040399868, -5.393247465411721 ] ] ], [ [ [ 159.624129960220216, -5.528657662788558 ], [ 159.621153839887285, -5.524298261344407 ], [ 159.622449840245991, -5.529624244994974 ], [ 159.624119880224413, -5.529783341240904 ], [ 159.624129960220216, -5.528657662788558 ] ] ], [ [ [ 159.45407711983168, -5.476563296372482 ], [ 159.447300840182663, -5.471034722414786 ], [ 159.44717051978779, -5.47324848736896 ], [ 159.449186880071153, -5.475473532377441 ], [ 159.45407711983168, -5.476563296372482 ] ] ], [ [ [ 159.365704319795526, -5.439452875031152 ], [ 159.360611759670064, -5.435110561942038 ], [ 159.360581160356531, -5.438396552504623 ], [ 159.364840680379672, -5.440300082196597 ], [ 159.365704319795526, -5.439452875031152 ] ] ], [ [ [ 159.44432256029981, -5.459697357903965 ], [ 159.44156927964957, -5.459734806727411 ], [ 159.43851000047411, -5.457167103753355 ], [ 159.439963680318044, -5.460710460269238 ], [ 159.44432256029981, -5.459697357903965 ] ] ], [ [ [ 159.690944520249161, -5.499498043551146 ], [ 159.689127240107467, -5.498121646615814 ], [ 159.687653400271955, -5.501297280413097 ], [ 159.689297520261164, -5.502230760763657 ], [ 159.690944520249161, -5.499498043551146 ] ] ], [ [ [ 159.687972000363914, -5.505263573743284 ], [ 159.685538759804956, -5.503494270766791 ], [ 159.683717159665065, -5.505937251710704 ], [ 159.685697159738993, -5.505594679369263 ], [ 159.687096840054551, -5.507444782409348 ], [ 159.687972000363914, -5.505263573743284 ] ] ], [ [ [ 159.502499279882784, -5.492374322314332 ], [ 159.499954800043866, -5.49015346119788 ], [ 159.499606320188974, -5.493175945065577 ], [ 159.501753720417781, -5.493745177821976 ], [ 159.502499279882784, -5.492374322314332 ] ] ], [ [ [ 159.643875600308348, -5.366279302632135 ], [ 159.643787400120516, -5.362918726333371 ], [ 159.642090360377892, -5.362201340386955 ], [ 159.641602559907284, -5.364250629086919 ], [ 159.643222560131079, -5.367039156923688 ], [ 159.643875600308348, -5.366279302632135 ] ] ], [ [ [ 159.21081395983137, -5.40983553617884 ], [ 159.206284080145366, -5.404868678041251 ], [ 159.205441680496108, -5.405418462823395 ], [ 159.21081395983137, -5.40983553617884 ] ] ], [ [ [ 159.700497119640517, -5.382160424275461 ], [ 159.699001320487895, -5.381913298242969 ], [ 159.693058800491741, -5.387113131400168 ], [ 159.700497119640517, -5.382160424275461 ] ] ], [ [ [ 159.436590480375003, -5.456374930265164 ], [ 159.432674040433625, -5.4512061541042 ], [ 159.431625000421263, -5.451529585068206 ], [ 159.433795439742141, -5.454971376583378 ], [ 159.436590480375003, -5.456374930265164 ] ] ], [ [ [ 159.635387880024439, -5.376446042265032 ], [ 159.634574639689305, -5.375439071162242 ], [ 159.633745200034667, -5.376251421603369 ], [ 159.634013400147552, -5.379135949515007 ], [ 159.635387880024439, -5.376446042265032 ] ] ], [ [ [ 159.262025040293338, -5.444350282316534 ], [ 159.259020480196796, -5.442548185554531 ], [ 159.25972644012748, -5.444265346896191 ], [ 159.262016400296915, -5.445268440744292 ], [ 159.262025040293338, -5.444350282316534 ] ] ], [ [ [ 159.615699479687862, -5.528139524331227 ], [ 159.612963840153157, -5.527141945320244 ], [ 159.614186759868545, -5.528792393419927 ], [ 159.615699479687862, -5.528139524331227 ] ] ], [ [ [ 159.257646000319966, -5.442004168669614 ], [ 159.255566640287384, -5.439616654394928 ], [ 159.255615600267021, -5.441390626659834 ], [ 159.257646000319966, -5.442004168669614 ] ] ], [ [ [ 159.688724400499808, -5.430737395958836 ], [ 159.687792359764956, -5.429504195093256 ], [ 159.687885600399881, -5.432306398897257 ], [ 159.688724400499808, -5.430737395958836 ] ] ], [ [ [ 159.248276640178517, -5.42098604469365 ], [ 159.247226160166747, -5.419913741050011 ], [ 159.247090800223106, -5.422378924983639 ], [ 159.248276640178517, -5.42098604469365 ] ] ], [ [ [ 159.573926159788016, -5.369497208109563 ], [ 159.572958840415311, -5.368686998577537 ], [ 159.573564359714055, -5.37150238746626 ], [ 159.573926159788016, -5.369497208109563 ] ] ], [ [ [ 159.574248719653667, -5.358980528263744 ], [ 159.572878919999425, -5.358283926157234 ], [ 159.572626920104369, -5.360866565452089 ], [ 159.574248719653667, -5.358980528263744 ] ] ], [ [ [ 159.235898039718023, -5.413594745675085 ], [ 159.235688520254399, -5.412143605484581 ], [ 159.234789600404071, -5.41274714218665 ], [ 159.235898039718023, -5.413594745675085 ] ] ] ] } },
{ "type": "Feature", "properties": { "shapeName": "West Makira", "shapeISO": "", "shapeID": "97153195B7459502303210", "shapeGroup": "SLB", "shapeType": "ADM2" }, "geometry": { "type": "MultiPolygon", "coordinates": [ [ [ [ 161.71028388030291, -10.551322070891247 ], [ 161.523227160481326, -10.339321025393591 ], [ 161.589773160172967, -10.317828964801194 ], [ 161.587272960091013, -10.315347048968677 ], [ 161.587847160525683, -10.31138001540697 ], [ 161.585843039788045, -10.307630051018196 ], [ 161.584496999674798, -10.298955994303718 ], [ 161.580079079717564, -10.303244085086209 ], [ 161.575829999914646, -10.302412965673325 ], [ 161.572485960184082, -10.29718605337168 ], [ 161.563183919790106, -10.295867888456273 ], [ 161.560936079827655, -10.291031914406915 ], [ 161.558568000364488, -10.290573036283053 ], [ 161.554542840019195, -10.280670963273579 ], [ 161.552046959935467, -10.28093308646368 ], [ 161.550110880292436, -10.278420948063017 ], [ 161.543309039980358, -10.277832937377223 ], [ 161.54093088052133, -10.275939075708189 ], [ 161.540061840433992, -10.272932040101489 ], [ 161.532270000084964, -10.267432055834696 ], [ 161.529114960500266, -10.267749982172603 ], [ 161.523555120120193, -10.265560095164052 ], [ 161.518640040145414, -10.259819096635766 ], [ 161.508907079706262, -10.260002949168232 ], [ 161.503392959980886, -10.258308952907859 ], [ 161.500376879889188, -10.256038054716488 ], [ 161.497695960331697, -10.250501997230639 ], [ 161.492978879825301, -10.247534042171223 ], [ 161.485458120486271, -10.245666037437188 ], [ 161.480411999667723, -10.247569999827686 ], [ 161.474712840468584, -10.244916955556876 ], [ 161.468700840276796, -10.240861002626101 ], [ 161.466698160436891, -10.233689006235547 ], [ 161.454251160453964, -10.226727999451356 ], [ 161.453393999687961, -10.225021956486156 ], [ 161.440790039770434, -10.220270992510331 ], [ 161.434209960264297, -10.219811126015552 ], [ 161.432012880505368, -10.215959103113864 ], [ 161.428656959656848, -10.216085053444964 ], [ 161.427147840285159, -10.213017043050739 ], [ 161.424564839788559, -10.211660972171639 ], [ 161.399441879918101, -10.204036045575867 ], [ 161.381575079721387, -10.195569084973314 ], [ 161.376553080464902, -10.196027922639097 ], [ 161.370902880347074, -10.193311024901799 ], [ 161.360741879861507, -10.192836947125873 ], [ 161.337318120181862, -10.188657025981248 ], [ 161.33313492012698, -10.192501053130371 ], [ 161.329145040216162, -10.201907014590576 ], [ 161.319467159978615, -10.211212962875663 ], [ 161.297619840316344, -10.207354989812162 ], [ 161.286018840430387, -10.206734959775325 ], [ 161.280461160498561, -10.209162988863465 ], [ 161.276731920479222, -10.216206930021119 ], [ 161.276195160028976, -10.223078002707551 ], [ 161.27763695965325, -10.228736941770615 ], [ 161.273904120084552, -10.241593089787974 ], [ 161.273822040118716, -10.249606972561644 ], [ 161.275350960155862, -10.253667950350739 ], [ 161.280402120523149, -10.25910600409677 ], [ 161.28016307972436, -10.262388947363135 ], [ 161.274129839766005, -10.267500954937953 ], [ 161.270089920100588, -10.277680975740664 ], [ 161.270160840295631, -10.278973003602584 ], [ 161.272829160082949, -10.279969960834222 ], [ 161.271659879671489, -10.283087976049208 ], [ 161.272832040081767, -10.285178030141036 ], [ 161.271326160034988, -10.287895026663906 ], [ 161.273382840301593, -10.290003999497038 ], [ 161.272209960340746, -10.292094007204344 ], [ 161.269503840344584, -10.292731048523947 ], [ 161.269665839827979, -10.301741054936903 ], [ 161.266821119664968, -10.30600396046724 ], [ 161.267790959710311, -10.31126897804341 ], [ 161.27402688025802, -10.317732096785878 ], [ 161.27299583978899, -10.320445979417322 ], [ 161.269089840067807, -10.323342945416739 ], [ 161.273081159978034, -10.33863502751255 ], [ 161.279033040419449, -10.336041007780706 ], [ 161.282887919712749, -10.337628871473944 ], [ 161.285129999677537, -10.336742948571654 ], [ 161.290614960088789, -10.337970986223501 ], [ 161.300629079737149, -10.34327601943326 ], [ 161.313118920375928, -10.346778010818033 ], [ 161.314326000097964, -10.3501949692605 ], [ 161.318962080413485, -10.347746952932207 ], [ 161.324282160444199, -10.349325017914483 ], [ 161.328030840006306, -10.347896047364788 ], [ 161.341785000118705, -10.34760989916682 ], [ 161.345208960265126, -10.349093939568224 ], [ 161.349365880106461, -10.3443469671949 ], [ 161.352321119998891, -10.334703881519191 ], [ 161.360174880322177, -10.334151923106541 ], [ 161.366680079859435, -10.336978994196041 ], [ 161.371149120244525, -10.336748968707324 ], [ 161.374443120220519, -10.339016098298485 ], [ 161.37531287985837, -10.33583896090021 ], [ 161.378465040342576, -10.333075982888024 ], [ 161.380653840329558, -10.334806941423718 ], [ 161.38159200038811, -10.338102909190697 ], [ 161.387344080238989, -10.337870051488618 ], [ 161.389847879870217, -10.338936059889715 ], [ 161.391953159891983, -10.342363019881759 ], [ 161.394563879703327, -10.340334082828136 ], [ 161.398587960273659, -10.342455984270678 ], [ 161.397304919909544, -10.351513969142665 ], [ 161.395584119727687, -10.352397017791226 ], [ 161.396331120090395, -10.354437032202371 ], [ 161.409264120320103, -10.353850048565453 ], [ 161.414997119954336, -10.350366019746234 ], [ 161.416739159902761, -10.352687943272006 ], [ 161.414394839980531, -10.355172042766041 ], [ 161.414106840100402, -10.357984936523877 ], [ 161.416879920517886, -10.358728969114376 ], [ 161.41911515981181, -10.357110934314568 ], [ 161.419051080287659, -10.354411002471524 ], [ 161.420649120296019, -10.354077051459626 ], [ 161.417255039912533, -10.349660037849031 ], [ 161.420693039828592, -10.347694008211896 ], [ 161.422680960348373, -10.353603037292705 ], [ 161.423350920294013, -10.34999895148546 ], [ 161.424843119897304, -10.350052072814622 ], [ 161.424430919844355, -10.348132970404738 ], [ 161.428159080088705, -10.345095990493618 ], [ 161.430735960363279, -10.349575928448315 ], [ 161.430000119771336, -10.354749026796318 ], [ 161.441079839874334, -10.352091925673346 ], [ 161.445904920335749, -10.355439946770176 ], [ 161.451213839697402, -10.362974103680111 ], [ 161.469079920343518, -10.365888029133732 ], [ 161.473970879654615, -10.368858055874844 ], [ 161.477795160532708, -10.36843098601614 ], [ 161.479946879861387, -10.371416038759198 ], [ 161.489688120072543, -10.376225987758163 ], [ 161.491789080096112, -10.375951019570778 ], [ 161.491542840198633, -10.378576048333091 ], [ 161.494292879727396, -10.380483986968487 ], [ 161.493991919852675, -10.385887980288121 ], [ 161.487556920061593, -10.388996092625552 ], [ 161.484666119917705, -10.393560030797371 ], [ 161.484891120048616, -10.396298043079589 ], [ 161.480999160097014, -10.397987932743836 ], [ 161.480769839967934, -10.401786919962353 ], [ 161.478461159806272, -10.401951037262227 ], [ 161.483168160316836, -10.40611095973183 ], [ 161.483426999984488, -10.409996065151867 ], [ 161.480022840503523, -10.411439092534032 ], [ 161.484182999669713, -10.414797985247027 ], [ 161.484254999639717, -10.419068912469706 ], [ 161.475687000512153, -10.425448019917031 ], [ 161.470995120444456, -10.425260900597465 ], [ 161.468996040153883, -10.426872918795123 ], [ 161.475396119734967, -10.428009079494442 ], [ 161.478762119680965, -10.430737052763316 ], [ 161.486868959674268, -10.430013018421798 ], [ 161.488536840102711, -10.428831014416712 ], [ 161.486003159810167, -10.420984039080963 ], [ 161.48830788019805, -10.420044003693167 ], [ 161.494683120463208, -10.42505200709722 ], [ 161.495723160254755, -10.427889940382311 ], [ 161.502267960224742, -10.428512012877258 ], [ 161.503962119968492, -10.430372026650842 ], [ 161.502675840279466, -10.432363027069554 ], [ 161.503499159712078, -10.434583968226306 ], [ 161.496738000505957, -10.43993604208103 ], [ 161.491542840198633, -10.43885798796066 ], [ 161.493078960232793, -10.437005990234571 ], [ 161.4900891603547, -10.433406938327135 ], [ 161.484720839894948, -10.439045098109515 ], [ 161.486669880430895, -10.442370945436348 ], [ 161.483600879687486, -10.445912008971867 ], [ 161.490647880122111, -10.445808985290371 ], [ 161.491020120416238, -10.450716030002203 ], [ 161.493842880363871, -10.452579981618426 ], [ 161.495231039785921, -10.456928983711748 ], [ 161.487195840436499, -10.460153035540923 ], [ 161.483532840389557, -10.45855995406427 ], [ 161.481021120312448, -10.459092044081352 ], [ 161.480154960223928, -10.461853907070948 ], [ 161.484374160263854, -10.464753987206784 ], [ 161.478474119800865, -10.468056017058938 ], [ 161.480630160026067, -10.469832071902312 ], [ 161.481079080512899, -10.472761990483592 ], [ 161.489496960376698, -10.476529089937257 ], [ 161.493006960262761, -10.472334000613557 ], [ 161.497010160392648, -10.470246966835409 ], [ 161.500658039996722, -10.474639085794669 ], [ 161.5040110799481, -10.475398062179876 ], [ 161.504096039912753, -10.472474009389618 ], [ 161.50245911992053, -10.471490055862397 ], [ 161.499762000145182, -10.46507702327597 ], [ 161.504475840428341, -10.466447045335482 ], [ 161.504602919701682, -10.467820955617746 ], [ 161.508907079706262, -10.468410025694896 ], [ 161.508846959955861, -10.465836023372569 ], [ 161.513559000015164, -10.464353068204447 ], [ 161.517522959936798, -10.459186035793362 ], [ 161.520676919746535, -10.459401987221879 ], [ 161.522000999644405, -10.462170042931271 ], [ 161.521185959983711, -10.464787972441435 ], [ 161.515193040008569, -10.469046884738576 ], [ 161.513813160358524, -10.474268977376289 ], [ 161.516198880038928, -10.481491048297945 ], [ 161.520981840293302, -10.482111951352197 ], [ 161.522705879800071, -10.486889040086831 ], [ 161.516109960300525, -10.486221066136356 ], [ 161.518113000364878, -10.487326036262186 ], [ 161.519123160393434, -10.490163046183083 ], [ 161.517863160019743, -10.49306604781826 ], [ 161.513771040151454, -10.496333970689959 ], [ 161.517332160465372, -10.496662106700985 ], [ 161.520468840282319, -10.491278975638952 ], [ 161.526273839886557, -10.495784953229926 ], [ 161.52491016045434, -10.502044965928819 ], [ 161.520617160220553, -10.503442965055854 ], [ 161.522178120468965, -10.504217977073424 ], [ 161.521829999940138, -10.507617987284897 ], [ 161.519663160168591, -10.507557990942184 ], [ 161.51896799978428, -10.511008049952608 ], [ 161.515656000264954, -10.513193032373213 ], [ 161.517103920111282, -10.514283040104896 ], [ 161.518452119774508, -10.520166961139964 ], [ 161.520051960006725, -10.517882037620291 ], [ 161.521814880395596, -10.517865047512437 ], [ 161.525215080102782, -10.51961798658578 ], [ 161.526211919912356, -10.522392051889362 ], [ 161.524829160263494, -10.521960944659977 ], [ 161.525702879675094, -10.523396902595911 ], [ 161.523927000189957, -10.522790948765449 ], [ 161.520163919735523, -10.527246029766628 ], [ 161.522709840472174, -10.531301099860777 ], [ 161.522079840285272, -10.538201002646723 ], [ 161.520427080299669, -10.539591051619491 ], [ 161.517056039906606, -10.538840903666269 ], [ 161.514851039701796, -10.543140912698235 ], [ 161.513782920371114, -10.542885026118272 ], [ 161.514235080182829, -10.545770897764454 ], [ 161.512328880302761, -10.547537126722878 ], [ 161.514016919824513, -10.550282095872733 ], [ 161.512652159718982, -10.551559015497316 ], [ 161.519352839848665, -10.557139989440438 ], [ 161.515078919831495, -10.563359119085964 ], [ 161.511468840436265, -10.563977911339286 ], [ 161.513024039788746, -10.567344881414039 ], [ 161.512023959755965, -10.569147967984632 ], [ 161.515374119708582, -10.569780903837573 ], [ 161.522142840034491, -10.575490007199091 ], [ 161.524212120071212, -10.571206021484548 ], [ 161.529878879733019, -10.568739929937452 ], [ 161.532039960405314, -10.570785954236076 ], [ 161.530857000448691, -10.577942066542466 ], [ 161.534266919927234, -10.579116953189434 ], [ 161.541615960011512, -10.569618998263962 ], [ 161.538890040248162, -10.567836970873334 ], [ 161.537384879751954, -10.562196028567358 ], [ 161.539067160174426, -10.562150906280273 ], [ 161.541073080237538, -10.566732996930611 ], [ 161.54264015980965, -10.566947988676281 ], [ 161.544896999992915, -10.571542040555743 ], [ 161.546164919914133, -10.571717923549635 ], [ 161.545845960496138, -10.57391804600063 ], [ 161.542796039969318, -10.575210968669856 ], [ 161.541137880210556, -10.578146078994788 ], [ 161.542118880026692, -10.58011595726242 ], [ 161.544305879789846, -10.580671901702134 ], [ 161.547752160376149, -10.57424503707791 ], [ 161.550389879951695, -10.573253976527349 ], [ 161.549847000177721, -10.569789928068474 ], [ 161.552931120465672, -10.566257007804509 ], [ 161.559123840133054, -10.566459966855517 ], [ 161.561923920314683, -10.559475053328375 ], [ 161.564185080496145, -10.558316902412381 ], [ 161.567048160426992, -10.559169988602857 ], [ 161.569396079898553, -10.55715503074823 ], [ 161.571187079826558, -10.56188795782988 ], [ 161.570783879994451, -10.563318952271883 ], [ 161.567693999708894, -10.563022914955008 ], [ 161.569272960398962, -10.567176073650014 ], [ 161.568159839964096, -10.572509042010269 ], [ 161.573730840114933, -10.5754319698513 ], [ 161.581545000005548, -10.57557104686472 ], [ 161.579602079691597, -10.581165915969601 ], [ 161.581218120141642, -10.580849017482226 ], [ 161.583509160086038, -10.575853977145091 ], [ 161.585885159995087, -10.57406490880927 ], [ 161.590294439955926, -10.573983868740806 ], [ 161.591309999757641, -10.578774041893938 ], [ 161.593846920273421, -10.579253019935489 ], [ 161.593064999700687, -10.581067892117025 ], [ 161.588855879656535, -10.581627019341244 ], [ 161.586592920149599, -10.587164982175702 ], [ 161.586649080126193, -10.590966954433933 ], [ 161.584151040492571, -10.592916933553477 ], [ 161.588492999807642, -10.59469810767963 ], [ 161.592773040046808, -10.591132033915006 ], [ 161.597471040336558, -10.590262050766903 ], [ 161.600910120027521, -10.594353976007046 ], [ 161.605242000245113, -10.592937988186661 ], [ 161.608492079790267, -10.594697045622233 ], [ 161.60818284014357, -10.597059955875217 ], [ 161.606331000016297, -10.597734943751117 ], [ 161.612560079893143, -10.604609999637606 ], [ 161.610840000160152, -10.607164972477973 ], [ 161.611343999950321, -10.610530052600227 ], [ 161.608618080186943, -10.609993977642091 ], [ 161.607413880463753, -10.605574950900809 ], [ 161.602011000018365, -10.605146968428604 ], [ 161.601485040012733, -10.608589916717264 ], [ 161.621115840373278, -10.620286983882899 ], [ 161.621247960093712, -10.622671987062171 ], [ 161.618304959746979, -10.62804892550437 ], [ 161.619870960442455, -10.629871999162029 ], [ 161.619175080507631, -10.63356694130581 ], [ 161.620621919680616, -10.638222972277136 ], [ 161.619306840003588, -10.641821047463582 ], [ 161.62036596001181, -10.644316092980532 ], [ 161.6238399599128, -10.645399973822702 ], [ 161.626071959881841, -10.640395019746153 ], [ 161.628233039655782, -10.640336994869545 ], [ 161.62875108011383, -10.63844605116585 ], [ 161.631912960369391, -10.638705925924167 ], [ 161.632591920535845, -10.64094395489259 ], [ 161.635343039839569, -10.638201035734637 ], [ 161.637113160225454, -10.628920039460574 ], [ 161.64044892018407, -10.62612906859828 ], [ 161.643776040146264, -10.626914032014991 ], [ 161.644794840171215, -10.618436960786067 ], [ 161.653017959891571, -10.615879074235728 ], [ 161.655914159808617, -10.6203170593315 ], [ 161.654289840484893, -10.626295013074492 ], [ 161.655989039777438, -10.62678311605516 ], [ 161.658492119858124, -10.624659977546701 ], [ 161.661427920207842, -10.628998941813672 ], [ 161.660068920099917, -10.632479126515806 ], [ 161.654649119886159, -10.635356016317894 ], [ 161.653284000454505, -10.639811055164726 ], [ 161.651081880248512, -10.640284099965957 ], [ 161.653716000274642, -10.644826987869939 ], [ 161.656777079673901, -10.636443998444896 ], [ 161.659136880263418, -10.635422003399798 ], [ 161.666759160009349, -10.636143962820009 ], [ 161.66690784017203, -10.638331061665488 ], [ 161.671093920225758, -10.640317004551443 ], [ 161.671501079831643, -10.646317032363127 ], [ 161.665881119701197, -10.646763001147631 ], [ 161.664633000445434, -10.649259952591173 ], [ 161.664549120255799, -10.651670026103982 ], [ 161.666746920463595, -10.654475092036281 ], [ 161.665049879822703, -10.656550968815246 ], [ 161.665239959743531, -10.65937102542471 ], [ 161.668878120474574, -10.662353089198341 ], [ 161.671254839934164, -10.661438908721708 ], [ 161.672541120521487, -10.654328974764848 ], [ 161.679056039830158, -10.652780946592612 ], [ 161.681684040532588, -10.654380983067179 ], [ 161.682774120078761, -10.657706095163837 ], [ 161.681531040371738, -10.664717951667784 ], [ 161.683045919741005, -10.667036982521884 ], [ 161.686568880519957, -10.665421976629004 ], [ 161.688989160185969, -10.658431008902452 ], [ 161.691684120411395, -10.655659944629051 ], [ 161.691289919901806, -10.652875056062486 ], [ 161.689519079965379, -10.652873995098563 ], [ 161.688835080250158, -10.649752087198632 ], [ 161.689934880465955, -10.649158057937573 ], [ 161.687748960477819, -10.647066917353877 ], [ 161.688205080063312, -10.645635961429905 ], [ 161.697039840202734, -10.647715967204016 ], [ 161.700351120171518, -10.652618023668474 ], [ 161.71028388030291, -10.551322070891247 ] ] ], [ [ [ 161.517557880146825, -10.528048058550525 ], [ 161.516027880334718, -10.520220938457987 ], [ 161.512473960017758, -10.513934924388732 ], [ 161.508957839909698, -10.514229946276554 ], [ 161.506568880006057, -10.511792953246609 ], [ 161.501028119842601, -10.51063904706781 ], [ 161.499882960094823, -10.512115940474942 ], [ 161.502109920515096, -10.514334894677203 ], [ 161.508736080002024, -10.515888931131931 ], [ 161.508527999639512, -10.520309956252232 ], [ 161.505590039739843, -10.523808009780245 ], [ 161.497785959845032, -10.525013011228866 ], [ 161.488410120155521, -10.523465036912404 ], [ 161.485656119954712, -10.525392969063262 ], [ 161.490125160339744, -10.530344941133375 ], [ 161.495646840286526, -10.53220310439068 ], [ 161.496920880429826, -10.53435696716134 ], [ 161.502414840163567, -10.537125945065947 ], [ 161.506953000519843, -10.534829112790158 ], [ 161.510370119995429, -10.529846951477253 ], [ 161.516752920481991, -10.529845004696513 ], [ 161.517557880146825, -10.528048058550525 ] ] ], [ [ [ 161.365623839850088, -10.34861195082757 ], [ 161.365251959780323, -10.343253884692498 ], [ 161.363591999797706, -10.342973929229119 ], [ 161.360702999877702, -10.338508948753237 ], [ 161.358378839947079, -10.341641967868521 ], [ 161.356628160002231, -10.337966028170342 ], [ 161.354894040499659, -10.342460057215876 ], [ 161.358710039809154, -10.346691953581857 ], [ 161.359746840275818, -10.350613033601274 ], [ 161.361781919653055, -10.351963018581875 ], [ 161.365623839850088, -10.34861195082757 ] ] ], [ [ [ 161.511135119901468, -10.475809940857186 ], [ 161.509127040288405, -10.475517005903676 ], [ 161.505790920105397, -10.485827962624006 ], [ 161.511135119901468, -10.475809940857186 ] ] ], [ [ [ 161.609243039926724, -10.631094098360576 ], [ 161.607143159678174, -10.629681112307637 ], [ 161.606580119912564, -10.633051074931696 ], [ 161.609243039926724, -10.631094098360576 ] ] ], [ [ [ 161.51419115975196, -10.48344596867703 ], [ 161.511716879659247, -10.481874953623588 ], [ 161.510739840515242, -10.48299303735204 ], [ 161.51419115975196, -10.48344596867703 ] ] ], [ [ [ 161.654241960280274, -10.647144046645586 ], [ 161.653326119763278, -10.645897952846866 ], [ 161.652656159817639, -10.647921879416382 ], [ 161.654241960280274, -10.647144046645586 ] ] ], [ [ [ 161.366829839797077, -10.340194014860451 ], [ 161.365539959660424, -10.340711963598624 ], [ 161.366092920328498, -10.342279971433594 ], [ 161.366829839797077, -10.340194014860451 ] ] ] ] } },
{ "type": "Feature", "properties": { "shapeName": "Central Makira", "shapeISO": "", "shapeID": "97153195B44789937557003", "shapeGroup": "SLB", "shapeType": "ADM2" }, "geometry": { "type": "MultiPolygon", "coordinates": [ [ [ [ 161.71028388030291, -10.551322070891247 ], [ 161.865155880499344, -10.622159994417762 ], [ 161.892717840028041, -10.64030798242705 ], [ 162.033123960183786, -10.613937910738967 ], [ 162.031818960502591, -10.612751127306856 ], [ 162.034067159791078, -10.607216988031956 ], [ 162.032235839879831, -10.606658084083731 ], [ 162.036916920401183, -10.600568990126298 ], [ 162.034477919844647, -10.597898957491571 ], [ 162.034908839889795, -10.596042959956108 ], [ 162.038088000138174, -10.592008030569867 ], [ 162.040044960221707, -10.583896961029039 ], [ 162.044836919798598, -10.583146921732634 ], [ 162.045448920442112, -10.579801004136622 ], [ 162.038593079703332, -10.574975988141848 ], [ 162.038571839936765, -10.572834973362745 ], [ 162.040718879941124, -10.570515935584488 ], [ 162.037189080287902, -10.569218038570272 ], [ 162.037608120113418, -10.566178089074556 ], [ 162.036078839851797, -10.562939040966228 ], [ 162.030705840067725, -10.55669194354321 ], [ 162.030895919988609, -10.55306296313141 ], [ 162.033982920275349, -10.547481915140001 ], [ 162.025594920174484, -10.546020941882865 ], [ 162.021338999700703, -10.547607025409715 ], [ 162.019896120301439, -10.545316995936687 ], [ 162.02245283968611, -10.538927970180268 ], [ 162.016711920504321, -10.533508943979403 ], [ 162.015860879960343, -10.530556064194398 ], [ 162.017256959828245, -10.527948955253795 ], [ 162.026418960055963, -10.523789958586322 ], [ 162.016524000133387, -10.514112964513355 ], [ 162.024526080394907, -10.504893876326443 ], [ 162.00022895973143, -10.499042936973037 ], [ 162.001818000417302, -10.496115921421362 ], [ 161.985773880135497, -10.486458946006358 ], [ 161.980743960433131, -10.48136803578984 ], [ 161.974878840180139, -10.483836951252673 ], [ 161.973358920363836, -10.483181006067156 ], [ 161.960703840018397, -10.470725051376608 ], [ 161.96126004001141, -10.466421025962187 ], [ 161.956586879935912, -10.465203051146919 ], [ 161.958422160519234, -10.460766900758911 ], [ 161.956341000262881, -10.456591955322578 ], [ 161.953361999931161, -10.456138984258924 ], [ 161.952301079699112, -10.454386040219322 ], [ 161.947931039946553, -10.454480033374619 ], [ 161.93752488023685, -10.457874925718176 ], [ 161.934117120308258, -10.453326976063424 ], [ 161.9298090005299, -10.451198923421893 ], [ 161.929206000107229, -10.448050009976482 ], [ 161.925877079921179, -10.44501010710341 ], [ 161.919915839932827, -10.448050009976482 ], [ 161.917673040417498, -10.45642804325381 ], [ 161.913755880027253, -10.458025030291157 ], [ 161.906779080237129, -10.456386092042958 ], [ 161.906414039939989, -10.453275995858625 ], [ 161.901849960492768, -10.448362973259387 ], [ 161.885397960156212, -10.445140922607521 ], [ 161.878475159894492, -10.448812061216922 ], [ 161.877871079696831, -10.454695102516059 ], [ 161.876211119714213, -10.45571787546 ], [ 161.861205960347291, -10.458026977529784 ], [ 161.854394040039381, -10.457038021444372 ], [ 161.8525551599067, -10.455231979357563 ], [ 161.844078960516299, -10.457840055011733 ], [ 161.83872396027553, -10.456477074796721 ], [ 161.835339959887904, -10.453796944064347 ], [ 161.834412960498412, -10.454446932600382 ], [ 161.834263920111312, -10.453145006880549 ], [ 161.825469119730684, -10.45102598161213 ], [ 161.812519920181472, -10.444610932652798 ], [ 161.801181000186347, -10.432964909600283 ], [ 161.796750120234577, -10.424529949241121 ], [ 161.793927000062524, -10.412175031857975 ], [ 161.791265880272164, -10.410306057840272 ], [ 161.78618808036515, -10.409333060277653 ], [ 161.781558120271711, -10.413991946005668 ], [ 161.780473080274305, -10.410658006789424 ], [ 161.778920040471775, -10.410090957621009 ], [ 161.776392120176808, -10.415638013053625 ], [ 161.769602880533171, -10.415840008638261 ], [ 161.765174160131352, -10.415262877536582 ], [ 161.761790159743668, -10.412654975640924 ], [ 161.757794160509093, -10.40595003101283 ], [ 161.754624000481584, -10.403532901970015 ], [ 161.752625999966, -10.404460948369859 ], [ 161.750702880317561, -10.409552940962278 ], [ 161.746893000331767, -10.409333946011499 ], [ 161.743250879826974, -10.413017013458539 ], [ 161.717600880175922, -10.408113977709082 ], [ 161.709960960212811, -10.402878912343771 ], [ 161.706815999725592, -10.39701294954018 ], [ 161.702011080154136, -10.395844099165528 ], [ 161.700054840519471, -10.39017098805075 ], [ 161.700648839822946, -10.386836085860802 ], [ 161.692953120107632, -10.377013002196566 ], [ 161.688368160219966, -10.374779965558243 ], [ 161.687991960152033, -10.37138098126402 ], [ 161.693408159918164, -10.369712017720063 ], [ 161.690389920276516, -10.364994040887105 ], [ 161.677226880367158, -10.362148985134382 ], [ 161.670198960149207, -10.363657037840357 ], [ 161.664816960144265, -10.369823034151999 ], [ 161.66070395983553, -10.369690062750855 ], [ 161.655639840371975, -10.36727105851703 ], [ 161.65160316003147, -10.359581011066945 ], [ 161.655630840151133, -10.354962925688742 ], [ 161.653065840096218, -10.354565938263798 ], [ 161.64895896000948, -10.356834886244519 ], [ 161.644604039801521, -10.354197989089808 ], [ 161.646608880089673, -10.348160062687123 ], [ 161.64518112023498, -10.344975934338237 ], [ 161.631313919720498, -10.338420055289507 ], [ 161.623559880478581, -10.337065939180563 ], [ 161.622335880089878, -10.334786046049063 ], [ 161.620534079717203, -10.334505020869027 ], [ 161.618459039682847, -10.328198964998069 ], [ 161.612778959802029, -10.32519597017532 ], [ 161.607693959897972, -10.324943977810747 ], [ 161.605167839826862, -10.320872052407978 ], [ 161.60159196019282, -10.320012999392331 ], [ 161.596941840107718, -10.321615996164057 ], [ 161.591636880519843, -10.317732096785878 ], [ 161.589773160172967, -10.317828964801194 ], [ 161.523227160481326, -10.339321025393591 ], [ 161.71028388030291, -10.551322070891247 ] ] ], [ [ [ 161.983937160451063, -10.262103960762905 ], [ 161.98234596021527, -10.256249895040174 ], [ 161.970800040530918, -10.240128913752365 ], [ 161.968844160222375, -10.234668923368785 ], [ 161.968359960199422, -10.225993043489577 ], [ 161.960515919647492, -10.225653110480867 ], [ 161.959527000283828, -10.226940036682304 ], [ 161.958623039986435, -10.225653110480867 ], [ 161.955502919713496, -10.233721953529422 ], [ 161.958003119795421, -10.236078036425544 ], [ 161.958656880421529, -10.239327917870712 ], [ 161.961356880195666, -10.241265926815238 ], [ 161.964696960152452, -10.248584059558111 ], [ 161.967804120430799, -10.251595045984823 ], [ 161.971098120406822, -10.2513350246566 ], [ 161.969922000222766, -10.253523947225998 ], [ 161.971836119650391, -10.252369973087438 ], [ 161.968601880098674, -10.257800964527775 ], [ 161.967269160204381, -10.25616505216032 ], [ 161.968227840478988, -10.252160964851646 ], [ 161.965486079823904, -10.25393009531979 ], [ 161.96845788015861, -10.258610061195753 ], [ 161.96871204050197, -10.262204033917305 ], [ 161.972061119781273, -10.26320210613399 ], [ 161.971432919818255, -10.259138948714474 ], [ 161.974328039960312, -10.254908001452829 ], [ 161.976500999953942, -10.254957951102519 ], [ 161.979527160041442, -10.259155952185877 ], [ 161.97877583968048, -10.266901056864052 ], [ 161.974997999905952, -10.269862100161442 ], [ 161.974328039960312, -10.262484946434105 ], [ 161.974391039709502, -10.268209955285046 ], [ 161.972345880336462, -10.27268390312515 ], [ 161.971373879842844, -10.271844909448008 ], [ 161.974628999835005, -10.277943100554031 ], [ 161.978046120208916, -10.278261901403182 ], [ 161.982604080332351, -10.2694471158909 ], [ 161.983937160451063, -10.262103960762905 ] ] ], [ [ [ 161.956419840005481, -10.189164947495449 ], [ 161.953333920391998, -10.185667057279735 ], [ 161.949373920244142, -10.176901965093736 ], [ 161.945444160083696, -10.173707078345528 ], [ 161.94206303969483, -10.175222939616196 ], [ 161.940754080239799, -10.180098946417845 ], [ 161.936682120363173, -10.183718964764683 ], [ 161.945817119928421, -10.199501960704454 ], [ 161.948625119657606, -10.19916997155447 ], [ 161.950799879874978, -10.193210929752732 ], [ 161.955749880059784, -10.190959054572826 ], [ 161.956419840005481, -10.189164947495449 ] ] ], [ [ [ 161.933113080501698, -10.132338970336676 ], [ 161.92988892004746, -10.127456032820319 ], [ 161.923112999724594, -10.130607969047153 ], [ 161.9210948401157, -10.138477044046459 ], [ 161.916537959767197, -10.14623004703054 ], [ 161.917382159640312, -10.148864954748399 ], [ 161.921978999747552, -10.150526046664472 ], [ 161.928691920321285, -10.145809055373569 ], [ 161.933113080501698, -10.132338970336676 ] ] ] ] } },
{ "type": "Feature", "properties": { "shapeName": "East Makira", "shapeISO": "", "shapeID": "97153195B75275546340681", "shapeGroup": "SLB", "shapeType": "ADM2" }, "geometry": { "type": "MultiPolygon", "coordinates": [ [ [ [ 161.700351120171518, -10.652618023668474 ], [ 161.700689880255055, -10.656956058987747 ], [ 161.697184919917731, -10.660115925039706 ], [ 161.697953160047035, -10.662047949801195 ], [ 161.69587704023769, -10.665628938520594 ], [ 161.700414840369575, -10.666461914198498 ], [ 161.70114204006677, -10.664807989644473 ], [ 161.704932839835919, -10.663367033133776 ], [ 161.708220000039347, -10.665424983456484 ], [ 161.702413919761796, -10.677851990418009 ], [ 161.691509880483949, -10.675236054115461 ], [ 161.692175879757514, -10.678972013624673 ], [ 161.694090000083435, -10.679200014777583 ], [ 161.69889095988114, -10.683792909257473 ], [ 161.695303920476334, -10.688126078402547 ], [ 161.690041080197204, -10.689289043941892 ], [ 161.686933919918857, -10.691838000718219 ], [ 161.688267000037541, -10.692133028425262 ], [ 161.687744999805687, -10.693751959642919 ], [ 161.694543960119006, -10.692064047239166 ], [ 161.698394160087986, -10.695798030791519 ], [ 161.702227080064176, -10.69599205985206 ], [ 161.703420120016602, -10.693323040009158 ], [ 161.707587840302551, -10.693132015769345 ], [ 161.710746120110457, -10.69767093060663 ], [ 161.716254840062646, -10.694279928298656 ], [ 161.716964040216538, -10.691163045283201 ], [ 161.720758080208867, -10.691545980174766 ], [ 161.725371840084534, -10.694366949976006 ], [ 161.726067000468845, -10.696937973487939 ], [ 161.725359959864903, -10.700632986237224 ], [ 161.721361079733242, -10.706037021930305 ], [ 161.723462039756811, -10.707847070612951 ], [ 161.722663919864544, -10.712199882522491 ], [ 161.728355879965022, -10.710644012595033 ], [ 161.72954891991742, -10.705679927590715 ], [ 161.734698000243924, -10.701028997472292 ], [ 161.73774899964738, -10.702940068884802 ], [ 161.743267080044802, -10.698256906048513 ], [ 161.746552079799955, -10.700034103749951 ], [ 161.74568700038472, -10.705541971445045 ], [ 161.742834000449676, -10.709179044081068 ], [ 161.744646959694848, -10.710497922691243 ], [ 161.751605040391098, -10.704746068200643 ], [ 161.757753120077041, -10.70259800490013 ], [ 161.761730039993296, -10.7067299849785 ], [ 161.7623341201909, -10.709228919565655 ], [ 161.756478000158779, -10.713610893511198 ], [ 161.754488999864066, -10.720181966123137 ], [ 161.756318879775876, -10.72140299484971 ], [ 161.759759040140182, -10.718954918937735 ], [ 161.766195119706254, -10.717225054185395 ], [ 161.773710840394841, -10.720002985039912 ], [ 161.775984959672599, -10.726419878794518 ], [ 161.773581959999376, -10.733936117076151 ], [ 161.769227039791332, -10.733131977248206 ], [ 161.764936920454716, -10.738172010184305 ], [ 161.758920960489149, -10.73883200670071 ], [ 161.759039040439973, -10.740900939256273 ], [ 161.762519159664748, -10.739627996798477 ], [ 161.766151919724251, -10.74186899502549 ], [ 161.768238120427668, -10.740816053320856 ], [ 161.770741920058981, -10.74486103520055 ], [ 161.772958080034556, -10.741389035136761 ], [ 161.776297080216381, -10.742461958323291 ], [ 161.777154960532926, -10.739979037511219 ], [ 161.779438080031497, -10.739831016532918 ], [ 161.780813999907764, -10.737631916089544 ], [ 161.784900000452296, -10.737955017712114 ], [ 161.786585880424127, -10.741583919360036 ], [ 161.788394160344978, -10.739317982875404 ], [ 161.792323920505424, -10.738717939595288 ], [ 161.793880920081705, -10.743411970984562 ], [ 161.796164040478601, -10.744627954134465 ], [ 161.795700000447226, -10.746330075618118 ], [ 161.799254999640794, -10.746736991456958 ], [ 161.799937920479323, -10.751601902414238 ], [ 161.797411079959375, -10.753986935738478 ], [ 161.799066000393225, -10.757057017571276 ], [ 161.801254079931368, -10.756148958911387 ], [ 161.801703000418172, -10.748910914431756 ], [ 161.806375079820413, -10.742582920861302 ], [ 161.810795160225837, -10.745319944662597 ], [ 161.810895960183871, -10.749501918359343 ], [ 161.814186000386087, -10.749301026455754 ], [ 161.814791160358709, -10.752306079109328 ], [ 161.816757840213569, -10.753210966773883 ], [ 161.818470000399032, -10.747386003850444 ], [ 161.820286920316278, -10.747132942456455 ], [ 161.824866839756851, -10.754467936829045 ], [ 161.829457919866542, -10.754380047936579 ], [ 161.832278880488644, -10.756287068434677 ], [ 161.835901919878467, -10.763585059310889 ], [ 161.834569920433069, -10.766986070921988 ], [ 161.836174079765158, -10.772348073091399 ], [ 161.838250920023341, -10.76959697144923 ], [ 161.840328840056515, -10.770079007858158 ], [ 161.839247040282345, -10.752338971388333 ], [ 161.840823120075271, -10.750124929788585 ], [ 161.843468039647775, -10.749411022018247 ], [ 161.848815120340987, -10.756663024188885 ], [ 161.847484920221092, -10.758744921526878 ], [ 161.849851919909327, -10.76123493768071 ], [ 161.848865160095613, -10.763951987449209 ], [ 161.852725079835949, -10.765409087164748 ], [ 161.852239080487465, -10.76965797704371 ], [ 161.854833960305371, -10.770939988747509 ], [ 161.854104960384319, -10.774563011665645 ], [ 161.857018080069736, -10.777247935691195 ], [ 161.859283920473786, -10.775483039664831 ], [ 161.864322119948127, -10.77564200615231 ], [ 161.868697919698292, -10.779272046299488 ], [ 161.872662960293212, -10.777703968049124 ], [ 161.872454160380187, -10.773873033430467 ], [ 161.87592492005794, -10.772417920394568 ], [ 161.880008039705388, -10.776929120579444 ], [ 161.879766119806135, -10.780755948735353 ], [ 161.882702999930785, -10.780714041708842 ], [ 161.883513000042711, -10.783999926515351 ], [ 161.89921907979155, -10.777519892995512 ], [ 161.901178919873871, -10.778451935489423 ], [ 161.901353880250213, -10.780439965417639 ], [ 161.905062960277917, -10.781443965836671 ], [ 161.902820880313101, -10.785087904486067 ], [ 161.904393000332306, -10.786902077465774 ], [ 161.91106884024768, -10.780654982652758 ], [ 161.913249000238267, -10.781732894511444 ], [ 161.916567840428485, -10.77910194100715 ], [ 161.922404159795121, -10.779684045575188 ], [ 161.924878079663415, -10.780990946660067 ], [ 161.923826159652236, -10.783871023518044 ], [ 161.931375000327023, -10.782789937022121 ], [ 161.931709080187971, -10.785637992473861 ], [ 161.928911880005131, -10.790821961185003 ], [ 161.930166839931729, -10.793263972566008 ], [ 161.932758120200333, -10.795484945591701 ], [ 161.935603920138334, -10.793905104912746 ], [ 161.939256840189472, -10.797390998941783 ], [ 161.94137508020583, -10.795307954834914 ], [ 161.941821119795549, -10.792006987131424 ], [ 161.944671960180642, -10.791105045467487 ], [ 161.947307159981762, -10.795646907775279 ], [ 161.94638303969279, -10.797506987705926 ], [ 161.949517920184178, -10.79838698600809 ], [ 161.950566960196596, -10.797159903210716 ], [ 161.95242383987258, -10.798397948401737 ], [ 161.957508120226095, -10.795972952788592 ], [ 161.959379039671717, -10.797978018182922 ], [ 161.959752000414738, -10.794693877027786 ], [ 161.968158000058907, -10.793304993211862 ], [ 161.967782160215421, -10.789688030637702 ], [ 161.969747039846453, -10.787484873736529 ], [ 161.971775999900018, -10.788002068952521 ], [ 161.972978040073258, -10.790948916074388 ], [ 161.97795000047347, -10.787438900686128 ], [ 161.983609920362767, -10.792426042078894 ], [ 161.989071839885213, -10.789778915556854 ], [ 161.990543159946384, -10.790226970660589 ], [ 161.990017920389647, -10.7922539992409 ], [ 161.991329040292925, -10.792157988589747 ], [ 161.994093120489538, -10.789637991873413 ], [ 161.996456879954536, -10.790382923687517 ], [ 161.998484039784245, -10.793230023460955 ], [ 162.004368959804367, -10.787686977970809 ], [ 162.010590839684198, -10.787946016939799 ], [ 162.015544080092241, -10.791218915743787 ], [ 162.014496119854812, -10.795454003146871 ], [ 162.015981839909983, -10.796840931850603 ], [ 162.015396120378426, -10.798063949139857 ], [ 162.018554039961913, -10.798644955189777 ], [ 162.021562920056624, -10.801357070239737 ], [ 162.029033999865476, -10.803126942281063 ], [ 162.029772000007398, -10.808274009593923 ], [ 162.032552999972353, -10.808364004252882 ], [ 162.038014920393209, -10.812282017236182 ], [ 162.037501920382198, -10.818039953557323 ], [ 162.039661920381178, -10.81840398670723 ], [ 162.03981491964376, -10.819824047142657 ], [ 162.045183959654082, -10.820652000736512 ], [ 162.047441880510604, -10.82459407405284 ], [ 162.053057879969003, -10.829255119339177 ], [ 162.05605884051613, -10.828967121491948 ], [ 162.057993840384228, -10.824577985811557 ], [ 162.059819040073421, -10.824260987956949 ], [ 162.059606999937159, -10.827465070461896 ], [ 162.061491960050631, -10.828684957002608 ], [ 162.061737839723719, -10.83211104388125 ], [ 162.072901079791905, -10.830185057004135 ], [ 162.076127040469999, -10.830893116302663 ], [ 162.081721079712906, -10.8246860086195 ], [ 162.082981080086626, -10.827849954281687 ], [ 162.090978119901081, -10.831927002614606 ], [ 162.097956000364462, -10.831731115579768 ], [ 162.099217080513142, -10.836972982739692 ], [ 162.102166919734117, -10.834823916239905 ], [ 162.105163920507522, -10.837463043945705 ], [ 162.109632959994229, -10.836963082083363 ], [ 162.116351999891663, -10.841795949151024 ], [ 162.118236960005163, -10.840612003388044 ], [ 162.118367999950578, -10.842247992652062 ], [ 162.13053312027543, -10.839390044583775 ], [ 162.136347839651052, -10.83598401840074 ], [ 162.138152159798096, -10.83796105929296 ], [ 162.140639039661011, -10.836285976394187 ], [ 162.145329839953718, -10.838090999947097 ], [ 162.150724080402739, -10.829892993671876 ], [ 162.154603080359749, -10.836279965299193 ], [ 162.157710960188666, -10.838485062780398 ], [ 162.161110080120835, -10.832201914897064 ], [ 162.163432080501536, -10.832513070676951 ], [ 162.165245039746708, -10.836250971909861 ], [ 162.167667840085443, -10.835108019669843 ], [ 162.168915960239502, -10.830223067371925 ], [ 162.170703000393786, -10.831116052074254 ], [ 162.174004919917309, -10.828355057420904 ], [ 162.178088040463052, -10.83113001930022 ], [ 162.177728039714623, -10.833176925650914 ], [ 162.179391960369287, -10.834917969146515 ], [ 162.18116604052895, -10.834011913327428 ], [ 162.17978615998058, -10.828262947271304 ], [ 162.181649159878674, -10.823256954031907 ], [ 162.179004959856684, -10.822627906164564 ], [ 162.178165079981795, -10.826225024296891 ], [ 162.178877879685047, -10.821769018402231 ], [ 162.183563999755165, -10.820203106209295 ], [ 162.186976079681955, -10.822067984775357 ], [ 162.191721960176324, -10.81969993405327 ], [ 162.195899040009209, -10.820623005814966 ], [ 162.200320919740193, -10.814131916394176 ], [ 162.20594087987061, -10.812954049961428 ], [ 162.207498960120233, -10.814829051434748 ], [ 162.206882999702941, -10.820027013858027 ], [ 162.209955960220128, -10.820072981854437 ], [ 162.208000079911585, -10.82261199454307 ], [ 162.209583000375403, -10.823060000895786 ], [ 162.211590000213505, -10.820719891771663 ], [ 162.217953000034584, -10.821717039278244 ], [ 162.220317119724001, -10.824530073645553 ], [ 162.232269839688144, -10.827311965423803 ], [ 162.23923908015513, -10.835586062638546 ], [ 162.253144079980103, -10.836206950332663 ], [ 162.262146959824975, -10.840543056624366 ], [ 162.265499999776353, -10.840726031341601 ], [ 162.270806040037485, -10.844776033591598 ], [ 162.272665080161801, -10.851062098321492 ], [ 162.279842039868527, -10.844892004672877 ], [ 162.294868079675979, -10.840235975548142 ], [ 162.301023000032842, -10.840424962354383 ], [ 162.304265160030411, -10.844438019592628 ], [ 162.307150919727178, -10.844715926139731 ], [ 162.308887920126864, -10.846782009769695 ], [ 162.313251120106855, -10.844598010251934 ], [ 162.313607879733723, -10.841465887488765 ], [ 162.316662839809254, -10.840805939773633 ], [ 162.321048000004652, -10.842162958986076 ], [ 162.323192160010223, -10.838820961211603 ], [ 162.327270959659444, -10.837356086113482 ], [ 162.331706160507764, -10.838054050896078 ], [ 162.336205079757519, -10.843242946974746 ], [ 162.339737039858989, -10.841946040752305 ], [ 162.347491079999202, -10.846032974328217 ], [ 162.352755000053321, -10.843621092444341 ], [ 162.359380079765288, -10.845042094700634 ], [ 162.362486879819187, -10.847182955440053 ], [ 162.366040079687281, -10.844846040535675 ], [ 162.36994896030555, -10.846940054436795 ], [ 162.376278119691591, -10.843352024135383 ], [ 162.3791048403113, -10.836989070306558 ], [ 162.376527960036725, -10.827290042776447 ], [ 162.371777039993589, -10.82263303301546 ], [ 162.366557040370367, -10.821205913403583 ], [ 162.364736159781017, -10.822717012827514 ], [ 162.362058839772828, -10.822142948118271 ], [ 162.362170079951113, -10.82489109359234 ], [ 162.361139040380408, -10.821249936325851 ], [ 162.351344159967027, -10.821255947726382 ], [ 162.348170040165684, -10.824843004751663 ], [ 162.34632000026221, -10.823407939565737 ], [ 162.346408920000641, -10.820174995772744 ], [ 162.344333160415744, -10.8191179071426 ], [ 162.341391960292839, -10.820565015963302 ], [ 162.342038880248083, -10.82213393060044 ], [ 162.340761960106022, -10.821075081690985 ], [ 162.339236999842626, -10.82237207858992 ], [ 162.339061680140162, -10.824761678200881 ], [ 162.336786119964728, -10.82317297526119 ], [ 162.335356920110627, -10.824451928958123 ], [ 162.334295999878663, -10.823576074564217 ], [ 162.333223919875849, -10.825589971428231 ], [ 162.32988996014106, -10.824378028330393 ], [ 162.319974119778038, -10.827553998944028 ], [ 162.316702080017507, -10.824381033554836 ], [ 162.313655040387829, -10.826938042241181 ], [ 162.310948920391667, -10.81977701873709 ], [ 162.30482496047108, -10.819091033704778 ], [ 162.301456080526265, -10.815384919927446 ], [ 162.297240840260088, -10.816242058021576 ], [ 162.295137000237702, -10.814280961645878 ], [ 162.28935612039885, -10.812948039280441 ], [ 162.286364160072537, -10.813997015834078 ], [ 162.284460840191258, -10.816907009890009 ], [ 162.2854951199852, -10.820357983095102 ], [ 162.28745603984251, -10.821197957110671 ], [ 162.290438999948009, -10.82603001799637 ], [ 162.289815119983189, -10.829213926948826 ], [ 162.28998000036367, -10.826569069532278 ], [ 162.284618879900876, -10.821325960240957 ], [ 162.278335080046844, -10.823683036493376 ], [ 162.27663912007921, -10.819999963774489 ], [ 162.271558079948989, -10.822773941897657 ], [ 162.269479080140826, -10.821238091140039 ], [ 162.268189920453011, -10.822997060515632 ], [ 162.256205160277631, -10.819141952029124 ], [ 162.259210079700296, -10.816574975524265 ], [ 162.254282039730896, -10.807017971467618 ], [ 162.255173040033668, -10.802202048604837 ], [ 162.252323999872374, -10.801715995789436 ], [ 162.250228080295898, -10.803837894104742 ], [ 162.244599840393448, -10.802667943539117 ], [ 162.238789079893337, -10.804965051876746 ], [ 162.234272879752439, -10.80871903225861 ], [ 162.230122080133185, -10.807263026978502 ], [ 162.229277880260128, -10.809333964689102 ], [ 162.226523160508776, -10.809037991726196 ], [ 162.223386120467438, -10.810771042171417 ], [ 162.227180880010366, -10.79905197794664 ], [ 162.23195591981883, -10.800802060016233 ], [ 162.234897119941706, -10.797468089430012 ], [ 162.23814791993567, -10.80114701848613 ], [ 162.246849839905849, -10.799850990865357 ], [ 162.248900039725953, -10.797782993283956 ], [ 162.24881111998755, -10.795704018790133 ], [ 162.251988840236521, -10.794024986067557 ], [ 162.253189080185962, -10.790548070969505 ], [ 162.257360039796794, -10.78876893037147 ], [ 162.25877915965512, -10.784571942327782 ], [ 162.271252080525528, -10.780073941387839 ], [ 162.280677959969665, -10.771754991666423 ], [ 162.279459000028055, -10.766522066141116 ], [ 162.280788839923503, -10.760652975536628 ], [ 162.277463159960718, -10.758834046483884 ], [ 162.276941159728892, -10.756472040458995 ], [ 162.273759839930563, -10.756805024988694 ], [ 162.273288960126592, -10.758003093971341 ], [ 162.271688040119443, -10.756986106066979 ], [ 162.273719159722901, -10.751790944809477 ], [ 162.273655080198751, -10.746992883311579 ], [ 162.275173920240093, -10.745145046207016 ], [ 162.27452483983663, -10.742175999351813 ], [ 162.272162160146621, -10.740439016029919 ], [ 162.275842079961933, -10.735538024427038 ], [ 162.276198840487098, -10.732179987259258 ], [ 162.274543920053247, -10.727928977207585 ], [ 162.276059159646934, -10.725249981768251 ], [ 162.273422880070854, -10.721467901396746 ], [ 162.272079000405796, -10.711969959997298 ], [ 162.265925880272789, -10.708049051182176 ], [ 162.267737040192401, -10.70399101987357 ], [ 162.267339959684023, -10.701068970022432 ], [ 162.264395160011816, -10.701521932951028 ], [ 162.262994039696821, -10.700316918896188 ], [ 162.263386079758192, -10.690346055996086 ], [ 162.260679959762001, -10.689220946130584 ], [ 162.256085999653521, -10.691457011938919 ], [ 162.253074960008917, -10.689569039454765 ], [ 162.251817120083444, -10.692820009663608 ], [ 162.248547960321673, -10.693630978226372 ], [ 162.248068080296918, -10.695307031602921 ], [ 162.245419920501206, -10.693295978412127 ], [ 162.238458959806167, -10.692801084549922 ], [ 162.235063080097177, -10.689373944510608 ], [ 162.236160000314214, -10.685779085644956 ], [ 162.231229080346026, -10.689032926754717 ], [ 162.228735000486154, -10.68686104968276 ], [ 162.228768840022923, -10.68323803642982 ], [ 162.22764816026492, -10.684736914734367 ], [ 162.221276879773569, -10.684463105678189 ], [ 162.216608039696268, -10.680790006425182 ], [ 162.211616999977707, -10.679796992202611 ], [ 162.2039720404658, -10.673079998510127 ], [ 162.198542879806752, -10.666534969004781 ], [ 162.191658960427134, -10.651956070630526 ], [ 162.195028920146939, -10.63806499465707 ], [ 162.192818159944494, -10.637087055201118 ], [ 162.192215160420147, -10.626612041630713 ], [ 162.189209879874767, -10.621715051172149 ], [ 162.18965988013656, -10.616046085444765 ], [ 162.186870959725724, -10.616716962488089 ], [ 162.187571159658773, -10.612721050215498 ], [ 162.183615120183021, -10.612359954255121 ], [ 162.181595160350298, -10.608204931703126 ], [ 162.176182920357945, -10.611525946420063 ], [ 162.171165959751846, -10.610070939568496 ], [ 162.165872880383603, -10.605316993890304 ], [ 162.162065880396625, -10.598697085444256 ], [ 162.162002160198568, -10.595904954402569 ], [ 162.158228999748388, -10.592563953164897 ], [ 162.157965840082511, -10.59098110974457 ], [ 162.159918119943399, -10.59027602835771 ], [ 162.16027884024237, -10.585799035301823 ], [ 162.157859999677413, -10.576308895411163 ], [ 162.154141920327191, -10.573701112699005 ], [ 162.157019040027592, -10.568849105444912 ], [ 162.156251160122707, -10.566276117744019 ], [ 162.154175040313362, -10.565705992179268 ], [ 162.150766920160322, -10.557924952361352 ], [ 162.14759207991014, -10.557743044679146 ], [ 162.146417040399371, -10.553268938952503 ], [ 162.142350120071484, -10.554226089543146 ], [ 162.140330160238761, -10.55024192732801 ], [ 162.142103880174005, -10.547241074903537 ], [ 162.139323959983983, -10.544361057283837 ], [ 162.138327120174438, -10.540422069880877 ], [ 162.135704159919044, -10.537463062340512 ], [ 162.132523919895704, -10.536666013222472 ], [ 162.128624040396545, -10.529548051152746 ], [ 162.123606000015485, -10.523205949525373 ], [ 162.121892040504548, -10.522784046867724 ], [ 162.120623039909987, -10.519185990902578 ], [ 162.117128880017361, -10.516932030265727 ], [ 162.115269839893045, -10.50929098944219 ], [ 162.112996079941439, -10.506063908668443 ], [ 162.108223920131735, -10.505694900689797 ], [ 162.10754891973906, -10.503574995758079 ], [ 162.109798920149728, -10.501354901767066 ], [ 162.109638000441294, -10.499428944132797 ], [ 162.105685919840994, -10.49838206897231 ], [ 162.104433839913156, -10.494675942773005 ], [ 162.09537587986668, -10.492506050940344 ], [ 162.094510080002578, -10.489797027553267 ], [ 162.091411919945045, -10.488351001941274 ], [ 162.091819080449227, -10.486837003926556 ], [ 162.089696879760794, -10.486853995762267 ], [ 162.08738388049926, -10.482414969259739 ], [ 162.085592879672902, -10.482705950524167 ], [ 162.085762080051637, -10.476592101965919 ], [ 162.084356999962893, -10.47449199808818 ], [ 162.080736839673563, -10.474396063940155 ], [ 162.074280960340303, -10.479124065719668 ], [ 162.07040987993085, -10.479015920496767 ], [ 162.06785495987171, -10.473400965433475 ], [ 162.06278687973608, -10.47195397850215 ], [ 162.057426120396002, -10.466187024882622 ], [ 162.0542678396898, -10.465831952058194 ], [ 162.050180039819736, -10.47251507373427 ], [ 162.0487288797502, -10.487766925911393 ], [ 162.044433000415921, -10.49326498385191 ], [ 162.042866999720445, -10.50210195579473 ], [ 162.039462840239509, -10.504636011548792 ], [ 162.026678880396901, -10.506286907057993 ], [ 162.024526080394907, -10.504893876326443 ], [ 162.016524000133387, -10.514112964513355 ], [ 162.026418960055963, -10.523789958586322 ], [ 162.017256959828245, -10.527948955253795 ], [ 162.015860879960343, -10.530556064194398 ], [ 162.016711920504321, -10.533508943979403 ], [ 162.02245283968611, -10.538927970180268 ], [ 162.019896120301439, -10.545316995936687 ], [ 162.021338999700703, -10.547607025409715 ], [ 162.025594920174484, -10.546020941882865 ], [ 162.033982920275349, -10.547481915140001 ], [ 162.030895919988609, -10.55306296313141 ], [ 162.030705840067725, -10.55669194354321 ], [ 162.036078839851797, -10.562939040966228 ], [ 162.037608120113418, -10.566178089074556 ], [ 162.037189080287902, -10.569218038570272 ], [ 162.040718879941124, -10.570515935584488 ], [ 162.038571839936765, -10.572834973362745 ], [ 162.038593079703332, -10.574975988141848 ], [ 162.045448920442112, -10.579801004136622 ], [ 162.044836919798598, -10.583146921732634 ], [ 162.040044960221707, -10.583896961029039 ], [ 162.038088000138174, -10.592008030569867 ], [ 162.034908839889795, -10.596042959956108 ], [ 162.034477919844647, -10.597898957491571 ], [ 162.036916920401183, -10.600568990126298 ], [ 162.032235839879831, -10.606658084083731 ], [ 162.034067159791078, -10.607216988031956 ], [ 162.031818960502591, -10.612751127306856 ], [ 162.033123960183786, -10.613937910738967 ], [ 161.892717840028041, -10.64030798242705 ], [ 161.865155880499344, -10.622159994417762 ], [ 161.71028388030291, -10.551322070891247 ], [ 161.700351120171518, -10.652618023668474 ] ] ], [ [ [ 162.486988919859442, -10.832448010770323 ], [ 162.484490159776897, -10.826002967573542 ], [ 162.477358919826543, -10.818806031244154 ], [ 162.473631119806612, -10.810373053383969 ], [ 162.458512920037577, -10.810437940521901 ], [ 162.456387119799786, -10.813448040844236 ], [ 162.452405160334791, -10.815393936762781 ], [ 162.449246880526857, -10.821023986971575 ], [ 162.450348119843795, -10.826653047338928 ], [ 162.455074920121518, -10.835284987525707 ], [ 162.449016839948911, -10.839725941986019 ], [ 162.447238080464956, -10.848087027031781 ], [ 162.45338184015273, -10.852393967958355 ], [ 162.459264959949024, -10.853834021329837 ], [ 162.466302960162807, -10.853206097923266 ], [ 162.478257120126301, -10.845163016312259 ], [ 162.486988919859442, -10.832448010770323 ] ] ], [ [ [ 162.460986120355301, -10.890813915846884 ], [ 162.457944120274391, -10.88379512550501 ], [ 162.455167080083129, -10.881946894388955 ], [ 162.450425160260863, -10.882133026513712 ], [ 162.43360703985212, -10.888823967248623 ], [ 162.431238960388953, -10.891560010473778 ], [ 162.43083396033299, -10.895198012597964 ], [ 162.43559999992064, -10.89867989724762 ], [ 162.452256119947691, -10.90078007353954 ], [ 162.458555040244619, -10.897923038679936 ], [ 162.460758959776143, -10.895231066565671 ], [ 162.460986120355301, -10.890813915846884 ] ] ], [ [ [ 162.198398160316174, -10.824558007830879 ], [ 162.194451120162938, -10.822191036509727 ], [ 162.194183999824986, -10.823299031771482 ], [ 162.188831880481331, -10.822465075095977 ], [ 162.186242040212164, -10.825269084928872 ], [ 162.185515920289902, -10.823879989214765 ], [ 162.184624919987158, -10.824548991274719 ], [ 162.185609880475369, -10.828993994032649 ], [ 162.18856403969454, -10.83002399820681 ], [ 162.196098120150907, -10.826967037431928 ], [ 162.198398160316174, -10.824558007830879 ] ] ], [ [ [ 162.269237879792115, -10.796427011331639 ], [ 162.266722920390066, -10.795600935989302 ], [ 162.266883119649634, -10.799559074352146 ], [ 162.261996120112343, -10.801656940912713 ], [ 162.261942119685642, -10.803102011514502 ], [ 162.267563880039916, -10.800613048793993 ], [ 162.269237879792115, -10.796427011331639 ] ] ], [ [ [ 161.819656920129432, -10.76726599446471 ], [ 161.816713919782728, -10.764092923313806 ], [ 161.816030999842496, -10.768258899117223 ], [ 161.81780004045342, -10.770480056452868 ], [ 161.819656920129432, -10.76726599446471 ] ] ], [ [ [ 162.206097839805295, -10.81777899508192 ], [ 162.205394040322886, -10.815830992292643 ], [ 162.203712839675433, -10.816574091872603 ], [ 162.204459840038112, -10.820799982338707 ], [ 162.205682040202987, -10.820575977536366 ], [ 162.206097839805295, -10.81777899508192 ] ] ], [ [ [ 162.272541959763913, -10.815067028570223 ], [ 162.270419040423235, -10.813674879641264 ], [ 162.268460999666416, -10.815030960299181 ], [ 162.271122120355074, -10.816753015737778 ], [ 162.272541959763913, -10.815067028570223 ] ] ], [ [ [ 162.281243160183521, -10.807103016124289 ], [ 162.280204919717448, -10.804437984491608 ], [ 162.278157960120581, -10.80733799318141 ], [ 162.281243160183521, -10.807103016124289 ] ] ], [ [ [ 162.303679080274435, -10.810262903655781 ], [ 162.300500999801017, -10.811013089217893 ], [ 162.302704920230866, -10.812044038750814 ], [ 162.303679080274435, -10.810262903655781 ] ] ] ] } },
{ "type": "Feature", "properties": { "shapeName": "Ulawa-Ugi", "shapeISO": "", "shapeID": "97153195B5813678005448", "shapeGroup": "SLB", "shapeType": "ADM2" }, "geometry": { "type": "MultiPolygon", "coordinates": [ [ [ [ 162.006846840344735, -9.717856942286957 ], [ 162.005961960263988, -9.714390015694141 ], [ 162.002796839785162, -9.713991887000798 ], [ 161.995885919743102, -9.721094080313007 ], [ 161.991555839749338, -9.723105965359419 ], [ 161.987075999817932, -9.72957993115015 ], [ 161.985507840470831, -9.727469976423579 ], [ 161.987919119916, -9.722613995672104 ], [ 161.983500120183834, -9.721716985616604 ], [ 161.982467999939871, -9.718808075038584 ], [ 161.969335920466762, -9.713868048369413 ], [ 161.960996880345562, -9.715917057863837 ], [ 161.958300840345174, -9.717590994233767 ], [ 161.953475040333245, -9.728160995301263 ], [ 161.950439880024874, -9.741601967527851 ], [ 161.946352080154838, -9.752015984458295 ], [ 161.947928159947793, -9.763175969838601 ], [ 161.945462160525352, -9.765159040966559 ], [ 161.945510039831703, -9.767535021241374 ], [ 161.947843920431978, -9.770085003640496 ], [ 161.946165960007761, -9.774107993485677 ], [ 161.948185919840455, -9.775706958303946 ], [ 161.948036159902813, -9.778298030806512 ], [ 161.951547960012704, -9.779412894279123 ], [ 161.950417919809468, -9.78278105243435 ], [ 161.953371000151975, -9.78859808761028 ], [ 161.953395119917332, -9.791732013972208 ], [ 161.954718120040212, -9.792376072006443 ], [ 161.952064919797465, -9.800472900922008 ], [ 161.956558079947911, -9.807351006290446 ], [ 161.961109919849349, -9.809153076047263 ], [ 161.959997880087769, -9.812042041936182 ], [ 161.961451920156122, -9.812985987357411 ], [ 161.959457159863746, -9.813816948026815 ], [ 161.958903839869549, -9.816856100970371 ], [ 161.960178959787783, -9.824030058448793 ], [ 161.962126919650473, -9.824715911596593 ], [ 161.963269919848301, -9.835692019132907 ], [ 161.965578960234382, -9.837510072957116 ], [ 161.965758960159462, -9.841089044290678 ], [ 161.973547920509702, -9.85653191098649 ], [ 161.980764839975251, -9.866595978915122 ], [ 161.985371040527781, -9.863476062167836 ], [ 161.987313959943435, -9.860241907725239 ], [ 161.986821119924031, -9.857672048089876 ], [ 161.990242920520558, -9.858234932737989 ], [ 161.992437839831268, -9.85652091527751 ], [ 161.996630040106993, -9.850524003579928 ], [ 161.997185879875587, -9.845632933165422 ], [ 161.996131079865592, -9.836943073968618 ], [ 161.994447000117617, -9.83343305002473 ], [ 161.994873960389015, -9.835206955219091 ], [ 161.993153879757699, -9.834216073338327 ], [ 161.993394000331477, -9.830117016940134 ], [ 161.991042839738327, -9.829617933252552 ], [ 161.989418879740754, -9.825059989605128 ], [ 161.990610120367649, -9.822468927175709 ], [ 161.989665119638204, -9.820454982367188 ], [ 161.990862120262733, -9.820719075070498 ], [ 161.990285039829246, -9.817289933844867 ], [ 161.99224992035866, -9.817306960845299 ], [ 161.995449960149188, -9.813424968899373 ], [ 161.991452159792487, -9.80656898331959 ], [ 161.990219160081296, -9.806982964529098 ], [ 161.991379080047523, -9.805863937726821 ], [ 161.988782039781341, -9.801757967115297 ], [ 161.991294840531737, -9.800741976182069 ], [ 161.992347840317876, -9.798402950254964 ], [ 161.987392080135464, -9.796569959429227 ], [ 161.986394159652662, -9.794104079184649 ], [ 161.98812612050358, -9.792321971896616 ], [ 161.985534119786138, -9.790302877632081 ], [ 161.98899803969141, -9.786034056595522 ], [ 161.98597908049922, -9.785275929434292 ], [ 161.985665880180477, -9.783746012820453 ], [ 161.988672960051304, -9.780566068346369 ], [ 161.98537715985151, -9.776346081013951 ], [ 161.991300959855437, -9.759597045028894 ], [ 161.991174960357085, -9.756334913269139 ], [ 161.985642119741158, -9.753025028392882 ], [ 161.987825880179429, -9.747326940486587 ], [ 161.986764959947436, -9.743614083923116 ], [ 161.989535879916616, -9.744795056447678 ], [ 161.986465079847704, -9.741777952554928 ], [ 161.987762159981372, -9.738952951931386 ], [ 161.9926920001746, -9.738724985457271 ], [ 161.997544080400189, -9.740548005252325 ], [ 161.997221160310062, -9.738277034222577 ], [ 162.000416159653525, -9.737510992952066 ], [ 162.00330912024566, -9.731140965993141 ], [ 161.998858080302256, -9.73224002016466 ], [ 162.002865959756406, -9.729159112310793 ], [ 162.001639080267239, -9.728226992722222 ], [ 162.004074839702241, -9.727136973508278 ], [ 162.004195080101312, -9.723443053181501 ], [ 162.006846840344735, -9.717856942286957 ] ] ], [ [ [ 161.766595080213449, -10.261680996121036 ], [ 161.762622840519839, -10.255916016581155 ], [ 161.763275879798812, -10.251668908007336 ], [ 161.76175703975747, -10.250714018364329 ], [ 161.757384840454961, -10.252233055265393 ], [ 161.755687080263527, -10.241189051345927 ], [ 161.751281040525953, -10.235283939399126 ], [ 161.752410000055903, -10.230500003574898 ], [ 161.745530040450092, -10.219847972238092 ], [ 161.730783000301898, -10.210668938016129 ], [ 161.724319920073356, -10.210930055579432 ], [ 161.721676080275842, -10.208510012456985 ], [ 161.719381079659343, -10.209020028673851 ], [ 161.720223840431316, -10.210409946111538 ], [ 161.718591959987918, -10.212542995000847 ], [ 161.715873959772068, -10.212866998715057 ], [ 161.715317040228513, -10.210559105321114 ], [ 161.708817960014926, -10.214818987012903 ], [ 161.708321879772342, -10.221622951662571 ], [ 161.704788120345341, -10.227095919468056 ], [ 161.706449879653462, -10.236783919026264 ], [ 161.704293840326557, -10.252826957961291 ], [ 161.706666960236788, -10.255064048260348 ], [ 161.71359011982463, -10.252100033562568 ], [ 161.722728000286992, -10.256092962653121 ], [ 161.725202999930275, -10.264426002369239 ], [ 161.72382815982894, -10.271294081520121 ], [ 161.726861880137903, -10.274548028389813 ], [ 161.728712999816338, -10.283561033794431 ], [ 161.724821039864707, -10.288217890992923 ], [ 161.719725959964904, -10.291444035595108 ], [ 161.720350919704686, -10.299730982592418 ], [ 161.725236840365312, -10.301396952946833 ], [ 161.72970984052418, -10.301118022823204 ], [ 161.735292000445781, -10.303756958933178 ], [ 161.741424959688914, -10.301614961201846 ], [ 161.760138839757474, -10.283759926136367 ], [ 161.762222880012672, -10.269692953808059 ], [ 161.765278919863135, -10.267121922936347 ], [ 161.766595080213449, -10.261680996121036 ] ] ], [ [ [ 161.692971119650963, -10.181417946707809 ], [ 161.692637039790043, -10.17850692708071 ], [ 161.685551879820508, -10.167273976825385 ], [ 161.680596840086963, -10.163883037766697 ], [ 161.675521920178738, -10.164760940354002 ], [ 161.674328159777474, -10.171719934765829 ], [ 161.678064960018247, -10.177465005254867 ], [ 161.680835160436885, -10.18636100447517 ], [ 161.683242119883886, -10.188768991460867 ], [ 161.686352160161022, -10.187292878949576 ], [ 161.687153160052134, -10.185197042984667 ], [ 161.690456879799484, -10.184679902481951 ], [ 161.692971119650963, -10.181417946707809 ] ] ], [ [ [ 161.995362839736316, -9.820423944540131 ], [ 161.994063960277089, -9.81705297592567 ], [ 161.990877960256142, -9.820249064589488 ], [ 161.991905040053069, -9.821368930432458 ], [ 161.994431160124208, -9.819945951652556 ], [ 161.994297959730517, -9.822112963083654 ], [ 161.995362839736316, -9.820423944540131 ] ] ] ] } },
{ "type": "Feature", "properties": { "shapeName": "Temotu Pele", "shapeISO": "", "shapeID": "97153195B69741272399773", "shapeGroup": "SLB", "shapeType": "ADM2" }, "geometry": { "type": "MultiPolygon", "coordinates": [ [ [ [ 166.362041160271474, -10.270915054123666 ], [ 166.359912119810417, -10.265526088027745 ], [ 166.351667039874656, -10.261888935672848 ], [ 166.328934840131666, -10.264687076005201 ], [ 166.32401292038432, -10.267382994318645 ], [ 166.311686880351033, -10.270526108010916 ], [ 166.302467999697853, -10.275797916463784 ], [ 166.309575840331689, -10.276068013444265 ], [ 166.315790159990087, -10.281667028978196 ], [ 166.313112839981926, -10.288712901652321 ], [ 166.306029840460639, -10.290359979999128 ], [ 166.305637079950429, -10.293815981932422 ], [ 166.308030000526145, -10.293291048862244 ], [ 166.308428159911216, -10.29151700300695 ], [ 166.310651159659415, -10.292801004251196 ], [ 166.306649040202814, -10.294128037445875 ], [ 166.309103879854462, -10.297011963135883 ], [ 166.313364839876982, -10.296795013856475 ], [ 166.312860120536328, -10.295449928330635 ], [ 166.317873840020837, -10.293639056362084 ], [ 166.330455120172388, -10.294211983940167 ], [ 166.337085959881989, -10.290431884554058 ], [ 166.348964160101701, -10.279587047251356 ], [ 166.354773120378042, -10.278938997927703 ], [ 166.361185080178728, -10.273540959513769 ], [ 166.362041160271474, -10.270915054123666 ] ] ], [ [ [ 166.333825079892193, -10.294117056842074 ], [ 166.31631396044574, -10.295245906792371 ], [ 166.31453915983721, -10.297929875875409 ], [ 166.31537615971331, -10.302112960968289 ], [ 166.312018080213164, -10.303031036583473 ], [ 166.309233840024916, -10.302743960992474 ], [ 166.313001960028089, -10.300170011705935 ], [ 166.313558160021103, -10.297897997550379 ], [ 166.30912115984728, -10.297698937201773 ], [ 166.306979879840497, -10.296160991311227 ], [ 166.307063040479619, -10.298810063838845 ], [ 166.303108079880502, -10.297678039331718 ], [ 166.29937704053566, -10.30271102098118 ], [ 166.302277919776969, -10.303224072736445 ], [ 166.300945920331571, -10.305182942608983 ], [ 166.306604039996955, -10.310096975056116 ], [ 166.30485804027478, -10.319779065995998 ], [ 166.319002080000274, -10.311483969066584 ], [ 166.32900611965286, -10.308648876701355 ], [ 166.330990080398834, -10.305629932969154 ], [ 166.333825079892193, -10.294117056842074 ] ] ], [ [ [ 166.314846960382795, -10.225266056794805 ], [ 166.310234999832687, -10.214451937996813 ], [ 166.303424160198063, -10.204126039833946 ], [ 166.298702040142956, -10.202426961049241 ], [ 166.305225959672441, -10.21811602870156 ], [ 166.305629879953415, -10.225610064695301 ], [ 166.307547960053114, -10.23078395564697 ], [ 166.306381919864862, -10.238383973135353 ], [ 166.303068120121708, -10.246824995811719 ], [ 166.301730000454256, -10.259949990404015 ], [ 166.294136160471908, -10.270904072702299 ], [ 166.294347840383779, -10.273534052032796 ], [ 166.29101316020018, -10.27810498096799 ], [ 166.293959039647348, -10.276880960430534 ], [ 166.305638159725419, -10.264139069168021 ], [ 166.308396840148816, -10.254678979448695 ], [ 166.308884999945604, -10.245951039020424 ], [ 166.314846960382795, -10.225266056794805 ] ] ], [ [ [ 166.380885000510489, -10.265698955597117 ], [ 166.378328999778091, -10.262888957363401 ], [ 166.37346216023235, -10.262258940770577 ], [ 166.370321879967776, -10.264334077862788 ], [ 166.369965120340908, -10.267463937274927 ], [ 166.371414840411063, -10.270025932300582 ], [ 166.375398960324304, -10.269935956976228 ], [ 166.380885000510489, -10.265698955597117 ] ] ], [ [ [ 166.30220988047904, -10.192836947125873 ], [ 166.301591040062959, -10.186545962647918 ], [ 166.294676160247093, -10.180270975582417 ], [ 166.294414080356177, -10.183391033090098 ], [ 166.299549840463669, -10.189763929121362 ], [ 166.298753880121382, -10.194477968709307 ], [ 166.30220988047904, -10.192836947125873 ] ] ], [ [ [ 166.355457120093263, -10.323413071276551 ], [ 166.35346596024857, -10.318638970413661 ], [ 166.351158000535747, -10.317517996081559 ], [ 166.349102039819712, -10.318232019750329 ], [ 166.351305960249562, -10.323900943438389 ], [ 166.353630120180213, -10.325093969181694 ], [ 166.355457120093263, -10.323413071276551 ] ] ], [ [ [ 166.302145080506023, -10.281251884256433 ], [ 166.301019000076565, -10.279248942929149 ], [ 166.299730920163711, -10.2800680799009 ], [ 166.294996919888945, -10.287646015511248 ], [ 166.295162160493902, -10.290621031930856 ], [ 166.300979040317799, -10.28761307390287 ], [ 166.299586920223646, -10.287293042455245 ], [ 166.302145080506023, -10.281251884256433 ] ] ], [ [ [ 166.053619080226554, -10.083200021381842 ], [ 166.050376920228985, -10.078146027208087 ], [ 166.046645879985817, -10.08087099058714 ], [ 166.047459839871465, -10.082974952730053 ], [ 166.050308160482189, -10.084006016071505 ], [ 166.05310896021436, -10.084412911346964 ], [ 166.053619080226554, -10.083200021381842 ] ] ], [ [ [ 165.723959160490239, -10.048390930118083 ], [ 165.723437879808927, -10.044348971248404 ], [ 165.718280160384353, -10.044568927326106 ], [ 165.719973959903712, -10.048390044254052 ], [ 165.722842080281595, -10.049768073608515 ], [ 165.722785920305, -10.0526710448811 ], [ 165.723959160490239, -10.048390930118083 ] ] ], [ [ [ 166.249127879673125, -10.17324997917998 ], [ 166.247453879920982, -10.168799082078362 ], [ 166.24447416003872, -10.175031065143076 ], [ 166.24712016028451, -10.175861986968213 ], [ 166.249127879673125, -10.17324997917998 ] ] ], [ [ [ 166.186483919928946, -10.293316020616244 ], [ 166.184700840446766, -10.290121065486568 ], [ 166.182177959700567, -10.289686981028696 ], [ 166.183161840413788, -10.294485961504613 ], [ 166.186483919928946, -10.293316020616244 ] ] ], [ [ [ 166.299941160076173, -10.306968068645952 ], [ 166.299053039772247, -10.302722001281886 ], [ 166.297511159740452, -10.302103928868238 ], [ 166.298472000463306, -10.308077037861704 ], [ 166.299941160076173, -10.306968068645952 ] ] ], [ [ [ 165.746742839987206, -10.0793880006409 ], [ 165.744461160488015, -10.077221986763298 ], [ 165.742243919839183, -10.077570939149155 ], [ 165.74492592006996, -10.078171015143795 ], [ 165.745801080379323, -10.080972006170898 ], [ 165.746742839987206, -10.0793880006409 ] ] ], [ [ [ 166.296390840206925, -10.302831978628285 ], [ 166.293685080435154, -10.30402703167619 ], [ 166.295588040092014, -10.304226974901523 ], [ 166.296390840206925, -10.302831978628285 ] ] ] ] } },
{ "type": "Feature", "properties": { "shapeName": "Temotu-Nende", "shapeISO": "", "shapeID": "97153195B91208568213874", "shapeGroup": "SLB", "shapeType": "ADM2" }, "geometry": { "type": "MultiPolygon", "coordinates": [ [ [ [ 166.147476839775635, -10.67641994074399 ], [ 166.142360159884788, -10.670308004916738 ], [ 166.125958919751639, -10.666271049670073 ], [ 166.120405920042487, -10.672331061618531 ], [ 166.114301040338489, -10.673898978915309 ], [ 166.11083207998621, -10.671814022247784 ], [ 166.106572920187489, -10.674578041724102 ], [ 166.097606040327662, -10.66202194631448 ], [ 166.085750159649507, -10.666974009187953 ], [ 166.080833999899738, -10.660896023836569 ], [ 166.071000959951391, -10.656878048087654 ], [ 166.065896879830746, -10.659066059822997 ], [ 166.057733879860791, -10.659626991104828 ], [ 166.054913999911975, -10.656977994162812 ], [ 166.049859960444223, -10.656679040851627 ], [ 166.0490769600965, -10.655379033352768 ], [ 166.058627039713514, -10.65675793681714 ], [ 166.061156039783413, -10.653982080135595 ], [ 166.060797840157136, -10.652680999122245 ], [ 166.056275160468118, -10.652497025669799 ], [ 166.052433959821656, -10.650503025488026 ], [ 166.045831920100113, -10.651284918400634 ], [ 166.04276507980498, -10.656774918240224 ], [ 166.040303040156317, -10.655390000998047 ], [ 166.040436960100578, -10.650561048404459 ], [ 166.034027880298652, -10.649478954448044 ], [ 166.017050999731481, -10.654824993918862 ], [ 166.011868079868208, -10.657979043616953 ], [ 166.010739120338258, -10.66073204437448 ], [ 166.000341959951072, -10.658513973137353 ], [ 165.991952880075218, -10.659245961424713 ], [ 165.990477960464773, -10.661393978087329 ], [ 165.986196120001779, -10.65882990593048 ], [ 165.980150999823763, -10.661280943293866 ], [ 165.967724880281281, -10.659881894739177 ], [ 165.965712120445602, -10.660403907470341 ], [ 165.963963960275123, -10.663953959708005 ], [ 165.961125000109718, -10.662425968182212 ], [ 165.960197999821929, -10.658576062347679 ], [ 165.948869880271502, -10.660156963981283 ], [ 165.944396880112635, -10.658281002534197 ], [ 165.94166699967721, -10.65525909742065 ], [ 165.938883840162276, -10.655141107415153 ], [ 165.937766040403091, -10.657252005114202 ], [ 165.936097080199659, -10.65721096577596 ], [ 165.934955159776791, -10.654040986513925 ], [ 165.929649120413927, -10.651930951298738 ], [ 165.917126159788978, -10.657547950949255 ], [ 165.914029080404703, -10.656752098925116 ], [ 165.91426595985692, -10.658957977884407 ], [ 165.912641999859346, -10.659839970755348 ], [ 165.910866839924722, -10.658424995107472 ], [ 165.909033000239077, -10.662165052097381 ], [ 165.907703879894143, -10.661987983171771 ], [ 165.904494120332259, -10.656689124324101 ], [ 165.899651040327512, -10.655229025461498 ], [ 165.893977079770394, -10.657587929294211 ], [ 165.88568808030206, -10.655748038460697 ], [ 165.881684159723335, -10.656610051515385 ], [ 165.876429960338896, -10.65870395758588 ], [ 165.870944999927673, -10.664063985766127 ], [ 165.868314120124751, -10.669597092863363 ], [ 165.868377840322779, -10.674679042796209 ], [ 165.862175039761297, -10.676811915495156 ], [ 165.860579879751725, -10.681392994908997 ], [ 165.854279879679808, -10.681428017607749 ], [ 165.847887000095739, -10.690632948584863 ], [ 165.841865999683165, -10.69506294657068 ], [ 165.84267708046832, -10.699256934653683 ], [ 165.839097959712745, -10.703806016213674 ], [ 165.840800039902376, -10.707084071655141 ], [ 165.834543960261357, -10.7081588851501 ], [ 165.83362488041945, -10.709454952954218 ], [ 165.832445159787738, -10.719324024346644 ], [ 165.830762159814753, -10.720539927079518 ], [ 165.830897879982814, -10.728506935464084 ], [ 165.828176999768175, -10.730395019276621 ], [ 165.827738160175471, -10.735568973104305 ], [ 165.830267879795969, -10.735472060267506 ], [ 165.830751000043989, -10.736818059004079 ], [ 165.827981159849742, -10.746058974559768 ], [ 165.827976120301003, -10.75442408076972 ], [ 165.824447040198322, -10.760889933748029 ], [ 165.820842000351803, -10.761370039870011 ], [ 165.816956880172796, -10.758648899162264 ], [ 165.812532839993565, -10.758028027634714 ], [ 165.80444508021688, -10.752766923333217 ], [ 165.801747960441531, -10.748360936178596 ], [ 165.799518840471308, -10.735904987108116 ], [ 165.802434119706675, -10.713903954162227 ], [ 165.801661919803621, -10.709547099908269 ], [ 165.799641959970927, -10.708847068059574 ], [ 165.793304159690194, -10.713530066911106 ], [ 165.790824120498201, -10.713726030956398 ], [ 165.791540879975173, -10.715759056287606 ], [ 165.794439959891037, -10.715987029430798 ], [ 165.793367160337681, -10.720764007255532 ], [ 165.781100879830433, -10.727477999794049 ], [ 165.765853080115306, -10.743694922729503 ], [ 165.761703000046623, -10.744998089319299 ], [ 165.762621000113569, -10.750413004146512 ], [ 165.760382879922503, -10.750807004908744 ], [ 165.757960080482093, -10.749186079503975 ], [ 165.753954000353446, -10.751066960739005 ], [ 165.752249040164997, -10.756886016631942 ], [ 165.756224159857396, -10.753639094233684 ], [ 165.758291999894766, -10.756148074191605 ], [ 165.757962960480938, -10.758808051411414 ], [ 165.761273880225275, -10.761069951761163 ], [ 165.75657912015879, -10.770440977878941 ], [ 165.749994000205589, -10.777230076454687 ], [ 165.75271703997015, -10.784241994522228 ], [ 165.749767920299718, -10.788344920451731 ], [ 165.751530839790291, -10.796173106186517 ], [ 165.759347879679694, -10.81232303613861 ], [ 165.764745000127505, -10.817492046442302 ], [ 165.770228879865471, -10.834326072325414 ], [ 165.774197159785302, -10.8370019760582 ], [ 165.792043080439811, -10.839117966457767 ], [ 165.805063919734636, -10.835746941686567 ], [ 165.813746039937598, -10.835679054101059 ], [ 165.819450960032668, -10.832190953754875 ], [ 165.827057040459096, -10.820342954991979 ], [ 165.832338960056546, -10.81539994828224 ], [ 165.835154159782718, -10.814975974672043 ], [ 165.837758039821495, -10.802525964658418 ], [ 165.839717879903787, -10.802077043548648 ], [ 165.843402840166164, -10.806235950787727 ], [ 165.852223919862126, -10.828539985414858 ], [ 165.853378079830748, -10.839343018401911 ], [ 165.851042039680436, -10.854062066978505 ], [ 165.851696880081562, -10.858817052175386 ], [ 165.85665984026096, -10.86495291813946 ], [ 165.861452160062271, -10.866730015516751 ], [ 165.86556695969648, -10.863941950045128 ], [ 165.870087120509424, -10.857138019829174 ], [ 165.876748919756949, -10.831102085735637 ], [ 165.878506080148242, -10.831549018899931 ], [ 165.880104839707172, -10.834457074895832 ], [ 165.886414919774836, -10.831471937283755 ], [ 165.898054080094113, -10.828853089001507 ], [ 165.898294920218405, -10.826564119473964 ], [ 165.895314119662856, -10.820260035763072 ], [ 165.896143920440267, -10.817146929385178 ], [ 165.910745160424568, -10.811027940172821 ], [ 165.916458000067138, -10.801189983952614 ], [ 165.9186878404862, -10.799265920367002 ], [ 165.921976080464589, -10.7993919870518 ], [ 165.923597880013915, -10.796991047138581 ], [ 165.927398040228326, -10.795515004318828 ], [ 165.928493879772049, -10.793231968535888 ], [ 165.927913920238126, -10.783178060367538 ], [ 165.924237960196592, -10.778965963998308 ], [ 165.92631300023092, -10.776925053462028 ], [ 165.931130160246482, -10.779786957150767 ], [ 165.9340101599457, -10.779461071112658 ], [ 165.943198080162631, -10.76645699175458 ], [ 165.950008919797256, -10.763930944815648 ], [ 165.949300079867783, -10.759718931964183 ], [ 165.946065119867228, -10.756626949710864 ], [ 165.947726160523104, -10.753882070792327 ], [ 165.951136080001675, -10.753890028001241 ], [ 165.952580040074196, -10.757313077326209 ], [ 165.955836960290213, -10.754780056198188 ], [ 165.958824959944451, -10.756524914839979 ], [ 165.960991080165456, -10.751553978468655 ], [ 165.962822039852256, -10.750779063782915 ], [ 165.965000040292921, -10.753674992305903 ], [ 165.962156039680423, -10.75741900254563 ], [ 165.961545840159062, -10.762955002001686 ], [ 165.975927120459488, -10.771292938656581 ], [ 165.983756039670226, -10.777752063647945 ], [ 165.990047040419597, -10.778002977964947 ], [ 165.993118920263498, -10.776862987946682 ], [ 165.995507159718301, -10.77374501070706 ], [ 165.995781119828791, -10.766347002489891 ], [ 165.993145920027644, -10.758858980965917 ], [ 165.998130119973666, -10.753119010067611 ], [ 165.997510920231463, -10.750235986554049 ], [ 166.003750080104112, -10.743921991559322 ], [ 166.013565120509099, -10.74816694024128 ], [ 166.014474839905773, -10.750071877501533 ], [ 166.012846920134393, -10.754734962814799 ], [ 166.016831040047634, -10.757786999766008 ], [ 166.014243000002296, -10.761548996125942 ], [ 166.011697080163998, -10.760887988461384 ], [ 166.008256919799692, -10.765284951313353 ], [ 166.004552159770128, -10.767348928505399 ], [ 165.999651120463284, -10.774119883866598 ], [ 165.999922920125528, -10.777972033698116 ], [ 166.002008040155715, -10.780288958887885 ], [ 166.00431995964226, -10.781420979288864 ], [ 166.007892960175838, -10.778777999387279 ], [ 166.012116840438381, -10.779577951532941 ], [ 166.014870839740894, -10.777895999555554 ], [ 166.018352040537252, -10.778309061258129 ], [ 166.018507919798623, -10.780569930414673 ], [ 166.025031840226404, -10.781642007129475 ], [ 166.024860840522194, -10.783352052716868 ], [ 166.026607920019387, -10.784566990679762 ], [ 166.035195000261893, -10.782403934177893 ], [ 166.038924959831775, -10.78247307211484 ], [ 166.040796959950683, -10.784392999042241 ], [ 166.045847039644656, -10.785840981708626 ], [ 166.05425016018836, -10.784220952436753 ], [ 166.055991839912366, -10.782197936941692 ], [ 166.052901960525134, -10.775797966837887 ], [ 166.050903960009549, -10.776681918080095 ], [ 166.051778039645626, -10.772328975375475 ], [ 166.049456040163221, -10.769903947188817 ], [ 166.053903120332876, -10.770332050634883 ], [ 166.054457159877586, -10.76706599834734 ], [ 166.058551079969703, -10.766202001317296 ], [ 166.058418960249298, -10.764277006679823 ], [ 166.059842039881346, -10.765565053217575 ], [ 166.061917079915702, -10.761136087905919 ], [ 166.065233040107159, -10.760880031439489 ], [ 166.068344879709827, -10.758020954362314 ], [ 166.072534920435601, -10.757707953675235 ], [ 166.072781160333079, -10.760365972555721 ], [ 166.075089840494741, -10.761759958809277 ], [ 166.078706040111996, -10.758130061990451 ], [ 166.080888000326439, -10.760527952994321 ], [ 166.079616840181956, -10.762793022884072 ], [ 166.081442039871177, -10.764921030645748 ], [ 166.084698960087167, -10.764067990158534 ], [ 166.084794000047594, -10.766211019647034 ], [ 166.082898959938291, -10.767719035447643 ], [ 166.079197079907573, -10.766989961415469 ], [ 166.079261160330049, -10.763028918818197 ], [ 166.077641879656795, -10.763767020073246 ], [ 166.07845296044195, -10.766405003827442 ], [ 166.076921160405988, -10.766835057557705 ], [ 166.077227159829448, -10.763994958296617 ], [ 166.075107840038129, -10.761912920917695 ], [ 166.073942880523134, -10.764313964037877 ], [ 166.068086040042147, -10.765374074311733 ], [ 166.065936120038998, -10.768763041429407 ], [ 166.064024879711837, -10.768824048083204 ], [ 166.064127840118147, -10.770126045030922 ], [ 166.062758040463905, -10.768818920302238 ], [ 166.059412920059998, -10.769318995331858 ], [ 166.060337040348998, -10.774831965700239 ], [ 166.059304920105006, -10.773532995100156 ], [ 166.057900919791251, -10.774170986666983 ], [ 166.05710892012101, -10.772012983985933 ], [ 166.055544000098848, -10.774648949399579 ], [ 166.058106839705516, -10.779920988621727 ], [ 166.060929959877541, -10.781313117465293 ], [ 166.072589999738966, -10.772366109377897 ], [ 166.090415039953001, -10.766127908528722 ], [ 166.107422160507667, -10.755542052066977 ], [ 166.11583787992322, -10.752708919338213 ], [ 166.11924096052752, -10.749631013021341 ], [ 166.124999880150938, -10.737756063464916 ], [ 166.124499119685737, -10.733009950197349 ], [ 166.121258040361425, -10.732098988903031 ], [ 166.11717312049015, -10.733272042903119 ], [ 166.11719507980726, -10.735695066789313 ], [ 166.120755120346246, -10.736713011239633 ], [ 166.118495039939745, -10.738240096846535 ], [ 166.119455160213761, -10.741925939593635 ], [ 166.114969920509196, -10.748235908475916 ], [ 166.112646119904639, -10.749085103595311 ], [ 166.109795999968441, -10.746464122159946 ], [ 166.106969999797599, -10.748725937711935 ], [ 166.107674160402723, -10.750594972959208 ], [ 166.106216880111134, -10.752146038653363 ], [ 166.102165080226115, -10.753245981057562 ], [ 166.098609000359232, -10.757292033334997 ], [ 166.095077040257763, -10.756988051379103 ], [ 166.094785079705588, -10.758950935011299 ], [ 166.092477119992793, -10.760234053436983 ], [ 166.089390119706025, -10.760417077719195 ], [ 166.085685000350395, -10.758558005612818 ], [ 166.085115119913866, -10.756588045195274 ], [ 166.088390039673271, -10.755997939159762 ], [ 166.086091080181291, -10.753890028001241 ], [ 166.088085840473639, -10.751831087333827 ], [ 166.08907512006175, -10.747576994294255 ], [ 166.08797892029358, -10.740093988013465 ], [ 166.08902796030597, -10.740804027263593 ], [ 166.093998120482382, -10.736373991142734 ], [ 166.095262079731526, -10.73760008373975 ], [ 166.098841920037671, -10.735842029149989 ], [ 166.100349960532697, -10.7376989413233 ], [ 166.110725880255018, -10.735066896844209 ], [ 166.112088840136693, -10.732612034974998 ], [ 166.1078519998795, -10.727508949307115 ], [ 166.111606080113091, -10.728219017617016 ], [ 166.114582919996565, -10.725422946368965 ], [ 166.115072880017152, -10.721432883382672 ], [ 166.112559000390064, -10.716270007172701 ], [ 166.115814120382254, -10.715109975118034 ], [ 166.118262120261335, -10.718610043765725 ], [ 166.122393120113401, -10.714354068110762 ], [ 166.125471120179327, -10.714903046512145 ], [ 166.12776611989753, -10.71165797264088 ], [ 166.123541159859968, -10.708771016285072 ], [ 166.122491040072617, -10.706232989996886 ], [ 166.123469159889936, -10.704774013634788 ], [ 166.126830120287224, -10.703495966003283 ], [ 166.127820839874715, -10.706268009791373 ], [ 166.130444879905099, -10.707109009573115 ], [ 166.13468784038426, -10.704353953194358 ], [ 166.13604216026954, -10.701137949134221 ], [ 166.13894592040802, -10.700874944251932 ], [ 166.141173959704929, -10.698543083858375 ], [ 166.143949920121173, -10.689082982401644 ], [ 166.138458840386249, -10.686977966377917 ], [ 166.137603120517952, -10.684629902890487 ], [ 166.139430839981543, -10.68329410811832 ], [ 166.142257919927346, -10.683682005497769 ], [ 166.145173920509905, -10.681382913154657 ], [ 166.147476839775635, -10.67641994074399 ] ] ], [ [ [ 166.088104919791959, -10.790931057661835 ], [ 166.08670307992648, -10.786007899891107 ], [ 166.083219000029658, -10.78376793660753 ], [ 166.078895040257891, -10.783186017680862 ], [ 166.072541039759329, -10.784835935658108 ], [ 166.057958160441132, -10.793114916746161 ], [ 166.049624880317538, -10.800224063662311 ], [ 166.04016407976502, -10.802309018253773 ], [ 166.026471840525204, -10.808729994270159 ], [ 166.024424160479441, -10.810789077010941 ], [ 166.023979920215254, -10.815573921726759 ], [ 166.025260079682255, -10.817179991212784 ], [ 166.034237040436182, -10.817493106820988 ], [ 166.03641791997731, -10.820505964844328 ], [ 166.035836160219532, -10.821583909448124 ], [ 166.038809040329227, -10.821465985220469 ], [ 166.038765119898329, -10.824440967528691 ], [ 166.043157840315189, -10.828901884082073 ], [ 166.047545880509375, -10.828859983862511 ], [ 166.056937920416772, -10.824550936144048 ], [ 166.062156119816194, -10.824478979522764 ], [ 166.079529000218542, -10.811117050327256 ], [ 166.088104919791959, -10.790931057661835 ] ] ], [ [ [ 165.82496616043133, -10.677229007841092 ], [ 165.822549839640743, -10.668491010409776 ], [ 165.816452880382627, -10.658115959811189 ], [ 165.808715040460243, -10.652465891580404 ], [ 165.802537080112984, -10.652092990456216 ], [ 165.796691040076666, -10.660599020361772 ], [ 165.793754159951988, -10.68315207326622 ], [ 165.783885840467491, -10.702221981049927 ], [ 165.79780992050911, -10.700152076100329 ], [ 165.800489039842802, -10.697187894097246 ], [ 165.808736999777409, -10.694109952226199 ], [ 165.809597039643876, -10.692344924179158 ], [ 165.811785120080316, -10.692645965384791 ], [ 165.809694960501417, -10.694741037085524 ], [ 165.806394119854531, -10.695345944103142 ], [ 165.805436880477657, -10.698080034341441 ], [ 165.802713839814771, -10.69702906259986 ], [ 165.807726120198282, -10.700715053915808 ], [ 165.811381920248181, -10.69991807703707 ], [ 165.817663919878413, -10.692775967747707 ], [ 165.817693080090862, -10.690315987552173 ], [ 165.821828039716706, -10.685602029763057 ], [ 165.82496616043133, -10.677229007841092 ] ] ], [ [ [ 166.135520160037714, -10.719370007912174 ], [ 166.1344318798171, -10.71711292439673 ], [ 166.131277920007392, -10.720950062034706 ], [ 166.125029040363387, -10.720094951954911 ], [ 166.123730880454758, -10.72124895123647 ], [ 166.123428839906751, -10.723256989707481 ], [ 166.126076999702491, -10.724812086831893 ], [ 166.126962960456495, -10.728958973794596 ], [ 166.129152840218438, -10.729539052330408 ], [ 166.131012960117715, -10.728185061980225 ], [ 166.135520160037714, -10.719370007912174 ] ] ], [ [ [ 166.14176004035923, -10.705784102286973 ], [ 166.140294840520113, -10.703582985001919 ], [ 166.135312079675231, -10.705635003585515 ], [ 166.138539120128229, -10.706320008199532 ], [ 166.139820000044125, -10.708177986976015 ], [ 166.14176004035923, -10.705784102286973 ] ] ], [ [ [ 166.102197120437353, -10.739473962590456 ], [ 166.098332160249925, -10.736847062104994 ], [ 166.096869119960758, -10.741572954871737 ], [ 166.09820615985322, -10.742047079123774 ], [ 166.102197120437353, -10.739473962590456 ] ] ], [ [ [ 166.06656000000379, -10.764176035000647 ], [ 166.062147120493677, -10.761469951034206 ], [ 166.061733839767413, -10.763812996785369 ], [ 166.063663080536202, -10.765570004293895 ], [ 166.06656000000379, -10.764176035000647 ] ] ], [ [ [ 166.07086308023338, -10.762344041716702 ], [ 166.070037959678615, -10.76176791669589 ], [ 166.067264880159485, -10.76478009517343 ], [ 166.069762919793135, -10.764327934410176 ], [ 166.07086308023338, -10.762344041716702 ] ] ], [ [ [ 166.07052900037246, -10.758564902107556 ], [ 166.067605080242402, -10.759768976653808 ], [ 166.067533080272369, -10.762138030580878 ], [ 166.069694880495206, -10.761000985610451 ], [ 166.07052900037246, -10.758564902107556 ] ] ], [ [ [ 166.104627119874749, -10.743497917712125 ], [ 166.100320079871409, -10.74281688739736 ], [ 166.10264999979961, -10.744571894836556 ], [ 166.104627119874749, -10.743497917712125 ] ] ], [ [ [ 166.12193412052909, -10.720568047824933 ], [ 166.120243919660766, -10.718556985874979 ], [ 166.120109999716533, -10.720221936113274 ], [ 166.12193412052909, -10.720568047824933 ] ] ], [ [ [ 166.05977184013517, -10.772373890224111 ], [ 166.057827840046258, -10.770482001676765 ], [ 166.057584119923149, -10.772281939439409 ], [ 166.05977184013517, -10.772373890224111 ] ] ], [ [ [ 166.063348079993659, -10.654923878831328 ], [ 166.062229920010026, -10.654241057343899 ], [ 166.061008080069598, -10.656631986715714 ], [ 166.063348079993659, -10.654923878831328 ] ] ], [ [ [ 166.107278880118116, -10.74220500193165 ], [ 166.10675399988753, -10.740605959682879 ], [ 166.105598039695082, -10.741433069889558 ], [ 166.106244959650297, -10.742823077159658 ], [ 166.107278880118116, -10.74220500193165 ] ] ], [ [ [ 166.067683919985001, -10.763258978751965 ], [ 166.067331120131911, -10.762103017342966 ], [ 166.065998040013199, -10.763074895644387 ], [ 166.066764840143094, -10.764138899975611 ], [ 166.067683919985001, -10.763258978751965 ] ] ], [ [ [ 166.096701000255337, -10.739366970334213 ], [ 166.094786879929387, -10.739184109896902 ], [ 166.094510039820079, -10.740323888884996 ], [ 166.096701000255337, -10.739366970334213 ] ] ] ] } },
{ "type": "Feature", "properties": { "shapeName": "Temotu Vatu", "shapeISO": "", "shapeID": "97153195B86794958448560", "shapeGroup": "SLB", "shapeType": "ADM2" }, "geometry": { "type": "MultiPolygon", "coordinates": [ [ [ [ 166.99122396016466, -11.699382013136374 ], [ 166.980236039798854, -11.678751010543026 ], [ 166.972407119689819, -11.670235981866428 ], [ 166.959119880505938, -11.675948950328156 ], [ 166.948675919689038, -11.664098053992303 ], [ 166.934819879843616, -11.662112924495371 ], [ 166.934791079855614, -11.657665943773768 ], [ 166.933370159773489, -11.656925007810313 ], [ 166.929995880055543, -11.659803943946237 ], [ 166.932351000422443, -11.664425058161687 ], [ 166.937776919959958, -11.668591998411864 ], [ 166.934615039704369, -11.670113996789045 ], [ 166.93508304040779, -11.671845933824459 ], [ 166.932271080006529, -11.674196943777275 ], [ 166.929381000311537, -11.673746027859194 ], [ 166.928167079918637, -11.671133064454553 ], [ 166.925256840232066, -11.670311958100237 ], [ 166.926850920466649, -11.668113926603164 ], [ 166.925784959787592, -11.667380070537726 ], [ 166.923552959818551, -11.666518055172608 ], [ 166.921138079925697, -11.668685955667108 ], [ 166.919052959895538, -11.667261962421758 ], [ 166.917543120075038, -11.663313064594453 ], [ 166.922948160070405, -11.659888032163259 ], [ 166.923329040360954, -11.654733040753962 ], [ 166.924947959911464, -11.652660933644521 ], [ 166.924343879713831, -11.64810097327428 ], [ 166.927604040153057, -11.646550999913401 ], [ 166.92736788025141, -11.64254909586883 ], [ 166.925411999942838, -11.63990410486092 ], [ 166.927017960397109, -11.637298933167013 ], [ 166.926223079829725, -11.633156029653621 ], [ 166.928181840137086, -11.631814011210361 ], [ 166.926957120197841, -11.631297970800594 ], [ 166.930421040103084, -11.630479038814027 ], [ 166.934068919707158, -11.627200994611112 ], [ 166.939615079643772, -11.616162940789632 ], [ 166.937959080333229, -11.613770005631578 ], [ 166.931658000486379, -11.610558060144527 ], [ 166.92609599965806, -11.610495996477528 ], [ 166.923744120412692, -11.608460057959103 ], [ 166.916423159867577, -11.607090061372809 ], [ 166.915265040125206, -11.603635068046517 ], [ 166.91151312033989, -11.604076047020927 ], [ 166.903997040325152, -11.60088109313565 ], [ 166.901240879676067, -11.597003018476094 ], [ 166.898356920203099, -11.596569962893554 ], [ 166.893208919651585, -11.590999073075901 ], [ 166.887155160375471, -11.590488070123751 ], [ 166.879626120366169, -11.592534014124091 ], [ 166.859111160373743, -11.591537053058637 ], [ 166.855826159720266, -11.594043909418009 ], [ 166.847451840062917, -11.594729997604921 ], [ 166.845557160178004, -11.597001960103064 ], [ 166.835548080078382, -11.593666921500043 ], [ 166.830557040359821, -11.593734983228758 ], [ 166.823859959779526, -11.588480022245676 ], [ 166.820937120322753, -11.590496005008948 ], [ 166.817684880329352, -11.60068590348633 ], [ 166.812869160313227, -11.601720036849306 ], [ 166.808715120470737, -11.604539066302122 ], [ 166.80487608027255, -11.603568947443199 ], [ 166.8028849204278, -11.607902009804851 ], [ 166.798556999983987, -11.610911927902801 ], [ 166.7992791601325, -11.613031950851875 ], [ 166.797300960282371, -11.615782985360767 ], [ 166.796655839652658, -11.61466603642611 ], [ 166.793450039864581, -11.617895037579716 ], [ 166.792696920178116, -11.624056023886471 ], [ 166.794752160445285, -11.624468055976692 ], [ 166.799834999901037, -11.632001950880218 ], [ 166.80720707997574, -11.630988910190341 ], [ 166.805598959971519, -11.634479001392679 ], [ 166.808756880453359, -11.637948950135922 ], [ 166.809394079738894, -11.642374033588782 ], [ 166.810275000045863, -11.641175036298847 ], [ 166.814816040400927, -11.641870000347408 ], [ 166.816105920537638, -11.643135986801243 ], [ 166.81545611968528, -11.646086994072819 ], [ 166.818641039931265, -11.647946893005631 ], [ 166.814241120415716, -11.654258118344208 ], [ 166.814204039757442, -11.656661987139664 ], [ 166.817140919882092, -11.667102075567184 ], [ 166.823312040456841, -11.670625029686931 ], [ 166.822065000077714, -11.675776023743351 ], [ 166.824225000076694, -11.679767049861804 ], [ 166.829154119821055, -11.683939046807843 ], [ 166.838221080088346, -11.687876016832091 ], [ 166.839651000391314, -11.693471054035165 ], [ 166.842511919873886, -11.69632704894201 ], [ 166.850523000356219, -11.69753197655791 ], [ 166.853460960255887, -11.699330016378694 ], [ 166.856366879944289, -11.706090934576968 ], [ 166.860861119869696, -11.710083990735042 ], [ 166.869654120026496, -11.708933052261349 ], [ 166.87439208007504, -11.705765037285076 ], [ 166.876715160230702, -11.705894938008788 ], [ 166.884911999737398, -11.691378965242407 ], [ 166.89645683964676, -11.689242089038181 ], [ 166.897748880231688, -11.693019992814776 ], [ 166.891434840390218, -11.700149097626682 ], [ 166.887223920122267, -11.702608090205102 ], [ 166.88058300041692, -11.713535016187883 ], [ 166.880864880074995, -11.717726950068247 ], [ 166.883569920296196, -11.719499125545539 ], [ 166.886753040318325, -11.719369055128981 ], [ 166.888536119800477, -11.721571966540886 ], [ 166.893006960409366, -11.722410016840575 ], [ 166.900254119862353, -11.719307015217966 ], [ 166.911199920021147, -11.718574000384193 ], [ 166.910735879989772, -11.716362956453796 ], [ 166.917637080260505, -11.715630109879239 ], [ 166.923565919813171, -11.712200084470144 ], [ 166.933945079758701, -11.711850047112421 ], [ 166.941195839659315, -11.708682946872987 ], [ 166.945839840420689, -11.710395959730791 ], [ 166.943829959685502, -11.703033930377591 ], [ 166.94478792040951, -11.695182045431418 ], [ 166.951189079765527, -11.696493969620896 ], [ 166.959897840406597, -11.711023068681262 ], [ 166.976656919941576, -11.707772061548839 ], [ 166.981488840175558, -11.703263946723512 ], [ 166.99122396016466, -11.699382013136374 ] ] ], [ [ [ 166.576551839666706, -11.254402060193868 ], [ 166.575403080369568, -11.250791998494366 ], [ 166.573720080396583, -11.249933125661135 ], [ 166.568930999920184, -11.249876986243081 ], [ 166.568090040270363, -11.251354986541548 ], [ 166.567583880031918, -11.249947072724025 ], [ 166.562696880494627, -11.248924013763018 ], [ 166.561619040494236, -11.250385954378771 ], [ 166.550578919925556, -11.253942000186509 ], [ 166.54914108007506, -11.253189943140848 ], [ 166.548984839690945, -11.251437078526415 ], [ 166.546677959753112, -11.249848915643129 ], [ 166.560113879998028, -11.244445108171638 ], [ 166.568945039689766, -11.236279973686608 ], [ 166.567002120274111, -11.230712071019628 ], [ 166.561776000428893, -11.232519969026592 ], [ 166.553997120074399, -11.232370959159184 ], [ 166.552774919909552, -11.230840954353321 ], [ 166.55533415996689, -11.218740105230719 ], [ 166.54895712037623, -11.22037293265346 ], [ 166.545371159848088, -11.219686998186649 ], [ 166.542136920296372, -11.217389061979057 ], [ 166.540824000169266, -11.213344896552863 ], [ 166.538239919897677, -11.212536056943319 ], [ 166.534043040297632, -11.219682053938394 ], [ 166.529734920519303, -11.220896960032118 ], [ 166.52813003984005, -11.218085065237577 ], [ 166.528590120097647, -11.213472022846526 ], [ 166.522619879888452, -11.208981973078345 ], [ 166.5210250801033, -11.209650099662063 ], [ 166.521948840167823, -11.212230953984252 ], [ 166.52094983991006, -11.214198051153623 ], [ 166.517359920506436, -11.216295085369582 ], [ 166.518488160485788, -11.218930084657085 ], [ 166.516531919952882, -11.222619112996089 ], [ 166.514117040060029, -11.223553986913592 ], [ 166.51273392018669, -11.223073044054184 ], [ 166.511063159759431, -11.218641938280129 ], [ 166.511779920134728, -11.214713968752491 ], [ 166.510045080183346, -11.210853924240658 ], [ 166.505216039948152, -11.213318941997073 ], [ 166.506048000275484, -11.216172022205811 ], [ 166.504712040158012, -11.217461981128565 ], [ 166.497339960083337, -11.214227007710312 ], [ 166.498350839662464, -11.216871030487088 ], [ 166.49630207984174, -11.218516933009202 ], [ 166.498619039775349, -11.220855998769116 ], [ 166.498286039689447, -11.224790946528541 ], [ 166.494647879856728, -11.225912080211192 ], [ 166.491776159929515, -11.22880211198977 ], [ 166.49048592046671, -11.235082964321757 ], [ 166.481769959828682, -11.237115053035513 ], [ 166.479890040162246, -11.239403122376034 ], [ 166.480296840442008, -11.241037067571677 ], [ 166.476497040452045, -11.243505888402627 ], [ 166.477125959965605, -11.244968033333818 ], [ 166.474739880060753, -11.247710107792601 ], [ 166.475512079963806, -11.249803898038937 ], [ 166.478351040129269, -11.251308027166587 ], [ 166.481998919733343, -11.252095043487827 ], [ 166.482595080383447, -11.250998022028105 ], [ 166.483298160315286, -11.256121011504364 ], [ 166.485340080363414, -11.256861056043325 ], [ 166.482325080046706, -11.257039006175438 ], [ 166.479678000025956, -11.259691991800864 ], [ 166.479693120468795, -11.267837927062731 ], [ 166.477992120054125, -11.268849974185429 ], [ 166.480040879874849, -11.269824946365066 ], [ 166.483217879674953, -11.275884952955053 ], [ 166.487438879938736, -11.27682194829595 ], [ 166.489148160125382, -11.276406938003117 ], [ 166.490947080499296, -11.273124964315272 ], [ 166.496604120389719, -11.272074978242751 ], [ 166.501833120233783, -11.267112032909102 ], [ 166.506896880371244, -11.266426032871264 ], [ 166.512251879713659, -11.263578039808115 ], [ 166.515278039801188, -11.25906105357927 ], [ 166.513707000455298, -11.256980042105829 ], [ 166.517169120136714, -11.253508950003265 ], [ 166.517130959703451, -11.251086115727288 ], [ 166.520013119850887, -11.250999080823295 ], [ 166.523436000222375, -11.255528904077948 ], [ 166.526196840195809, -11.255434103496837 ], [ 166.526337960136999, -11.256444957800618 ], [ 166.523124960351879, -11.256850994149067 ], [ 166.519463040079899, -11.261986943190402 ], [ 166.52064492026156, -11.264168012968449 ], [ 166.523869079817501, -11.263934989407124 ], [ 166.527852119955753, -11.267160049293931 ], [ 166.529595960127978, -11.266581910234882 ], [ 166.528194120262498, -11.273912097530268 ], [ 166.516984079764569, -11.270516057122244 ], [ 166.508628840323837, -11.27374104313567 ], [ 166.504286880110442, -11.2841149815675 ], [ 166.502589840367847, -11.28418594271074 ], [ 166.499225999971799, -11.289040035705421 ], [ 166.497720119925049, -11.288640929325039 ], [ 166.497793920118909, -11.290764957988683 ], [ 166.496223959649683, -11.290700882358987 ], [ 166.493891880171503, -11.29413004573885 ], [ 166.494477959927508, -11.296224909493773 ], [ 166.498307999904853, -11.298275982005807 ], [ 166.502368080460172, -11.305668903328398 ], [ 166.507352999956737, -11.306159063415896 ], [ 166.513614120044792, -11.310539046586364 ], [ 166.518927000078548, -11.310973070023577 ], [ 166.523591880382043, -11.303155959883748 ], [ 166.526250120173586, -11.309100005220664 ], [ 166.524579000420232, -11.314894959997808 ], [ 166.527044999842644, -11.315867128224992 ], [ 166.53841092050024, -11.309408006129511 ], [ 166.541694840480432, -11.300494020002665 ], [ 166.544110079699379, -11.303717962739857 ], [ 166.5479800803339, -11.30251399682161 ], [ 166.5493408797673, -11.303564047446731 ], [ 166.559919119854499, -11.29850897734962 ], [ 166.569701040273316, -11.280701939037316 ], [ 166.568126040255351, -11.278051971155135 ], [ 166.5651038399416, -11.280175019583048 ], [ 166.554486000320026, -11.280077049397116 ], [ 166.548618000068274, -11.282421969789878 ], [ 166.548020040092666, -11.280364074849546 ], [ 166.546545120482193, -11.280886934778088 ], [ 166.545412919830653, -11.279328944316735 ], [ 166.546199879952184, -11.2781310540169 ], [ 166.544611919939626, -11.276033057763515 ], [ 166.541523839877897, -11.27625689155121 ], [ 166.540251960182871, -11.274753952352306 ], [ 166.541946119926649, -11.269338077841127 ], [ 166.546361880333876, -11.271440007336489 ], [ 166.547603159817044, -11.269833066803887 ], [ 166.546901880109061, -11.26716993525395 ], [ 166.548043080083062, -11.266793041319785 ], [ 166.551082919715697, -11.270782968559265 ], [ 166.554591839826799, -11.272318939619684 ], [ 166.558267080317762, -11.271892978228305 ], [ 166.557881880029015, -11.268758001327232 ], [ 166.565459160467412, -11.269233043071575 ], [ 166.567925880338692, -11.26490803654702 ], [ 166.572749159677926, -11.265162948855123 ], [ 166.572281880321668, -11.261151053683726 ], [ 166.575301920187115, -11.25816107337306 ], [ 166.576551839666706, -11.254402060193868 ] ] ], [ [ [ 167.000464079686139, -11.629567896923755 ], [ 166.995885960469394, -11.628866908247995 ], [ 166.994552880350682, -11.627078108372109 ], [ 166.9946158800999, -11.624212056976777 ], [ 166.997043000436804, -11.622930116316038 ], [ 166.997581920437, -11.620431982943314 ], [ 166.99605191972654, -11.616104052399642 ], [ 166.992597000042139, -11.619824062906353 ], [ 166.989125159691042, -11.616938013380461 ], [ 166.986612000512849, -11.612147023058711 ], [ 166.978770120409223, -11.60996792646708 ], [ 166.965969960348758, -11.613887960520508 ], [ 166.958799119965732, -11.622731063436913 ], [ 166.956233040135828, -11.632790906801027 ], [ 166.946905079752611, -11.636957968903433 ], [ 166.945285080427084, -11.639779990759658 ], [ 166.946345999760837, -11.645439992941901 ], [ 166.949980920268587, -11.651589086619671 ], [ 166.947054120139711, -11.654510035598177 ], [ 166.946709960282988, -11.658245045648307 ], [ 166.949298000328326, -11.660216100370915 ], [ 166.953580919668013, -11.660358891168842 ], [ 166.976876160074852, -11.649660986514647 ], [ 166.986672839813764, -11.647415016423807 ], [ 166.992246000412877, -11.64357090925483 ], [ 166.992343920372093, -11.641554957517018 ], [ 166.997691000167009, -11.635434907197817 ], [ 166.997664000402835, -11.633193934795905 ], [ 167.000464079686139, -11.629567896923755 ] ] ], [ [ [ 167.193281880477741, -9.889970029671755 ], [ 167.191731000225161, -9.880869934503334 ], [ 167.189990040051725, -9.881540950534546 ], [ 167.188078080174023, -9.876438073661566 ], [ 167.190705000203167, -9.870057059889227 ], [ 167.189808960351684, -9.870803997660392 ], [ 167.187129119670828, -9.869293983364978 ], [ 167.174565120410392, -9.857191981565341 ], [ 167.1614420402598, -9.854583082140129 ], [ 167.15877912024564, -9.85578405405095 ], [ 167.161206960133114, -9.857783951264235 ], [ 167.160857040278813, -9.86293801396841 ], [ 167.163049080489031, -9.863647017114275 ], [ 167.167229040320706, -9.870082951242663 ], [ 167.165157960060156, -9.872817103080152 ], [ 167.166078840125891, -9.877555974602052 ], [ 167.169260880373059, -9.880029921656005 ], [ 167.171060880521935, -9.886236960347187 ], [ 167.17745988032803, -9.893850943529182 ], [ 167.184789119746767, -9.896993978758848 ], [ 167.186513879702403, -9.901728068562157 ], [ 167.191050960283718, -9.897151971909793 ], [ 167.193281880477741, -9.889970029671755 ] ] ], [ [ [ 168.846882840096271, -12.296787032165806 ], [ 168.840956160093498, -12.285509103826486 ], [ 168.834399840128356, -12.282676926945674 ], [ 168.830597160139575, -12.282829063517104 ], [ 168.826911120102238, -12.285272020993423 ], [ 168.821571959854879, -12.294380938778438 ], [ 168.813045000261013, -12.299446002886794 ], [ 168.811980839805784, -12.302818085239993 ], [ 168.81485616018071, -12.307263069075937 ], [ 168.818960160268603, -12.307882986400532 ], [ 168.833648879991841, -12.30300204174619 ], [ 168.834741119986234, -12.304096102954516 ], [ 168.840002880490403, -12.299590918903332 ], [ 168.846882840096271, -12.296787032165806 ] ] ], [ [ [ 167.10934284039223, -9.802424000499443 ], [ 167.108155919763504, -9.802475970357824 ], [ 167.109023160525282, -9.800130039096453 ], [ 167.105916000246935, -9.799732899825862 ], [ 167.106497040454173, -9.797108115250811 ], [ 167.102947079911019, -9.798974094226352 ], [ 167.102136000024132, -9.796285981270957 ], [ 167.09247612022827, -9.798027093226535 ], [ 167.089434120147388, -9.797159908642339 ], [ 167.090106960091816, -9.799893954402387 ], [ 167.088693960455544, -9.80031894165629 ], [ 167.089581000086213, -9.803513063473616 ], [ 167.095100879809195, -9.807546999552377 ], [ 167.095063080498647, -9.811017923429475 ], [ 167.104009079918001, -9.809045945187268 ], [ 167.106531959765931, -9.811064039142002 ], [ 167.10934284039223, -9.802424000499443 ] ] ], [ [ [ 167.078819880075116, -9.775069963110438 ], [ 167.078454839777947, -9.770987027926402 ], [ 167.076722160274784, -9.771141887586465 ], [ 167.075712000246227, -9.768887978135959 ], [ 167.073978960518616, -9.769350965718029 ], [ 167.07265487972245, -9.764685936212661 ], [ 167.065498080007302, -9.762967000584299 ], [ 167.062735080483975, -9.76037101834004 ], [ 167.068883879720488, -9.76877604453602 ], [ 167.078819880075116, -9.775069963110438 ] ] ], [ [ [ 169.852552919991751, -11.610531083143723 ], [ 169.851962160013159, -11.607651990247472 ], [ 169.849811160235021, -11.606384960978369 ], [ 169.84844711968006, -11.607252980151856 ], [ 169.847363879906482, -11.61247303077413 ], [ 169.850766960510811, -11.614030070455975 ], [ 169.852552919991751, -11.610531083143723 ] ] ], [ [ [ 167.09255207997208, -9.782615021860002 ], [ 167.087247120384205, -9.776673003422571 ], [ 167.083768080036123, -9.778772890938587 ], [ 167.0858391602967, -9.781896975993069 ], [ 167.09255207997208, -9.782615021860002 ] ] ], [ [ [ 167.236022160424199, -9.913314048459103 ], [ 167.23451699992799, -9.911246046073932 ], [ 167.232418919903239, -9.910969969515669 ], [ 167.233717079811896, -9.919955042532891 ], [ 167.235761879858842, -9.918178935147123 ], [ 167.236022160424199, -9.913314048459103 ] ] ], [ [ [ 167.125309920256967, -9.821711948183104 ], [ 167.121840959904659, -9.819266120205716 ], [ 167.119615080157672, -9.820111963296982 ], [ 167.123138040038327, -9.823543026056594 ], [ 167.125309920256967, -9.821711948183104 ] ] ], [ [ [ 167.24746403992728, -9.933393008065455 ], [ 167.243946120493661, -9.92755990989065 ], [ 167.24322216012132, -9.931730978134468 ], [ 167.244653160199277, -9.933321023408304 ], [ 167.24746403992728, -9.933393008065455 ] ] ], [ [ [ 167.245093080465267, -9.92122492666701 ], [ 167.242164119888145, -9.920430939602964 ], [ 167.23855007982084, -9.922652077552454 ], [ 167.245093080465267, -9.92122492666701 ] ] ], [ [ [ 166.890076920057311, -11.575653071567244 ], [ 166.887155879926013, -11.575139042864 ], [ 166.886069039704807, -11.576837007988489 ], [ 166.890076920057311, -11.575653071567244 ] ] ], [ [ [ 167.084214840074679, -9.775869089506321 ], [ 167.082679080264938, -9.774765921746848 ], [ 167.080025160471621, -9.775767979389597 ], [ 167.082137999816496, -9.776903072344066 ], [ 167.084214840074679, -9.775869089506321 ] ] ] ] } }
]
}
